obs_index,permID,provID,trkSub,obsTime,ra_deg,dec_deg,mag,band,station,astCat,mode
0,99942,2004 MN4,K04M04N,2004-03-15 02:35:21.696000+00:00,61.53367,16.91794,,,691,USNOB1,CCD
1,99942,2004 MN4,K04M04N,2004-03-15 02:38:57.696000+00:00,61.53575,16.91836,,,691,USNOB1,CCD
2,99942,2004 MN4,K04M04N,2004-03-15 02:58:03.360000+00:00,61.54896,16.92097,,,691,USNOB1,CCD
3,99942,2004 MN4,K04M04N,2004-03-15 03:01:50.592000+00:00,61.55167,16.92158,,,691,USNOB1,CCD
4,99942,2004 MN4,K04M04N,2004-03-15 03:17:36.672000+00:00,61.56208,16.92372,,,691,USNOB1,CCD
5,99942,2004 MN4,K04M04N,2004-03-15 03:21:34.272000+00:00,61.56492,16.92419,,,691,USNOB1,CCD
6,99942,2004 MN4,,2004-06-19 04:05:00.960000+00:00,146.123575,13.314153,,,695,USNOB1,UNK
7,99942,,99942,2004-06-19 04:05:00.960000+00:00,146.123654,13.314075,,,695,2MASS,CCD
8,99942,,99942,2004-06-19 04:11:47.990000+00:00,146.127517,13.313003,,,695,2MASS,CCD
9,99942,,99942,2004-06-19 04:18:44.006000+00:00,146.131279,13.311919,,,695,2MASS,CCD
10,99942,,99942,2004-06-20 03:49:42.010000+00:00,146.921317,13.090136,,,695,2MASS,CCD
11,99942,,99942,2004-06-20 03:56:36.989000+00:00,146.925025,13.089028,,,695,2MASS,CCD
12,99942,,99942,2004-06-20 04:03:27.043000+00:00,146.928858,13.087983,,,695,2MASS,CCD
13,99942,2004 MN4,4X4E25A,2004-12-18 10:09:22.752000+00:00,348.02946,-36.6195,18.7,R,E12,UCAC2,CCD
14,99942,2004 MN4,4X4E25A,2004-12-18 10:20:23.712000+00:00,348.05508,-36.61461,18.1,R,E12,UCAC2,CCD
15,99942,2004 MN4,4X4E25A,2004-12-18 10:31:22.944000+00:00,348.07983,-36.60944,19.1,R,E12,UCAC2,CCD
16,99942,2004 MN4,4X4E25A,2004-12-18 10:42:23.040000+00:00,348.10496,-36.60408,18.2,R,E12,UCAC2,CCD
17,99942,2004 MN4,4X4E25B,2004-12-18 10:55:55.200000+00:00,348.13625,-36.59781,18.6,R,E12,UCAC2,CCD
18,99942,2004 MN4,4X4E25B,2004-12-18 10:57:05.184000+00:00,348.13892,-36.59728,18.3,R,E12,UCAC2,CCD
19,99942,2004 MN4,4X4E25B,2004-12-18 10:58:16.032000+00:00,348.14162,-36.59667,18.0,R,E12,UCAC2,CCD
20,99942,2004 MN4,4X4E25B,2004-12-18 10:59:25.152000+00:00,348.14433,-36.596,18.7,R,E12,UCAC2,CCD
21,99942,2004 MN4,4X4E25A,2004-12-18 11:46:20.928000+00:00,348.253,-36.57347,18.5,R,E12,UCAC2,CCD
22,99942,2004 MN4,4X4E25A,2004-12-18 11:47:30.912000+00:00,348.25558,-36.57281,18.0,R,E12,UCAC2,CCD
23,99942,2004 MN4,4X4E25A,2004-12-18 11:48:40.896000+00:00,348.25842,-36.57242,18.4,R,E12,UCAC2,CCD
24,99942,2004 MN4,4X4E25A,2004-12-18 11:49:50.880000+00:00,348.26087,-36.57183,18.0,R,E12,UCAC2,CCD
25,99942,2004 MN4,4X4E25A,2004-12-19 01:53:47.328000+00:00,350.27346,-36.216,18.7,R,854,USNOA2,CCD
26,99942,2004 MN4,4X4E25A,2004-12-19 02:00:43.776000+00:00,350.28875,-36.21192,18.8,R,854,USNOA2,CCD
27,99942,2004 MN4,4X4E25A,2004-12-19 02:07:41.952000+00:00,350.30513,-36.20875,18.6,R,854,USNOA2,CCD
28,99942,2004 MN4,4X4E25A,2004-12-19 02:14:41.856000+00:00,350.32033,-36.20558,18.3,R,854,USNOA2,CCD
29,99942,2004 MN4,4X4E25A,2004-12-19 02:21:50.400000+00:00,350.33663,-36.20197,18.7,R,854,USNOA2,CCD
30,99942,2004 MN4,4X4E25A,2004-12-19 11:01:34.752000+00:00,351.54658,-35.91444,16.7,R,474,USNOA2,CCD
31,99942,2004 MN4,4X4E25A,2004-12-19 11:03:14.976000+00:00,351.55042,-35.91353,16.9,R,474,USNOA2,CCD
32,99942,2004 MN4,4X4E25A,2004-12-19 11:04:24.960000+00:00,351.55304,-35.91294,16.5,R,474,USNOA2,CCD
33,99942,2004 MN4,4X4E25A,2004-12-19 11:09:04.896000+00:00,351.56392,-35.91033,16.6,R,474,USNOA2,CCD
34,99942,2004 MN4,4X4E25A,2004-12-20 01:39:39.744000+00:00,353.61442,-35.49172,18.5,R,673,USNOA2,CCD
35,99942,2004 MN4,4X4E25A,2004-12-20 01:50:45.024000+00:00,353.639,-35.48553,,,673,USNOA2,CCD
36,99942,2004 MN4,4X4E25A,2004-12-20 01:59:19.968000+00:00,353.65792,-35.48092,,,673,USNOA2,CCD
37,99942,2004 MN4,4X4E25A,2004-12-20 02:09:36+00:00,353.68071,-35.47517,,,673,USNOA2,CCD
38,99942,2004 MN4,4X4E289,2004-12-22 11:20:39.034000+00:00,1.41117,-33.34539,18.5,R,E12,UCAC2,CCD
39,99942,2004 MN4,4X4E289,2004-12-22 11:21:11.002000+00:00,1.41229,-33.34506,17.6,R,E12,UCAC2,CCD
40,99942,2004 MN4,4X4E289,2004-12-22 11:21:42.106000+00:00,1.41308,-33.34475,17.6,R,E12,UCAC2,CCD
41,99942,2004 MN4,4X4E289,2004-12-22 11:22:12.346000+00:00,1.41458,-33.34428,16.6,R,E12,UCAC2,CCD
42,99942,2004 MN4,AS38864,2004-12-23 01:32:15.648000+00:00,3.27254,-32.78136,17.3,V,704,USNOA2,CCD
43,99942,2004 MN4,AS38893,2004-12-23 01:32:19.968000+00:00,3.27346,-32.78169,18.2,V,704,USNOA2,CCD
44,99942,2004 MN4,AS38864,2004-12-23 02:11:35.232000+00:00,3.35279,-32.75375,17.7,V,704,USNOA2,CCD
45,99942,2004 MN4,AS38893,2004-12-23 02:13:34.464000+00:00,3.35746,-32.75261,17.5,V,704,USNOA2,CCD
46,99942,2004 MN4,AS38864,2004-12-23 02:31:28.416000+00:00,3.39379,-32.73908,17.7,V,704,USNOA2,CCD
47,99942,2004 MN4,AS38893,2004-12-23 02:34:58.368000+00:00,3.40117,-32.73703,17.8,V,704,USNOA2,CCD
48,99942,2004 MN4,AS38864,2004-12-23 02:51:06.048000+00:00,3.43371,-32.72503,17.5,V,704,USNOA2,CCD
49,99942,2004 MN4,AS38893,2004-12-23 02:55:14.016000+00:00,3.44238,-32.72228,17.5,V,704,USNOA2,CCD
50,99942,2004 MN4,4X4E29E,2004-12-23 10:37:28.416000+00:00,4.42333,-32.36767,16.3,R,E12,UCAC2,CCD
51,99942,2004 MN4,4X4E29E,2004-12-23 10:37:58.656000+00:00,4.424,-32.36719,17.3,R,E12,UCAC2,CCD
52,99942,2004 MN4,4X4E29E,2004-12-23 10:38:28.032000+00:00,4.42521,-32.36681,17.1,R,E12,UCAC2,CCD
53,99942,2004 MN4,4X4E29E,2004-12-23 10:38:58.272000+00:00,4.42625,-32.36656,17.2,R,E12,UCAC2,CCD
54,99942,2004 MN4,4X4E29E,2004-12-23 10:39:56.160000+00:00,4.42813,-32.36578,17.0,R,E12,UCAC2,CCD
55,99942,2004 MN4,4X4E29E,2004-12-23 10:40:25.536000+00:00,4.42921,-32.36536,17.4,R,E12,UCAC2,CCD
56,99942,2004 MN4,4X4E29E,2004-12-23 10:40:55.776000+00:00,4.43029,-32.36506,16.7,R,E12,UCAC2,CCD
57,99942,2004 MN4,4X4E29E,2004-12-23 10:41:26.016000+00:00,4.43125,-32.36461,16.9,R,E12,UCAC2,CCD
58,99942,2004 MN4,4X4E2A1,2004-12-23 11:36:56.736000+00:00,4.54429,-32.32244,17.5,R,E12,UCAC2,CCD
59,99942,2004 MN4,4X4E2A1,2004-12-23 11:37:26.976000+00:00,4.54558,-32.32228,16.8,R,E12,UCAC2,CCD
60,99942,2004 MN4,4X4E2A1,2004-12-23 11:37:58.080000+00:00,4.54646,-32.32164,17.1,R,E12,UCAC2,CCD
61,99942,2004 MN4,4X4E2A1,2004-12-23 11:38:28.320000+00:00,4.54737,-32.32133,17.3,R,E12,UCAC2,CCD
62,99942,2004 MN4,4X4E2A1,2004-12-23 11:44:38.976000+00:00,4.56013,-32.31656,17.3,R,E12,UCAC2,CCD
63,99942,2004 MN4,4X4E2A1,2004-12-23 11:45:09.216000+00:00,4.56108,-32.31611,17.0,R,E12,UCAC2,CCD
64,99942,2004 MN4,4X4E2A1,2004-12-23 11:45:38.592000+00:00,4.56229,-32.316,17.1,R,E12,UCAC2,CCD
65,99942,2004 MN4,4X4E2A1,2004-12-23 11:46:08.832000+00:00,4.56317,-32.31558,17.4,R,E12,UCAC2,CCD
66,99942,2004 MN4,4X4E2A3,2004-12-23 12:46:10.848000+00:00,4.68696,-32.26936,17.2,R,E12,UCAC2,CCD
67,99942,2004 MN4,4X4E2A3,2004-12-23 12:46:41.088000+00:00,4.68783,-32.26883,17.9,R,E12,UCAC2,CCD
68,99942,2004 MN4,4X4E2A3,2004-12-23 12:47:11.328000+00:00,4.68892,-32.26864,17.7,R,E12,UCAC2,CCD
69,99942,2004 MN4,4X4E2A3,2004-12-23 12:47:43.296000+00:00,4.69029,-32.26822,17.9,R,E12,UCAC2,CCD
70,99942,2004 MN4,K04M04N,2004-12-24 01:50:17.376000+00:00,6.34933,-31.72019,17.7,R,683,GSCACT,CCD
71,99942,2004 MN4,K04M04N,2004-12-24 01:54:52.128000+00:00,6.35867,-31.71669,17.5,R,683,GSCACT,CCD
72,99942,2004 MN4,6CO002,2004-12-24 02:38:38.688000+00:00,6.44463,-31.68406,16.8,R,699,USNOB1,CCD
73,99942,2004 MN4,6CO002,2004-12-24 02:49:12.864000+00:00,6.46546,-31.67592,,,699,USNOB1,CCD
74,99942,2004 MN4,6CO002,2004-12-24 02:59:47.904000+00:00,6.48629,-31.66783,,,699,USNOB1,CCD
75,99942,2004 MN4,6CO002,2004-12-24 03:10:22.080000+00:00,6.50708,-31.65983,,,699,USNOB1,CCD
76,99942,2004 MN4,6CO003,2004-12-24 03:35:43.584000+00:00,6.55758,-31.64061,17.2,R,699,USNOB1,CCD
77,99942,2004 MN4,6CO003,2004-12-24 03:39:44.640000+00:00,6.56471,-31.63683,,,699,USNOB1,CCD
78,99942,2004 MN4,6CO003,2004-12-24 03:43:45.696000+00:00,6.57296,-31.63411,,,699,USNOB1,CCD
79,99942,2004 MN4,6CO003,2004-12-24 03:47:47.616000+00:00,6.58088,-31.63072,,,699,USNOB1,CCD
80,99942,2004 MN4,K04M04N,2004-12-24 18:00:50.112000+00:00,8.336713,-30.982831,16.6,R,620,USNOB1,CCD
81,99942,2004 MN4,K04M04N,2004-12-24 18:12:33.408000+00:00,8.359154,-30.9737,16.9,R,620,USNOB1,CCD
82,99942,2004 MN4,K04M04N,2004-12-24 18:23:24+00:00,8.380021,-30.965356,16.9,R,620,USNOB1,CCD
83,99942,2004 MN4,JS00130,2004-12-25 01:34:58.944000+00:00,9.24571,-30.62847,17.6,R,H06,USNOB1,CCD
84,99942,2004 MN4,JS00130,2004-12-25 01:42:49.824000+00:00,9.26058,-30.62228,17.8,R,H06,USNOB1,CCD
85,99942,2004 MN4,K04M04N,2004-12-25 01:48:08.640000+00:00,9.27329,-30.61808,19.2,R,683,GSCACT,CCD
86,99942,2004 MN4,K04M04N,2004-12-25 01:51:32.544000+00:00,9.27967,-30.61544,18.9,R,683,GSCACT,CCD
87,99942,2004 MN4,JS00130,2004-12-25 01:52:04.512000+00:00,9.27817,-30.61508,17.7,R,H06,USNOB1,CCD
88,99942,2004 MN4,K04M04N,2004-12-25 01:54:09.792000+00:00,9.28446,-30.61367,18.0,R,683,GSCACT,CCD
89,99942,2004 MN4,K04M04N,2004-12-25 01:56:47.904000+00:00,9.28937,-30.61128,18.5,R,683,GSCACT,CCD
90,99942,2004 MN4,K04M04N,2004-12-25 01:59:30.336000+00:00,9.29471,-30.60925,18.6,R,683,GSCACT,CCD
91,99942,2004 MN4,K04M04N,2004-12-25 02:02:06.720000+00:00,9.29971,-30.60733,19.6,R,683,GSCACT,CCD
92,99942,2004 MN4,K04M04N,2004-12-25 02:05:55.680000+00:00,9.30667,-30.60417,19.4,R,683,GSCACT,CCD
93,99942,2004 MN4,K04M04N,2004-12-25 02:12:07.200000+00:00,9.31846,-30.59931,18.9,R,683,GSCACT,CCD
94,99942,2004 MN4,K04M04N,2004-12-25 02:24:41.472000+00:00,9.34196,-30.58944,18.5,R,683,GSCACT,CCD
95,99942,2004 MN4,K04M04N,2004-12-25 02:30:00.288000+00:00,9.35213,-30.58528,18.1,R,683,GSCACT,CCD
96,99942,2004 MN4,K04M04N,2004-12-25 02:35:41.568000+00:00,9.36292,-30.58064,18.2,R,683,GSCACT,CCD
97,99942,2004 MN4,K04M04N,2004-12-25 02:45:09.216000+00:00,9.38054,-30.57297,18.3,R,683,GSCACT,CCD
98,99942,2004 MN4,K04M04N,2004-12-25 02:52:09.120000+00:00,9.39371,-30.56758,18.1,R,683,GSCACT,CCD
99,99942,2004 MN4,K04M04N,2004-12-25 02:55:06.240000+00:00,9.3995,-30.56531,17.9,R,683,GSCACT,CCD
100,99942,2004 MN4,K04M04N,2004-12-25 03:00:44.928000+00:00,9.41033,-30.56069,18.7,R,683,GSCACT,CCD
101,99942,2004 MN4,K04M04N,2004-12-25 03:04:17.472000+00:00,9.41696,-30.55789,17.9,R,683,GSCACT,CCD
102,99942,2004 MN4,K04M04N,2004-12-25 03:07:00.768000+00:00,9.42204,-30.55556,18.1,R,683,GSCACT,CCD
103,99942,2004 MN4,K04M04N,2004-12-25 03:13:40.800000+00:00,9.43442,-30.55058,18.1,R,683,GSCACT,CCD
104,99942,2004 MN4,K04M04N,2004-12-25 03:19:08.256000+00:00,9.44512,-30.54606,18.5,R,683,GSCACT,CCD
105,99942,2004 MN4,K04M04N,2004-12-25 04:25:13.152000+00:00,9.56896,-30.49197,16.3,R,448,UCAC2,CCD
106,99942,2004 MN4,K04M04N,2004-12-25 04:28:25.824000+00:00,9.57508,-30.48936,16.3,R,448,UCAC2,CCD
107,99942,2004 MN4,K04M04N,2004-12-25 04:32:17.376000+00:00,9.58242,-30.48619,16.3,R,448,UCAC2,CCD
108,99942,2004 MN4,K04M04N,2004-12-26 00:01:55.776000+00:00,11.88692,-29.55725,16.9,V,H36,UCAC2,CCD
109,99942,2004 MN4,K04M04N,2004-12-26 00:06:38.304000+00:00,11.89571,-29.55339,17.3,V,H36,UCAC2,CCD
110,99942,2004 MN4,K04M04N,2004-12-26 00:25:57.792000+00:00,11.93075,-29.53828,17.8,V,H36,UCAC2,CCD
111,99942,2004 MN4,K04M04N,2004-12-26 00:37:48+00:00,11.95237,-29.52864,17.1,V,H36,UCAC2,CCD
112,99942,2004 MN4,K04M04N,2004-12-26 00:55:06.528000+00:00,11.98421,-29.51467,17.3,V,H36,UCAC2,CCD
113,99942,2004 MN4,K04M04N,2004-12-26 01:06:55.008000+00:00,12.00563,-29.50494,17.6,V,H36,UCAC2,CCD
114,99942,2004 MN4,JS00131,2004-12-26 01:09:56.448000+00:00,12.01467,-29.50161,17.1,V,H06,USNOB1,CCD
115,99942,2004 MN4,K04M04N,2004-12-26 01:13:34.176000+00:00,12.02196,-29.49853,17.2,R,715,UCAC2,CCD
116,99942,2004 MN4,JS00131,2004-12-26 01:16:42.528000+00:00,12.027,-29.49611,17.3,V,H06,USNOB1,CCD
117,99942,2004 MN4,K04M04N,2004-12-26 01:17:58.560000+00:00,12.02921,-29.49481,16.5,R,H06,USNOB1,CCD
118,99942,2004 MN4,K04M04N,2004-12-26 01:18:08.064000+00:00,12.02575,-29.496,17.6,V,H36,UCAC2,CCD
119,99942,2004 MN4,K04M04N,2004-12-26 01:19:17.184000+00:00,12.03225,-29.49389,17.2,R,715,UCAC2,CCD
120,99942,2004 MN4,K04M04N,2004-12-26 01:20:01.248000+00:00,12.03321,-29.49317,16.5,R,H06,USNOB1,CCD
121,99942,2004 MN4,K04M04N,2004-12-26 01:22:03.072000+00:00,12.03675,-29.49167,16.5,R,H06,USNOB1,CCD
122,99942,2004 MN4,JS00131,2004-12-26 01:23:07.008000+00:00,12.03862,-29.49089,17.1,V,H06,USNOB1,CCD
123,99942,2004 MN4,K04M04N,2004-12-26 01:24:56.736000+00:00,12.0425,-29.48939,17.4,R,715,UCAC2,CCD
124,99942,2004 MN4,K04M04N,2004-12-26 01:30:31.968000+00:00,12.05258,-29.48489,17.1,R,715,UCAC2,CCD
125,99942,2004 MN4,JS00132,2004-12-26 01:38:13.344000+00:00,12.06596,-29.47864,17.2,V,H06,USNOB1,CCD
126,99942,2004 MN4,K04M04N,2004-12-26 01:50:15.648000+00:00,12.09013,-29.46883,17.9,R,683,GSCACT,CCD
127,99942,2004 MN4,K04M04N,2004-12-26 01:53:30.912000+00:00,12.09596,-29.46628,18.0,R,683,GSCACT,CCD
128,99942,2004 MN4,JS00132,2004-12-26 01:54:09.792000+00:00,12.09467,-29.4655,17.0,V,H06,USNOB1,CCD
129,99942,2004 MN4,K04M04N,2004-12-26 01:57:59.616000+00:00,12.10375,-29.46247,18.5,R,683,GSCACT,CCD
130,99942,2004 MN4,K04M04N,2004-12-26 02:02:51.648000+00:00,12.11288,-29.45856,19.3,R,683,GSCACT,CCD
131,99942,2004 MN4,JS00132,2004-12-26 02:03:40.032000+00:00,12.11204,-29.45803,17.4,V,H06,USNOB1,CCD
132,99942,2004 MN4,K04M04N,2004-12-26 02:05:37.536000+00:00,12.11775,-29.45642,18.4,R,683,GSCACT,CCD
133,99942,2004 MN4,K04M04N,2004-12-26 02:09:10.080000+00:00,12.12458,-29.45367,19.0,R,683,GSCACT,CCD
134,99942,2004 MN4,K04M04N,2004-12-26 02:10:43.392000+00:00,12.12446,-29.45197,16.5,R,H06,USNOB1,CCD
135,99942,2004 MN4,K04M04N,2004-12-26 02:11:50.784000+00:00,12.12908,-29.45144,18.2,R,683,GSCACT,CCD
136,99942,2004 MN4,K04M04N,2004-12-26 02:14:08.160000+00:00,12.13075,-29.44928,16.6,R,H06,USNOB1,CCD
137,99942,2004 MN4,JS00133,2004-12-26 02:14:59.136000+00:00,12.13237,-29.44892,17.3,V,H06,USNOB1,CCD
138,99942,2004 MN4,K04M04N,2004-12-26 02:16:38.496000+00:00,12.13779,-29.44747,19.0,R,683,GSCACT,CCD
139,99942,2004 MN4,K04M04N,2004-12-26 02:17:28.608000+00:00,12.13704,-29.44656,16.6,R,H06,USNOB1,CCD
140,99942,2004 MN4,K04M04N,2004-12-26 02:19:19.200000+00:00,12.14246,-29.44525,19.2,R,683,GSCACT,CCD
141,99942,2004 MN4,6CQ001,2004-12-26 02:21:55.584000+00:00,12.14779,-29.44381,16.8,R,699,USNOB1,CCD
142,99942,2004 MN4,K04M04N,2004-12-26 02:22:22.368000+00:00,12.14833,-29.44325,19.3,R,683,GSCACT,CCD
143,99942,2004 MN4,6CQ001,2004-12-26 02:22:36.192000+00:00,12.14883,-29.44308,,,699,USNOB1,CCD
144,99942,2004 MN4,6CQ001,2004-12-26 02:23:15.072000+00:00,12.15021,-29.44286,,,699,USNOB1,CCD
145,99942,2004 MN4,6CQ001,2004-12-26 02:23:54.816000+00:00,12.15117,-29.44214,,,699,USNOB1,CCD
146,99942,2004 MN4,K04M04N,2004-12-26 02:25:02.208000+00:00,12.15275,-29.44075,18.3,R,683,GSCACT,CCD
147,99942,2004 MN4,K04M04N,2004-12-26 02:27:57.600000+00:00,12.15808,-29.43808,16.9,R,651,USNOA2,CCD
148,99942,2004 MN4,K04M04N,2004-12-26 02:28:07.104000+00:00,12.15854,-29.43792,17.9,R,683,GSCACT,CCD
149,99942,2004 MN4,K04M04N,2004-12-26 02:30:02.880000+00:00,12.16183,-29.43636,16.9,R,651,USNOA2,CCD
150,99942,2004 MN4,K04M04N,2004-12-26 02:31:20.640000+00:00,12.16425,-29.43525,16.8,R,651,USNOA2,CCD
151,99942,2004 MN4,K04M04N,2004-12-26 02:37:56.352000+00:00,12.17604,-29.42983,16.7,R,651,USNOA2,CCD
152,99942,2004 MN4,K04M04N,2004-12-26 02:38:38.688000+00:00,12.17758,-29.42925,18.5,R,683,GSCACT,CCD
153,99942,2004 MN4,K04M04N,2004-12-26 02:38:48.192000+00:00,12.17604,-29.42917,17.3,R,448,UCAC2,CCD
154,99942,2004 MN4,JS00133,2004-12-26 02:38:58.560000+00:00,12.17583,-29.42911,16.7,V,H06,USNOB1,CCD
155,99942,2004 MN4,K04M04N,2004-12-26 02:39:27.072000+00:00,12.17879,-29.42861,16.8,R,651,USNOA2,CCD
156,99942,2004 MN4,K04M04N,2004-12-26 02:41:02.976000+00:00,12.18171,-29.42725,16.9,R,651,USNOA2,CCD
157,99942,2004 MN4,K04M04N,2004-12-26 02:41:25.440000+00:00,12.18267,-29.42725,18.1,R,683,GSCACT,CCD
158,99942,2004 MN4,K04M04N,2004-12-26 02:44:14.784000+00:00,12.18746,-29.42481,18.4,R,683,GSCACT,CCD
159,99942,2004 MN4,K04M04N,2004-12-26 02:46:52.896000+00:00,12.19229,-29.42256,18.8,R,683,GSCACT,CCD
160,99942,2004 MN4,K04M04N,2004-12-26 02:48:04.608000+00:00,12.19288,-29.4215,17.5,R,448,UCAC2,CCD
161,99942,2004 MN4,K04M04N,2004-12-26 02:49:36.192000+00:00,12.19742,-29.42033,18.0,R,683,GSCACT,CCD
162,99942,2004 MN4,JS00133,2004-12-26 02:50:34.080000+00:00,12.19683,-29.41956,17.3,V,H06,USNOB1,CCD
163,99942,2004 MN4,K04M04N,2004-12-26 02:50:34.944000+00:00,12.19896,-29.41942,16.7,R,651,USNOA2,CCD
164,99942,2004 MN4,K04M04N,2004-12-26 02:52:34.176000+00:00,12.20254,-29.41769,16.5,R,651,USNOA2,CCD
165,99942,2004 MN4,K04M04N,2004-12-26 02:53:51.936000+00:00,12.20488,-29.41678,16.5,R,651,USNOA2,CCD
166,99942,2004 MN4,K04M04N,2004-12-26 02:55:10.560000+00:00,12.20725,-29.41561,17.0,R,651,USNOA2,CCD
167,99942,2004 MN4,K04M04N,2004-12-26 02:56:30.912000+00:00,12.20958,-29.41478,19.2,R,683,GSCACT,CCD
168,99942,2004 MN4,K04M04N,2004-12-26 02:57:08.928000+00:00,12.21079,-29.414,16.5,R,651,USNOA2,CCD
169,99942,2004 MN4,K04M04N,2004-12-26 02:57:21.888000+00:00,12.20963,-29.41383,17.4,R,448,UCAC2,CCD
170,99942,2004 MN4,K04M04N,2004-12-26 03:02:02.688000+00:00,12.22017,-29.40989,19.5,R,683,GSCACT,CCD
171,99942,2004 MN4,K04M04N,2004-12-26 03:05:24.864000+00:00,12.22579,-29.40731,18.2,R,683,GSCACT,CCD
172,99942,2004 MN4,K04M04N,2004-12-26 03:06:38.304000+00:00,12.22633,-29.40619,17.5,R,448,UCAC2,CCD
173,99942,2004 MN4,K04M04N,2004-12-26 03:08:06.432000+00:00,12.23067,-29.40511,18.7,R,683,GSCACT,CCD
174,99942,2004 MN4,K04M04N,2004-12-26 03:09:43.200000+00:00,12.23354,-29.40367,17.0,R,651,USNOA2,CCD
175,99942,2004 MN4,K04M04N,2004-12-26 03:10:45.408000+00:00,12.23517,-29.40339,19.6,R,683,GSCACT,CCD
176,99942,2004 MN4,K04M04N,2004-12-26 03:11:25.152000+00:00,12.23671,-29.40222,16.8,R,651,USNOA2,CCD
177,99942,2004 MN4,K04M04N,2004-12-26 03:12:50.688000+00:00,12.23917,-29.40111,16.9,R,651,USNOA2,CCD
178,99942,2004 MN4,K04M04N,2004-12-26 03:13:31.296000+00:00,12.24071,-29.40081,19.3,R,683,GSCACT,CCD
179,99942,2004 MN4,K04M04N,2004-12-26 03:15:55.584000+00:00,12.24329,-29.39844,17.3,R,448,UCAC2,CCD
180,99942,2004 MN4,K04M04N,2004-12-26 03:16:28.416000+00:00,12.24579,-29.39839,19.1,R,683,GSCACT,CCD
181,99942,2004 MN4,K04M04N,2004-12-26 03:19:14.304000+00:00,12.25088,-29.39572,20.3,R,683,GSCACT,CCD
182,99942,2004 MN4,K04M04N,2004-12-26 03:22:03.648000+00:00,12.25592,-29.39367,18.7,R,683,GSCACT,CCD
183,99942,2004 MN4,W0077E,2004-12-26 16:13:08.256000+00:00,13.71854,-28.76386,19.5,R,097,USNOA2,CCD
184,99942,2004 MN4,W0077E,2004-12-26 16:17:26.592000+00:00,13.72612,-28.76061,18.0,R,097,USNOA2,CCD
185,99942,2004 MN4,W0077E,2004-12-26 16:22:09.120000+00:00,13.73508,-28.75639,20.5,R,097,USNOA2,CCD
186,99942,2004 MN4,W0077E,2004-12-26 16:23:45.888000+00:00,13.73758,-28.75531,17.9,R,097,USNOA2,CCD
187,99942,2004 MN4,W0077E,2004-12-26 16:25:22.656000+00:00,13.74062,-28.75394,18.2,R,097,USNOA2,CCD
188,99942,2004 MN4,W0077E,2004-12-26 16:26:44.736000+00:00,13.74275,-28.75281,18.2,R,097,USNOA2,CCD
189,99942,2004 MN4,W0077E,2004-12-26 16:27:52.128000+00:00,13.74446,-28.75178,16.7,R,097,USNOA2,CCD
190,99942,2004 MN4,W0077E,2004-12-26 16:28:58.656000+00:00,13.74671,-28.75089,18.1,R,097,USNOA2,CCD
191,99942,2004 MN4,W0077E,2004-12-26 16:30:04.320000+00:00,13.7485,-28.75003,18.0,R,097,USNOA2,CCD
192,99942,2004 MN4,W0077E,2004-12-26 16:31:11.712000+00:00,13.75058,-28.74919,17.8,R,097,USNOA2,CCD
193,99942,2004 MN4,W0077E,2004-12-26 16:32:19.968000+00:00,13.75254,-28.74831,18.2,R,097,USNOA2,CCD
194,99942,2004 MN4,W0077E,2004-12-26 16:33:27.360000+00:00,13.7545,-28.74714,18.1,R,097,USNOA2,CCD
195,99942,2004 MN4,W0077E,2004-12-26 16:34:33.888000+00:00,13.75642,-28.74636,18.2,R,097,USNOA2,CCD
196,99942,2004 MN4,W0077E,2004-12-26 16:45:08.928000+00:00,13.775,-28.73761,18.0,R,097,USNOA2,CCD
197,99942,2004 MN4,W0077E,2004-12-26 16:47:51.360000+00:00,13.77967,-28.73533,18.0,R,097,USNOA2,CCD
198,99942,2004 MN4,W0077E,2004-12-26 16:48:57.888000+00:00,13.78163,-28.73439,18.0,R,097,USNOA2,CCD
199,99942,2004 MN4,W0077E,2004-12-26 16:50:05.280000+00:00,13.78358,-28.73344,17.5,R,097,USNOA2,CCD
200,99942,2004 MN4,W0077E,2004-12-26 16:51:10.944000+00:00,13.78571,-28.73261,18.2,R,097,USNOA2,CCD
201,99942,2004 MN4,W0077E,2004-12-26 16:53:38.688000+00:00,13.79008,-28.73064,18.7,R,097,USNOA2,CCD
202,99942,2004 MN4,W0077E,2004-12-26 16:54:40.896000+00:00,13.79183,-28.72961,17.9,R,097,USNOA2,CCD
203,99942,2004 MN4,W0077E,2004-12-26 16:55:48.288000+00:00,13.79379,-28.72881,18.1,R,097,USNOA2,CCD
204,99942,2004 MN4,W0077E,2004-12-26 16:56:52.224000+00:00,13.79554,-28.72781,18.5,R,097,USNOA2,CCD
205,99942,2004 MN4,W0077E,2004-12-26 17:00:00.576000+00:00,13.80112,-28.72528,18.1,R,097,USNOA2,CCD
206,99942,2004 MN4,W0077E,2004-12-26 17:02:45.600000+00:00,13.806,-28.72294,18.1,R,097,USNOA2,CCD
207,99942,2004 MN4,W0077E,2004-12-26 17:03:48.672000+00:00,13.80779,-28.72214,18.4,R,097,USNOA2,CCD
208,99942,2004 MN4,W0077E,2004-12-26 17:05:55.680000+00:00,13.81158,-28.72028,18.0,R,097,USNOA2,CCD
209,99942,2004 MN4,W0077E,2004-12-26 17:06:58.752000+00:00,13.81333,-28.71936,17.9,R,097,USNOA2,CCD
210,99942,2004 MN4,W0077E,2004-12-26 17:08:02.688000+00:00,13.81521,-28.71856,18.6,R,097,USNOA2,CCD
211,99942,2004 MN4,W0077E,2004-12-26 17:09:05.760000+00:00,13.81696,-28.71772,18.4,R,097,USNOA2,CCD
212,99942,2004 MN4,W0077E,2004-12-26 17:10:08.832000+00:00,13.81879,-28.71681,18.3,R,097,USNOA2,CCD
213,99942,2004 MN4,W0077E,2004-12-26 17:11:12.768000+00:00,13.82062,-28.71597,18.1,R,097,USNOA2,CCD
214,99942,2004 MN4,W0077E,2004-12-26 17:12:16.704000+00:00,13.82279,-28.715,18.7,R,097,USNOA2,CCD
215,99942,2004 MN4,W0077E,2004-12-26 17:19:45.120000+00:00,13.83596,-28.70878,17.8,R,097,USNOA2,CCD
216,99942,2004 MN4,W0077E,2004-12-26 17:20:49.056000+00:00,13.83783,-28.70797,18.4,R,097,USNOA2,CCD
217,99942,2004 MN4,W0077E,2004-12-26 17:26:04.416000+00:00,13.84692,-28.7035,17.8,R,097,USNOA2,CCD
218,99942,2004 MN4,W0077E,2004-12-26 17:29:53.376000+00:00,13.85354,-28.70039,18.6,R,097,USNOA2,CCD
219,99942,2004 MN4,W0077E,2004-12-26 17:30:57.312000+00:00,13.85542,-28.69947,18.1,R,097,USNOA2,CCD
220,99942,2004 MN4,W0077E,2004-12-26 17:32:02.976000+00:00,13.85733,-28.69856,18.3,R,097,USNOA2,CCD
221,99942,2004 MN4,W0077E,2004-12-26 17:33:05.184000+00:00,13.85917,-28.69772,18.1,R,097,USNOA2,CCD
222,99942,2004 MN4,W0077E,2004-12-26 17:34:08.256000+00:00,13.86117,-28.69675,19.3,R,097,USNOA2,CCD
223,99942,2004 MN4,W0077E,2004-12-26 17:36:14.400000+00:00,13.86479,-28.69494,19.3,R,097,USNOA2,CCD
224,99942,2004 MN4,W0077E,2004-12-26 17:38:24+00:00,13.86854,-28.69322,18.2,R,097,USNOA2,CCD
225,99942,2004 MN4,W0077E,2004-12-26 17:39:27.072000+00:00,13.87058,-28.69231,19.3,R,097,USNOA2,CCD
226,99942,2004 MN4,W0077E,2004-12-26 17:45:52.416000+00:00,13.88162,-28.68706,18.4,R,097,USNOA2,CCD
227,99942,2004 MN4,W0077E,2004-12-26 17:46:54.624000+00:00,13.8835,-28.68625,18.3,R,097,USNOA2,CCD
228,99942,2004 MN4,W0077E,2004-12-26 17:49:04.224000+00:00,13.88733,-28.68428,18.7,R,097,USNOA2,CCD
229,99942,2004 MN4,W0077E,2004-12-26 17:50:09.024000+00:00,13.88933,-28.68333,18.2,R,097,USNOA2,CCD
230,99942,2004 MN4,W0077E,2004-12-26 17:58:48.288000+00:00,13.90475,-28.67586,18.1,R,097,USNOA2,CCD
231,99942,2004 MN4,W0077E,2004-12-26 17:59:51.360000+00:00,13.90654,-28.675,19.0,R,097,USNOA2,CCD
232,99942,2004 MN4,W0077E,2004-12-26 18:00:57.888000+00:00,13.90825,-28.67431,19.4,R,097,USNOA2,CCD
233,99942,2004 MN4,W0077E,2004-12-26 18:04:09.696000+00:00,13.91387,-28.6715,19.0,R,097,USNOA2,CCD
234,99942,2004 MN4,JS00134,2004-12-27 01:42:24.768000+00:00,14.76904,-28.29417,16.9,V,H06,USNOB1,CCD
235,99942,2004 MN4,JS00134,2004-12-27 01:48:54.432000+00:00,14.78037,-28.28864,17.0,V,H06,USNOB1,CCD
236,99942,2004 MN4,JS00134,2004-12-27 01:55:21.504000+00:00,14.7915,-28.28336,17.2,V,H06,USNOB1,CCD
237,99942,2004 MN4,JS00134,2004-12-27 02:01:26.112000+00:00,14.80196,-28.27831,17.3,V,H06,USNOB1,CCD
238,99942,2004 MN4,W00785,2004-12-27 16:15:09.216000+00:00,16.34575,-27.56561,16.2,R,097,USNOA2,CCD
239,99942,2004 MN4,W00785,2004-12-27 16:47:51.360000+00:00,16.40058,-27.53822,16.2,R,097,USNOA2,CCD
240,99942,2004 MN4,W00785,2004-12-27 17:15:00+00:00,16.44604,-27.51525,16.1,R,097,USNOA2,CCD
241,99942,2004 MN4,W00785,2004-12-27 17:44:57.984000+00:00,16.49637,-27.48964,16.1,R,097,USNOA2,CCD
242,99942,2004 MN4,K04M04N,2004-12-27 17:45:50.688000+00:00,16.51188,-27.49142,16.9,R,952,USNOA2,CCD
243,99942,2004 MN4,K04M04N,2004-12-27 17:47:29.184000+00:00,16.51458,-27.48969,17.2,R,952,USNOA2,CCD
244,99942,2004 MN4,K04M04N,2004-12-27 17:49:39.648000+00:00,16.51817,-27.48797,16.9,R,952,USNOA2,CCD
245,99942,2004 MN4,K04M04N,2004-12-27 17:54:01.440000+00:00,16.52542,-27.48428,16.8,R,952,USNOA2,CCD
246,99942,2004 MN4,K04M04N,2004-12-27 17:58:22.368000+00:00,16.53279,-27.48061,16.8,R,952,USNOA2,CCD
247,99942,2004 MN4,K04M04N,2004-12-27 18:01:38.496000+00:00,16.53833,-27.47794,16.4,R,952,USNOA2,CCD
248,99942,2004 MN4,K04M04N,2004-12-27 18:07:05.952000+00:00,16.54742,-27.47339,16.6,R,952,USNOA2,CCD
249,99942,2004 MN4,W00785,2004-12-27 18:08:15.936000+00:00,16.53563,-27.46972,16.1,R,097,USNOA2,CCD
250,99942,2004 MN4,K04M04N,2004-12-27 18:11:27.744000+00:00,16.55479,-27.46983,16.7,R,952,USNOA2,CCD
251,99942,2004 MN4,K04M04N,2004-12-27 18:15:49.536000+00:00,16.56208,-27.46622,17.0,R,952,USNOA2,CCD
252,99942,2004 MN4,K04M04N,2004-12-27 18:17:52.224000+00:00,16.5655,-27.46456,16.7,V,941,UCAC2,CCD
253,99942,2004 MN4,K04M04N,2004-12-27 18:20:10.464000+00:00,16.56942,-27.4625,16.9,R,952,USNOA2,CCD
254,99942,2004 MN4,K04M04N,2004-12-27 18:20:24.288000+00:00,16.56975,-27.46242,16.6,V,941,UCAC2,CCD
255,99942,2004 MN4,K04M04N,2004-12-27 18:24:32.256000+00:00,16.57675,-27.45881,16.8,R,952,USNOA2,CCD
256,99942,2004 MN4,K04M04N,2004-12-27 18:25:29.280000+00:00,16.57829,-27.45822,16.8,V,941,UCAC2,CCD
257,99942,2004 MN4,K04M04N,2004-12-27 18:27:11.232000+00:00,16.58117,-27.45678,16.7,V,941,UCAC2,CCD
258,99942,2004 MN4,K04M04N,2004-12-27 18:32:50.784000+00:00,16.59063,-27.45208,17.0,V,941,UCAC2,CCD
259,99942,2004 MN4,,2004-12-27 18:49:00.192000+00:00,16.61725,-27.43858,16.5,V,170,UCAC2,CCD
260,99942,2004 MN4,,2004-12-27 18:51:32.256000+00:00,16.62146,-27.43647,16.6,V,170,UCAC2,CCD
261,99942,2004 MN4,,2004-12-27 18:52:35.328000+00:00,16.62325,-27.43558,16.7,V,170,UCAC2,CCD
262,99942,2004 MN4,,2004-12-27 19:00:09.792000+00:00,16.63592,-27.42922,16.7,V,170,UCAC2,CCD
263,99942,2004 MN4,,2004-12-27 19:01:50.016000+00:00,16.63875,-27.42786,16.9,V,170,UCAC2,CCD
264,99942,2004 MN4,K04M04N,2004-12-27 19:03:42.336000+00:00,16.64254,-27.42589,17.2,R,952,UCAC2,CCD
265,99942,2004 MN4,,2004-12-27 19:04:34.176000+00:00,16.64329,-27.42556,16.9,V,170,UCAC2,CCD
266,99942,2004 MN4,K04M04N,2004-12-27 19:12:09.504000+00:00,16.65675,-27.41892,17.2,R,952,UCAC2,CCD
267,99942,2004 MN4,K04M04N,2004-12-27 19:20:52.224000+00:00,16.67129,-27.41147,17.0,R,952,UCAC2,CCD
268,99942,2004 MN4,K04M04N,2004-12-27 19:29:35.808000+00:00,16.68608,-27.40411,17.2,R,952,UCAC2,CCD
269,99942,2004 MN4,K04M04N,2004-12-27 19:38:18.528000+00:00,16.70046,-27.39681,17.4,R,952,UCAC2,CCD
270,99942,2004 MN4,K04M04N,2004-12-27 19:46:59.520000+00:00,16.71529,-27.38922,17.2,R,952,UCAC2,CCD
271,99942,2004 MN4,K04M04N,2004-12-28 02:01:46.848000+00:00,17.37346,-27.07428,17.6,R,649,UCAC2,CCD
272,99942,2004 MN4,K04M04N,2004-12-28 02:05:53.952000+00:00,17.38071,-27.07072,17.8,R,649,UCAC2,CCD
273,99942,2004 MN4,K04M04N,2004-12-28 02:10:00.192000+00:00,17.38704,-27.06678,17.4,R,649,UCAC2,CCD
274,99942,2004 MN4,K04M04N,2004-12-28 02:14:06.432000+00:00,17.39404,-27.06361,17.5,R,649,UCAC2,CCD
275,99942,2004 MN4,K04M04N,2004-12-28 02:18:12.672000+00:00,17.40092,-27.06014,17.4,R,649,UCAC2,CCD
276,99942,2004 MN4,K04M04N,2004-12-28 10:07:22.656000+00:00,18.21171,-26.641,16.5,V,428,UCAC2,CCD
277,99942,2004 MN4,K04M04N,2004-12-28 10:08:56.832000+00:00,18.21429,-26.63958,16.5,V,428,UCAC2,CCD
278,99942,2004 MN4,K04M04N,2004-12-28 10:10:31.008000+00:00,18.217,-26.63825,16.8,V,428,UCAC2,CCD
279,99942,2004 MN4,K04M04N,2004-12-28 10:12:05.184000+00:00,18.2195,-26.63689,16.6,V,428,UCAC2,CCD
280,99942,2004 MN4,K04M04N,2004-12-28 10:13:39.360000+00:00,18.22183,-26.63553,16.6,V,428,UCAC2,CCD
281,99942,2004 MN4,K04M04N,2004-12-29 00:35:48.768000+00:00,19.69679,-25.92775,16.7,R,734,UCAC2,CCD
282,99942,2004 MN4,K04M04N,2004-12-29 00:37:24.672000+00:00,19.69917,-25.92644,16.9,R,734,UCAC2,CCD
283,99942,2004 MN4,K04M04N,2004-12-29 00:39:00.576000+00:00,19.70192,-25.92503,17.0,R,734,UCAC2,CCD
284,99942,2004 MN4,K04M04N,2004-12-29 00:40:37.344000+00:00,19.70433,-25.92375,16.7,R,734,UCAC2,CCD
285,99942,2004 MN4,K04M04N,2004-12-29 10:17:54.240000+00:00,20.65433,-25.43189,17.4,V,300,UNK,CCD
286,99942,2004 MN4,K04M04N,2004-12-29 10:20:21.984000+00:00,20.65817,-25.43036,17.3,V,300,UNK,CCD
287,99942,2004 MN4,K04M04N,2004-12-29 10:22:49.728000+00:00,20.66246,-25.42786,17.7,V,300,UNK,CCD
288,99942,2004 MN4,K04M04N,2004-12-29 10:33:34.272000+00:00,20.671,-25.396,17.1,V,428,UCAC2,CCD
289,99942,2004 MN4,K04M04N,2004-12-29 10:35:07.584000+00:00,20.67312,-25.39464,16.9,V,428,UCAC2,CCD
290,99942,2004 MN4,K04M04N,2004-12-29 10:36:42.624000+00:00,20.67554,-25.39342,17.1,V,428,UCAC2,CCD
291,99942,2004 MN4,K04M04N,2004-12-29 10:38:17.664000+00:00,20.67833,-25.392,16.8,V,428,UCAC2,CCD
292,99942,2004 MN4,K04M04N,2004-12-29 10:39:50.976000+00:00,20.68054,-25.39056,17.1,V,428,UCAC2,CCD
293,99942,2004 MN4,K04M04N,2004-12-30 11:34:51.974000+00:00,23.064721,-24.116197,16.6,R,422,UCAC2,CCD
294,99942,2004 MN4,K04M04N,2004-12-30 11:36:07.229000+00:00,23.066579,-24.115117,16.6,R,422,UCAC2,CCD
295,99942,2004 MN4,K04M04N,2004-12-30 11:37:35.011000+00:00,23.068746,-24.113825,16.7,R,422,UCAC2,CCD
296,99942,2004 MN4,K04M04N,2004-12-30 11:52:41.952000+00:00,23.09171,-24.09953,16.8,R,423,UCAC2,CCD
297,99942,2004 MN4,K04M04N,2004-12-30 12:01:15.168000+00:00,23.10454,-24.09206,16.9,R,423,UCAC2,CCD
298,99942,2004 MN4,K04M04N,2004-12-30 17:04:47.424000+00:00,23.59533,-23.86114,17.3,V,434,USNOA2,CCD
299,99942,2004 MN4,K04M04N,2004-12-30 17:07:17.760000+00:00,23.59838,-23.85972,17.2,V,434,USNOA2,CCD
300,99942,2004 MN4,K04M04N,2004-12-30 17:10:26.112000+00:00,23.60333,-23.85728,17.4,V,434,USNOA2,CCD
301,99942,2004 MN4,K04M04N,2004-12-30 17:12:34.848000+00:00,23.60692,-23.85556,16.7,R,587,USNOA2,CCD
302,99942,2004 MN4,K04M04N,2004-12-30 17:13:16.320000+00:00,23.60692,-23.85514,17.2,V,434,USNOA2,CCD
303,99942,2004 MN4,K04M04N,2004-12-30 17:15:12.096000+00:00,23.61038,-23.85322,16.7,R,587,USNOA2,CCD
304,99942,2004 MN4,K04M04N,2004-12-30 17:15:56.160000+00:00,23.61096,-23.85267,17.1,V,434,USNOA2,CCD
305,99942,2004 MN4,K04M04N,2004-12-30 17:20:24+00:00,23.618,-23.849,16.6,R,587,USNOA2,CCD
306,99942,2004 MN4,K04M04N,2004-12-30 17:25:47.136000+00:00,23.62596,-23.84431,17.0,R,587,USNOA2,CCD
307,99942,2004 MN4,K04M04N,2004-12-30 17:28:22.656000+00:00,23.63,-23.84239,16.6,R,587,USNOA2,CCD
308,99942,2004 MN4,K04M04N,2004-12-30 20:13:20.640000+00:00,23.87142,-23.70097,16.3,R,176,UCAC2,CCD
309,99942,2004 MN4,K04M04N,2004-12-30 20:14:07.296000+00:00,23.87267,-23.70028,16.4,R,176,UCAC2,CCD
310,99942,2004 MN4,K04M04N,2004-12-30 20:14:53.088000+00:00,23.87379,-23.69964,16.3,R,176,UCAC2,CCD
311,99942,2004 MN4,K04M04N,2004-12-30 20:15:39.744000+00:00,23.87487,-23.69897,16.4,R,176,UCAC2,CCD
312,99942,2004 MN4,K04M04N,2004-12-30 20:16:26.400000+00:00,23.87604,-23.69833,16.4,R,176,UCAC2,CCD
313,99942,2004 MN4,K04M04N,2004-12-31 01:05:08.736000+00:00,24.30542,-23.43181,17.1,R,I77,UCAC2,CCD
314,99942,2004 MN4,K04M04N,2004-12-31 01:05:41.568000+00:00,24.30608,-23.43142,17.2,R,I77,UCAC2,CCD
315,99942,2004 MN4,K04M04N,2004-12-31 01:06:15.264000+00:00,24.30733,-23.43081,17.5,R,I77,UCAC2,CCD
316,99942,2004 MN4,K04M04N,2004-12-31 01:19:15.456000+00:00,24.34833,-23.44019,17.4,R,715,UCAC2,CCD
317,99942,2004 MN4,K04M04N,2004-12-31 01:35:53.376000+00:00,24.372,-23.42614,17.3,R,715,UCAC2,CCD
318,99942,2004 MN4,K04M04N,2004-12-31 01:44:13.632000+00:00,24.38379,-23.41917,17.2,R,715,UCAC2,CCD
319,99942,2004 MN4,K04M04N,2004-12-31 01:48:27.648000+00:00,24.38608,-23.417,17.7,R,734,UCAC2,CCD
320,99942,2004 MN4,K04M04N,2004-12-31 01:51:47.232000+00:00,24.39083,-23.41394,17.7,R,734,UCAC2,CCD
321,99942,2004 MN4,K04M04N,2004-12-31 01:52:52.896000+00:00,24.39608,-23.41181,17.3,R,715,UCAC2,CCD
322,99942,2004 MN4,K04M04N,2004-12-31 01:55:05.088000+00:00,24.39546,-23.41117,17.7,R,734,UCAC2,CCD
323,99942,2004 MN4,K04M04N,2004-12-31 11:17:38.112000+00:00,25.22804,-22.90908,16.5,R,423,UCAC2,CCD
324,99942,2004 MN4,K04M04N,2004-12-31 11:28:38.208000+00:00,25.24354,-22.89964,16.5,R,423,UCAC2,CCD
325,99942,2004 MN4,K04M04N,2004-12-31 11:41:38.400000+00:00,25.26187,-22.88831,16.5,R,423,UCAC2,CCD
326,99942,2004 MN4,K04M04N,2004-12-31 11:51:38.016000+00:00,25.27604,-22.87953,16.5,R,423,UCAC2,CCD
327,99942,2004 MN4,K04M04N,2004-12-31 17:48:34.848000+00:00,25.81788,-22.60567,17.7,V,104,USNOA2,CCD
328,99942,2004 MN4,K04M04N,2004-12-31 17:52:23.808000+00:00,25.82329,-22.60233,,,104,USNOA2,CCD
329,99942,2004 MN4,K04M04N,2004-12-31 17:55:37.344000+00:00,25.82783,-22.59961,,,104,USNOA2,CCD
330,99942,2004 MN4,JS00137,2005-01-01 04:13:22.080000+00:00,26.70833,-22.07678,16.7,V,H06,USNOB1,CCD
331,99942,2004 MN4,JS00137,2005-01-01 04:23:53.664000+00:00,26.72267,-22.06778,16.6,V,H06,USNOB1,CCD
332,99942,2004 MN4,JS00137,2005-01-01 04:39:17.280000+00:00,26.7435,-22.05458,16.7,V,H06,USNOB1,CCD
333,99942,2004 MN4,K04M04N,2005-01-01 17:04:44.832000+00:00,27.81496,-21.43467,16.8,R,185,USNOB1,CCD
334,99942,2004 MN4,K04M04N,2005-01-01 17:14:00.384000+00:00,27.82721,-21.42719,16.5,R,185,USNOB1,CCD
335,99942,2004 MN4,K04M04N,2005-01-01 17:44:57.984000+00:00,27.86758,-21.40075,17.1,V,434,USNOA2,CCD
336,99942,2004 MN4,K04M04N,2005-01-01 17:48:24.480000+00:00,27.87225,-21.39819,16.6,V,434,USNOA2,CCD
337,99942,2004 MN4,K04M04N,2005-01-01 17:51:13.824000+00:00,27.87537,-21.39619,17.7,V,434,USNOA2,CCD
338,99942,2004 MN4,K04M04N,2005-01-01 17:54:38.592000+00:00,27.88,-21.39306,17.4,V,434,USNOA2,CCD
339,99942,2004 MN4,K04M04N,2005-01-01 18:06:36.576000+00:00,27.89967,-21.38178,16.5,R,952,USNOA2,CCD
340,99942,2004 MN4,K04M04N,2005-01-01 18:17:28.896000+00:00,27.91408,-21.37278,16.3,R,952,USNOA2,CCD
341,99942,2004 MN4,K04M04N,2005-01-01 18:33:49.536000+00:00,27.93538,-21.35922,16.5,R,952,USNOA2,CCD
342,99942,2004 MN4,K04M04N,2005-01-01 18:47:49.344000+00:00,27.95021,-21.34869,,,A30,UCAC2,CCD
343,99942,2004 MN4,K04M04N,2005-01-01 18:49:30.432000+00:00,27.95237,-21.34733,,,A30,UCAC2,CCD
344,99942,2004 MN4,K04M04N,2005-01-01 19:01:02.496000+00:00,27.97092,-21.33664,16.4,R,952,USNOA2,CCD
345,99942,2004 MN4,K04M04N,2005-01-01 19:02:09.024000+00:00,27.96896,-21.33683,,,A30,UCAC2,CCD
346,99942,2004 MN4,K04M04N,2005-01-01 19:08:33.504000+00:00,27.97742,-21.33156,,,A30,UCAC2,CCD
347,99942,2004 MN4,K04M04N,2005-01-01 19:17:23.136000+00:00,27.99229,-21.323,16.1,R,952,USNOA2,CCD
348,99942,2004 MN4,K04M04N,2005-01-01 19:45:18.432000+00:00,28.02892,-21.29975,16.0,V,941,UCAC2,CCD
349,99942,2004 MN4,K04M04N,2005-01-01 19:47:34.944000+00:00,28.03192,-21.29783,16.4,V,941,UCAC2,CCD
350,99942,2004 MN4,K04M04N,2005-01-01 19:50:08.736000+00:00,28.03521,-21.29567,16.2,V,941,UCAC2,CCD
351,99942,2004 MN4,K04M04N,2005-01-01 19:52:07.968000+00:00,28.03779,-21.29394,16.2,V,941,UCAC2,CCD
352,99942,2004 MN4,JS00138,2005-01-02 03:13:49.440000+00:00,28.64312,-20.92556,17.6,V,H06,USNOB1,CCD
353,99942,2004 MN4,JS00138,2005-01-02 03:17:18.528000+00:00,28.64763,-20.92267,17.3,V,H06,USNOB1,CCD
354,99942,2004 MN4,JS00138,2005-01-02 03:21:23.040000+00:00,28.65267,-20.91919,17.5,V,H06,USNOB1,CCD
355,99942,2004 MN4,K04M04N,2005-01-02 10:38:40.128000+00:00,29.24917,-20.55828,17.3,V,300,UNK,CCD
356,99942,2004 MN4,K04M04N,2005-01-02 10:41:08.736000+00:00,29.25225,-20.55619,16.9,V,300,UNK,CCD
357,99942,2004 MN4,K04M04N,2005-01-02 10:43:35.616000+00:00,29.25525,-20.55419,17.1,V,300,UNK,CCD
358,99942,2004 MN4,K04M04N,2005-01-02 10:46:05.088000+00:00,29.25846,-20.55214,17.2,V,300,UNK,CCD
359,99942,2004 MN4,K04M04N,2005-01-02 10:48:31.104000+00:00,29.26162,-20.55011,17.2,V,300,UNK,CCD
360,99942,2004 MN4,K04M04N,2005-01-02 10:58:41.952000+00:00,29.27429,-20.54153,17.1,V,300,UNK,CCD
361,99942,2004 MN4,K04M04N,2005-01-02 18:08:49.632000+00:00,29.85633,-20.18853,16.6,R,952,USNOA2,CCD
362,99942,2004 MN4,K04M04N,2005-01-02 18:13:09.696000+00:00,29.86171,-20.18508,16.9,R,952,USNOA2,CCD
363,99942,2004 MN4,K04M04N,2005-01-02 18:17:30.624000+00:00,29.86713,-20.18144,17.1,R,952,USNOA2,CCD
364,99942,2004 MN4,K04M04N,2005-01-02 18:21:50.688000+00:00,29.87246,-20.17803,17.1,R,952,USNOA2,CCD
365,99942,2004 MN4,K04M04N,2005-01-02 18:26:10.752000+00:00,29.87779,-20.17444,17.0,R,952,USNOA2,CCD
366,99942,2004 MN4,k04m04n,2005-01-02 18:48:11.808000+00:00,29.90125,-20.15711,17.0,V,589,USNOSA2,CCD
367,99942,2004 MN4,k04m04n,2005-01-02 19:13:10.848000+00:00,29.93217,-20.13642,17.2,V,589,USNOSA2,CCD
368,99942,2004 MN4,K04M04N,2005-01-02 19:15:22.176000+00:00,29.93958,-20.13622,17.4,R,J95,UCAC2,CCD
369,99942,2004 MN4,K04M04N,2005-01-02 19:26:15.360000+00:00,29.95325,-20.12739,17.4,R,J95,UCAC2,CCD
370,99942,2004 MN4,K04M04N,2005-01-02 19:37:12+00:00,29.96692,-20.11833,17.4,R,J95,UCAC2,CCD
371,99942,2004 MN4,k04m04n,2005-01-02 19:38:10.752000+00:00,29.96354,-20.11581,17.2,V,589,USNOSA2,CCD
372,99942,2004 MN4,k04m04n,2005-01-02 20:03:10.656000+00:00,29.99496,-20.09517,17.3,V,589,USNOSA2,CCD
373,99942,2004 MN4,k04m04n,2005-01-02 20:28:11.424000+00:00,30.02604,-20.07444,17.0,V,589,USNOSA2,CCD
374,99942,2004 MN4,K04M04N,2005-01-03 17:26:24.288000+00:00,31.663,-19.05311,16.7,R,185,USNOB1,CCD
375,99942,2004 MN4,,2005-01-03 17:30:51.264000+00:00,31.66717,-19.04894,16.8,V,589,USNOSA2,CCD
376,99942,2004 MN4,K04M04N,2005-01-03 17:31:00.768000+00:00,31.66842,-19.0495,16.7,R,185,USNOB1,CCD
377,99942,2004 MN4,K04M04N,2005-01-03 17:36:44.640000+00:00,31.67546,-19.04508,16.7,R,185,USNOB1,CCD
378,99942,2004 MN4,K04M04N,2005-01-03 17:43:18.624000+00:00,31.68317,-19.03975,16.7,R,185,USNOB1,CCD
379,99942,2004 MN4,K04M04N,2005-01-03 18:02:21.696000+00:00,31.70488,-19.02383,17.6,V,104,USNOA2,CCD
380,99942,2004 MN4,K04M04N,2005-01-03 18:04:48.576000+00:00,31.70804,-19.02186,16.9,V,104,USNOA2,CCD
381,99942,2004 MN4,K04M04N,2005-01-03 18:07:19.776000+00:00,31.71104,-19.01986,17.1,V,104,USNOA2,CCD
382,99942,2004 MN4,,2005-01-03 18:15:51.264000+00:00,31.72046,-19.01281,17.1,V,589,USNOSA2,CCD
383,99942,2004 MN4,K04M04N,2005-01-03 18:19:15.168000+00:00,31.72558,-19.01047,16.8,R,587,USNOA2,CCD
384,99942,2004 MN4,K04M04N,2005-01-03 18:21:50.688000+00:00,31.72871,-19.00881,17.0,R,587,USNOA2,CCD
385,99942,2004 MN4,K04M04N,2005-01-03 18:24:27.072000+00:00,31.73187,-19.00658,16.9,R,587,USNOA2,CCD
386,99942,2004 MN4,K04M04N,2005-01-03 18:35:09.024000+00:00,31.74525,-18.99786,16.9,V,A13,UCAC2,CCD
387,99942,2004 MN4,K04M04N,2005-01-03 18:41:19.680000+00:00,31.75267,-18.99289,16.8,V,A13,UCAC2,CCD
388,99942,2004 MN4,K04M04N,2005-01-03 18:47:08.736000+00:00,31.75954,-18.98819,16.8,V,A13,UCAC2,CCD
389,99942,2004 MN4,K04M04N,2005-01-03 18:52:35.328000+00:00,31.76604,-18.98383,16.8,V,A13,UCAC2,CCD
390,99942,2004 MN4,,2005-01-03 19:05:50.208000+00:00,31.77979,-18.97247,16.9,V,589,USNOSA2,CCD
391,99942,2004 MN4,K04M04N,2005-01-03 19:20:40.128000+00:00,31.79946,-18.96114,16.8,V,A13,UCAC2,CCD
392,99942,2004 MN4,K04M04N,2005-01-03 19:26:16.224000+00:00,31.80608,-18.95667,16.9,V,A13,UCAC2,CCD
393,99942,2004 MN4,K04M04N,2005-01-03 19:27:06.336000+00:00,31.80563,-18.95583,,,A30,UCAC2,CCD
394,99942,2004 MN4,K04M04N,2005-01-03 19:31:49.728000+00:00,31.81271,-18.95214,16.9,V,A13,UCAC2,CCD
395,99942,2004 MN4,K04M04N,2005-01-03 19:32:39.840000+00:00,31.81229,-18.95131,,,A30,UCAC2,CCD
396,99942,2004 MN4,K04M04N,2005-01-03 19:41:11.328000+00:00,31.82271,-18.94428,,,A30,UCAC2,CCD
397,99942,2004 MN4,K04M04N,2005-01-03 19:43:02.784000+00:00,31.82492,-18.94269,,,A30,UCAC2,CCD
398,99942,2004 MN4,K04M04N,2005-01-04 17:52:10.848000+00:00,33.46571,-17.88464,17.4,V,151,USNOB1,CCD
399,99942,2004 MN4,K04M04N,2005-01-04 17:53:24.288000+00:00,33.46729,-17.88372,17.2,V,151,USNOB1,CCD
400,99942,2004 MN4,K04M04N,2005-01-04 18:34:27.552000+00:00,33.5145,-17.85122,16.8,V,A13,UCAC2,CCD
401,99942,2004 MN4,K04M04N,2005-01-04 18:38:57.120000+00:00,33.51958,-17.84772,16.9,V,A13,UCAC2,CCD
402,99942,2004 MN4,K04M04N,2005-01-04 18:43:24.096000+00:00,33.52463,-17.84422,16.8,V,A13,UCAC2,CCD
403,99942,2004 MN4,K04M04N,2005-01-04 19:09:30.528000+00:00,33.55421,-17.82358,16.7,V,A13,UCAC2,CCD
404,99942,2004 MN4,K04M04N,2005-01-04 19:14:26.016000+00:00,33.55975,-17.81972,16.7,V,A13,UCAC2,CCD
405,99942,2004 MN4,K04M04N,2005-01-04 21:29:52.800000+00:00,33.71321,-17.71231,16.4,R,215,UCAC2,CCD
406,99942,2004 MN4,K04M04N,2005-01-04 21:30:16.128000+00:00,33.71342,-17.71178,16.4,R,215,UCAC2,CCD
407,99942,2004 MN4,K04M04N,2005-01-04 21:31:01.920000+00:00,33.71433,-17.71144,16.9,R,215,UCAC2,CCD
408,99942,2004 MN4,K04M04N,2005-01-04 21:31:24.384000+00:00,33.71458,-17.71086,16.4,R,215,UCAC2,CCD
409,99942,2004 MN4,K04M04N,2005-01-05 10:55:04.224000+00:00,34.66312,-17.05953,16.5,R,423,UCAC2,CCD
410,99942,2004 MN4,K04M04N,2005-01-05 10:59:04.416000+00:00,34.66771,-17.0565,16.8,R,423,UCAC2,CCD
411,99942,2004 MN4,K04M04N,2005-01-05 11:15:04.320000+00:00,34.68517,-17.04389,16.8,R,423,UCAC2,CCD
412,99942,2004 MN4,K04M04N,2005-01-05 11:20:04.128000+00:00,34.69062,-17.03992,16.7,R,423,UCAC2,CCD
413,99942,2004 MN4,K04M04N,2005-01-05 18:21:38.592000+00:00,35.19033,-16.73833,16.9,V,941,UCAC2,CCD
414,99942,2004 MN4,K04M04N,2005-01-05 18:22:14.016000+00:00,35.19092,-16.73786,17.1,V,941,UCAC2,CCD
415,99942,2004 MN4,K04M04N,2005-01-05 18:26:34.080000+00:00,35.19554,-16.73464,17.1,V,941,UCAC2,CCD
416,99942,2004 MN4,K04M04N,2005-01-05 18:28:37.632000+00:00,35.19779,-16.733,17.2,V,941,UCAC2,CCD
417,99942,2004 MN4,JS00141,2005-01-06 01:56:15.072000+00:00,35.70442,-16.38858,16.8,V,H06,USNOB1,CCD
418,99942,2004 MN4,JS00141,2005-01-06 02:02:11.040000+00:00,35.71079,-16.38408,16.9,V,H06,USNOB1,CCD
419,99942,2004 MN4,JS00141,2005-01-06 02:07:30.720000+00:00,35.71637,-16.37992,17.0,V,H06,USNOB1,CCD
420,99942,2004 MN4,K04M04N,2005-01-06 10:25:26.976000+00:00,36.26675,-15.97972,16.9,R,423,UCAC2,CCD
421,99942,2004 MN4,K04M04N,2005-01-06 10:39:12.096000+00:00,36.28117,-15.96919,16.8,R,423,UCAC2,CCD
422,99942,2004 MN4,K04M04N,2005-01-06 10:59:12.192000+00:00,36.30196,-15.95394,16.7,R,423,UCAC2,CCD
423,99942,2004 MN4,K04M04N,2005-01-06 11:05:27.168000+00:00,36.30837,-15.94914,16.9,R,423,UCAC2,CCD
424,99942,2004 MN4,K04M04N,2005-01-06 17:11:29.184000+00:00,36.72392,-15.69822,16.2,R,046,USNOA2,CCD
425,99942,2004 MN4,K04M04N,2005-01-06 17:12:33.120000+00:00,36.72513,-15.69744,16.3,R,046,USNOA2,CCD
426,99942,2004 MN4,K04M04N,2005-01-06 17:13:29.280000+00:00,36.72608,-15.69675,,,046,USNOA2,CCD
427,99942,2004 MN4,K04M04N,2005-01-06 17:16:24.672000+00:00,36.72908,-15.6945,,,046,USNOA2,CCD
428,99942,2004 MN4,K04M04N,2005-01-06 17:20:06.720000+00:00,36.73292,-15.69181,16.3,R,046,USNOA2,CCD
429,99942,2004 MN4,K04M04N,2005-01-06 17:33:59.616000+00:00,36.74879,-15.68103,17.0,R,130,UCAC2,CCD
430,99942,2004 MN4,K04M04N,2005-01-06 17:36:54.144000+00:00,36.75163,-15.67897,17.4,R,130,UCAC2,CCD
431,99942,2004 MN4,K04M04N,2005-01-06 17:38:21.408000+00:00,36.75317,-15.67778,17.1,R,130,UCAC2,CCD
432,99942,2004 MN4,K04M04N,2005-01-06 17:40:31.872000+00:00,36.75529,-15.67597,17.1,R,130,UCAC2,CCD
433,99942,2004 MN4,K04M04N,2005-01-06 17:50:28.032000+00:00,36.76883,-15.66694,16.3,R,952,UCAC2,CCD
434,99942,2004 MN4,K04M04N,2005-01-06 17:55:53.760000+00:00,36.77442,-15.663,16.3,R,952,UCAC2,CCD
435,99942,2004 MN4,K04M04N,2005-01-06 17:57:23.616000+00:00,36.77279,-15.66386,16.5,V,A62,USNOA2,CCD
436,99942,2004 MN4,K04M04N,2005-01-06 17:57:59.904000+00:00,36.77317,-15.66264,16.8,V,104,USNOA2,CCD
437,99942,2004 MN4,K04M04N,2005-01-06 17:59:34.080000+00:00,36.77488,-15.66144,16.6,V,104,USNOA2,CCD
438,99942,2004 MN4,K04M04N,2005-01-06 18:01:18.624000+00:00,36.78,-15.659,16.2,R,952,UCAC2,CCD
439,99942,2004 MN4,K04M04N,2005-01-06 18:01:24.672000+00:00,36.77671,-15.66006,16.7,V,104,USNOA2,CCD
440,99942,2004 MN4,K04M04N,2005-01-06 18:02:15.648000+00:00,36.778,-15.66028,16.5,V,A62,USNOA2,CCD
441,99942,2004 MN4,K04M04N,2005-01-06 18:06:44.352000+00:00,36.7855,-15.65492,16.1,R,952,UCAC2,CCD
442,99942,2004 MN4,K04M04N,2005-01-06 18:07:07.680000+00:00,36.78279,-15.65664,16.9,V,A62,USNOA2,CCD
443,99942,2004 MN4,K04M04N,2005-01-06 18:08:05.568000+00:00,36.78692,-15.65389,16.1,R,952,UCAC2,CCD
444,99942,2004 MN4,K04M04N,2005-01-07 01:35:06.720000+00:00,37.26679,-15.31958,17.2,R,H41,UCAC2,CCD
445,99942,2004 MN4,K04M04N,2005-01-07 01:40:42.816000+00:00,37.27204,-15.31556,17.2,R,H41,UCAC2,CCD
446,99942,2004 MN4,K04M04N,2005-01-07 01:43:11.424000+00:00,37.27471,-15.31336,17.0,R,H41,UCAC2,CCD
447,99942,2004 MN4,K04M04N,2005-01-07 01:45:58.176000+00:00,37.27771,-15.31139,17.0,R,H41,UCAC2,CCD
448,99942,2004 MN4,JS00142,2005-01-07 02:29:36.960000+00:00,37.32496,-15.27847,17.4,V,H06,USNOB1,CCD
449,99942,2004 MN4,JS00142,2005-01-07 02:35:31.200000+00:00,37.33104,-15.27411,17.1,V,H06,USNOB1,CCD
450,99942,2004 MN4,JS00142,2005-01-07 02:49:12.864000+00:00,37.34475,-15.26408,17.3,V,H06,USNOB1,CCD
451,99942,2004 MN4,K04M04N,2005-01-07 18:32:40.416000+00:00,38.34671,-14.57194,,,A30,UCAC2,CCD
452,99942,2004 MN4,K04M04N,2005-01-07 18:33:59.040000+00:00,38.348,-14.57092,,,A30,UCAC2,CCD
453,99942,2004 MN4,K04M04N,2005-01-07 18:42:29.664000+00:00,38.35621,-14.56464,,,A30,UCAC2,CCD
454,99942,2004 MN4,K04M04N,2005-01-07 19:00:20.160000+00:00,38.37446,-14.55175,17.2,V,151,USNOB1,CCD
455,99942,2004 MN4,K04M04N,2005-01-07 19:03:47.520000+00:00,38.37787,-14.54936,17.4,V,151,USNOB1,CCD
456,99942,2004 MN4,K04M04N,2005-01-07 19:04:49.728000+00:00,38.37904,-14.54881,17.4,V,151,USNOB1,CCD
457,99942,2004 MN4,K04M04N,2005-01-07 22:11:34.944000+00:00,38.56304,-14.41106,,,587,USNOA2,CCD
458,99942,2004 MN4,K04M04N,2005-01-07 22:14:28.608000+00:00,38.56562,-14.40903,16.6,R,587,USNOA2,CCD
459,99942,2004 MN4,K04M04N,2005-01-07 22:17:05.856000+00:00,38.56837,-14.40708,,,587,USNOA2,CCD
460,99942,2004 MN4,JS00143,2005-01-08 04:28:04.224000+00:00,38.95367,-14.13681,16.3,V,H06,USNOB1,CCD
461,99942,2004 MN4,JS00143,2005-01-08 04:37:03.360000+00:00,38.96213,-14.13022,16.6,V,H06,USNOB1,CCD
462,99942,2004 MN4,JS00143,2005-01-08 04:43:04.512000+00:00,38.96783,-14.12581,16.7,V,H06,USNOB1,CCD
463,99942,2004 MN4,V0003D,2005-01-08 06:21:09.216000+00:00,39.07588,-14.05297,17.6,R,F60,UCAC2,CCD
464,99942,2004 MN4,V0003D,2005-01-08 06:29:45.888000+00:00,39.08417,-14.04689,17.8,R,F60,UCAC2,CCD
465,99942,2004 MN4,V0003D,2005-01-08 06:40:33.024000+00:00,39.094,-14.03906,17.6,R,F60,UCAC2,CCD
466,99942,2004 MN4,V0003D,2005-01-08 06:51:27.936000+00:00,39.10433,-14.03108,17.6,R,F60,UCAC2,CCD
467,99942,2004 MN4,V0003D,2005-01-08 07:02:14.208000+00:00,39.11446,-14.02336,17.6,R,F60,UCAC2,CCD
468,99942,2004 MN4,V0003D,2005-01-08 07:13:01.344000+00:00,39.12458,-14.01572,17.8,R,F60,UCAC2,CCD
469,99942,2004 MN4,V0003D,2005-01-08 07:23:46.752000+00:00,39.13467,-14.00783,17.9,R,F60,UCAC2,CCD
470,99942,2004 MN4,V0003D,2005-01-08 07:34:33.024000+00:00,39.14508,-13.99983,17.6,R,F60,UCAC2,CCD
471,99942,2004 MN4,V0003D,2005-01-08 07:45:20.160000+00:00,39.15529,-13.99192,17.7,R,F60,UCAC2,CCD
472,99942,2004 MN4,V0003D,2005-01-08 08:17:38.976000+00:00,39.18583,-13.96847,17.9,R,F60,UCAC2,CCD
473,99942,2004 MN4,V0003D,2005-01-08 08:28:24.384000+00:00,39.19608,-13.96042,17.9,R,F60,UCAC2,CCD
474,99942,2004 MN4,K04M04N,2005-01-08 18:23:55.968000+00:00,39.81246,-13.54069,16.3,R,952,UCAC2,CCD
475,99942,2004 MN4,K04M04N,2005-01-08 18:26:39.264000+00:00,39.81496,-13.53886,16.4,R,952,UCAC2,CCD
476,99942,2004 MN4,K04M04N,2005-01-08 18:29:21.696000+00:00,39.8175,-13.53689,16.5,R,952,UCAC2,CCD
477,99942,2004 MN4,K04M04N,2005-01-08 18:32:04.128000+00:00,39.82008,-13.53494,16.5,R,952,UCAC2,CCD
478,99942,2004 MN4,K04M04N,2005-01-10 18:13:01.920000+00:00,42.5595,-11.56725,16.5,V,A62,USNOA2,CCD
479,99942,2004 MN4,K04M04N,2005-01-10 18:13:36.480000+00:00,42.56004,-11.56694,16.4,V,A62,USNOA2,CCD
480,99942,2004 MN4,K04M04N,2005-01-10 18:14:27.456000+00:00,42.56079,-11.56636,16.3,V,A62,USNOA2,CCD
481,99942,2004 MN4,K04M04N,2005-01-10 18:15:02.016000+00:00,42.56137,-11.566,16.3,V,A62,USNOA2,CCD
482,99942,2004 MN4,K04M04N,2005-01-10 18:15:35.712000+00:00,42.56183,-11.56572,16.4,V,A62,USNOA2,CCD
483,99942,2004 MN4,K04M04N,2005-01-10 18:15:52.992000+00:00,42.56213,-11.5655,16.4,V,A62,USNOA2,CCD
484,99942,2004 MN4,K04M04N,2005-01-10 18:16:43.968000+00:00,42.56288,-11.56486,16.4,V,A62,USNOA2,CCD
485,99942,2004 MN4,K04M04N,2005-01-10 18:17:17.664000+00:00,42.56333,-11.56444,16.4,V,A62,USNOA2,CCD
486,99942,2004 MN4,K04M04N,2005-01-10 18:17:30.624000+00:00,42.56383,-11.56414,16.7,V,151,USNOB1,CCD
487,99942,2004 MN4,K04M04N,2005-01-10 18:17:52.224000+00:00,42.56383,-11.56403,16.4,V,A62,USNOA2,CCD
488,99942,2004 MN4,K04M04N,2005-01-10 18:18:25.920000+00:00,42.56433,-11.56361,16.5,V,A62,USNOA2,CCD
489,99942,2004 MN4,K04M04N,2005-01-10 18:19:09.984000+00:00,42.56488,-11.56322,16.4,V,A62,USNOA2,CCD
490,99942,2004 MN4,K04M04N,2005-01-10 18:20:30.336000+00:00,42.56683,-11.56192,16.6,V,A13,UCAC2,CCD
491,99942,2004 MN4,K04M04N,2005-01-10 18:20:38.112000+00:00,42.56625,-11.56233,16.5,V,A62,USNOA2,CCD
492,99942,2004 MN4,K04M04N,2005-01-10 18:21:22.176000+00:00,42.56671,-11.56169,16.6,V,A62,USNOA2,CCD
493,99942,2004 MN4,K04M04N,2005-01-10 18:22:06.240000+00:00,42.56746,-11.56131,16.5,V,A62,USNOA2,CCD
494,99942,2004 MN4,K04M04N,2005-01-10 18:22:26.112000+00:00,42.56808,-11.56089,16.9,V,151,USNOB1,CCD
495,99942,2004 MN4,K04M04N,2005-01-10 18:22:50.304000+00:00,42.56813,-11.56078,16.5,V,A62,USNOA2,CCD
496,99942,2004 MN4,K04M04N,2005-01-10 18:23:24+00:00,42.56858,-11.56042,16.3,V,A62,USNOA2,CCD
497,99942,2004 MN4,K04M04N,2005-01-10 18:23:57.696000+00:00,42.56908,-11.56014,16.4,V,A62,USNOA2,CCD
498,99942,2004 MN4,K04M04N,2005-01-10 18:24:23.616000+00:00,42.56971,-11.55956,17.0,V,151,USNOB1,CCD
499,99942,2004 MN4,K04M04N,2005-01-10 18:24:32.256000+00:00,42.5695,-11.55972,16.4,V,A62,USNOA2,CCD
500,99942,2004 MN4,K04M04N,2005-01-10 18:25:05.952000+00:00,42.56996,-11.55931,16.4,V,A62,USNOA2,CCD
501,99942,2004 MN4,K04M04N,2005-01-10 18:25:49.152000+00:00,42.57142,-11.55836,16.6,V,A13,UCAC2,CCD
502,99942,2004 MN4,K04M04N,2005-01-10 18:26:49.632000+00:00,42.57146,-11.55819,16.4,V,A62,USNOA2,CCD
503,99942,2004 MN4,K04M04N,2005-01-10 18:27:29.376000+00:00,42.57204,-11.55769,16.4,V,A62,USNOA2,CCD
504,99942,2004 MN4,K04M04N,2005-01-10 18:28:09.984000+00:00,42.57258,-11.55722,16.3,V,A62,USNOA2,CCD
505,99942,2004 MN4,K04M04N,2005-01-10 18:28:50.592000+00:00,42.57325,-11.55678,16.4,V,A62,USNOA2,CCD
506,99942,2004 MN4,K04M04N,2005-01-10 18:29:30.336000+00:00,42.57379,-11.55636,16.5,V,A62,USNOA2,CCD
507,99942,2004 MN4,K04M04N,2005-01-10 18:30:10.944000+00:00,42.57438,-11.55583,16.5,V,A62,USNOA2,CCD
508,99942,2004 MN4,K04M04N,2005-01-10 18:30:51.552000+00:00,42.57496,-11.55544,16.5,V,A62,USNOA2,CCD
509,99942,2004 MN4,K04M04N,2005-01-10 18:31:24.384000+00:00,42.57621,-11.55467,16.6,V,A13,UCAC2,CCD
510,99942,2004 MN4,K04M04N,2005-01-10 18:31:31.296000+00:00,42.57563,-11.55503,16.8,V,A62,USNOA2,CCD
511,99942,2004 MN4,K04M04N,2005-01-10 18:32:11.904000+00:00,42.57613,-11.55453,16.7,V,A62,USNOA2,CCD
512,99942,2004 MN4,K04M04N,2005-01-10 18:32:51.648000+00:00,42.57675,-11.55417,16.7,V,A62,USNOA2,CCD
513,99942,2004 MN4,K04M04N,2005-01-10 18:33:32.256000+00:00,42.57742,-11.55367,16.6,V,A62,USNOA2,CCD
514,99942,2004 MN4,K04M04N,2005-01-10 18:34:05.952000+00:00,42.57783,-11.55328,16.7,V,A62,USNOA2,CCD
515,99942,2004 MN4,K04M04N,2005-01-10 18:34:40.512000+00:00,42.57833,-11.55292,16.7,V,A62,USNOA2,CCD
516,99942,2004 MN4,K04M04N,2005-01-10 18:35:14.208000+00:00,42.57883,-11.55253,16.7,V,A62,USNOA2,CCD
517,99942,2004 MN4,K04M04N,2005-01-10 18:35:47.904000+00:00,42.57925,-11.55211,16.7,V,A62,USNOA2,CCD
518,99942,2004 MN4,K04M04N,2005-01-10 18:36:22.464000+00:00,42.57975,-11.55167,16.6,V,A62,USNOA2,CCD
519,99942,2004 MN4,K04M04N,2005-01-10 18:36:39.744000+00:00,42.58,-11.55147,16.5,V,A62,USNOA2,CCD
520,99942,2004 MN4,K04M04N,2005-01-10 18:36:56.160000+00:00,42.58025,-11.55136,16.5,V,A62,USNOA2,CCD
521,99942,2004 MN4,K04M04N,2005-01-10 18:37:13.440000+00:00,42.58058,-11.55131,16.5,V,A62,USNOA2,CCD
522,99942,2004 MN4,K04M04N,2005-01-10 18:37:30.720000+00:00,42.58079,-11.55097,16.5,V,A62,USNOA2,CCD
523,99942,2004 MN4,K04M04N,2005-01-10 23:41:52.224000+00:00,42.85242,-11.33025,17.4,R,I77,UCAC2,CCD
524,99942,2004 MN4,K04M04N,2005-01-10 23:43:05.664000+00:00,42.85363,-11.32881,17.0,R,I77,UCAC2,CCD
525,99942,2004 MN4,K04M04N,2005-01-10 23:43:43.680000+00:00,42.85458,-11.32844,17.6,R,I77,UCAC2,CCD
526,99942,2004 MN4,B00179,2005-01-11 02:18:48.960000+00:00,43.00358,-11.24089,,,701,UCAC2,CCD
527,99942,2004 MN4,B00179,2005-01-11 03:03:38.592000+00:00,43.04083,-11.21147,,,701,UCAC2,CCD
528,99942,2004 MN4,V0003F,2005-01-11 05:35:13.056000+00:00,43.18154,-11.10867,17.3,R,F60,UCAC2,CCD
529,99942,2004 MN4,V0003F,2005-01-11 05:49:43.104000+00:00,43.19242,-11.09969,17.4,R,F60,UCAC2,CCD
530,99942,2004 MN4,V0003F,2005-01-11 06:05:56.832000+00:00,43.20587,-11.08894,17.3,R,F60,UCAC2,CCD
531,99942,2004 MN4,V0003F,2005-01-11 06:22:02.784000+00:00,43.21912,-11.07822,17.2,R,F60,UCAC2,CCD
532,99942,2004 MN4,V0003F,2005-01-11 06:54:39.744000+00:00,43.24604,-11.05678,17.4,R,F60,UCAC2,CCD
533,99942,2004 MN4,V0003F,2005-01-11 07:10:55.200000+00:00,43.25954,-11.04603,17.4,R,F60,UCAC2,CCD
534,99942,2004 MN4,V0003F,2005-01-11 07:27:34.848000+00:00,43.2735,-11.03497,17.3,R,F60,UCAC2,CCD
535,99942,2004 MN4,V0003F,2005-01-11 08:03:47.808000+00:00,43.30346,-11.01108,17.4,R,F60,UCAC2,CCD
536,99942,2004 MN4,K04M04N,2005-01-11 10:21:19.872000+00:00,43.43196,-10.90444,16.8,R,423,UCAC2,CCD
537,99942,2004 MN4,K04M04N,2005-01-11 10:43:31.296000+00:00,43.45025,-10.88983,16.8,R,423,UCAC2,CCD
538,99942,2004 MN4,K04M04N,2005-01-11 10:48:31.104000+00:00,43.45442,-10.88656,16.9,R,423,UCAC2,CCD
539,99942,2004 MN4,K04M04N,2005-01-11 10:56:30.624000+00:00,43.46092,-10.88133,17.0,R,423,UCAC2,CCD
540,99942,2004 MN4,J0011F,2005-01-11 12:36:59.616000+00:00,43.54529,-10.81531,18.6,R,E17,UCAC2,CCD
541,99942,2004 MN4,J0011F,2005-01-11 12:39:35.136000+00:00,43.54738,-10.81361,17.6,R,E17,UCAC2,CCD
542,99942,2004 MN4,J0011F,2005-01-11 12:42:09.792000+00:00,43.54925,-10.81192,17.9,R,E17,UCAC2,CCD
543,99942,2004 MN4,D000CA,2005-01-11 19:07:34.752000+00:00,43.90271,-10.58481,,,201,UCAC2,CCD
544,99942,2004 MN4,D000CA,2005-01-11 19:09:39.168000+00:00,43.90433,-10.58347,,,201,UCAC2,CCD
545,99942,2004 MN4,D000CA,2005-01-11 19:14:04.416000+00:00,43.90808,-10.58064,,,201,UCAC2,CCD
546,99942,2004 MN4,D000CA,2005-01-11 19:15:09.216000+00:00,43.90887,-10.57989,,,201,UCAC2,CCD
547,99942,2004 MN4,K04M04N,2005-01-11 21:36:13.824000+00:00,44.02604,-10.48844,16.8,V,A13,UCAC2,CCD
548,99942,2004 MN4,K04M04N,2005-01-11 21:43:14.592000+00:00,44.03196,-10.48394,16.8,V,A13,UCAC2,CCD
549,99942,2004 MN4,K04M04N,2005-01-11 21:59:19.680000+00:00,44.04546,-10.47347,16.7,V,A13,UCAC2,CCD
550,99942,2004 MN4,K04M04N,2005-01-11 22:07:28.704000+00:00,44.05229,-10.46814,16.6,V,A13,UCAC2,CCD
551,99942,2004 MN4,K04M04N,2005-01-11 23:28:01.920000+00:00,44.1275,-10.39886,16.9,R,I77,UCAC2,CCD
552,99942,2004 MN4,K04M04N,2005-01-11 23:29:49.920000+00:00,44.12896,-10.39778,16.6,R,I77,UCAC2,CCD
553,99942,2004 MN4,K04M04N,2005-01-11 23:31:37.056000+00:00,44.13042,-10.39661,16.7,R,I77,UCAC2,CCD
554,99942,2004 MN4,K04M04N,2005-01-12 10:31:20.352000+00:00,44.70342,-9.97131,16.5,R,423,UCAC2,CCD
555,99942,2004 MN4,K04M04N,2005-01-12 10:41:19.968000+00:00,44.71167,-9.96503,16.6,R,423,UCAC2,CCD
556,99942,2004 MN4,K04M04N,2005-01-12 10:49:20.352000+00:00,44.71792,-9.95994,16.8,R,423,UCAC2,CCD
557,99942,2004 MN4,K04M04N,2005-01-12 11:00:19.584000+00:00,44.72671,-9.95297,16.5,R,423,UCAC2,CCD
558,99942,2004 MN4,H00F9C,2005-01-12 19:14:44.160000+00:00,45.15608,-9.66475,18.0,V,951,USNOA2,CCD
559,99942,2004 MN4,H00F9C,2005-01-12 19:48:46.656000+00:00,45.18337,-9.64364,17.8,V,951,USNOA2,CCD
560,99942,2004 MN4,H00F9C,2005-01-12 20:23:41.856000+00:00,45.21117,-9.62167,17.7,V,951,USNOA2,CCD
561,99942,2004 MN4,K04M04N,2005-01-13 18:52:10.272000+00:00,46.33237,-8.78956,17.5,R,071,GSC1.1,CCD
562,99942,2004 MN4,K04M04N,2005-01-13 18:59:55.968000+00:00,46.33825,-8.78492,17.3,R,071,GSC1.1,CCD
563,99942,2004 MN4,K04M04N,2005-01-13 19:08:43.008000+00:00,46.34483,-8.77917,17.4,R,071,GSC1.1,CCD
564,99942,2004 MN4,K04M04N,2005-01-13 19:49:03.936000+00:00,46.38183,-8.75689,,,J95,UCAC2,CCD
565,99942,2004 MN4,K04M04N,2005-01-13 19:59:38.976000+00:00,46.39008,-8.75067,,,J95,UCAC2,CCD
566,99942,2004 MN4,K04M04N,2005-01-13 20:10:02.784000+00:00,46.39804,-8.74433,17.1,R,J95,UCAC2,CCD
567,99942,2004 MN4,E51141,2005-01-14 01:54:08.064000+00:00,46.67933,-8.53244,17.0,R,735,UCAC2,CCD
568,99942,2004 MN4,K04M04N,2005-01-14 03:30:47.232000+00:00,46.75088,-8.47558,17.4,R,H41,UCAC2,CCD
569,99942,2004 MN4,K04M04N,2005-01-14 03:34:37.920000+00:00,46.75375,-8.47325,17.4,R,H41,UCAC2,CCD
570,99942,2004 MN4,K04M04N,2005-01-14 03:36:38.880000+00:00,46.7555,-8.472,17.2,R,H41,UCAC2,CCD
571,99942,2004 MN4,E51141,2005-01-14 03:37:12.576000+00:00,46.75608,-8.47036,17.2,R,735,UCAC2,CCD
572,99942,2004 MN4,K04M04N,2005-01-14 03:38:23.424000+00:00,46.75671,-8.471,17.1,R,H41,UCAC2,CCD
573,99942,2004 MN4,K04M04N,2005-01-14 03:40:45.984000+00:00,46.75846,-8.46961,17.0,R,H41,UCAC2,CCD
574,99942,2004 MN4,E51141,2005-01-14 04:31:30.720000+00:00,46.79688,-8.4375,17.4,R,735,UCAC2,CCD
575,99942,2004 MN4,E51141,2005-01-14 05:44:38.112000+00:00,46.85263,-8.39331,17.5,R,735,UCAC2,CCD
576,99942,2004 MN4,K04M04N,2005-01-14 18:13:01.056000+00:00,47.46429,-7.95456,17.7,V,A62,USNOA2,CCD
577,99942,2004 MN4,K04M04N,2005-01-14 18:14:03.264000+00:00,47.46508,-7.95406,17.7,V,A62,USNOA2,CCD
578,99942,2004 MN4,K04M04N,2005-01-14 18:15:05.472000+00:00,47.46587,-7.95339,17.5,V,A62,USNOA2,CCD
579,99942,2004 MN4,K04M04N,2005-01-14 18:16:07.680000+00:00,47.46662,-7.95278,17.5,V,A62,USNOA2,CCD
580,99942,2004 MN4,K04M04N,2005-01-14 18:17:09.888000+00:00,47.46742,-7.95217,17.5,V,A62,USNOA2,CCD
581,99942,2004 MN4,K04M04N,2005-01-14 18:18:11.232000+00:00,47.46821,-7.95153,17.5,V,A62,USNOA2,CCD
582,99942,2004 MN4,K04M04N,2005-01-14 18:19:13.440000+00:00,47.46896,-7.95097,17.6,V,A62,USNOA2,CCD
583,99942,2004 MN4,K04M04N,2005-01-14 18:20:15.648000+00:00,47.46975,-7.95036,17.6,V,A62,USNOA2,CCD
584,99942,2004 MN4,K04M04N,2005-01-14 18:21:17.856000+00:00,47.47054,-7.94975,17.6,V,A62,USNOA2,CCD
585,99942,2004 MN4,K04M04N,2005-01-14 18:22:19.200000+00:00,47.47133,-7.94911,17.7,V,A62,USNOA2,CCD
586,99942,2004 MN4,K04M04N,2005-01-14 18:23:21.408000+00:00,47.47208,-7.94847,17.6,V,A62,USNOA2,CCD
587,99942,2004 MN4,K04M04N,2005-01-14 18:24:23.616000+00:00,47.47287,-7.94792,17.6,V,A62,USNOA2,CCD
588,99942,2004 MN4,K04M04N,2005-01-14 18:25:25.824000+00:00,47.47367,-7.94736,17.6,V,A62,USNOA2,CCD
589,99942,2004 MN4,K04M04N,2005-01-14 18:26:27.168000+00:00,47.47446,-7.94672,17.6,V,A62,USNOA2,CCD
590,99942,2004 MN4,K04M04N,2005-01-14 18:27:29.376000+00:00,47.47517,-7.94614,17.6,V,A62,USNOA2,CCD
591,99942,2004 MN4,K04M04N,2005-01-14 18:28:30.720000+00:00,47.47587,-7.94558,17.6,V,A62,USNOA2,CCD
592,99942,2004 MN4,K04M04N,2005-01-14 18:28:58.368000+00:00,47.47621,-7.94528,17.6,V,A62,USNOA2,CCD
593,99942,2004 MN4,K04M04N,2005-01-14 18:29:27.744000+00:00,47.47654,-7.94506,17.6,V,A62,USNOA2,CCD
594,99942,2004 MN4,K04M04N,2005-01-14 18:29:57.984000+00:00,47.47696,-7.94475,17.7,V,A62,USNOA2,CCD
595,99942,2004 MN4,K04M04N,2005-01-14 19:55:09.408000+00:00,47.53992,-7.89469,17.6,V,198,USNOB1,CCD
596,99942,2004 MN4,K04M04N,2005-01-14 19:58:16.896000+00:00,47.54229,-7.89283,17.6,V,198,USNOB1,CCD
597,99942,2004 MN4,K04M04N,2005-01-14 20:01:25.248000+00:00,47.54467,-7.891,17.6,V,198,USNOB1,CCD
598,99942,2004 MN4,K04M04N,2005-01-14 20:05:35.808000+00:00,47.54779,-7.88856,17.7,V,198,USNOB1,CCD
599,99942,2004 MN4,K04M04N,2005-01-14 20:06:06.912000+00:00,47.54817,-7.88825,17.7,V,198,USNOB1,CCD
600,99942,2004 MN4,K04M04N,2005-01-14 21:07:48.288000+00:00,47.59412,-7.85042,17.1,R,176,UCAC2,CCD
601,99942,2004 MN4,K04M04N,2005-01-14 21:09:05.184000+00:00,47.59504,-7.84961,16.9,R,176,UCAC2,CCD
602,99942,2004 MN4,K04M04N,2005-01-14 21:10:21.216000+00:00,47.59604,-7.84894,17.0,R,176,UCAC2,CCD
603,99942,2004 MN4,K04M04N,2005-01-14 21:11:38.112000+00:00,47.597,-7.84811,17.1,R,176,UCAC2,CCD
604,99942,2004 MN4,K04M04N,2005-01-14 21:12:54.144000+00:00,47.59792,-7.84739,17.0,R,176,UCAC2,CCD
605,99942,2004 MN4,K04M04N,2005-01-14 21:30:14.400000+00:00,47.61025,-7.83817,17.0,R,587,USNOA2,CCD
606,99942,2004 MN4,K04M04N,2005-01-14 21:32:49.920000+00:00,47.61212,-7.83672,17.0,R,587,USNOA2,CCD
607,99942,2004 MN4,K04M04N,2005-01-14 21:35:26.304000+00:00,47.61408,-7.83508,17.1,R,587,USNOA2,CCD
608,99942,2004 MN4,K04M04N,2005-01-15 02:56:51.648000+00:00,47.87012,-7.64692,16.7,V,H36,UCAC2,CCD
609,99942,2004 MN4,K04M04N,2005-01-15 03:02:52.800000+00:00,47.87442,-7.64339,16.9,V,H36,UCAC2,CCD
610,99942,2004 MN4,K04M04N,2005-01-15 03:08:53.088000+00:00,47.87871,-7.63992,16.9,V,H36,UCAC2,CCD
611,99942,2004 MN4,K04M04N,2005-01-15 03:21:50.688000+00:00,47.89358,-7.6315,,,670,USNOA2,CCD
612,99942,2004 MN4,K04M04N,2005-01-15 03:51:59.904000+00:00,47.91525,-7.61389,,,670,USNOA2,CCD
613,99942,2004 MN4,K04M04N,2005-01-15 04:03:58.752000+00:00,47.92387,-7.60706,,,670,USNOA2,CCD
614,99942,2004 MN4,K04M04N,2005-01-15 18:05:13.632000+00:00,48.57633,-7.12661,,,246,USNOA2,CCD
615,99942,2004 MN4,K04M04N,2005-01-15 18:06:23.616000+00:00,48.57717,-7.126,,,246,USNOA2,CCD
616,99942,2004 MN4,K04M04N,2005-01-15 18:07:12+00:00,48.57775,-7.12553,,,246,USNOA2,CCD
617,99942,2004 MN4,K04M04N,2005-01-15 18:08:04.704000+00:00,48.57838,-7.12508,,,246,USNOA2,CCD
618,99942,2004 MN4,K04M04N,2005-01-15 18:09:07.776000+00:00,48.57908,-7.12447,,,246,USNOA2,CCD
619,99942,2004 MN4,K04M04N,2005-01-15 18:10:11.712000+00:00,48.57983,-7.12383,,,246,USNOA2,CCD
620,99942,2004 MN4,K04M04N,2005-01-15 18:16:23.232000+00:00,48.58529,-7.12022,16.6,V,A62,USNOA2,CCD
621,99942,2004 MN4,K04M04N,2005-01-15 18:17:12.480000+00:00,48.58583,-7.11981,16.6,V,A62,USNOA2,CCD
622,99942,2004 MN4,K04M04N,2005-01-15 18:18:01.728000+00:00,48.58642,-7.11928,16.5,V,A62,USNOA2,CCD
623,99942,2004 MN4,K04M04N,2005-01-15 18:18:51.840000+00:00,48.58708,-7.11875,16.5,V,A62,USNOA2,CCD
624,99942,2004 MN4,K04M04N,2005-01-15 18:19:41.088000+00:00,48.58771,-7.11828,16.4,V,A62,USNOA2,CCD
625,99942,2004 MN4,K04M04N,2005-01-15 18:20:31.200000+00:00,48.58825,-7.11783,16.5,V,A62,USNOA2,CCD
626,99942,2004 MN4,K04M04N,2005-01-15 18:21:20.448000+00:00,48.58879,-7.11742,16.6,V,A62,USNOA2,CCD
627,99942,2004 MN4,K04M04N,2005-01-15 18:22:09.696000+00:00,48.58942,-7.11686,16.6,V,A62,USNOA2,CCD
628,99942,2004 MN4,K04M04N,2005-01-15 18:23:29.184000+00:00,48.59033,-7.11614,16.6,V,A62,USNOA2,CCD
629,99942,2004 MN4,K04M04N,2005-01-15 18:24:48.672000+00:00,48.59129,-7.11539,16.6,V,A62,USNOA2,CCD
630,99942,2004 MN4,K04M04N,2005-01-15 18:26:08.160000+00:00,48.59229,-7.11461,16.6,V,A62,USNOA2,CCD
631,99942,2004 MN4,K04M04N,2005-01-15 18:26:57.408000+00:00,48.59279,-7.11414,16.5,V,A62,USNOA2,CCD
632,99942,2004 MN4,K04M04N,2005-01-15 18:27:45.792000+00:00,48.59333,-7.11386,16.4,V,A62,USNOA2,CCD
633,99942,2004 MN4,K04M04N,2005-01-15 18:28:35.040000+00:00,48.594,-7.11331,16.5,V,A62,USNOA2,CCD
634,99942,2004 MN4,K04M04N,2005-01-15 18:29:24.288000+00:00,48.59458,-7.11281,16.4,V,A62,USNOA2,CCD
635,99942,2004 MN4,K04M04N,2005-01-15 18:30:13.536000+00:00,48.59521,-7.11239,16.4,V,A62,USNOA2,CCD
636,99942,2004 MN4,K04M04N,2005-01-15 18:31:02.784000+00:00,48.59567,-7.11197,16.6,V,A62,USNOA2,CCD
637,99942,2004 MN4,K04M04N,2005-01-15 18:31:52.032000+00:00,48.59629,-7.11153,16.4,V,A62,USNOA2,CCD
638,99942,2004 MN4,K04M04N,2005-01-15 18:34:31.008000+00:00,48.59817,-7.10986,16.4,V,A62,USNOA2,CCD
639,99942,2004 MN4,K04M04N,2005-01-15 18:35:25.440000+00:00,48.59883,-7.10933,16.4,V,A62,USNOA2,CCD
640,99942,2004 MN4,K04M04N,2005-01-15 18:41:17.952000+00:00,48.60308,-7.10608,16.5,V,A62,USNOA2,CCD
641,99942,2004 MN4,K04M04N,2005-01-15 18:41:18.816000+00:00,48.60317,-7.10619,17.4,V,198,USNOB1,CCD
642,99942,2004 MN4,K04M04N,2005-01-15 18:42:06.336000+00:00,48.60367,-7.10561,16.6,V,A62,USNOA2,CCD
643,99942,2004 MN4,K04M04N,2005-01-15 18:42:53.856000+00:00,48.60429,-7.10519,16.7,V,A62,USNOA2,CCD
644,99942,2004 MN4,K04M04N,2005-01-15 18:43:42.240000+00:00,48.60479,-7.10478,16.5,V,A62,USNOA2,CCD
645,99942,2004 MN4,K04M04N,2005-01-15 18:44:29.760000+00:00,48.60533,-7.10431,16.5,V,A62,USNOA2,CCD
646,99942,2004 MN4,K04M04N,2005-01-15 18:45:18.144000+00:00,48.60592,-7.10392,16.5,V,A62,USNOA2,CCD
647,99942,2004 MN4,K04M04N,2005-01-15 18:46:05.664000+00:00,48.60646,-7.10342,16.5,V,A62,USNOA2,CCD
648,99942,2004 MN4,K04M04N,2005-01-15 18:46:33.312000+00:00,48.60692,-7.10317,17.4,V,198,USNOB1,CCD
649,99942,2004 MN4,K04M04N,2005-01-15 18:46:54.048000+00:00,48.60704,-7.10294,16.5,V,A62,USNOA2,CCD
650,99942,2004 MN4,K04M04N,2005-01-15 18:47:17.376000+00:00,48.60729,-7.10269,16.5,V,A62,USNOA2,CCD
651,99942,2004 MN4,K04M04N,2005-01-15 18:51:46.080000+00:00,48.61067,-7.10019,17.4,V,198,USNOB1,CCD
652,99942,2004 MN4,K04M04N,2005-01-15 18:56:59.712000+00:00,48.61442,-7.09719,17.3,V,198,USNOB1,CCD
653,99942,2004 MN4,K04M04N,2005-01-15 19:02:13.344000+00:00,48.61808,-7.09419,17.4,V,198,USNOB1,CCD
654,99942,2004 MN4,L00264,2005-01-15 19:47:49.632000+00:00,48.65083,-7.06786,,,201,UCAC2,CCD
655,99942,2004 MN4,L00264,2005-01-15 19:54:45.216000+00:00,48.65579,-7.064,,,201,UCAC2,CCD
656,99942,2004 MN4,L00264,2005-01-15 20:01:31.296000+00:00,48.66058,-7.06011,,,201,UCAC2,CCD
657,99942,2004 MN4,K04M04N,2005-01-15 21:08:02.112000+00:00,48.70788,-7.02219,16.4,R,204,UCAC2,CCD
658,99942,2004 MN4,K04M04N,2005-01-15 21:11:26.016000+00:00,48.71042,-7.02019,16.1,R,204,USNOB1,CCD
659,99942,2004 MN4,K04M04N,2005-01-15 21:15:10.656000+00:00,48.71304,-7.01808,,,204,USNOB1,CCD
660,99942,2004 MN4,K04M04N,2005-01-15 21:18:24.192000+00:00,48.71538,-7.01625,,,204,UCAC2,CCD
661,99942,2004 MN4,K04M04N,2005-01-16 03:58:46.848000+00:00,49.01225,-6.76872,16.9,R,844,USNOA2,CCD
662,99942,2004 MN4,K04M04N,2005-01-16 04:02:28.896000+00:00,49.01492,-6.76669,17.0,R,844,USNOA2,CCD
663,99942,2004 MN4,K04M04N,2005-01-16 04:04:26.400000+00:00,49.01617,-6.76567,17.0,R,844,USNOA2,CCD
664,99942,2004 MN4,K04M04N,2005-01-16 04:06:46.368000+00:00,49.01812,-6.76436,16.9,R,844,USNOA2,CCD
665,99942,2004 MN4,,2005-01-16 05:52:17.760000+00:00,49.10033,-6.724,,,G95,UCAC2,CCD
666,99942,2004 MN4,K04M04N,2005-01-18 02:31:19.776000+00:00,51.06208,-5.27142,17.5,V,H36,UCAC2,CCD
667,99942,2004 MN4,K04M04N,2005-01-18 02:34:02.208000+00:00,51.06404,-5.26969,17.3,V,H36,UCAC2,CCD
668,99942,2004 MN4,K04M04N,2005-01-18 02:36:08.352000+00:00,51.06871,-5.26728,16.7,R,696,USNOB1,CCD
669,99942,2004 MN4,K04M04N,2005-01-18 02:46:41.664000+00:00,51.07567,-5.26167,16.5,R,696,USNOB1,CCD
670,99942,2004 MN4,K04M04N,2005-01-19 20:50:19.392000+00:00,52.81104,-3.97322,17.3,R,A53,USNOA2,CCD
671,99942,2004 MN4,K04M04N,2005-01-19 20:56:40.416000+00:00,52.81421,-3.96931,17.1,R,A53,USNOA2,CCD
672,99942,2004 MN4,K04M04N,2005-01-20 00:32:15.360000+00:00,52.96912,-3.86164,17.4,V,H36,UCAC2,CCD
673,99942,2004 MN4,K04M04N,2005-01-20 00:36:45.792000+00:00,52.97175,-3.85964,17.1,V,H36,UCAC2,CCD
674,99942,2004 MN4,K04M04N,2005-01-21 02:25:20.352000+00:00,53.98054,-3.08822,16.8,R,844,USNOA2,CCD
675,99942,2004 MN4,K04M04N,2005-01-21 02:27:47.232000+00:00,53.98171,-3.08733,16.8,R,844,USNOA2,CCD
676,99942,2004 MN4,K04M04N,2005-01-21 02:39:38.304000+00:00,53.98942,-3.08186,16.8,R,844,USNOA2,CCD
677,99942,2004 MN4,K04M04N,2005-01-21 02:47:36.096000+00:00,53.99437,-3.07814,16.6,R,844,USNOA2,CCD
678,99942,2004 MN4,K04M04N,2005-01-21 21:05:43.008000+00:00,54.70417,-2.57853,17.5,V,A48,USNOA2,CCD
679,99942,2004 MN4,K04M04N,2005-01-21 21:11:01.824000+00:00,54.70758,-2.57614,17.4,V,A48,USNOA2,CCD
680,99942,2004 MN4,K04M04N,2005-01-21 21:16:20.640000+00:00,54.7115,-2.57417,17.5,V,A48,USNOA2,CCD
681,99942,2004 MN4,K04M04N,2005-01-22 19:20:55.680000+00:00,55.54908,-1.96567,,,A30,USNOA2,CCD
682,99942,2004 MN4,K04M04N,2005-01-22 19:21:49.248000+00:00,55.54958,-1.96531,,,A30,USNOA2,CCD
683,99942,2004 MN4,K04M04N,2005-01-22 19:23:09.600000+00:00,55.55029,-1.96469,,,A30,USNOA2,CCD
684,99942,2004 MN4,K04M04N,2005-01-22 19:25:09.696000+00:00,55.5515,-1.96383,,,A30,USNOA2,CCD
685,99942,2004 MN4,K04M04N,2005-01-22 20:21:21.888000+00:00,55.58588,-1.93731,17.7,V,941,UCAC2,CCD
686,99942,2004 MN4,K04M04N,2005-01-22 20:22:41.376000+00:00,55.58662,-1.93667,17.8,V,941,UCAC2,CCD
687,99942,2004 MN4,K04M04N,2005-01-22 20:24:39.744000+00:00,55.58775,-1.93578,17.7,V,941,UCAC2,CCD
688,99942,2004 MN4,K04M04N,2005-01-22 20:27:17.856000+00:00,55.58925,-1.93456,17.7,V,941,UCAC2,CCD
689,99942,2004 MN4,K04M04N,2005-01-22 21:04:41.664000+00:00,55.60938,-1.91875,17.9,R,A53,USNOA2,CCD
690,99942,2004 MN4,K04M04N,2005-01-22 21:14:43.872000+00:00,55.61488,-1.91364,17.0,R,A53,USNOA2,CCD
691,99942,2004 MN4,K04M04N,2005-01-22 21:30:29.952000+00:00,55.62467,-1.90722,17.6,R,A53,USNOA2,CCD
692,99942,2004 MN4,K04M04N,2005-01-23 17:53:46.752000+00:00,56.38517,-1.36264,17.9,V,198,USNOB1,CCD
693,99942,2004 MN4,K04M04N,2005-01-23 17:58:02.496000+00:00,56.38758,-1.36081,18.1,V,198,USNOB1,CCD
694,99942,2004 MN4,K04M04N,2005-01-23 18:02:46.752000+00:00,56.39025,-1.35872,18.0,V,198,USNOB1,CCD
695,99942,2004 MN4,K04M04N,2005-01-23 18:13:46.848000+00:00,56.39646,-1.35394,18.0,V,198,USNOB1,CCD
696,99942,2004 MN4,K04M04N,2005-01-23 18:17:27.168000+00:00,56.39854,-1.35239,18.1,V,198,USNOB1,CCD
697,99942,2004 MN4,K04M04N,2005-01-24 01:04:11.712000+00:00,56.6385,-1.15578,16.8,R,844,USNOA2,CCD
698,99942,2004 MN4,K04M04N,2005-01-24 01:14:55.392000+00:00,56.6445,-1.15111,16.6,R,844,USNOA2,CCD
699,99942,2004 MN4,K04M04N,2005-01-24 01:26:44.736000+00:00,56.65121,-1.14575,16.7,R,844,USNOA2,CCD
700,99942,2004 MN4,K04M04N,2005-01-24 01:38:41.856000+00:00,56.65787,-1.1405,16.4,R,844,USNOA2,CCD
701,99942,2004 MN4,K04M04N,2005-01-24 01:44:55.104000+00:00,56.66142,-1.138,16.7,R,844,USNOA2,CCD
702,99942,2004 MN4,JS00161,2005-01-28 01:34:41.664000+00:00,59.99579,1.20044,17.4,V,H06,USNOB1,CCD
703,99942,2004 MN4,JS00161,2005-01-28 03:01:03.936000+00:00,60.0395,1.23339,17.4,V,H06,USNOB1,CCD
704,99942,2004 MN4,JS00161,2005-01-28 03:13:18.336000+00:00,60.04558,1.23803,17.5,V,H06,USNOB1,CCD
705,99942,2004 MN4,K04M04N,2005-01-29 00:04:00.192000+00:00,60.7375,1.71186,17.3,R,932,UCAC2,CCD
706,99942,2004 MN4,K04M04N,2005-01-29 02:06:00+00:00,60.79921,1.75753,17.3,R,932,UCAC2,CCD
707,99942,2004 MN4,K04M04N,2005-01-29 02:15:59.616000+00:00,60.80429,1.76117,17.3,R,932,UCAC2,CCD
708,99942,2004 MN4,B001E3,2005-01-29 03:00:30.240000+00:00,60.83254,1.77981,,,701,UCAC2,CCD
709,99942,2004 MN4,B001E3,2005-01-29 03:51:46.944000+00:00,60.85804,1.79889,,,701,UCAC2,CCD
710,99942,2004 MN4,B001E3,2005-01-29 04:35:57.696000+00:00,60.88046,1.81536,,,701,UCAC2,CCD
711,99942,2004 MN4,JS00162,2005-01-29 05:05:53.952000+00:00,60.89458,1.82619,17.7,V,H06,USNOB1,CCD
712,99942,2004 MN4,JS00162,2005-01-29 05:20:21.408000+00:00,60.902,1.83161,17.9,V,H06,USNOB1,CCD
713,99942,2004 MN4,JS00162,2005-01-29 05:32:49.632000+00:00,60.90825,1.83625,17.6,V,H06,USNOB1,CCD
714,99942,2004 MN4,K04M04N,2005-01-29 19:18:48.672000+00:00,61.36233,2.13897,17.3,R,185,UCAC2,CCD
715,99942,2004 MN4,K04M04N,2005-01-29 19:19:50.880000+00:00,61.36404,2.14053,17.7,V,941,UCAC2,CCD
716,99942,2004 MN4,K04M04N,2005-01-29 19:20:11.616000+00:00,61.36275,2.13956,17.4,R,143,UCAC2,CCD
717,99942,2004 MN4,K04M04N,2005-01-29 19:20:30.624000+00:00,61.36442,2.14078,17.8,V,941,UCAC2,CCD
718,99942,2004 MN4,K04M04N,2005-01-29 19:22:30.720000+00:00,61.36538,2.14153,17.8,V,941,UCAC2,CCD
719,99942,2004 MN4,K04M04N,2005-01-29 19:23:51.072000+00:00,61.36604,2.14203,17.6,V,941,UCAC2,CCD
720,99942,2004 MN4,K04M04N,2005-01-29 19:24:31.680000+00:00,61.36637,2.14231,17.5,V,941,UCAC2,CCD
721,99942,2004 MN4,K04M04N,2005-01-29 19:25:11.424000+00:00,61.3655,2.14122,17.3,R,185,UCAC2,CCD
722,99942,2004 MN4,K04M04N,2005-01-29 19:30:55.296000+00:00,61.36808,2.1435,17.3,R,143,UCAC2,CCD
723,99942,2004 MN4,K04M04N,2005-01-29 19:34:37.344000+00:00,61.37025,2.14472,17.6,R,185,UCAC2,CCD
724,99942,2004 MN4,K04M04N,2005-01-29 19:41:36.384000+00:00,61.37342,2.14742,17.5,R,143,UCAC2,CCD
725,99942,2004 MN4,K04M04N,2005-01-29 19:42:20.448000+00:00,61.37417,2.14756,17.4,R,185,UCAC2,CCD
726,99942,2004 MN4,K04M04N,2005-01-31 02:35:58.848000+00:00,62.35863,2.81461,17.5,R,932,UCAC2,CCD
727,99942,2004 MN4,K04M04N,2005-01-31 02:45:59.328000+00:00,62.3635,2.81814,17.2,R,932,UCAC2,CCD
728,99942,2004 MN4,K04M04N,2005-01-31 02:49:58.656000+00:00,62.36542,2.8195,17.2,R,932,UCAC2,CCD
729,99942,2004 MN4,K04M04N,2005-02-01 17:37:53.760000+00:00,63.58662,3.62128,18.0,V,198,USNOB1,CCD
730,99942,2004 MN4,K04M04N,2005-02-01 17:43:52.320000+00:00,63.58954,3.62333,18.1,V,198,USNOB1,CCD
731,99942,2004 MN4,K04M04N,2005-02-01 17:46:47.712000+00:00,63.59092,3.62431,18.1,V,198,USNOB1,CCD
732,99942,2004 MN4,K04M04N,2005-02-01 17:52:12.576000+00:00,63.59354,3.62614,18.1,V,198,USNOB1,CCD
733,99942,2004 MN4,K04M04N,2005-02-01 17:56:45.600000+00:00,63.59575,3.62769,18.0,V,198,USNOB1,CCD
734,99942,2004 MN4,K04M04N,2005-02-01 18:06:52.128000+00:00,63.60058,3.63111,17.9,V,198,USNOB1,CCD
735,99942,2004 MN4,K04M04N,2005-02-01 20:36:23.904000+00:00,63.673,3.68275,17.0,R,176,UCAC2,CCD
736,99942,2004 MN4,K04M04N,2005-02-01 20:38:40.416000+00:00,63.674,3.68347,16.9,R,176,UCAC2,CCD
737,99942,2004 MN4,K04M04N,2005-02-01 20:40:56.064000+00:00,63.67504,3.68417,17.1,R,176,UCAC2,CCD
738,99942,2004 MN4,K04M04N,2005-02-01 20:43:11.712000+00:00,63.67612,3.68489,17.2,R,176,UCAC2,CCD
739,99942,2004 MN4,K04M04N,2005-02-01 20:45:28.224000+00:00,63.67737,3.68583,17.0,R,176,UCAC2,CCD
740,99942,2004 MN4,K04M04N,2005-02-01 20:47:44.736000+00:00,63.67846,3.68647,17.0,R,176,UCAC2,CCD
741,99942,2004 MN4,K04M04N,2005-02-02 20:02:10.176000+00:00,64.39171,4.14811,18.0,R,A53,USNOA2,CCD
742,99942,2004 MN4,K04M04N,2005-02-02 20:18:56.736000+00:00,64.3995,4.15336,18.6,R,A53,USNOA2,CCD
743,99942,2004 MN4,K04M04N,2005-02-02 20:29:28.320000+00:00,64.40412,4.15686,17.8,R,A53,USNOA2,CCD
744,99942,2004 MN4,K04M04N,2005-02-03 17:44:49.344000+00:00,65.05187,4.56675,,,084,USNOB1,CCD
745,99942,2004 MN4,K04M04N,2005-02-03 17:56:29.184000+00:00,65.05979,4.57258,17.7,V,104,USNOA2,CCD
746,99942,2004 MN4,K04M04N,2005-02-03 18:00:29.376000+00:00,65.06167,4.57389,17.7,V,104,USNOA2,CCD
747,99942,2004 MN4,K04M04N,2005-02-03 18:27:46.656000+00:00,65.07438,4.58258,17.7,V,104,USNOA2,CCD
748,99942,2004 MN4,K04M04N,2005-02-03 18:58:33.024000+00:00,65.087,4.59019,,,084,USNOB1,CCD
749,99942,2004 MN4,K04M04N,2005-02-04 02:28:29.568000+00:00,65.31479,4.73694,18.2,R,448,UCAC2,CCD
750,99942,2004 MN4,K04M04N,2005-02-04 02:35:13.056000+00:00,65.31792,4.73906,18.4,R,448,UCAC2,CCD
751,99942,2004 MN4,K04M04N,2005-02-04 02:40:08.544000+00:00,65.32021,4.74061,18.3,R,448,UCAC2,CCD
752,99942,2004 MN4,K04M04N,2005-02-04 02:45:48.096000+00:00,65.32112,4.74117,18.6,R,734,UCAC2,CCD
753,99942,2004 MN4,K04M04N,2005-02-04 02:48:46.080000+00:00,65.32254,4.74225,18.5,R,734,UCAC2,CCD
754,99942,2004 MN4,K04M04N,2005-02-04 02:51:44.064000+00:00,65.32388,4.74328,18.2,R,734,UCAC2,CCD
755,99942,2004 MN4,K04M04N,2005-02-04 02:54:42.048000+00:00,65.32529,4.74406,18.0,R,734,UCAC2,CCD
756,99942,2004 MN4,D00180,2005-02-04 18:56:52.800000+00:00,65.80704,5.04419,,,201,UCAC2,CCD
757,99942,2004 MN4,D00180,2005-02-04 19:06:28.224000+00:00,65.81142,5.04722,,,201,UCAC2,CCD
758,99942,2004 MN4,D00180,2005-02-04 19:13:26.400000+00:00,65.81483,5.04931,,,201,UCAC2,CCD
759,99942,2004 MN4,K04M04N,2005-02-04 23:44:00.096000+00:00,65.95075,5.13372,17.7,R,932,UCAC2,CCD
760,99942,2004 MN4,K04M04N,2005-02-05 00:08:00.384000+00:00,65.96171,5.14111,17.4,R,932,UCAC2,CCD
761,99942,2004 MN4,K04M04N,2005-02-05 00:18:00+00:00,65.96625,5.14419,17.5,R,932,UCAC2,CCD
762,99942,2004 MN4,K04M04N,2005-02-05 01:16:48.576000+00:00,65.99654,5.16275,17.7,R,734,UCAC2,CCD
763,99942,2004 MN4,K04M04N,2005-02-05 01:21:14.688000+00:00,65.99863,5.16406,17.6,R,734,UCAC2,CCD
764,99942,2004 MN4,K04M04N,2005-02-05 01:25:05.376000+00:00,66.00033,5.16528,17.4,R,734,UCAC2,CCD
765,99942,2004 MN4,K04M04N,2005-02-05 02:32:09.888000+00:00,66.03108,5.18589,17.5,R,734,UCAC2,CCD
766,99942,2004 MN4,K04M04N,2005-02-05 18:30:23.040000+00:00,66.50558,5.47669,17.9,V,198,USNOB1,CCD
767,99942,2004 MN4,K04M04N,2005-02-05 18:37:00.480000+00:00,66.50863,5.47867,18.0,V,198,USNOB1,CCD
768,99942,2004 MN4,K04M04N,2005-02-05 18:41:16.224000+00:00,66.51058,5.47997,18.0,V,198,USNOB1,CCD
769,99942,2004 MN4,K04M04N,2005-02-05 18:42:53.856000+00:00,66.50942,5.47903,,,084,USNOB1,CCD
770,99942,2004 MN4,K04M04N,2005-02-05 18:44:28.896000+00:00,66.51158,5.48078,17.1,R,113,USNOA2,CCD
771,99942,2004 MN4,K04M04N,2005-02-05 18:46:25.536000+00:00,66.51296,5.48153,18.0,V,198,USNOB1,CCD
772,99942,2004 MN4,K04M04N,2005-02-05 18:47:32.928000+00:00,66.51163,5.48039,,,084,USNOB1,CCD
773,99942,2004 MN4,K04M04N,2005-02-05 18:49:14.016000+00:00,66.51379,5.48208,17.1,R,113,USNOA2,CCD
774,99942,2004 MN4,K04M04N,2005-02-05 18:52:05.952000+00:00,66.51554,5.48322,18.0,V,198,USNOB1,CCD
775,99942,2004 MN4,K04M04N,2005-02-05 18:55:35.040000+00:00,66.51679,5.48397,17.3,R,113,USNOA2,CCD
776,99942,2004 MN4,K04M04N,2005-02-05 18:59:12.768000+00:00,66.51875,5.48539,17.9,V,198,USNOB1,CCD
777,99942,2004 MN4,K04M04N,2005-02-05 19:27:33.120000+00:00,66.53146,5.49419,18.0,V,A30,UCAC2,CCD
778,99942,2004 MN4,K04M04N,2005-02-05 19:29:04.704000+00:00,66.53217,5.49469,17.9,V,A30,UCAC2,CCD
779,99942,2004 MN4,K04M04N,2005-02-05 19:29:26.304000+00:00,66.53233,5.49478,18.0,V,A30,UCAC2,CCD
780,99942,2004 MN4,K04M04N,2005-02-05 19:30:15.552000+00:00,66.53267,5.49506,17.8,V,A30,UCAC2,CCD
781,99942,2004 MN4,K04M04N,2005-02-05 19:38:11.616000+00:00,66.53625,5.49739,17.9,V,A30,UCAC2,CCD
782,99942,2004 MN4,K04M04N,2005-02-06 19:41:32.064000+00:00,67.24183,5.92658,17.2,R,639,USNOA2,CCD
783,99942,2004 MN4,K04M04N,2005-02-06 19:46:06.816000+00:00,67.24379,5.92803,17.5,R,639,USNOA2,CCD
784,99942,2004 MN4,K04M04N,2005-02-06 19:56:51.360000+00:00,67.24846,5.93136,,,246,USNOA2,CCD
785,99942,2004 MN4,K04M04N,2005-02-06 19:57:46.656000+00:00,67.24879,5.93161,,,246,USNOA2,CCD
786,99942,2004 MN4,K04M04N,2005-02-06 19:57:59.616000+00:00,67.249,5.93153,17.4,R,639,USNOA2,CCD
787,99942,2004 MN4,K04M04N,2005-02-06 19:58:41.952000+00:00,67.24925,5.932,,,246,USNOA2,CCD
788,99942,2004 MN4,K04M04N,2005-02-06 20:01:59.808000+00:00,67.25117,5.93269,17.2,R,639,USNOA2,CCD
789,99942,2004 MN4,K04M04N,2005-02-06 20:04:37.920000+00:00,67.25225,5.9335,17.4,R,639,USNOA2,CCD
790,99942,2004 MN4,K04M04N,2005-02-06 20:14:14.208000+00:00,67.25654,5.93617,17.5,R,639,USNOA2,CCD
791,99942,2004 MN4,K04M04N,2005-02-06 20:19:05.376000+00:00,67.25871,5.93747,17.2,R,639,USNOA2,CCD
792,99942,2004 MN4,K04M04N,2005-02-07 01:46:25.824000+00:00,67.42225,6.03675,17.6,R,711,USNOA2,CCD
793,99942,2004 MN4,K04M04N,2005-02-07 01:54:42.624000+00:00,67.42617,6.03914,17.6,R,711,USNOA2,CCD
794,99942,2004 MN4,K04M04N,2005-02-07 02:02:58.560000+00:00,67.42992,6.04153,17.6,R,711,USNOA2,CCD
795,99942,2004 MN4,T000F3,2005-02-07 18:20:41.568000+00:00,67.90242,6.32203,18.4,R,A41,USNOA2,CCD
796,99942,2004 MN4,K04M04N,2005-02-07 18:25:27.552000+00:00,67.90525,6.323,17.9,V,198,USNOB1,CCD
797,99942,2004 MN4,K04M04N,2005-02-07 18:29:07.008000+00:00,67.90687,6.32406,18.2,V,198,USNOB1,CCD
798,99942,2004 MN4,K04M04N,2005-02-07 18:33:18.432000+00:00,67.90875,6.32525,18.2,V,198,USNOB1,CCD
799,99942,2004 MN4,K04M04N,2005-02-07 18:38:00.960000+00:00,67.91088,6.32661,18.2,V,198,USNOB1,CCD
800,99942,2004 MN4,K04M04N,2005-02-07 18:39:35.136000+00:00,67.91158,6.32706,18.2,V,198,USNOB1,CCD
801,99942,2004 MN4,K04M04N,2005-02-07 18:47:59.712000+00:00,67.91533,6.3295,18.1,V,198,USNOB1,CCD
802,99942,2004 MN4,T000F3,2005-02-07 19:02:36.672000+00:00,67.92129,6.33406,19.1,R,A41,USNOA2,CCD
803,99942,2004 MN4,T000F3,2005-02-07 19:44:29.184000+00:00,67.94021,6.346,20.0,R,A41,USNOA2,CCD
804,99942,2004 MN4,K04M04N,2005-02-07 20:08:58.848000+00:00,67.95154,6.35225,,,557,UCAC2,CCD
805,99942,2004 MN4,K04M04N,2005-02-07 20:11:22.272000+00:00,67.95254,6.35283,,,557,UCAC2,CCD
806,99942,2004 MN4,K04M04N,2005-02-07 20:13:45.696000+00:00,67.95354,6.35364,,,557,UCAC2,CCD
807,99942,2004 MN4,D00228,2005-02-08 19:06:23.904000+00:00,68.61562,6.74222,18.0,V,201,UCAC2,CCD
808,99942,2004 MN4,D00228,2005-02-08 19:17:31.776000+00:00,68.62062,6.74536,18.0,V,201,UCAC2,CCD
809,99942,2004 MN4,K04M04N,2005-02-08 19:20:16.800000+00:00,68.62308,6.7455,,,J95,UCAC2,CCD
810,99942,2004 MN4,D00228,2005-02-08 19:28:41.376000+00:00,68.62558,6.74833,17.7,V,201,UCAC2,CCD
811,99942,2004 MN4,K04M04N,2005-02-08 19:32:20.832000+00:00,68.62846,6.74878,,,J95,UCAC2,CCD
812,99942,2004 MN4,K04M04N,2005-02-08 19:42:14.400000+00:00,68.63296,6.75153,17.8,R,J95,UCAC2,CCD
813,99942,2004 MN4,K04M04N,2005-02-09 17:53:32.064000+00:00,69.26767,7.11764,,,084,USNOB1,CCD
814,99942,2004 MN4,K04M04N,2005-02-09 17:58:10.272000+00:00,69.26975,7.11883,,,084,USNOB1,CCD
815,99942,2004 MN4,K04M04N,2005-02-09 18:25:28.416000+00:00,69.28425,7.12803,18.2,V,151,UCAC2,CCD
816,99942,2004 MN4,K04M04N,2005-02-09 18:31:18.336000+00:00,69.28675,7.12953,18.1,V,151,UCAC2,CCD
817,99942,2004 MN4,K04M04N,2005-02-09 18:33:44.352000+00:00,69.28775,7.13011,18.1,V,151,UCAC2,CCD
818,99942,2004 MN4,K04M04N,2005-02-09 21:00:59.616000+00:00,69.35342,7.17044,17.9,R,A53,USNOA2,CCD
819,99942,2004 MN4,K04M04N,2005-02-09 21:13:20.064000+00:00,69.35838,7.17322,17.7,R,A53,USNOA2,CCD
820,99942,2004 MN4,K04M04N,2005-02-09 21:34:40.512000+00:00,69.36842,7.17903,17.7,R,A53,USNOA2,CCD
821,99942,2004 MN4,K04M04N,2005-02-09 23:22:04.224000+00:00,69.41779,7.20775,,,587,USNOA2,CCD
822,99942,2004 MN4,K04M04N,2005-02-09 23:25:41.088000+00:00,69.41954,7.20906,,,587,USNOA2,CCD
823,99942,2004 MN4,K04M04N,2005-02-09 23:29:17.088000+00:00,69.42104,7.20964,,,587,USNOA2,CCD
824,99942,2004 MN4,K04M04N,2005-02-10 16:12:57.024000+00:00,69.90463,7.47806,,,084,USNOB1,CCD
825,99942,2004 MN4,K04M04N,2005-02-11 03:00:17.280000+00:00,70.20608,7.65167,18.8,R,734,UCAC2,CCD
826,99942,2004 MN4,K04M04N,2005-02-11 03:05:00.672000+00:00,70.20812,7.65303,18.6,R,734,UCAC2,CCD
827,99942,2004 MN4,K04M04N,2005-02-11 03:10:08.256000+00:00,70.21029,7.65431,18.2,R,734,UCAC2,CCD
828,99942,2004 MN4,K04M04N,2005-02-11 19:23:28.608000+00:00,70.67079,7.90781,18.7,V,941,UCAC2,CCD
829,99942,2004 MN4,K04M04N,2005-02-11 19:26:07.584000+00:00,70.67196,7.9085,18.7,V,941,UCAC2,CCD
830,99942,2004 MN4,K04M04N,2005-02-11 19:28:06.816000+00:00,70.67279,7.90903,18.6,V,941,UCAC2,CCD
831,99942,2004 MN4,K04M04N,2005-02-11 19:30:06.048000+00:00,70.67367,7.90956,18.7,V,941,UCAC2,CCD
832,99942,2004 MN4,K04M04N,2005-02-11 19:32:06.144000+00:00,70.67458,7.91008,18.7,V,941,UCAC2,CCD
833,99942,2004 MN4,K04M04N,2005-02-12 02:29:25.728000+00:00,70.86854,8.01811,17.5,R,H41,UCAC2,CCD
834,99942,2004 MN4,K04M04N,2005-02-12 02:34:22.944000+00:00,70.87067,8.01933,17.7,R,H41,UCAC2,CCD
835,99942,2004 MN4,K04M04N,2005-02-12 02:36:48.096000+00:00,70.87167,8.01986,17.6,R,H41,UCAC2,CCD
836,99942,2004 MN4,K04M04N,2005-02-12 02:39:33.120000+00:00,70.87288,8.02061,17.5,R,H41,UCAC2,CCD
837,99942,2004 MN4,K04M04N,2005-02-12 03:21:08.352000+00:00,70.89142,8.03067,17.9,R,649,UCAC2,CCD
838,99942,2004 MN4,K04M04N,2005-02-12 03:23:41.280000+00:00,70.89254,8.03133,17.9,R,649,UCAC2,CCD
839,99942,2004 MN4,K04M04N,2005-02-12 03:26:15.072000+00:00,70.89363,8.03197,17.9,R,649,UCAC2,CCD
840,99942,2004 MN4,K04M04N,2005-02-16 04:49:29.856000+00:00,73.60075,9.45214,18.7,V,H36,UCAC2,CCD
841,99942,2004 MN4,K04M04N,2005-02-16 05:04:45.696000+00:00,73.60746,9.4555,19.2,V,H36,UCAC2,CCD
842,99942,2004 MN4,K04M04N,2005-02-18 20:14:05.568000+00:00,75.34283,10.30092,18.4,R,213,USNOA2,CCD
843,99942,2004 MN4,K04M04N,2005-02-18 20:15:54.432000+00:00,75.34354,10.30131,18.4,R,213,USNOA2,CCD
844,99942,2004 MN4,K04M04N,2005-02-18 20:19:32.160000+00:00,75.345,10.30206,18.6,R,213,USNOA2,CCD
845,99942,2004 MN4,So0001,2005-02-20 19:30:43.200000+00:00,76.63,10.89536,18.6,V,A68,UCAC2,CCD
846,99942,2004 MN4,So0001,2005-02-20 19:36:01.152000+00:00,76.63233,10.89656,,,A68,UCAC2,CCD
847,99942,2004 MN4,So0001,2005-02-20 19:41:24.288000+00:00,76.63475,10.89758,,,A68,UCAC2,CCD
848,99942,2004 MN4,K04M04N,2005-02-22 01:16:35.616000+00:00,77.43733,11.25817,18.4,R,H45,UCAC2,CCD
849,99942,2004 MN4,K04M04N,2005-02-22 01:19:42.240000+00:00,77.43858,11.25861,18.4,R,H45,UCAC2,CCD
850,99942,2004 MN4,K04M04N,2005-02-22 01:27:09.792000+00:00,77.44179,11.26028,18.3,R,H45,UCAC2,CCD
851,99942,2004 MN4,K04M04N,2005-02-23 05:21:46.944000+00:00,78.19638,11.58992,18.7,R,F65,USNOB1,CCD
852,99942,2004 MN4,K04M04N,2005-02-23 06:10:37.632000+00:00,78.21662,11.59931,18.7,R,F65,USNOB1,CCD
853,99942,2004 MN4,K04M04N,2005-02-23 06:48:48.096000+00:00,78.23246,11.60653,,,F65,USNOB1,CCD
854,99942,2004 MN4,K04M04N,2005-02-25 01:13:14.304000+00:00,79.37721,12.08264,19.1,V,H36,UCAC2,CCD
855,99942,2004 MN4,K04M04N,2005-02-25 01:35:43.008000+00:00,79.38679,12.08717,,,H36,UCAC2,CCD
856,99942,2004 MN4,K04M04N,2005-02-25 04:01:35.328000+00:00,79.44829,12.11328,18.9,R,649,UCAC2,CCD
857,99942,2004 MN4,K04M04N,2005-02-25 04:14:23.424000+00:00,79.45358,12.11578,18.9,R,649,UCAC2,CCD
858,99942,2004 MN4,K04M04N,2005-02-25 04:16:56.352000+00:00,79.45483,12.11619,18.8,R,649,UCAC2,CCD
859,99942,2004 MN4,K04M04N,2005-02-25 18:25:50.880000+00:00,79.83912,12.26964,18.7,V,198,USNOB1,CCD
860,99942,2004 MN4,K04M04N,2005-02-25 18:32:12.768000+00:00,79.84183,12.27075,18.7,V,198,USNOB1,CCD
861,99942,2004 MN4,K04M04N,2005-02-25 18:38:19.968000+00:00,79.84446,12.27175,18.8,V,198,USNOB1,CCD
862,99942,2004 MN4,K04M04N,2005-02-25 18:46:48+00:00,79.84804,12.27319,18.8,V,198,USNOB1,CCD
863,99942,2004 MN4,K04M04N,2005-02-25 18:47:33.792000+00:00,79.84838,12.27333,18.8,V,198,USNOB1,CCD
864,99942,2004 MN4,K04M04N,2005-02-27 19:44:00.672000+00:00,81.16021,12.78961,,,J95,UCAC2,CCD
865,99942,2004 MN4,K04M04N,2005-02-27 20:00:38.592000+00:00,81.16725,12.79244,,,J95,UCAC2,CCD
866,99942,2004 MN4,K04M04N,2005-02-27 20:13:43.968000+00:00,81.17275,12.79456,18.9,R,J95,UCAC2,CCD
867,99942,2004 MN4,K04M04N,2005-02-28 19:09:27.072000+00:00,81.78604,13.02581,19.0,R,A83,USNOA2,CCD
868,99942,2004 MN4,K04M04N,2005-02-28 19:12:10.368000+00:00,81.78708,13.02669,18.5,R,A83,USNOA2,CCD
869,99942,2004 MN4,K04M04N,2005-02-28 19:14:55.392000+00:00,81.78838,13.02664,19.5,R,A83,USNOA2,CCD
870,99942,2004 MN4,K04M04N,2005-02-28 19:21:50.112000+00:00,81.79167,13.02822,18.5,R,A83,USNOA2,CCD
871,99942,2004 MN4,K04M04N,2005-02-28 19:44:26.592000+00:00,81.80142,13.03208,19.3,R,A83,USNOA2,CCD
872,99942,2004 MN4,K04M04N,2005-02-28 19:48:10.368000+00:00,81.80267,13.03236,18.3,R,A83,USNOA2,CCD
873,99942,2004 MN4,K04M04N,2005-03-02 02:21:33.984000+00:00,82.61983,13.33614,18.9,R,H45,UCAC2,CCD
874,99942,2004 MN4,K04M04N,2005-03-02 02:24:17.280000+00:00,82.621,13.33692,19.0,R,H45,UCAC2,CCD
875,99942,2004 MN4,K04M04N,2005-03-02 02:28:37.344000+00:00,82.62288,13.33758,18.9,R,H45,UCAC2,CCD
876,99942,2004 MN4,K04M04N,2005-03-02 02:32:02.112000+00:00,82.62425,13.33806,18.8,R,H45,UCAC2,CCD
877,99942,2004 MN4,K04M04N,2005-03-02 19:46:53.472000+00:00,83.08583,13.50208,19.4,V,240,UCAC2,CCD
878,99942,2004 MN4,K04M04N,2005-03-02 19:51:48.096000+00:00,83.08787,13.50281,19.4,V,240,UCAC2,CCD
879,99942,2004 MN4,K04M04N,2005-03-02 19:56:42.720000+00:00,83.08992,13.50356,19.5,V,240,UCAC2,CCD
880,99942,2004 MN4,K04M04N,2005-03-02 20:01:38.208000+00:00,83.092,13.50428,19.4,V,240,UCAC2,CCD
881,99942,2004 MN4,K04M04N,2005-03-02 20:05:34.080000+00:00,83.09363,13.50489,19.3,V,240,UCAC2,CCD
882,99942,2004 MN4,K04M04N,2005-03-02 20:11:28.320000+00:00,83.09621,13.50586,19.3,V,240,UCAC2,CCD
883,99942,2004 MN4,K04M04N,2005-03-02 20:16:22.944000+00:00,83.09833,13.50667,19.1,V,240,UCAC2,CCD
884,99942,2004 MN4,K04M04N,2005-03-04 19:58:31.584000+00:00,84.3735,13.94914,19.0,V,941,UCAC2,CCD
885,99942,2004 MN4,K04M04N,2005-03-04 19:59:11.328000+00:00,84.37375,13.94922,19.0,V,941,UCAC2,CCD
886,99942,2004 MN4,K04M04N,2005-03-04 19:59:51.072000+00:00,84.374,13.94931,19.0,V,941,UCAC2,CCD
887,99942,2004 MN4,K04M04N,2005-03-04 20:00:30.816000+00:00,84.37425,13.94939,19.1,V,941,UCAC2,CCD
888,99942,2004 MN4,K04M04N,2005-03-04 20:01:50.304000+00:00,84.37479,13.94956,18.9,V,941,UCAC2,CCD
889,99942,2004 MN4,K04M04N,2005-03-26 20:04:51.744000+00:00,98.61763,17.43814,19.8,V,941,UCAC2,CCD
890,99942,2004 MN4,K04M04N,2005-03-26 20:06:00.864000+00:00,98.61813,17.43819,19.9,V,941,UCAC2,CCD
891,99942,2004 MN4,K04M04N,2005-03-26 20:08:10.464000+00:00,98.61908,17.43833,19.8,V,941,UCAC2,CCD
892,99942,2004 MN4,K04M04N,2005-03-26 20:12:12.384000+00:00,98.62083,17.43861,19.8,V,941,UCAC2,CCD
893,99942,2004 MN4,K04M04N,2005-04-06 04:22:48.864000+00:00,105.4075,18.30953,,,696,USNOB1,CCD
894,99942,2004 MN4,K04M04N,2005-04-06 04:25:33.888000+00:00,105.409,18.30989,,,696,USNOB1,CCD
895,99942,2004 MN4,K04M04N,2005-04-08 02:34:47.136000+00:00,106.6795,18.424,19.7,R,734,UCAC2,CCD
896,99942,2004 MN4,K04M04N,2005-04-08 02:44:23.424000+00:00,106.68383,18.42408,20.3,R,734,UCAC2,CCD
897,99942,2004 MN4,K04M04N,2005-04-08 02:54:02.304000+00:00,106.688,18.42464,20.3,R,734,UCAC2,CCD
898,99942,2004 MN4,K04M04N,2005-04-28 20:03:21.024000+00:00,120.42088,18.81431,20.2,V,941,UCAC2,CCD
899,99942,2004 MN4,K04M04N,2005-04-28 20:04:31.008000+00:00,120.42142,18.81428,20.4,V,941,UCAC2,CCD
900,99942,2004 MN4,K04M04N,2005-04-28 20:05:40.992000+00:00,120.42188,18.81425,20.3,V,941,UCAC2,CCD
901,99942,2004 MN4,K04M04N,2005-04-28 20:07:45.408000+00:00,120.42279,18.81419,20.2,V,941,UCAC2,CCD
902,99942,2004 MN4,K04M04N,2005-04-28 20:11:13.632000+00:00,120.42429,18.81414,20.2,V,941,UCAC2,CCD
903,99942,2004 MN4,K04M04N,2005-04-30 03:08:45.312000+00:00,121.27542,18.79294,20.3,R,734,UCAC2,CCD
904,99942,2004 MN4,K04M04N,2005-04-30 03:15:06.336000+00:00,121.27838,18.79283,20.3,R,734,UCAC2,CCD
905,99942,2004 MN4,K04M04N,2005-04-30 03:21:28.224000+00:00,121.28121,18.79278,20.3,R,734,UCAC2,CCD
906,99942,2004 MN4,K04M04N,2005-04-30 20:01:02.784000+00:00,121.73987,18.77864,20.3,V,A13,UCAC2,CCD
907,99942,2004 MN4,K04M04N,2005-04-30 20:57:07.200000+00:00,121.76471,18.77806,20.1,V,A13,UCAC2,CCD
908,99942,2004 MN4,K04M04N,2005-04-30 21:03:36+00:00,121.76788,18.77742,19.8,V,A13,UCAC2,CCD
909,99942,2004 MN4,K04M04N,2005-05-05 20:20:37.824000+00:00,125.03838,18.64458,20.4,V,941,UCAC2,CCD
910,99942,2004 MN4,K04M04N,2005-05-05 20:21:47.808000+00:00,125.03892,18.64453,20.5,V,941,UCAC2,CCD
911,99942,2004 MN4,K04M04N,2005-05-05 20:22:58.656000+00:00,125.03946,18.64447,20.5,V,941,UCAC2,CCD
912,99942,2004 MN4,K04M04N,2005-05-05 20:24:09.504000+00:00,125.03996,18.64442,20.5,V,941,UCAC2,CCD
913,99942,2004 MN4,K04M04N,2005-05-05 20:26:30.336000+00:00,125.041,18.64436,20.4,V,941,UCAC2,CCD
914,99942,2004 MN4,5K9A8EA,2005-05-21 03:43:41.376000+00:00,134.94688,17.87608,19.0,V,G96,UCAC2,CCD
915,99942,2004 MN4,5K9A8EA,2005-05-21 03:47:54.528000+00:00,134.94854,17.87597,19.8,V,G96,UCAC2,CCD
916,99942,2004 MN4,5K9A8EA,2005-05-21 03:52:10.272000+00:00,134.95033,17.87567,21.1,V,G96,UCAC2,CCD
917,99942,2004 MN4,5K9A8EA,2005-05-21 03:56:24.288000+00:00,134.95212,17.87544,20.7,V,G96,UCAC2,CCD
918,99942,2004 MN4,K04M04N,2005-05-27 03:13:47.712000+00:00,138.689,17.47575,19.6,R,734,UCAC2,CCD
919,99942,2004 MN4,K04M04N,2005-05-27 03:25:02.496000+00:00,138.69358,17.47503,19.6,R,734,UCAC2,CCD
920,99942,2004 MN4,K04M04N,2005-05-27 20:47:16.224000+00:00,139.13992,17.42442,20.5,V,941,UCAC2,CCD
921,99942,2004 MN4,K04M04N,2005-05-27 20:48:26.208000+00:00,139.14038,17.42436,20.4,V,941,UCAC2,CCD
922,99942,2004 MN4,K04M04N,2005-05-27 20:50:47.040000+00:00,139.14142,17.42419,20.4,V,941,UCAC2,CCD
923,99942,2004 MN4,K04M04N,2005-05-27 20:53:07.872000+00:00,139.14238,17.42406,20.5,V,941,UCAC2,CCD
924,99942,2004 MN4,K04M04N,2005-06-01 04:00:14.976000+00:00,141.75362,17.12086,20.3,V,291,USNOSA2,CCD
925,99942,2004 MN4,K04M04N,2005-06-01 04:07:42.528000+00:00,141.75662,17.12042,20.4,V,291,USNOSA2,CCD
926,99942,2004 MN4,K04M04N,2005-06-01 04:15:05.760000+00:00,141.75975,17.12003,20.3,V,291,USNOSA2,CCD
927,99942,2004 MN4,K04M04N,2005-06-06 03:17:10.752000+00:00,144.6865,16.76725,20.9,R,734,UCAC2,CCD
928,99942,2004 MN4,K04M04N,2005-06-06 03:29:53.664000+00:00,144.69167,16.76675,,,734,UCAC2,CCD
929,99942,2004 MN4,K04M04N,2005-06-06 03:42:45.216000+00:00,144.69629,16.76606,,,734,UCAC2,CCD
930,99942,2004 MN4,K04M04N,2005-06-06 03:53:28.032000+00:00,144.70079,16.76542,20.2,R,734,UCAC2,CCD
931,99942,2004 MN4,K04M04N,2005-06-11 20:57:18.432000+00:00,147.92096,16.38128,20.5,V,941,UCAC2,CCD
932,99942,2004 MN4,K04M04N,2005-06-11 20:58:23.232000+00:00,147.92137,16.38128,20.5,V,941,UCAC2,CCD
933,99942,2004 MN4,K04M04N,2005-06-11 20:59:28.896000+00:00,147.92179,16.38125,20.4,V,941,UCAC2,CCD
934,99942,2004 MN4,K04M04N,2005-06-11 21:01:41.088000+00:00,147.92262,16.38119,20.5,V,941,UCAC2,CCD
935,99942,2004 MN4,K04M04N,2005-06-16 20:46:30.432000+00:00,150.56071,16.09167,20.5,V,941,UCAC2,CCD
936,99942,2004 MN4,K04M04N,2005-06-16 20:47:43.008000+00:00,150.56113,16.09158,20.5,V,941,UCAC2,CCD
937,99942,2004 MN4,K04M04N,2005-06-16 20:53:26.016000+00:00,150.56321,16.09131,20.4,V,941,UCAC2,CCD
938,99942,2004 MN4,K04M04N,2005-06-16 20:55:20.064000+00:00,150.56392,16.09117,20.5,V,941,UCAC2,CCD
939,99942,2004 MN4,K04M04N,2005-06-16 20:57:21.888000+00:00,150.56462,16.09108,20.5,V,941,UCAC2,CCD
940,99942,2004 MN4,5M9C4EF,2005-06-17 03:50:30.912000+00:00,150.70992,16.07728,,,G96,UCAC2,CCD
941,99942,2004 MN4,5M9C4EF,2005-06-17 03:56:19.104000+00:00,150.712,16.077,,,G96,UCAC2,CCD
942,99942,2004 MN4,5M9C4EF,2005-06-17 04:02:07.296000+00:00,150.714,16.07675,,,G96,UCAC2,CCD
943,99942,2004 MN4,5M9C4EF,2005-06-17 04:07:54.624000+00:00,150.716,16.07644,,,G96,UCAC2,CCD
944,99942,,99942,2005-07-09 04:13:26.573000+00:00,158.658954,16.211528,,,695,2MASS,CCD
945,99942,,99942,2005-07-09 04:17:08.016000+00:00,158.659229,16.211797,20.4,R,695,USNOB1,CCD
946,99942,,99942,2005-07-09 04:20:21.725000+00:00,158.659533,16.211856,,,695,2MASS,CCD
947,99942,,99942,2005-07-10 04:12:46.915000+00:00,158.795454,16.307172,,,695,2MASS,CCD
948,99942,,99942,2005-07-10 04:16:35.789000+00:00,158.795762,16.307356,,,695,2MASS,CCD
949,99942,,99942,2005-07-11 03:59:26.160000+00:00,158.902558,16.412633,,,695,USNOB1,CCD
950,99942,,99942,2005-07-11 04:04:24.413000+00:00,158.902908,16.412967,,,695,2MASS,CCD
951,99942,,99942,2005-07-11 04:09:29.405000+00:00,158.903146,16.413358,21.0,R,695,USNOB1,CCD
952,99942,,99942,2005-07-11 04:13:36.077000+00:00,158.903454,16.413669,,,695,USNOB1,CCD
953,99942,,99942,2005-09-04 15:14:40.762000+00:00,126.250354,22.303617,,,568,2MASS,CCD
954,99942,,99942,2005-09-04 15:16:13.728000+00:00,126.250313,22.303433,,,568,2MASS,CCD
955,99942,,5TA9B8A,2005-10-07 11:48:54.720000+00:00,137.79942,14.12958,20.5,V,G96,UCAC2,CCD
956,99942,,5TA9B8A,2005-10-07 11:51:38.016000+00:00,137.8005,14.12914,20.6,V,G96,UCAC2,CCD
957,99942,,5TA9B8A,2005-10-07 11:54:23.040000+00:00,137.80154,14.12858,20.5,V,G96,UCAC2,CCD
958,99942,,5TA9B8A,2005-10-07 11:57:08.928000+00:00,137.80275,14.12806,20.6,V,G96,UCAC2,CCD
959,99942,,99942,2005-10-18 14:53:15.648000+00:00,144.48354,10.96597,,,F65,USNOA2,CCD
960,99942,,99942,2005-10-18 14:54:46.368000+00:00,144.48433,10.96558,,,F65,USNOA2,CCD
961,99942,,99942,2005-10-18 14:56:16.224000+00:00,144.48483,10.96533,,,F65,USNOA2,CCD
962,99942,,5UB1375,2005-10-29 12:11:42.432000+00:00,151.32438,7.72058,20.8,V,G96,UCAC2,CCD
963,99942,,5UB1375,2005-10-29 12:15:29.664000+00:00,151.32596,7.71978,20.5,V,G96,UCAC2,CCD
964,99942,,5UB1375,2005-10-29 12:19:16.032000+00:00,151.32767,7.71892,20.7,V,G96,UCAC2,CCD
965,99942,,99942,2005-12-07 09:41:49.920000+00:00,176.0205,-4.40972,21.2,R,932,UCAC2,CCD
966,99942,,99942,2005-12-07 10:10:44.832000+00:00,176.03283,-4.41642,20.6,R,932,UCAC2,CCD
967,99942,,99942,2005-12-07 10:40:19.488000+00:00,176.04562,-4.42281,20.8,R,932,UCAC2,CCD
968,99942,,99942,2005-12-31 12:23:01.536000+00:00,191.53229,-11.78747,20.1,R,711,USNOA2,CCD
969,99942,,99942,2005-12-31 12:32:51.648000+00:00,191.53658,-11.78972,,,711,USNOA2,CCD
970,99942,,99942,2005-12-31 12:42:40.032000+00:00,191.54075,-11.79178,19.8,R,711,USNOA2,CCD
971,99942,,99942,2005-12-31 15:30:12.326000+00:00,191.618362,-11.825839,,,568,2MASS,CCD
972,99942,,99942,2005-12-31 15:31:52.118000+00:00,191.619096,-11.826175,,,568,2MASS,CCD
973,99942,,99942,2005-12-31 15:33:07.373000+00:00,191.619617,-11.826433,,,568,2MASS,CCD
974,99942,,99942,2006-01-25 10:51:04.896000+00:00,208.82442,-18.80867,19.1,R,734,UCAC2,CCD
975,99942,,99942,2006-01-25 10:58:47.136000+00:00,208.82825,-18.81008,19.1,R,734,UCAC2,CCD
976,99942,,99942,2006-01-25 11:05:08.160000+00:00,208.83125,-18.81122,19.0,R,734,UCAC2,CCD
977,99942,,6B97EE0,2006-01-27 12:01:58.368000+00:00,210.36042,-19.34283,19.1,V,G96,UCAC2,CCD
978,99942,,6B97EE0,2006-01-27 12:09:12.960000+00:00,210.36417,-19.34411,19.1,V,G96,UCAC2,CCD
979,99942,,6B97EE0,2006-01-27 12:16:29.280000+00:00,210.36779,-19.3455,19.1,V,G96,UCAC2,CCD
980,99942,,99942,2006-03-05 13:06:46.022000+00:00,245.207442,-26.574811,,,568,2MASS,CCD
981,99942,,99942,2006-03-05 14:39:09.187000+00:00,245.283154,-26.580958,,,568,2MASS,CCD
982,99942,,99942,2006-03-05 15:39:50.515000+00:00,245.332617,-26.584653,,,568,2MASS,CCD
983,99942,,99942,2006-03-06 12:28:35.299000+00:00,246.413958,-26.652008,,,568,2MASS,CCD
984,99942,,99942,2006-03-06 12:31:01.402000+00:00,246.415992,-26.652181,,,568,2MASS,CCD
985,99942,,99942,2006-03-06 12:33:23.616000+00:00,246.417996,-26.652328,,,568,2MASS,CCD
986,99942,,99942,2006-03-06 12:35:45.917000+00:00,246.420008,-26.652431,,,568,2MASS,CCD
987,99942,,99942,2006-03-06 12:38:09.427000+00:00,246.422033,-26.652617,,,568,2MASS,CCD
988,99942,,99942,2006-03-06 12:45:24.106000+00:00,246.4281,-26.653081,,,568,2MASS,CCD
989,99942,,99942,2006-03-06 12:47:46.320000+00:00,246.430125,-26.653233,,,568,2MASS,CCD
990,99942,,99942,2006-03-06 12:54:30.326000+00:00,246.435733,-26.653658,,,568,2MASS,CCD
991,99942,,99942,2006-03-06 12:56:53.232000+00:00,246.437742,-26.653808,,,568,2MASS,CCD
992,99942,,99942,2006-03-06 12:59:14.496000+00:00,246.4397,-26.653958,,,568,2MASS,CCD
993,99942,,99942,2006-03-06 13:01:37.488000+00:00,246.441742,-26.654097,,,568,2MASS,CCD
994,99942,,99942,2006-03-06 13:04:13.786000+00:00,246.443925,-26.654264,,,568,2MASS,CCD
995,99942,,99942,2006-03-06 13:06:34.099000+00:00,246.445917,-26.654394,,,568,2MASS,CCD
996,99942,,99942,2006-03-06 13:08:57.437000+00:00,246.447863,-26.654547,,,568,2MASS,CCD
997,99942,,99942,2006-03-06 13:11:28.810000+00:00,246.450004,-26.654714,,,568,2MASS,CCD
998,99942,,99942,2006-03-06 13:13:51.024000+00:00,246.451971,-26.654858,,,568,2MASS,CCD
999,99942,,99942,2006-03-06 13:16:14.362000+00:00,246.453975,-26.655006,,,568,2MASS,CCD
1000,99942,,99942,2006-03-06 13:56:06+00:00,246.487317,-26.657414,,,568,2MASS,CCD
1001,99942,,99942,2006-03-06 13:58:27.869000+00:00,246.489288,-26.657553,,,568,2MASS,CCD
1002,99942,,99942,2006-03-06 14:00:49.219000+00:00,246.491204,-26.657656,,,568,2MASS,CCD
1003,99942,,99942,2006-03-06 14:03:20.592000+00:00,246.493346,-26.657847,,,568,2MASS,CCD
1004,99942,,99942,2006-03-06 14:05:42.288000+00:00,246.49535,-26.657983,,,568,2MASS,CCD
1005,99942,,99942,2006-03-06 14:08:04.934000+00:00,246.497317,-26.658122,,,568,2MASS,CCD
1006,99942,,99942,2006-03-06 14:10:37.603000+00:00,246.499417,-26.658275,,,568,2MASS,CCD
1007,99942,,99942,2006-03-06 14:13:03.878000+00:00,246.501425,-26.658414,,,568,2MASS,CCD
1008,99942,,99942,2006-03-06 14:15:36.202000+00:00,246.503558,-26.658553,,,568,2MASS,CCD
1009,99942,,99942,2006-03-06 14:17:58.243000+00:00,246.50555,-26.658694,,,568,2MASS,CCD
1010,99942,,99942,2006-03-06 14:23:48.163000+00:00,246.510392,-26.659014,,,568,2MASS,CCD
1011,99942,,99942,2006-03-06 14:26:18.758000+00:00,246.512471,-26.659169,,,568,2MASS,CCD
1012,99942,,99942,2006-03-06 14:28:39.504000+00:00,246.514404,-26.6593,,,568,2MASS,CCD
1013,99942,,99942,2006-03-06 14:31:01.805000+00:00,246.516375,-26.659444,,,568,2MASS,CCD
1014,99942,,99942,2006-03-06 14:33:26.266000+00:00,246.518392,-26.659569,,,568,2MASS,CCD
1015,99942,,99942,2006-03-06 14:35:48.394000+00:00,246.520379,-26.659706,,,568,2MASS,CCD
1016,99942,,99942,2006-03-06 14:38:19.594000+00:00,246.52245,-26.659844,,,568,2MASS,CCD
1017,99942,,99942,2006-03-06 14:40:43.882000+00:00,246.524458,-26.659981,,,568,2MASS,CCD
1018,99942,,99942,2006-03-06 14:43:18.019000+00:00,246.526588,-26.660128,,,568,2MASS,CCD
1019,99942,,99942,2006-03-06 14:45:55.094000+00:00,246.52875,-26.660267,,,568,2MASS,CCD
1020,99942,,99942,2006-03-06 14:49:37.402000+00:00,246.531867,-26.660483,,,568,2MASS,CCD
1021,99942,,99942,2006-03-06 14:52:00.307000+00:00,246.533871,-26.660617,,,568,2MASS,CCD
1022,99942,,99942,2006-03-06 14:54:21.571000+00:00,246.535804,-26.660744,,,568,2MASS,CCD
1023,99942,,99942,2006-03-06 14:56:56.659000+00:00,246.537937,-26.660881,,,568,2MASS,CCD
1024,99942,,99942,2006-03-06 14:59:20.083000+00:00,246.539933,-26.661014,,,568,2MASS,CCD
1025,99942,,99942,2006-03-06 15:01:56.035000+00:00,246.542133,-26.661153,,,568,2MASS,CCD
1026,99942,,99942,2006-03-06 15:06:39.427000+00:00,246.545996,-26.661414,,,568,2MASS,CCD
1027,99942,,99942,2006-03-06 15:09:10.800000+00:00,246.548042,-26.661547,,,568,2MASS,CCD
1028,99942,,99942,2006-03-06 15:11:33.878000+00:00,246.550067,-26.661681,,,568,2MASS,CCD
1029,99942,,99942,2006-03-06 15:14:25.469000+00:00,246.552454,-26.661828,,,568,2MASS,CCD
1030,99942,,99942,2006-03-06 15:19:09.984000+00:00,246.556383,-26.662086,,,568,2MASS,CCD
1031,99942,,99942,2006-03-06 15:21:34.618000+00:00,246.558471,-26.662203,,,568,2MASS,CCD
1032,99942,,99942,2006-03-06 15:24:09.619000+00:00,246.56055,-26.662344,,,568,2MASS,CCD
1033,99942,,99942,2006-03-06 15:26:32.179000+00:00,246.562529,-26.662475,,,568,2MASS,CCD
1034,99942,,99942,2006-03-06 15:29:07.526000+00:00,246.564637,-26.662611,,,568,2MASS,CCD
1035,99942,,99942,2006-03-06 15:31:31.382000+00:00,246.566667,-26.662736,,,568,2MASS,CCD
1036,99942,,99942,2006-03-06 15:34:07.334000+00:00,246.568892,-26.662864,,,568,2MASS,CCD
1037,99942,,99942,2006-03-06 15:36:28.858000+00:00,246.570771,-26.662989,,,568,2MASS,CCD
1038,99942,,99942,2006-03-08 12:35:17.578000+00:00,248.965137,-26.77905,,,568,2MASS,CCD
1039,99942,,99942,2006-03-08 12:37:38.842000+00:00,248.967246,-26.779172,,,568,2MASS,CCD
1040,99942,,99942,2006-03-08 12:40:00.538000+00:00,248.9693,-26.779289,,,568,2MASS,CCD
1041,99942,,99942,2006-03-08 12:42:20.678000+00:00,248.971342,-26.779392,,,568,2MASS,CCD
1042,99942,,99942,2006-03-08 12:44:54.730000+00:00,248.973617,-26.779508,,,568,2MASS,CCD
1043,99942,,99942,2006-03-08 12:47:16.080000+00:00,248.975604,-26.77965,,,568,2MASS,CCD
1044,99942,,99942,2006-03-08 12:49:37.430000+00:00,248.977687,-26.779736,,,568,2MASS,CCD
1045,99942,,99942,2006-03-08 12:52:09.840000+00:00,248.979837,-26.779864,,,568,2MASS,CCD
1046,99942,,99942,2006-03-08 12:56:54.787000+00:00,248.984025,-26.780094,,,568,2MASS,CCD
1047,99942,,99942,2006-03-08 13:09:26.035000+00:00,248.994937,-26.780675,,,568,2MASS,CCD
1048,99942,,99942,2006-03-08 13:11:48.768000+00:00,248.997046,-26.780792,,,568,2MASS,CCD
1049,99942,,99942,2006-03-08 13:14:10.378000+00:00,248.999079,-26.780886,,,568,2MASS,CCD
1050,99942,,99942,2006-03-08 13:16:42.960000+00:00,249.001308,-26.781011,,,568,2MASS,CCD
1051,99942,,99942,2006-03-08 13:19:06.902000+00:00,249.003321,-26.781128,,,568,2MASS,CCD
1052,99942,,99942,2006-03-08 13:21:27.734000+00:00,249.005438,-26.781236,,,568,2MASS,CCD
1053,99942,,99942,2006-03-08 13:23:48.739000+00:00,249.007538,-26.781322,,,568,2MASS,CCD
1054,99942,,99942,2006-03-08 13:26:23.222000+00:00,249.009737,-26.781475,,,568,2MASS,CCD
1055,99942,,99942,2006-03-08 13:28:46.819000+00:00,249.011767,-26.781569,,,568,2MASS,CCD
1056,99942,,99942,2006-03-08 13:31:10.070000+00:00,249.013838,-26.781667,,,568,2MASS,CCD
1057,99942,,99942,2006-03-08 13:34:01.229000+00:00,249.016354,-26.781814,,,568,2MASS,CCD
1058,99942,,99942,2006-03-08 13:36:33.811000+00:00,249.018529,-26.781928,,,568,2MASS,CCD
1059,99942,,99942,2006-03-08 13:38:55.766000+00:00,249.020558,-26.782025,,,568,2MASS,CCD
1060,99942,,99942,2006-03-08 13:41:17.462000+00:00,249.022596,-26.782131,,,568,2MASS,CCD
1061,99942,,99942,2006-03-08 13:43:49.786000+00:00,249.02485,-26.78225,,,568,2MASS,CCD
1062,99942,,99942,2006-03-08 13:46:11.827000+00:00,249.026863,-26.782342,,,568,2MASS,CCD
1063,99942,,99942,2006-03-08 13:53:26.765000+00:00,249.033125,-26.782672,,,568,2MASS,CCD
1064,99942,,99942,2006-03-08 13:55:49.670000+00:00,249.035221,-26.782769,,,568,2MASS,CCD
1065,99942,,99942,2006-03-08 14:16:53.530000+00:00,249.053433,-26.783678,,,568,2MASS,CCD
1066,99942,,99942,2006-03-08 14:19:23.434000+00:00,249.055592,-26.783775,,,568,2MASS,CCD
1067,99942,,99942,2006-03-08 14:21:44.179000+00:00,249.057642,-26.783881,,,568,2MASS,CCD
1068,99942,,99942,2006-03-08 14:24:06.566000+00:00,249.059696,-26.783944,,,568,2MASS,CCD
1069,99942,,99942,2006-03-08 14:26:32.496000+00:00,249.061746,-26.784061,,,568,2MASS,CCD
1070,99942,,99942,2006-03-08 14:28:55.488000+00:00,249.063896,-26.784167,,,568,2MASS,CCD
1071,99942,,99942,2006-03-08 14:31:17.184000+00:00,249.06585,-26.78425,,,568,2MASS,CCD
1072,99942,,99942,2006-03-08 14:33:41.040000+00:00,249.06795,-26.78435,,,568,2MASS,CCD
1073,99942,,99942,2006-03-08 14:36:05.760000+00:00,249.07005,-26.784464,,,568,2MASS,CCD
1074,99942,,99942,2006-03-08 14:38:40.502000+00:00,249.072279,-26.784564,,,568,2MASS,CCD
1075,99942,,99942,2006-03-08 14:40:59.693000+00:00,249.074254,-26.784647,,,568,2MASS,CCD
1076,99942,,99942,2006-03-08 14:43:31.584000+00:00,249.076408,-26.784764,,,568,2MASS,CCD
1077,99942,,99942,2006-03-08 14:45:55.526000+00:00,249.078533,-26.78485,,,568,2MASS,CCD
1078,99942,,99942,2006-03-08 14:48:30.874000+00:00,249.080767,-26.784944,,,568,2MASS,CCD
1079,99942,,99942,2006-03-08 14:51:05.098000+00:00,249.082963,-26.78505,,,568,2MASS,CCD
1080,99942,,99942,2006-03-08 14:53:26.102000+00:00,249.084988,-26.785139,,,568,2MASS,CCD
1081,99942,,99942,2006-03-08 14:55:49.094000+00:00,249.087054,-26.785231,,,568,2MASS,CCD
1082,99942,,99942,2006-03-08 14:58:10.790000+00:00,249.089129,-26.785328,,,568,2MASS,CCD
1083,99942,,99942,2006-03-08 15:00:44.842000+00:00,249.091313,-26.785433,,,568,2MASS,CCD
1084,99942,,99942,2006-03-08 15:03:07.315000+00:00,249.093346,-26.785528,,,568,2MASS,CCD
1085,99942,,99942,2006-03-08 15:05:58.474000+00:00,249.095846,-26.785636,,,568,2MASS,CCD
1086,99942,,99942,2006-03-08 15:08:24.403000+00:00,249.097929,-26.785717,,,568,2MASS,CCD
1087,99942,,99942,2006-03-08 15:10:46.358000+00:00,249.099967,-26.785817,,,568,2MASS,CCD
1088,99942,,99942,2006-03-08 15:13:06.499000+00:00,249.101988,-26.7859,,,568,2MASS,CCD
1089,99942,,99942,2006-03-08 15:15:40.464000+00:00,249.104154,-26.785997,,,568,2MASS,CCD
1090,99942,,99942,2006-03-08 15:18:02.506000+00:00,249.10625,-26.786086,,,568,2MASS,CCD
1091,99942,,99942,2006-03-08 15:20:24.374000+00:00,249.108296,-26.786175,,,568,2MASS,CCD
1092,99942,,99942,2006-03-08 15:22:47.798000+00:00,249.110333,-26.786261,,,568,2MASS,CCD
1093,99942,,99942,2006-03-08 15:25:23.923000+00:00,249.112533,-26.786358,,,568,2MASS,CCD
1094,99942,,99942,2006-03-08 15:27:47.520000+00:00,249.114608,-26.78645,,,568,2MASS,CCD
1095,99942,,99942,2006-03-08 15:30:04.896000+00:00,249.116617,-26.786525,,,568,2MASS,CCD
1096,99942,,99942,2006-03-08 15:32:25.296000+00:00,249.11865,-26.786617,,,568,2MASS,CCD
1097,99942,,99942,2006-03-08 15:34:59.779000+00:00,249.120867,-26.786703,,,568,2MASS,CCD
1098,99942,,99942,2006-03-08 15:37:22.339000+00:00,249.122883,-26.786792,,,568,2MASS,CCD
1099,99942,,99942,2006-03-08 15:51:53.078000+00:00,249.1354,-26.787308,,,568,2MASS,CCD
1100,99942,,99942,2006-03-25 12:11:11.328000+00:00,274.76637,-25.28103,,,696,USNOB1,CCD
1101,99942,,99942,2006-03-25 12:11:46.752000+00:00,274.76696,-25.28086,,,696,USNOB1,CCD
1102,99942,,99942,2006-03-25 12:12:25.632000+00:00,274.76783,-25.28072,,,696,USNOB1,CCD
1103,99942,,99942,2006-03-25 12:16:05.952000+00:00,274.77229,-25.28014,,,696,USNOB1,CCD
1104,99942,,99942,2006-03-25 12:16:43.968000+00:00,274.77283,-25.28003,,,696,USNOB1,CCD
1105,99942,,99942,2006-03-26 11:59:46.176000+00:00,276.50704,-25.00036,,,696,USNOB1,CCD
1106,99942,,99942,2006-03-26 12:09:30.240000+00:00,276.51833,-24.99842,,,696,USNOB1,CCD
1107,99942,,99942,2006-03-26 12:13:03.648000+00:00,276.5225,-24.99778,,,696,USNOB1,CCD
1108,99942,,99942,2006-05-01 15:03:24.682000+00:00,340.902417,-1.346114,,,568,2MASS,CCD
1109,99942,,99942,2006-05-01 15:04:38.035000+00:00,340.903621,-1.345561,,,568,2MASS,CCD
1110,99942,,99942,2006-06-01 14:33:48.557000+00:00,18.173008,14.242197,,,568,2MASS,CCD
1111,99942,,99942,2006-06-01 14:36:30.643000+00:00,18.174829,14.242844,,,568,2MASS,CCD
1112,99942,,99942,2006-06-02 14:23:04.618000+00:00,19.203146,14.572242,,,568,2MASS,CCD
1113,99942,,99942,2006-06-02 14:25:07.392000+00:00,19.204617,14.5727,,,568,2MASS,CCD
1114,99942,,99942,2006-06-02 14:27:13.709000+00:00,19.206158,14.573219,,,568,2MASS,CCD
1115,99942,,99942,2006-07-27 14:42:03.542000+00:00,76.658158,23.891033,,,568,2MASS,CCD
1116,99942,,99942,2006-07-27 14:44:50.467000+00:00,76.660271,23.891064,,,568,2MASS,CCD
1117,99942,,99942,2006-08-15 14:50:40.214000+00:00,96.71835,22.9632,,,568,2MASS,CCD
1118,99942,,99942,2006-08-15 14:56:09.485000+00:00,96.722283,22.962783,,,568,2MASS,CCD
1119,99942,,99942,2006-08-16 14:55:26.630000+00:00,97.750246,22.854039,,,568,2MASS,CCD
1120,99942,,99942,2006-08-16 14:59:09.802000+00:00,97.752621,22.853803,,,568,2MASS,CCD
1121,99942,,99942,2006-08-16 15:02:48.826000+00:00,97.755225,22.853544,20.3,R,568,USNOB1,CCD
1122,99942,,99942,2006-09-04 14:22:47.338000+00:00,116.490133,19.803731,,,568,2MASS,CCD
1123,99942,,99942,2006-09-04 14:26:30.509000+00:00,116.492842,19.803139,,,568,2MASS,CCD
1124,99942,,99942,2006-09-04 14:34:07.133000+00:00,116.497671,19.802103,,,568,2MASS,CCD
1125,99942,,99942,2006-09-04 14:37:49.786000+00:00,116.500133,19.801569,,,568,2MASS,CCD
1126,99942,,99942,2006-09-04 14:41:32.179000+00:00,116.502483,19.801058,,,568,2MASS,CCD
1127,99942,,99942,2006-09-04 14:45:14.400000+00:00,116.504954,19.80055,,,568,2MASS,CCD
1128,99942,,99942,2006-09-04 14:48:57.485000+00:00,116.507379,19.800033,,,568,2MASS,CCD
1129,99942,,99942,2006-09-04 14:52:40.742000+00:00,116.509708,19.799536,,,568,2MASS,CCD
1130,99942,,99942,2006-09-04 14:56:32.035000+00:00,116.512346,19.798964,,,568,2MASS,CCD
1131,99942,,99942,2006-09-04 15:00:14.774000+00:00,116.514721,19.798431,,,568,2MASS,CCD
1132,99942,,99942,2006-09-04 15:03:57.082000+00:00,116.517167,19.797906,,,568,2MASS,CCD
1133,99942,,99942,2006-10-25 14:23:54.125000+00:00,159.724187,5.624308,,,568,2MASS,CCD
1134,99942,,99942,2006-10-25 14:29:18.989000+00:00,159.727079,5.623133,,,568,2MASS,CCD
1135,99942,,99942,2006-10-25 14:34:42.816000+00:00,159.730013,5.621914,,,568,2MASS,CCD
1136,99942,,99942,2006-10-25 14:40:18.221000+00:00,159.732967,5.620656,,,568,2MASS,CCD
1137,99942,,99942,2006-10-25 14:45:41.443000+00:00,159.735838,5.619469,,,568,2MASS,CCD
1138,99942,,99942,2006-10-25 14:51:04.234000+00:00,159.738646,5.618272,,,568,2MASS,CCD
1139,99942,,99942,2006-10-25 14:56:39.379000+00:00,159.741725,5.617008,,,568,2MASS,CCD
1140,99942,,99942,2006-10-25 15:02:01.392000+00:00,159.744567,5.615797,,,568,2MASS,CCD
1141,99942,,99942,2006-10-25 15:07:24.787000+00:00,159.747404,5.614628,,,568,2MASS,CCD
1142,99942,,99942,2006-10-25 15:13:00.192000+00:00,159.750408,5.613397,,,568,2MASS,CCD
1143,99942,,99942,2006-10-25 15:18:25.488000+00:00,159.7534,5.612181,,,568,2MASS,CCD
1144,99942,,99942,2006-11-28 14:18:08.698000+00:00,185.852221,-5.557097,,,568,2MASS,CCD
1145,99942,,99942,2006-11-28 14:22:43.277000+00:00,185.85465,-5.558119,,,568,2MASS,CCD
1146,99942,,99942,2006-11-28 14:26:49.430000+00:00,185.856792,-5.559056,,,568,2MASS,CCD
1147,99942,,99942,2006-11-28 14:30:23.702000+00:00,185.858792,-5.559889,,,568,2MASS,CCD
1148,99942,,99942,2006-11-28 14:34:00.221000+00:00,185.860717,-5.560714,,,568,2MASS,CCD
1149,99942,,99942,2006-11-28 14:37:24.038000+00:00,185.862533,-5.561467,,,568,2MASS,CCD
1150,99942,,99942,2006-11-28 14:40:55.891000+00:00,185.864396,-5.562258,,,568,2MASS,CCD
1151,99942,,99942,2006-11-28 14:44:18.586000+00:00,185.86625,-5.563061,,,568,2MASS,CCD
1152,99942,,99942,2006-11-28 14:47:40.416000+00:00,185.868054,-5.563822,,,568,2MASS,CCD
1153,99942,,99942,2006-11-28 14:51:05.962000+00:00,185.869792,-5.564589,,,568,2MASS,CCD
1154,99942,,99942,2006-11-28 14:54:33.840000+00:00,185.871667,-5.56535,,,568,2MASS,CCD
1155,99942,,99942,2006-11-28 15:00:08.122000+00:00,185.874658,-5.566628,,,568,2MASS,CCD
1156,99942,,99942,2006-11-28 15:03:31.334000+00:00,185.876483,-5.567408,,,568,2MASS,CCD
1157,99942,,99942,2006-11-28 15:06:55.066000+00:00,185.878262,-5.568164,,,568,2MASS,CCD
1158,99942,,99942,2006-11-28 15:10:30.202000+00:00,185.880179,-5.568986,,,568,2MASS,CCD
1159,99942,,99942,2006-11-28 15:13:52.723000+00:00,185.882058,-5.569772,,,568,2MASS,CCD
1160,99942,,99942,2006-11-28 15:17:16.109000+00:00,185.883842,-5.570544,,,568,2MASS,CCD
1161,99942,,99942,2006-11-28 15:20:43.814000+00:00,185.885662,-5.571311,,,568,2MASS,CCD
1162,99942,,99942,2006-11-28 15:24:21.197000+00:00,185.887596,-5.572164,,,568,2MASS,CCD
1163,99942,,99942,2006-11-28 15:32:50.179000+00:00,185.892092,-5.574067,,,568,2MASS,CCD
1164,99942,,99942,2006-12-25 14:46:48.403000+00:00,207.844846,-13.999083,,,568,2MASS,CCD
1165,99942,,99942,2006-12-25 14:49:41.462000+00:00,207.846558,-13.999658,,,568,2MASS,CCD
1166,99942,,99942,2006-12-25 14:52:46.618000+00:00,207.848392,-14.000278,,,568,2MASS,CCD
1167,99942,,99942,2006-12-25 14:55:51.773000+00:00,207.8502,-14.000886,,,568,2MASS,CCD
1168,99942,,99942,2006-12-25 14:58:56.582000+00:00,207.852013,-14.001517,,,568,2MASS,CCD
1169,99942,,99942,2006-12-25 15:01:48.864000+00:00,207.853737,-14.002103,,,568,2MASS,CCD
1170,99942,,99942,2006-12-25 15:04:41.664000+00:00,207.855429,-14.002675,,,568,2MASS,CCD
1171,99942,,99942,2006-12-25 15:07:35.242000+00:00,207.857196,-14.003308,,,568,2MASS,CCD
1172,99942,,99942,2006-12-25 15:10:27.782000+00:00,207.858796,-14.003883,,,568,2MASS,CCD
1173,99942,,99942,2006-12-25 15:13:25.680000+00:00,207.860625,-14.004472,,,568,2MASS,CCD
1174,99942,,99942,2006-12-25 15:16:19.517000+00:00,207.862267,-14.005089,,,568,2MASS,CCD
1175,99942,,99942,2006-12-25 15:19:22.426000+00:00,207.864154,-14.005706,,,568,2MASS,CCD
1176,99942,,99942,2006-12-25 15:22:16.522000+00:00,207.865813,-14.00625,,,568,2MASS,CCD
1177,99942,,99942,2006-12-25 15:25:20.986000+00:00,207.867679,-14.006886,,,568,2MASS,CCD
1178,99942,,99942,2006-12-25 15:28:12.922000+00:00,207.8693,-14.007475,,,568,2MASS,CCD
1179,99942,,99942,2006-12-25 15:31:05.290000+00:00,207.871037,-14.008053,,,568,2MASS,CCD
1180,99942,,99942,2006-12-25 15:33:58.694000+00:00,207.872721,-14.008642,,,568,2MASS,CCD
1181,99942,,99942,2006-12-25 15:37:02.899000+00:00,207.874529,-14.00925,,,568,2MASS,CCD
1182,99942,,99942,2006-12-25 15:40:00.106000+00:00,207.876283,-14.009856,,,568,2MASS,CCD
1183,99942,,99942,2006-12-25 15:42:52.560000+00:00,207.878029,-14.010461,,,568,2MASS,CCD
1184,99942,,99942,2006-12-26 14:51:45.274000+00:00,208.712821,-14.289547,,,568,2MASS,CCD
1185,99942,,99942,2006-12-26 14:55:29.309000+00:00,208.715071,-14.290306,,,568,2MASS,CCD
1186,99942,,99942,2006-12-26 14:59:11.098000+00:00,208.71725,-14.291044,,,568,2MASS,CCD
1187,99942,,99942,2006-12-26 15:02:54.182000+00:00,208.719483,-14.291797,,,568,2MASS,CCD
1188,99942,,99942,2006-12-26 15:06:36.835000+00:00,208.721679,-14.29255,,,568,2MASS,CCD
1189,99942,,99942,2006-12-26 15:10:32.016000+00:00,208.7241,-14.293339,,,568,2MASS,CCD
1190,99942,,99942,2006-12-26 15:14:14.496000+00:00,208.726154,-14.294067,,,568,2MASS,CCD
1191,99942,,99942,2006-12-26 15:17:56.976000+00:00,208.728392,-14.294828,,,568,2MASS,CCD
1192,99942,,99942,2006-12-26 15:21:39.197000+00:00,208.7306,-14.295564,,,568,2MASS,CCD
1193,99942,,99942,2006-12-26 15:27:59.443000+00:00,208.734404,-14.296861,,,568,2MASS,CCD
1194,99942,,99942,2006-12-26 15:31:42.874000+00:00,208.736667,-14.297606,,,568,2MASS,CCD
1195,99942,,99942,2006-12-26 15:35:25.958000+00:00,208.738821,-14.298333,,,568,2MASS,CCD
1196,99942,,99942,2006-12-26 15:39:22.090000+00:00,208.741188,-14.29915,,,568,2MASS,CCD
1197,99942,,99942,2006-12-26 15:43:04.483000+00:00,208.743375,-14.299886,,,568,2MASS,CCD
1198,99942,,99942,2006-12-26 15:47:00.269000+00:00,208.745729,-14.300672,,,568,2MASS,CCD
1199,99942,,99942,2006-12-26 15:50:42.403000+00:00,208.747883,-14.301414,,,568,2MASS,CCD
1200,99942,,99942,2006-12-26 15:54:38.966000+00:00,208.750275,-14.302233,,,568,2MASS,CCD
1201,99942,,99942,2006-12-27 14:43:50.506000+00:00,209.577863,-14.575058,,,568,2MASS,CCD
1202,99942,,99942,2006-12-27 14:47:13.114000+00:00,209.579917,-14.575719,,,568,2MASS,CCD
1203,99942,,99942,2006-12-27 14:50:35.462000+00:00,209.581954,-14.576411,,,568,2MASS,CCD
1204,99942,,99942,2006-12-27 14:54:07.574000+00:00,209.584046,-14.577108,,,568,2MASS,CCD
1205,99942,,99942,2006-12-27 14:57:44.525000+00:00,209.586217,-14.577822,,,568,2MASS,CCD
1206,99942,,99942,2006-12-27 15:04:30.432000+00:00,209.590317,-14.579197,,,568,2MASS,CCD
1207,99942,,99942,2006-12-27 15:07:53.040000+00:00,209.592321,-14.579875,,,568,2MASS,CCD
1208,99942,,99942,2006-12-27 15:11:16.512000+00:00,209.594325,-14.580539,,,568,2MASS,CCD
1209,99942,,99942,2006-12-27 15:14:55.622000+00:00,209.596517,-14.581267,,,568,2MASS,CCD
1210,99942,,99942,2006-12-27 15:18:19.181000+00:00,209.598558,-14.58195,,,568,2MASS,CCD
1211,99942,,99942,2006-12-27 15:21:51.725000+00:00,209.600667,-14.582661,,,568,2MASS,CCD
1212,99942,,99942,2006-12-27 15:25:13.469000+00:00,209.602637,-14.583314,,,568,2MASS,CCD
1213,99942,,99942,2006-12-27 15:28:36.077000+00:00,209.6047,-14.584003,,,568,2MASS,CCD
1214,99942,,99942,2006-12-27 15:32:10.003000+00:00,209.606846,-14.584728,,,568,2MASS,CCD
1215,99942,,99942,2006-12-27 15:35:32.525000+00:00,209.608825,-14.585372,,,568,2MASS,CCD
1216,99942,,99942,2006-12-27 15:39:09.994000+00:00,209.611021,-14.586117,,,568,2MASS,CCD
1217,99942,,99942,2006-12-27 15:42:32.688000+00:00,209.613067,-14.586794,,,568,2MASS,CCD
1218,99942,,99942,2006-12-27 15:45:59.530000+00:00,209.615071,-14.587483,,,568,2MASS,CCD
1219,99942,,99942,2006-12-27 15:49:17.904000+00:00,209.617,-14.588131,,,568,2MASS,CCD
1220,99942,,99942,2006-12-27 15:52:43.622000+00:00,209.619138,-14.588814,,,568,2MASS,CCD
1221,99942,,99942,2006-12-28 14:22:27.206000+00:00,210.439717,-14.855606,,,568,2MASS,CCD
1222,99942,,99942,2006-12-28 14:25:49.901000+00:00,210.441625,-14.856172,,,568,2MASS,CCD
1223,99942,,99942,2006-12-28 14:29:12.077000+00:00,210.443642,-14.856906,,,568,2MASS,CCD
1224,99942,,99942,2006-12-28 14:32:34.598000+00:00,210.445688,-14.857525,,,568,2MASS,CCD
1225,99942,,99942,2006-12-28 14:36:01.267000+00:00,210.447775,-14.858219,,,568,2MASS,CCD
1226,99942,,99942,2006-12-28 14:39:22.925000+00:00,210.449808,-14.858869,,,568,2MASS,CCD
1227,99942,,99942,2006-12-28 14:42:55.037000+00:00,210.451938,-14.859592,,,568,2MASS,CCD
1228,99942,,99942,2006-12-28 14:46:17.731000+00:00,210.453975,-14.86025,,,568,2MASS,CCD
1229,99942,,99942,2006-12-28 14:49:39.994000+00:00,210.456004,-14.860914,,,568,2MASS,CCD
1230,99942,,99942,2006-12-28 14:53:29.731000+00:00,210.458288,-14.861683,,,568,2MASS,CCD
1231,99942,,99942,2006-12-28 14:56:53.722000+00:00,210.460333,-14.862342,,,568,2MASS,CCD
1232,99942,,99942,2006-12-28 15:00:18.922000+00:00,210.462458,-14.863047,,,568,2MASS,CCD
1233,99942,,99942,2006-12-28 15:03:41.011000+00:00,210.4645,-14.863714,,,568,2MASS,CCD
1234,99942,,99942,2006-12-28 15:07:03.187000+00:00,210.466421,-14.864367,,,568,2MASS,CCD
1235,99942,,99942,2006-12-28 15:10:25.190000+00:00,210.468529,-14.865033,,,568,2MASS,CCD
1236,99942,,99942,2006-12-28 15:13:59.894000+00:00,210.470658,-14.865747,,,568,2MASS,CCD
1237,99942,,99942,2006-12-28 15:17:25.094000+00:00,210.472721,-14.866464,,,568,2MASS,CCD
1238,99942,,99942,2006-12-28 15:20:59.798000+00:00,210.474854,-14.867117,,,568,2MASS,CCD
1239,99942,,99942,2006-12-28 15:24:47.894000+00:00,210.477142,-14.867883,,,568,2MASS,CCD
1240,99942,,99942,2006-12-28 15:28:22.858000+00:00,210.479329,-14.8686,,,568,2MASS,CCD
1241,99942,,99942,2006-12-28 15:31:45.120000+00:00,210.481379,-14.869264,,,568,2MASS,CCD
1242,99942,,99942,2006-12-28 15:35:07.037000+00:00,210.483317,-14.869908,,,568,2MASS,CCD
1243,99942,,99942,2006-12-28 15:38:31.632000+00:00,210.485392,-14.870586,,,568,2MASS,CCD
1244,99942,,99942,2006-12-28 15:41:54.326000+00:00,210.487513,-14.871278,,,568,2MASS,CCD
1245,99942,,99942,2006-12-28 15:45:17.021000+00:00,210.489467,-14.871939,,,568,2MASS,CCD
1246,99942,,99942,2006-12-28 15:48:40.061000+00:00,210.4915,-14.872617,,,568,2MASS,CCD
1247,99942,,99942,2007-01-21 13:58:44.198000+00:00,233.177567,-20.709031,,,568,2MASS,CCD
1248,99942,,99942,2007-01-21 14:02:04.387000+00:00,233.179925,-20.709492,,,568,2MASS,CCD
1249,99942,,99942,2007-01-21 14:05:26.909000+00:00,233.182308,-20.709947,,,568,2MASS,CCD
1250,99942,,99942,2007-01-21 14:09:00.835000+00:00,233.184879,-20.710453,,,568,2MASS,CCD
1251,99942,,99942,2007-01-21 14:12:25.171000+00:00,233.187242,-20.710906,,,568,2MASS,CCD
1252,99942,,99942,2007-01-21 14:15:47.779000+00:00,233.189579,-20.711342,,,568,2MASS,CCD
1253,99942,,99942,2007-01-21 14:19:10.128000+00:00,233.191992,-20.711822,,,568,2MASS,CCD
1254,99942,,99942,2007-01-21 14:22:43.363000+00:00,233.194596,-20.712317,,,568,2MASS,CCD
1255,99942,,99942,2007-01-21 14:29:30.394000+00:00,233.199367,-20.713242,,,568,2MASS,CCD
1256,99942,,99942,2007-01-21 14:33:04.666000+00:00,233.201846,-20.713719,,,568,2MASS,CCD
1257,99942,,99942,2007-01-21 14:36:27.792000+00:00,233.204304,-20.714183,,,568,2MASS,CCD
1258,99942,,99942,2007-01-21 14:39:59.990000+00:00,233.20675,-20.714664,,,568,2MASS,CCD
1259,99942,,99942,2007-01-21 14:43:25.363000+00:00,233.209158,-20.715125,,,568,2MASS,CCD
1260,99942,,99942,2007-01-21 14:46:59.203000+00:00,233.211733,-20.715628,,,568,2MASS,CCD
1261,99942,,99942,2007-01-21 14:50:21.206000+00:00,233.214146,-20.716078,,,568,2MASS,CCD
1262,99942,,99942,2007-01-21 14:53:44.419000+00:00,233.216504,-20.716547,,,568,2MASS,CCD
1263,99942,,99942,2007-01-21 15:00:32.400000+00:00,233.221283,-20.717461,,,568,2MASS,CCD
1264,99942,,99942,2007-01-21 15:12:44.381000+00:00,233.229867,-20.719125,,,568,2MASS,CCD
1265,99942,,99942,2007-01-21 15:19:31.411000+00:00,233.234633,-20.720039,,,568,2MASS,CCD
1266,99942,,99942,2007-01-21 15:22:54.970000+00:00,233.237129,-20.720525,,,568,2MASS,CCD
1267,99942,,99942,2007-01-21 15:26:17.405000+00:00,233.239492,-20.720967,,,568,2MASS,CCD
1268,99942,,99942,2007-01-21 15:40:14.189000+00:00,233.249254,-20.722867,,,568,2MASS,CCD
1269,99942,,99942,2007-01-21 15:43:54.509000+00:00,233.251958,-20.723378,,,568,2MASS,CCD
1270,99942,,99942,2007-01-21 15:47:18.240000+00:00,233.254292,-20.723819,,,568,2MASS,CCD
1271,99942,,99942,2007-01-21 15:50:41.280000+00:00,233.256688,-20.724286,,,568,2MASS,CCD
1272,99942,,99942,2007-01-21 15:54:05.357000+00:00,233.259046,-20.724733,,,568,2MASS,CCD
1273,99942,,99942,2007-01-21 15:57:41.184000+00:00,233.261638,-20.725228,,,568,2MASS,CCD
1274,99942,,99942,2007-01-21 16:01:03.878000+00:00,233.264004,-20.7257,,,568,2MASS,CCD
1275,99942,,99942,2007-01-21 16:04:27.005000+00:00,233.266446,-20.726156,,,568,2MASS,CCD
1276,99942,,99942,2007-01-22 13:43:52.896000+00:00,234.198867,-20.897506,,,568,2MASS,CCD
1277,99942,,99942,2007-01-22 13:50:13.574000+00:00,234.203396,-20.898283,,,568,2MASS,CCD
1278,99942,,99942,2007-01-22 14:02:03.264000+00:00,234.211854,-20.899872,,,568,2MASS,CCD
1279,99942,,99942,2007-01-22 14:06:05.962000+00:00,234.214767,-20.900411,,,568,2MASS,CCD
1280,99942,,99942,2007-01-22 14:13:01.114000+00:00,234.219679,-20.901361,,,568,2MASS,CCD
1281,99942,,99942,2007-01-22 14:16:25.277000+00:00,234.222067,-20.901783,,,568,2MASS,CCD
1282,99942,,99942,2007-01-22 14:19:47.798000+00:00,234.224437,-20.902219,,,568,2MASS,CCD
1283,99942,,99942,2007-01-22 14:23:21.034000+00:00,234.226996,-20.902728,,,568,2MASS,CCD
1284,99942,,99942,2007-01-22 14:26:43.296000+00:00,234.229433,-20.903156,,,568,2MASS,CCD
1285,99942,,99942,2007-01-22 14:30:05.990000+00:00,234.231821,-20.9036,,,568,2MASS,CCD
1286,99942,,99942,2007-01-22 14:33:38.275000+00:00,234.234317,-20.904081,,,568,2MASS,CCD
1287,99942,,99942,2007-01-22 14:37:10.733000+00:00,234.236854,-20.904544,,,568,2MASS,CCD
1288,99942,,99942,2007-01-22 14:40:45.437000+00:00,234.239471,-20.905033,,,568,2MASS,CCD
1289,99942,,99942,2007-01-22 14:44:07.613000+00:00,234.241808,-20.905508,,,568,2MASS,CCD
1290,99942,,99942,2007-01-22 14:47:30.394000+00:00,234.244246,-20.905903,,,568,2MASS,CCD
1291,99942,,99942,2007-01-22 14:51:03.110000+00:00,234.246708,-20.906381,,,568,2MASS,CCD
1292,99942,,99942,2007-01-22 14:54:25.978000+00:00,234.2492,-20.906831,,,568,2MASS,CCD
1293,99942,,99942,2007-01-22 14:57:47.808000+00:00,234.251517,-20.907278,,,568,2MASS,CCD
1294,99942,,99942,2007-01-22 15:01:20.698000+00:00,234.254038,-20.907747,,,568,2MASS,CCD
1295,99942,,99942,2007-01-22 15:04:42.701000+00:00,234.256462,-20.908194,,,568,2MASS,CCD
1296,99942,,99942,2007-01-22 15:08:59.309000+00:00,234.259567,-20.908767,,,568,2MASS,CCD
1297,99942,,99942,2007-01-22 15:12:23.472000+00:00,234.261908,-20.909233,,,568,2MASS,CCD
1298,99942,,99942,2007-01-22 15:15:58.176000+00:00,234.26445,-20.909689,,,568,2MASS,CCD
1299,99942,,99942,2007-01-22 15:19:22.771000+00:00,234.26685,-20.910136,,,568,2MASS,CCD
1300,99942,,99942,2007-01-22 15:22:58.339000+00:00,234.269429,-20.910622,,,568,2MASS,CCD
1301,99942,,99942,2007-01-22 15:26:20.774000+00:00,234.271838,-20.911053,,,568,2MASS,CCD
1302,99942,,99942,2007-01-22 15:29:42.605000+00:00,234.274188,-20.911506,,,568,2MASS,CCD
1303,99942,,99942,2007-01-22 15:33:04.781000+00:00,234.276662,-20.911958,,,568,2MASS,CCD
1304,99942,,99942,2007-01-22 15:36:26.957000+00:00,234.279063,-20.912383,,,568,2MASS,CCD
1305,99942,,99942,2007-01-22 15:43:29.712000+00:00,234.284071,-20.913336,,,568,2MASS,CCD
1306,99942,,99942,2007-01-22 15:47:02.342000+00:00,234.286521,-20.9138,,,568,2MASS,CCD
1307,99942,,99942,2007-01-22 15:50:24.518000+00:00,234.288942,-20.914231,,,568,2MASS,CCD
1308,99942,,99942,2007-01-22 15:53:46.090000+00:00,234.291308,-20.914675,,,568,2MASS,CCD
1309,99942,,99942,2007-01-24 13:55:05.261000+00:00,236.292779,-21.263111,,,568,2MASS,CCD
1310,99942,,99942,2007-01-24 13:58:37.027000+00:00,236.295187,-21.263544,,,568,2MASS,CCD
1311,99942,,99942,2007-01-24 14:02:01.104000+00:00,236.297746,-21.264108,,,568,2MASS,CCD
1312,99942,,99942,2007-01-24 14:05:23.798000+00:00,236.300213,-21.264444,,,568,2MASS,CCD
1313,99942,,99942,2007-01-24 14:08:46.838000+00:00,236.302662,-21.264894,,,568,2MASS,CCD
1314,99942,,99942,2007-01-24 14:12:11.779000+00:00,236.305004,-21.265281,,,568,2MASS,CCD
1315,99942,,99942,2007-01-24 14:15:34.819000+00:00,236.307542,-21.265728,,,568,2MASS,CCD
1316,99942,,99942,2007-01-24 14:18:57.427000+00:00,236.309992,-21.266153,,,568,2MASS,CCD
1317,99942,,99942,2007-01-24 14:22:20.294000+00:00,236.312421,-21.266575,,,568,2MASS,CCD
1318,99942,,99942,2007-01-24 14:25:53.011000+00:00,236.315004,-21.267,,,568,2MASS,CCD
1319,99942,,99942,2007-01-24 14:29:43.008000+00:00,236.317742,-21.267489,,,568,2MASS,CCD
1320,99942,,99942,2007-01-24 14:33:05.702000+00:00,236.320267,-21.267925,,,568,2MASS,CCD
1321,99942,,99942,2007-01-24 14:36:28.138000+00:00,236.322654,-21.268342,,,568,2MASS,CCD
1322,99942,,99942,2007-01-24 14:39:51.005000+00:00,236.325063,-21.268789,,,568,2MASS,CCD
1323,99942,,99942,2007-01-24 14:43:15.859000+00:00,236.327571,-21.269178,,,568,2MASS,CCD
1324,99942,,99942,2007-01-24 14:46:38.208000+00:00,236.330021,-21.269611,,,568,2MASS,CCD
1325,99942,,99942,2007-01-24 14:50:00.643000+00:00,236.332446,-21.270031,,,568,2MASS,CCD
1326,99942,,99942,2007-01-24 14:53:33.101000+00:00,236.334975,-21.2705,,,568,2MASS,CCD
1327,99942,,99942,2007-01-24 14:56:56.832000+00:00,236.337483,-21.270911,,,568,2MASS,CCD
1328,99942,,99942,2007-01-24 15:00:31.882000+00:00,236.340042,-21.27135,,,568,2MASS,CCD
1329,99942,,99942,2007-01-24 15:03:54.058000+00:00,236.342433,-21.271769,,,568,2MASS,CCD
1330,99942,,99942,2007-01-24 15:07:16.061000+00:00,236.344933,-21.272192,,,568,2MASS,CCD
1331,99942,,99942,2007-01-24 15:10:50.678000+00:00,236.3475,-21.272631,,,568,2MASS,CCD
1332,99942,,99942,2007-01-24 15:14:13.978000+00:00,236.349817,-21.27305,,,568,2MASS,CCD
1333,99942,,99942,2007-01-24 15:17:36.326000+00:00,236.3524,-21.273461,,,568,2MASS,CCD
1334,99942,,99942,2007-01-24 15:21:08.870000+00:00,236.354917,-21.273911,,,568,2MASS,CCD
1335,99942,,99942,2007-01-24 15:24:33.984000+00:00,236.357354,-21.274336,,,568,2MASS,CCD
1336,99942,,99942,2007-01-24 15:28:07.997000+00:00,236.359938,-21.274789,,,568,2MASS,CCD
1337,99942,,99942,2007-01-24 15:32:23.395000+00:00,236.363,-21.275314,,,568,2MASS,CCD
1338,99942,,99942,2007-01-24 15:35:46.608000+00:00,236.365483,-21.275742,,,568,2MASS,CCD
1339,99942,,99942,2007-01-24 15:39:09.130000+00:00,236.367896,-21.27615,,,568,2MASS,CCD
1340,99942,,99942,2007-01-24 15:42:31.997000+00:00,236.370313,-21.276578,,,568,2MASS,CCD
1341,99942,,99942,2007-01-24 15:46:04.886000+00:00,236.372817,-21.277011,,,568,2MASS,CCD
1342,99942,,99942,2007-01-24 15:49:26.803000+00:00,236.375288,-21.277433,,,568,2MASS,CCD
1343,99942,,99942,2007-01-24 15:53:05.482000+00:00,236.377925,-21.277875,,,568,2MASS,CCD
1344,99942,,99942,2007-01-24 15:56:28.090000+00:00,236.380342,-21.278303,,,568,2MASS,CCD
1345,99942,,99942,2007-01-24 16:00:06.077000+00:00,236.382971,-21.278756,,,568,2MASS,CCD
1346,99942,,99942,2007-01-24 16:03:35.338000+00:00,236.385504,-21.279178,,,568,2MASS,CCD
1347,99942,,99942,2007-01-25 13:52:35.875000+00:00,237.344946,-21.436322,,,568,2MASS,CCD
1348,99942,,99942,2007-01-25 13:55:59.261000+00:00,237.347425,-21.436733,,,568,2MASS,CCD
1349,99942,,99942,2007-01-25 13:59:21.437000+00:00,237.350021,-21.437203,,,568,2MASS,CCD
1350,99942,,99942,2007-01-25 14:02:56.918000+00:00,237.352579,-21.437575,,,568,2MASS,CCD
1351,99942,,99942,2007-01-25 14:07:45.235000+00:00,237.356033,-21.438153,,,568,2MASS,CCD
1352,99942,,99942,2007-01-25 14:11:08.880000+00:00,237.358567,-21.438594,,,568,2MASS,CCD
1353,99942,,99942,2007-01-25 14:14:31.402000+00:00,237.360992,-21.438983,,,568,2MASS,CCD
1354,99942,,99942,2007-01-25 14:17:55.565000+00:00,237.363467,-21.439392,,,568,2MASS,CCD
1355,99942,,99942,2007-01-25 14:21:19.987000+00:00,237.365983,-21.4398,,,568,2MASS,CCD
1356,99942,,99942,2007-01-25 14:24:42.163000+00:00,237.368442,-21.440217,,,568,2MASS,CCD
1357,99942,,99942,2007-01-25 14:28:17.472000+00:00,237.371,-21.440644,,,568,2MASS,CCD
1358,99942,,99942,2007-01-25 14:31:41.203000+00:00,237.373479,-21.441053,,,568,2MASS,CCD
1359,99942,,99942,2007-01-25 14:35:04.243000+00:00,237.375904,-21.441453,,,568,2MASS,CCD
1360,99942,,99942,2007-01-25 14:39:02.362000+00:00,237.378838,-21.441939,,,568,2MASS,CCD
1361,99942,,99942,2007-01-25 14:42:26.179000+00:00,237.381312,-21.442361,,,568,2MASS,CCD
1362,99942,,99942,2007-01-25 14:45:48.614000+00:00,237.383746,-21.442756,,,568,2MASS,CCD
1363,99942,,99942,2007-01-25 14:49:23.232000+00:00,237.386429,-21.443214,,,568,2MASS,CCD
1364,99942,,99942,2007-01-25 14:52:51.542000+00:00,237.388887,-21.443622,,,568,2MASS,CCD
1365,99942,,99942,2007-01-25 14:56:14.410000+00:00,237.391333,-21.444039,,,568,2MASS,CCD
1366,99942,,99942,2007-01-25 14:59:48.422000+00:00,237.393962,-21.444469,,,568,2MASS,CCD
1367,99942,,99942,2007-01-25 15:03:11.030000+00:00,237.396421,-21.444872,,,568,2MASS,CCD
1368,99942,,99942,2007-01-25 15:06:33.638000+00:00,237.398837,-21.445267,,,568,2MASS,CCD
1369,99942,,99942,2007-01-25 15:10:20.870000+00:00,237.401575,-21.445736,,,568,2MASS,CCD
1370,99942,,99942,2007-01-25 15:13:43.306000+00:00,237.404083,-21.446139,,,568,2MASS,CCD
1371,99942,,99942,2007-01-25 15:17:05.309000+00:00,237.406558,-21.446542,,,568,2MASS,CCD
1372,99942,,99942,2007-01-25 15:20:40.186000+00:00,237.409108,-21.446975,,,568,2MASS,CCD
1373,99942,,99942,2007-01-25 15:24:04.522000+00:00,237.411492,-21.447372,,,568,2MASS,CCD
1374,99942,,99942,2007-01-25 15:27:39.917000+00:00,237.414196,-21.447817,,,568,2MASS,CCD
1375,99942,,99942,2007-01-25 15:31:02.438000+00:00,237.416658,-21.448222,,,568,2MASS,CCD
1376,99942,,99942,2007-01-25 15:34:40.166000+00:00,237.419263,-21.448586,,,568,2MASS,CCD
1377,99942,,99942,2007-03-09 15:42:00.806000+00:00,289.152896,-21.18525,,,568,2MASS,CCD
1378,99942,,99942,2007-03-09 15:45:13.910000+00:00,289.155712,-21.184711,,,568,2MASS,CCD
1379,99942,,99942,2007-12-13 15:51:25.603000+00:00,216.646692,-15.447644,,,568,2MASS,CCD
1380,99942,,99942,2008-01-06 15:20:05.885000+00:00,240.963521,-20.864261,,,568,2MASS,CCD
1381,99942,,99942,2008-01-06 15:30:17.510000+00:00,240.971167,-20.865444,,,568,2MASS,CCD
1382,99942,,99942,2008-01-06 15:35:15.936000+00:00,240.974942,-20.866025,,,568,2MASS,CCD
1383,99942,,99942,2008-01-06 15:40:12.288000+00:00,240.978696,-20.866619,,,568,2MASS,CCD
1384,99942,,99942,2008-01-06 15:45:25.402000+00:00,240.982504,-20.867206,,,568,2MASS,CCD
1385,99942,,99942,2008-01-06 15:50:24.432000+00:00,240.986521,-20.867822,,,568,2MASS,CCD
1386,99942,,99942,2008-01-06 15:55:25.709000+00:00,240.990075,-20.868344,,,568,2MASS,CCD
1387,99942,,99942,2008-01-07 15:24:10.915000+00:00,242.061337,-21.025581,,,568,2MASS,CCD
1388,99942,,99942,2008-01-07 15:29:04.070000+00:00,242.065033,-21.026108,,,568,2MASS,CCD
1389,99942,,99942,2008-01-07 15:40:06.931000+00:00,242.073404,-21.02735,,,568,2MASS,CCD
1390,99942,,99942,2008-01-07 15:45:39.485000+00:00,242.077533,-21.027936,,,568,2MASS,CCD
1391,99942,,99942,2008-01-08 15:41:51.994000+00:00,243.175975,-21.181675,,,568,2MASS,CCD
1392,99942,,99942,2008-01-08 15:45:57.629000+00:00,243.179033,-21.182167,,,568,2MASS,CCD
1393,99942,,99942,2008-01-08 15:49:17.904000+00:00,243.1816,-21.182486,,,568,2MASS,CCD
1394,99942,,99942,2008-01-08 15:55:54.394000+00:00,243.186679,-21.183233,,,568,2MASS,CCD
1395,99942,,99942,2008-01-08 15:58:41.578000+00:00,243.188846,-21.183511,,,568,2MASS,CCD
1396,99942,,99942,2008-01-09 15:34:53.472000+00:00,244.278563,-21.328669,,,568,2MASS,CCD
1397,99942,,99942,2008-01-09 15:37:40.742000+00:00,244.280479,-21.328933,,,568,2MASS,CCD
1398,99942,,99942,2008-01-09 15:40:31.382000+00:00,244.282783,-21.329181,,,568,2MASS,CCD
1399,99942,,99942,2008-01-09 15:43:19.085000+00:00,244.284875,-21.329506,,,568,2MASS,CCD
1400,99942,,99942,2008-01-09 15:49:05.290000+00:00,244.289229,-21.330078,,,568,2MASS,CCD
1401,99942,,99942,2008-01-09 15:51:52.733000+00:00,244.291471,-21.330392,,,568,2MASS,CCD
1402,99942,,99942,2008-01-09 15:54:54+00:00,244.293775,-21.330664,,,568,2MASS,CCD
1403,99942,,99942,2008-01-09 15:57:43.603000+00:00,244.295875,-21.330961,,,568,2MASS,CCD
1404,99942,,99942,2011-03-04 19:35:24+00:00,31.65258,10.44122,20.4,R,586,USNOB1,CCD
1405,99942,,Apophis,2011-03-04 19:41:20.832000+00:00,31.65733,10.44297,21.6,R,586,NOMAD,CCD
1406,99942,,Apophis,2011-03-04 19:47:36.672000+00:00,31.66204,10.44447,21.3,R,586,NOMAD,CCD
1407,99942,,99942,2011-03-05 18:55:52.320000+00:00,32.69129,10.78042,19.4,R,586,USNOB1,CCD
1408,99942,,99942,2011-03-05 19:00:41.760000+00:00,32.69471,10.78147,19.8,R,586,USNOB1,CCD
1409,99942,,99942,2011-03-05 19:02:14.208000+00:00,32.69579,10.78189,19.3,R,586,USNOB1,CCD
1410,99942,,99942,2011-03-05 19:11:21.120000+00:00,32.70262,10.784,20.1,R,586,USNOB1,CCD
1411,99942,,99942,2011-03-05 19:12:52.704000+00:00,32.70379,10.78453,19.9,R,586,USNOB1,CCD
1412,99942,,99942,2011-03-05 19:18:20.160000+00:00,32.70775,10.78572,20.1,R,586,USNOB1,CCD
1413,99942,,99942,2011-03-05 19:19:50.880000+00:00,32.70879,10.78614,20.1,R,586,USNOB1,CCD
1414,99942,,99942,2011-03-05 19:24:24.768000+00:00,32.71233,10.78725,20.1,R,586,USNOB1,CCD
1415,99942,,99942,2011-03-05 19:25:56.352000+00:00,32.71329,10.78761,20.0,R,586,USNOB1,CCD
1416,99942,,99942,2011-03-05 19:30:30.240000+00:00,32.71667,10.78853,20.2,R,586,USNOB1,CCD
1417,99942,,99942,2011-03-05 19:34:01.056000+00:00,32.71929,10.78942,19.8,R,586,USNOB1,CCD
1418,99942,,99942,2011-03-05 19:35:31.776000+00:00,32.72029,10.78986,19.6,R,586,USNOB1,CCD
1419,99942,,99942,2011-03-05 19:40:05.664000+00:00,32.72367,10.79092,20.0,R,586,USNOB1,CCD
1420,99942,,99942,2011-03-05 19:44:40.416000+00:00,32.72712,10.79197,19.8,R,586,USNOB1,CCD
1421,99942,,99942,2011-03-05 19:47:42.720000+00:00,32.72946,10.79278,19.9,R,586,USNOB1,CCD
1422,99942,,99942,2011-03-05 19:49:40.224000+00:00,32.73071,10.79317,19.5,R,586,USNOB1,CCD
1423,99942,,99942,2011-03-05 19:55:44.832000+00:00,32.73529,10.79458,19.7,R,586,USNOB1,CCD
1424,99942,,99942,2011-03-05 19:57:16.416000+00:00,32.73621,10.79492,20.3,R,586,USNOB1,CCD
1425,99942,,99942,2011-03-06 19:07:54.624000+00:00,33.765,11.1265,19.8,R,586,USNOB1,CCD
1426,99942,,99942,2011-03-06 19:09:26.208000+00:00,33.766,11.12678,19.9,R,586,USNOB1,CCD
1427,99942,,99942,2011-03-06 19:10:57.792000+00:00,33.76717,11.12717,19.9,R,586,USNOB1,CCD
1428,99942,,99942,2011-03-06 19:12:29.376000+00:00,33.76833,11.12753,20.0,R,586,USNOB1,CCD
1429,99942,,99942,2011-03-06 19:14:00.096000+00:00,33.7695,11.12792,19.8,R,586,USNOB1,CCD
1430,99942,,99942,2011-03-06 19:15:31.680000+00:00,33.77054,11.12825,20.1,R,586,USNOB1,CCD
1431,99942,,99942,2011-03-06 19:17:03.264000+00:00,33.77175,11.12861,19.5,R,586,USNOB1,CCD
1432,99942,,99942,2011-03-06 19:18:33.984000+00:00,33.77283,11.12897,19.5,R,586,USNOB1,CCD
1433,99942,,99942,2011-03-06 19:20:40.128000+00:00,33.77417,11.12922,20.0,R,586,USNOB1,CCD
1434,99942,,99942,2011-03-06 19:22:10.848000+00:00,33.77533,11.12975,19.7,R,586,USNOB1,CCD
1435,99942,,99942,2011-03-06 19:23:43.296000+00:00,33.77654,11.13011,19.6,R,586,USNOB1,CCD
1436,99942,,99942,2011-03-06 19:25:14.016000+00:00,33.77788,11.13058,19.9,R,586,USNOB1,CCD
1437,99942,,99942,2011-03-06 19:26:44.736000+00:00,33.77879,11.13094,19.6,R,586,USNOB1,CCD
1438,99942,,99942,2011-03-06 19:28:17.184000+00:00,33.77996,11.13122,19.1,R,586,USNOB1,CCD
1439,99942,,99942,2011-03-06 19:36:35.712000+00:00,33.78617,11.13317,19.7,R,586,USNOB1,CCD
1440,99942,,99942,2011-03-06 19:38:08.160000+00:00,33.78733,11.13369,20.0,R,586,USNOB1,CCD
1441,99942,,99942,2011-03-06 19:39:38.880000+00:00,33.78833,11.13381,19.9,R,586,USNOB1,CCD
1442,99942,,99942,2011-03-06 19:41:09.600000+00:00,33.78942,11.13428,19.9,R,586,USNOB1,CCD
1443,99942,,99942,2011-03-06 19:42:42.048000+00:00,33.79058,11.13467,19.8,R,586,USNOB1,CCD
1444,99942,,99942,2011-03-06 19:45:45.216000+00:00,33.79279,11.13539,19.9,R,586,USNOB1,CCD
1445,99942,,99942,2011-03-06 19:47:15.936000+00:00,33.79392,11.13575,19.9,R,586,USNOB1,CCD
1446,99942,,99942,2011-03-06 19:48:46.656000+00:00,33.79517,11.13608,19.5,R,586,USNOB1,CCD
1447,99942,,99942,2011-03-06 19:50:19.104000+00:00,33.79608,11.13642,19.9,R,586,USNOB1,CCD
1448,99942,,99942,2011-03-06 19:51:49.824000+00:00,33.79742,11.13686,19.9,R,586,USNOB1,CCD
1449,99942,,99942,2011-03-07 19:05:52.800000+00:00,34.82637,11.46394,19.7,R,586,USNOB1,CCD
1450,99942,,99942,2011-03-07 19:07:24.384000+00:00,34.82754,11.46425,19.9,R,586,USNOB1,CCD
1451,99942,,99942,2011-03-07 19:10:26.688000+00:00,34.82971,11.465,20.2,R,586,USNOB1,CCD
1452,99942,,99942,2011-03-07 19:13:56.640000+00:00,34.83242,11.46583,20.0,R,586,USNOB1,CCD
1453,99942,,99942,2011-03-07 19:15:28.224000+00:00,34.83346,11.46622,20.1,R,586,USNOB1,CCD
1454,99942,,99942,2011-03-07 19:18:31.392000+00:00,34.83579,11.46692,20.3,R,586,USNOB1,CCD
1455,99942,,99942,2011-03-07 19:20:02.112000+00:00,34.83679,11.46728,20.2,R,586,USNOB1,CCD
1456,99942,,99942,2011-03-07 19:24:36+00:00,34.84038,11.46833,20.3,R,586,USNOB1,CCD
1457,99942,,99942,2011-03-07 19:26:06.720000+00:00,34.84125,11.46869,20.1,R,586,USNOB1,CCD
1458,99942,,99942,2011-03-07 19:28:18.912000+00:00,34.84287,11.46917,19.5,R,586,USNOB1,CCD
1459,99942,,99942,2011-03-07 19:29:49.632000+00:00,34.844,11.46956,20.0,R,586,USNOB1,CCD
1460,99942,,99942,2011-03-07 19:31:21.216000+00:00,34.84508,11.46983,19.9,R,586,USNOB1,CCD
1461,99942,,99942,2011-03-07 19:34:24.384000+00:00,34.84737,11.47058,19.6,R,586,USNOB1,CCD
1462,99942,,99942,2011-03-07 19:35:55.104000+00:00,34.84833,11.47089,20.1,R,586,USNOB1,CCD
1463,99942,,99942,2011-03-07 19:37:26.688000+00:00,34.84954,11.47128,20.1,R,586,USNOB1,CCD
1464,99942,,99942,2011-03-07 19:38:58.272000+00:00,34.85075,11.47158,20.1,R,586,USNOB1,CCD
1465,99942,,99942,2011-03-07 19:40:28.992000+00:00,34.85171,11.47186,20.0,R,586,USNOB1,CCD
1466,99942,,99942,2011-03-07 19:43:27.840000+00:00,34.85404,11.47267,20.2,R,586,USNOB1,CCD
1467,99942,,99942,2011-03-07 19:44:59.424000+00:00,34.85521,11.47308,20.1,R,586,USNOB1,CCD
1468,99942,,99942,2011-03-07 19:46:30.144000+00:00,34.85633,11.47342,19.8,R,586,USNOB1,CCD
1469,99942,,99942,2011-03-07 19:48:01.728000+00:00,34.85733,11.47375,19.8,R,586,USNOB1,CCD
1470,99942,,99942,2011-03-07 19:52:35.616000+00:00,34.86067,11.47475,20.1,R,586,USNOB1,CCD
1471,99942,,99942,2011-03-07 19:54:07.200000+00:00,34.86187,11.47506,19.2,R,586,USNOB1,CCD
1472,99942,,99942,2011-03-07 19:55:37.920000+00:00,34.86312,11.47553,19.7,R,586,USNOB1,CCD
1473,99942,,99942,2011-03-14 02:29:33.504000+00:00,41.48379,13.47164,20.6,R,H01,USNOB1,CCD
1474,99942,,99942,2011-03-14 02:40:01.632000+00:00,41.49146,13.47383,20.9,R,H01,USNOB1,CCD
1475,99942,,99942,2011-03-14 02:49:36.192000+00:00,41.49833,13.47581,20.7,R,H01,USNOB1,CCD
1476,99942,,99942,2011-03-14 03:00:24.192000+00:00,41.50617,13.47803,21.1,R,H01,USNOB1,CCD
1477,99942,,99942,2011-05-30 05:56:53.376000+00:00,116.45846,19.40117,,,568,PPMXL,CCD
1478,99942,,99942,2011-05-30 05:57:58.176000+00:00,116.45913,19.40106,,,568,PPMXL,CCD
1479,99942,,99942,2011-05-30 05:58:57.792000+00:00,116.45971,19.401,,,568,PPMXL,CCD
1480,99942,,99942,2011-05-30 06:00:04.320000+00:00,116.46042,19.40086,,,568,PPMXL,CCD
1481,99942,,99942,2011-05-30 06:01:04.800000+00:00,116.461,19.40083,,,568,PPMXL,CCD
1482,99942,,99942,2011-05-30 06:02:07.008000+00:00,116.46162,19.40069,,,568,PPMXL,CCD
1483,99942,,99942,2011-05-30 06:03:13.536000+00:00,116.46233,19.40061,,,568,PPMXL,CCD
1484,99942,,99942,2011-05-30 06:04:17.472000+00:00,116.463,19.40056,,,568,PPMXL,CCD
1485,99942,,99942,2011-05-30 06:05:24+00:00,116.46371,19.40042,,,568,PPMXL,CCD
1486,99942,,99942,2011-05-30 06:06:30.528000+00:00,116.46438,19.40031,,,568,PPMXL,CCD
1487,99942,,99942,2011-05-31 06:12:45.504000+00:00,117.35329,19.27267,,,568,PPMXL,CCD
1488,99942,,99942,2011-05-31 06:13:45.120000+00:00,117.35387,19.27258,,,568,PPMXL,CCD
1489,99942,,99942,2011-05-31 06:14:44.736000+00:00,117.35446,19.2725,,,568,PPMXL,CCD
1490,99942,,99942,2011-05-31 06:15:50.400000+00:00,117.35513,19.27239,,,568,PPMXL,CCD
1491,99942,,99942,2011-05-31 06:16:50.880000+00:00,117.35579,19.27228,,,568,PPMXL,CCD
1492,99942,,99942,2011-06-01 06:36:24.192000+00:00,118.25062,19.139,,,568,PPMXL,CCD
1493,99942,,99942,2011-06-01 06:37:23.808000+00:00,118.25121,19.13894,,,568,PPMXL,CCD
1494,99942,,99942,2011-06-01 06:38:23.424000+00:00,118.25183,19.13878,,,568,PPMXL,CCD
1495,99942,,99942,2011-06-01 06:39:23.904000+00:00,118.25246,19.13878,,,568,PPMXL,CCD
1496,99942,,99942,2011-07-02 06:05:07.584000+00:00,144.65371,13.20517,,,568,PPMXL,CCD
1497,99942,,99942,2011-07-02 06:06:07.200000+00:00,144.65438,13.205,,,568,PPMXL,CCD
1498,99942,,99942,2011-07-02 06:07:07.680000+00:00,144.655,13.20486,,,568,PPMXL,CCD
1499,99942,,99942,2011-07-02 06:08:09.888000+00:00,144.65554,13.20467,,,568,PPMXL,CCD
1500,99942,,99942,2011-07-02 06:09:09.504000+00:00,144.65612,13.2045,,,568,PPMXL,CCD
1501,99942,,99942,2011-12-17 19:42:14.400000+00:00,325.81154,-15.19814,20.2,R,J04,PPMXL,CCD
1502,99942,,99942,2011-12-17 20:11:44.736000+00:00,325.83937,-15.19081,20.2,R,J04,PPMXL,CCD
1503,99942,,99942,2012-01-10 23:57:06.336000+00:00,357.94358,-4.99408,20.1,V,H21,USNOB1,CCD
1504,99942,,99942,2012-01-11 00:11:24.806000+00:00,357.95604,-4.98944,20.3,V,H21,USNOB1,CCD
1505,99942,,99942,2012-01-11 00:25:55.286000+00:00,357.96879,-4.98481,20.0,V,H21,USNOB1,CCD
1506,99942,,99942,2012-01-11 17:49:18.912000+00:00,358.88675,-4.64906,20.8,R,204,PPMXL,CCD
1507,99942,,99942,2012-01-11 18:39:22.176000+00:00,358.92988,-4.63306,,,204,PPMXL,CCD
1508,99942,,99942,2012-02-16 19:45:56.448000+00:00,40.56375,10.44686,19.0,R,B66,USNOSA2,CCD
1509,99942,,99942,2012-02-16 20:39:39.168000+00:00,40.60292,10.45947,19.7,R,B66,USNOSA2,CCD
1510,99942,,99942,2012-02-17 19:30:40.608000+00:00,41.60321,10.77547,20.1,R,B04,NOMAD,CCD
1511,99942,,99942,2012-02-17 19:52:04.512000+00:00,41.61854,10.78022,20.7,R,B04,NOMAD,CCD
1512,99942,,99942,2012-02-18 00:57:32.630000+00:00,41.84112,10.85022,20.5,V,H21,PPMXL,CCD
1513,99942,,99942,2012-02-18 01:18:25.085000+00:00,41.85604,10.85486,20.3,V,H21,PPMXL,CCD
1514,99942,,99942,2012-02-18 01:25:20.150000+00:00,41.861,10.8565,20.4,V,H21,PPMXL,CCD
1515,99942,,99942,2012-02-18 01:32:03.725000+00:00,41.86588,10.85814,20.4,V,H21,PPMXL,CCD
1516,99942,,99942,2012-02-20 00:56:45.024000+00:00,43.92504,11.49369,20.2,V,H21,UCAC2,CCD
1517,99942,,99942,2012-02-20 01:06:43.862000+00:00,43.93212,11.49581,20.3,V,H21,UCAC2,CCD
1518,99942,,99942,2012-02-21 20:49:22.368000+00:00,45.81387,12.06075,20.2,R,B04,NOMAD,CCD
1519,99942,,99942,2012-02-22 19:11:55.680000+00:00,46.77237,12.34258,19.9,R,B66,USNOSA2,CCD
1520,99942,,99942,2012-02-22 19:38:12.480000+00:00,46.79154,12.34811,19.8,R,B66,USNOSA2,CCD
1521,99942,,99942,2012-02-26 01:23:12.451000+00:00,50.091,13.28781,20.7,V,H21,PPMXL,CCD
1522,99942,,99942,2012-02-26 01:32:09.254000+00:00,50.09729,13.2895,20.6,V,H21,PPMXL,CCD
1523,99942,,99942,2012-02-26 01:41:06.144000+00:00,50.10363,13.29136,,,H21,PPMXL,CCD
1524,99942,,99942,2012-02-26 01:52:38.381000+00:00,50.11138,13.29364,20.5,V,H21,PPMXL,CCD
1525,99942,,99942,2012-03-02 19:51:03.168000+00:00,55.86254,14.80467,20.2,R,B04,UCAC3,CCD
1526,99942,,99942,2012-03-02 20:32:25.440000+00:00,55.89058,14.81161,20.4,R,B04,UCAC3,CCD
1527,99942,,99942,2012-03-14 19:38:31.488000+00:00,67.47,17.33136,20.0,R,B04,UCAC3,CCD
1528,99942,,99942,2012-03-14 19:52:16.608000+00:00,67.47917,17.33292,20.9,R,B04,UCAC3,CCD
1529,99942,,99942,2012-03-14 20:06:18.144000+00:00,67.48833,17.33472,20.7,R,B04,UCAC3,CCD
1530,99942,,99942,2012-03-23 18:36:57.888000+00:00,75.85563,18.68664,21.0,R,461,USNOB1,CCD
1531,99942,,99942,2012-03-23 18:47:26.016000+00:00,75.86213,18.68747,20.8,R,461,USNOB1,CCD
1532,99942,,99942,2012-03-23 18:57:48.960000+00:00,75.86875,18.68839,20.8,R,461,USNOB1,CCD
1533,99942,,99942,2012-03-24 18:45:25.920000+00:00,76.78429,18.81125,20.8,R,461,USNOB1,CCD
1534,99942,,99942,2012-03-24 18:58:00.192000+00:00,76.79233,18.81242,21.2,R,461,USNOB1,CCD
1535,99942,,99942,2012-03-24 19:09:32.256000+00:00,76.79954,18.81325,20.6,R,461,USNOB1,CCD
1536,99942,,99942,2012-04-20 03:34:07.680000+00:00,100.30338,20.24297,,,G96,UCAC2,CCD
1537,99942,,99942,2012-04-20 03:35:59.136000+00:00,100.30454,20.24289,21.1,V,G96,UCAC2,CCD
1538,99942,,99942,2012-04-20 03:37:48+00:00,100.30558,20.24283,21.1,V,G96,UCAC2,CCD
1539,99942,,P103uAr,2012-05-08 06:11:31.200000+00:00,115.679396,19.365989,21.0,w,F51,2MASS,CCD
1540,99942,,P103uAr,2012-05-08 06:18:11.232000+00:00,115.683217,19.365511,21.1,w,F51,2MASS,CCD
1541,99942,,P103uAr,2012-05-08 06:24:54.720000+00:00,115.687004,19.365103,21.0,w,F51,2MASS,CCD
1542,99942,,P103uAr,2012-05-08 06:31:34.752000+00:00,115.690879,19.364683,21.0,w,F51,2MASS,CCD
1543,99942,,99942,2012-12-03 01:22:55.776000+00:00,181.678667,-25.370828,18.5,R,188,UNK,CCD
1544,99942,,99942,2012-12-03 01:25:07.968000+00:00,181.677008,-25.371089,18.7,R,188,UNK,CCD
1545,99942,,99942,2012-12-03 01:27:19.296000+00:00,181.6752,-25.371281,18.6,R,188,UNK,CCD
1546,99942,,99942,2012-12-03 01:29:17.664000+00:00,181.673596,-25.371544,18.7,R,188,UNK,CCD
1547,99942,,99942,2012-12-03 01:30:29.376000+00:00,181.672558,-25.371639,18.5,R,188,UNK,CCD
1548,99942,,99942,2012-12-03 01:31:40.224000+00:00,181.671521,-25.3718,19.1,R,188,UNK,CCD
1549,99942,,99942,2012-12-03 01:32:51.072000+00:00,181.67065,-25.371875,18.7,R,188,UNK,CCD
1550,99942,,99942,2012-12-03 01:35:13.632000+00:00,181.6687,-25.372242,18.5,R,188,UNK,CCD
1551,99942,,99942,2012-12-03 01:36:25.344000+00:00,181.667683,-25.372247,19.1,R,188,UNK,CCD
1552,99942,,99942,2012-12-03 01:37:36.192000+00:00,181.666729,-25.372433,18.8,R,188,UNK,CCD
1553,99942,,99942,2012-12-03 01:38:47.040000+00:00,181.665708,-25.37245,18.8,R,188,UNK,CCD
1554,99942,,99942,2012-12-03 01:39:57.888000+00:00,181.664854,-25.372578,18.8,R,188,UNK,CCD
1555,99942,,99942,2012-12-09 05:13:40.512000+00:00,175.30704,-26.14883,17.6,R,204,UCAC4,CCD
1556,99942,,99942,2012-12-09 05:21:23.616000+00:00,175.30096,-26.14956,,,204,UCAC4,CCD
1557,99942,,99942,2012-12-09 05:29:02.400000+00:00,175.295,-26.15031,,,204,UCAC4,CCD
1558,99942,,99942,2012-12-12 07:58:30.720000+00:00,172.16792,-26.49225,17.7,V,807,UCAC3,CCD
1559,99942,,99942,2012-12-12 08:05:42.720000+00:00,172.16237,-26.493,17.6,V,807,UCAC3,CCD
1560,99942,,99942,2012-12-12 08:12:46.944000+00:00,172.15683,-26.49375,17.5,V,807,UCAC3,CCD
1561,99942,,99942,2012-12-12 08:19:51.168000+00:00,172.15138,-26.49444,17.5,V,807,UCAC3,CCD
1562,99942,,99942,2012-12-12 08:24:46.656000+00:00,172.1475,-26.49494,17.5,V,807,UCAC3,CCD
1563,99942,,99942,2012-12-12 16:21:24.192000+00:00,171.81608,-26.52917,17.6,V,423,UCAC3,CCD
1564,99942,,99942,2012-12-12 16:56:36.672000+00:00,171.78912,-26.53281,17.8,V,423,UCAC3,CCD
1565,99942,,99942,2012-12-13 11:07:01.344000+00:00,171.01454,-26.64072,17.8,R,H06,UCAC2,CCD
1566,99942,,99942,2012-12-13 11:25:22.080000+00:00,171.0,-26.64225,17.9,R,H06,UCAC2,CCD
1567,99942,,99942,2012-12-13 11:43:47.136000+00:00,170.98546,-26.64425,17.6,R,H06,UCAC2,CCD
1568,99942,,99942,2012-12-13 15:46:44.544000+00:00,170.825,-26.63628,17.3,V,423,UCAC3,CCD
1569,99942,,99942,2012-12-13 16:25:49.440000+00:00,170.79529,-26.64033,17.1,V,423,UCAC3,CCD
1570,99942,,99942,2012-12-14 00:00:25.920000+00:00,170.46363,-26.7005,18.2,R,188,UNK,CCD
1571,99942,,99942,2012-12-14 00:02:07.008000+00:00,170.46242,-26.70064,18.0,R,188,UNK,CCD
1572,99942,,99942,2012-12-14 00:03:48.096000+00:00,170.46104,-26.70081,18.1,R,188,UNK,CCD
1573,99942,,99942,2012-12-14 00:05:29.184000+00:00,170.45975,-26.70092,18.1,R,188,UNK,CCD
1574,99942,,99942,2012-12-14 00:08:51.360000+00:00,170.45708,-26.70119,18.1,R,188,UNK,CCD
1575,99942,,99942,2012-12-14 00:10:31.584000+00:00,170.45571,-26.70136,18.1,R,188,UNK,CCD
1576,99942,,99942,2012-12-14 00:12:14.400000+00:00,170.45437,-26.7015,18.0,R,188,UNK,CCD
1577,99942,,99942,2012-12-14 00:13:54.624000+00:00,170.45312,-26.70164,18.0,R,188,UNK,CCD
1578,99942,,99942,2012-12-14 00:15:35.712000+00:00,170.45171,-26.70178,18.0,R,188,UNK,CCD
1579,99942,,99942,2012-12-14 00:17:16.800000+00:00,170.45037,-26.70192,18.0,R,188,UNK,CCD
1580,99942,,99942,2012-12-14 00:18:57.888000+00:00,170.44904,-26.70208,17.9,R,188,UNK,CCD
1581,99942,,99942,2012-12-14 00:20:38.976000+00:00,170.44775,-26.70222,17.9,R,188,UNK,CCD
1582,99942,,99942,2012-12-14 00:22:20.064000+00:00,170.44642,-26.70236,18.2,R,188,UNK,CCD
1583,99942,,99942,2012-12-14 00:24:01.152000+00:00,170.445,-26.7025,18.0,R,188,UNK,CCD
1584,99942,,99942,2012-12-14 00:25:43.104000+00:00,170.44371,-26.70261,18.1,R,188,UNK,CCD
1585,99942,,99942,2012-12-14 00:27:24.192000+00:00,170.44233,-26.70278,18.1,R,188,UNK,CCD
1586,99942,,99942,2012-12-14 00:29:05.280000+00:00,170.441,-26.70292,18.0,R,188,UNK,CCD
1587,99942,,99942,2012-12-14 00:30:46.368000+00:00,170.43967,-26.70303,18.2,R,188,UNK,CCD
1588,99942,,99942,2012-12-14 00:32:26.592000+00:00,170.43837,-26.70317,18.1,R,188,UNK,CCD
1589,99942,,99942,2012-12-14 00:34:07.680000+00:00,170.43704,-26.70331,18.1,R,188,UNK,CCD
1590,99942,,99942,2012-12-14 00:35:48.768000+00:00,170.43567,-26.70347,18.1,R,188,UNK,CCD
1591,99942,,99942,2012-12-14 00:37:29.856000+00:00,170.43437,-26.70358,18.0,R,188,UNK,CCD
1592,99942,,99942,2012-12-14 00:39:11.808000+00:00,170.433,-26.70375,18.1,R,188,UNK,CCD
1593,99942,,99942,2012-12-14 00:40:52.896000+00:00,170.43171,-26.70386,18.2,R,188,UNK,CCD
1594,99942,,99942,2012-12-14 00:42:33.984000+00:00,170.43025,-26.70403,18.2,R,188,UNK,CCD
1595,99942,,99942,2012-12-14 00:44:15.072000+00:00,170.429,-26.70414,18.2,R,188,UNK,CCD
1596,99942,,99942,2012-12-14 00:45:56.160000+00:00,170.42763,-26.70428,18.1,R,188,UNK,CCD
1597,99942,,99942,2012-12-14 00:53:47.904000+00:00,170.42129,-26.70492,18.2,R,188,UNK,CCD
1598,99942,,99942,2012-12-14 00:55:28.992000+00:00,170.42,-26.70506,18.2,R,188,UNK,CCD
1599,99942,,99942,2012-12-14 00:57:10.080000+00:00,170.41871,-26.70514,18.1,R,188,UNK,CCD
1600,99942,,99942,2012-12-14 00:58:51.168000+00:00,170.41725,-26.70531,18.2,R,188,UNK,CCD
1601,99942,,99942,2012-12-14 01:00:32.256000+00:00,170.41596,-26.70542,18.1,R,188,UNK,CCD
1602,99942,,99942,2012-12-14 01:23:27.744000+00:00,170.39767,-26.70717,18.1,R,188,UNK,CCD
1603,99942,,99942,2012-12-14 01:25:08.832000+00:00,170.39633,-26.70731,18.1,R,188,UNK,CCD
1604,99942,,99942,2012-12-14 01:26:49.920000+00:00,170.39504,-26.70742,18.3,R,188,UNK,CCD
1605,99942,,99942,2012-12-14 01:28:31.872000+00:00,170.39371,-26.70753,18.1,R,188,UNK,CCD
1606,99942,,99942,2012-12-14 01:30:12.960000+00:00,170.39221,-26.70767,18.0,R,188,UNK,CCD
1607,99942,,99942,2012-12-14 01:31:54.048000+00:00,170.39096,-26.70781,18.1,R,188,UNK,CCD
1608,99942,,99942,2012-12-14 01:33:35.136000+00:00,170.38958,-26.70792,18.0,R,188,UNK,CCD
1609,99942,,99942,2012-12-14 01:35:16.224000+00:00,170.38837,-26.70803,18.4,R,188,UNK,CCD
1610,99942,,99942,2012-12-14 01:36:57.312000+00:00,170.38696,-26.70814,18.2,R,188,UNK,CCD
1611,99942,,99942,2012-12-14 01:38:39.264000+00:00,170.38563,-26.70828,18.1,R,188,UNK,CCD
1612,99942,,99942,2012-12-14 01:40:40.224000+00:00,170.38404,-26.70842,18.0,R,188,UNK,CCD
1613,99942,,99942,2012-12-14 01:42:21.312000+00:00,170.38262,-26.70856,18.0,R,188,UNK,CCD
1614,99942,,99942,2012-12-14 01:44:02.400000+00:00,170.38125,-26.70869,18.2,R,188,UNK,CCD
1615,99942,,99942,2012-12-14 01:45:44.352000+00:00,170.37996,-26.70878,18.0,R,188,UNK,CCD
1616,99942,,B12H601,2012-12-17 12:11:51.072000+00:00,166.82271,-27.04203,16.8,R,H06,UCAC4,CCD
1617,99942,,B12H601,2012-12-17 12:15:40.896000+00:00,166.81963,-27.04228,16.9,R,H06,UCAC4,CCD
1618,99942,,B12H601,2012-12-17 12:19:29.856000+00:00,166.81663,-27.04253,16.9,R,H06,UCAC4,CCD
1619,99942,,99942,2012-12-18 15:24:22.752000+00:00,165.63783,-27.10897,,,E10,PPMXL,CCD
1620,99942,,99942,2012-12-18 15:25:58.656000+00:00,165.63667,-27.10908,16.9,R,E10,PPMXL,CCD
1621,99942,,99942,2012-12-18 15:27:22.464000+00:00,165.6355,-27.10922,,,E10,PPMXL,CCD
1622,99942,,99942,2012-12-19 05:30:22.752000+00:00,164.98404,-27.18072,,,204,PPMXL,CCD
1623,99942,,99942,2012-12-19 05:35:03.552000+00:00,164.98017,-27.18072,17.1,R,204,PPMXL,CCD
1624,99942,,99942,2012-12-20 19:34:42.528000+00:00,163.26396,-27.28147,16.3,R,300,USNOB1,CCD
1625,99942,,99942,2012-12-20 19:37:02.496000+00:00,163.26192,-27.28164,16.3,R,300,USNOB1,CCD
1626,99942,,99942,2012-12-20 19:39:22.464000+00:00,163.25987,-27.28172,16.2,R,300,USNOB1,CCD
1627,99942,,99942,2012-12-20 19:41:42.432000+00:00,163.25787,-27.28178,16.3,R,300,USNOB1,CCD
1628,99942,,99942,2012-12-20 19:44:03.264000+00:00,163.25583,-27.28192,16.3,R,300,USNOB1,CCD
1629,99942,,99942,2012-12-20 19:46:23.232000+00:00,163.25392,-27.28197,16.3,R,300,USNOB1,CCD
1630,99942,,99942,2012-12-20 19:48:43.200000+00:00,163.25183,-27.28211,16.3,R,300,USNOB1,CCD
1631,99942,,99942,2012-12-20 19:51:03.168000+00:00,163.24988,-27.28222,16.2,R,300,USNOB1,CCD
1632,99942,,99942,2012-12-20 19:53:23.136000+00:00,163.24787,-27.28233,16.2,R,300,USNOB1,CCD
1633,99942,,99942,2012-12-20 19:55:43.968000+00:00,163.24583,-27.28242,16.2,R,300,USNOB1,CCD
1634,99942,,99942,2012-12-20 19:58:03.936000+00:00,163.24388,-27.28244,16.3,R,300,USNOB1,CCD
1635,99942,,99942,2012-12-20 20:00:24.768000+00:00,163.24179,-27.28261,16.4,R,300,USNOB1,CCD
1636,99942,,99942,2012-12-23 20:01:07.968000+00:00,159.86092,-27.376,15.8,R,D20,PPMXL,CCD
1637,99942,,99942,2012-12-23 20:01:50.304000+00:00,159.86033,-27.37597,15.8,R,D20,PPMXL,CCD
1638,99942,,99942,2012-12-23 20:02:25.728000+00:00,159.85975,-27.37603,15.8,R,D20,PPMXL,CCD
1639,99942,,99942,2012-12-24 20:00:44.640000+00:00,158.69387,-27.38808,16.2,R,D20,PPMXL,CCD
1640,99942,,99942,2012-12-24 20:01:26.112000+00:00,158.69321,-27.38806,16.2,R,D20,PPMXL,CCD
1641,99942,,99942,2012-12-24 20:02:07.584000+00:00,158.69258,-27.38808,16.3,R,D20,PPMXL,CCD
1642,99942,,99942,2012-12-25 03:35:16.800000+00:00,158.31275,-27.41258,15.3,R,071,USNOB1,CCD
1643,99942,,99942,2012-12-25 03:37:41.088000+00:00,158.31029,-27.41256,15.5,R,071,USNOB1,CCD
1644,99942,,99942,2012-12-25 03:40:08.832000+00:00,158.30838,-27.4125,15.2,R,071,USNOB1,CCD
1645,99942,,99942,2012-12-25 03:42:32.256000+00:00,158.30608,-27.4125,15.4,R,071,USNOB1,CCD
1646,99942,,99942,2012-12-25 03:45:00.864000+00:00,158.30375,-27.41244,15.1,R,071,USNOB1,CCD
1647,99942,,99942,2012-12-25 03:47:24.288000+00:00,158.30229,-27.41244,15.0,R,071,USNOB1,CCD
1648,99942,,99942,2012-12-25 03:49:52.896000+00:00,158.29933,-27.41242,15.2,R,071,USNOB1,CCD
1649,99942,,99942,2012-12-25 03:57:09.216000+00:00,158.29283,-27.41233,15.4,R,071,USNOB1,CCD
1650,99942,,99942,2012-12-25 03:59:36.960000+00:00,158.2905,-27.41231,15.2,R,071,USNOB1,CCD
1651,99942,,99942,2012-12-25 04:04:29.856000+00:00,158.28621,-27.41222,15.3,R,071,USNOB1,CCD
1652,99942,,99942,2012-12-25 04:08:04.128000+00:00,158.28296,-27.41219,15.3,R,071,USNOB1,CCD
1653,99942,,99942,2012-12-25 04:10:24.960000+00:00,158.28079,-27.41217,15.2,R,071,USNOB1,CCD
1654,99942,,99942,2012-12-25 04:12:45.792000+00:00,158.27875,-27.41214,15.2,R,071,USNOB1,CCD
1655,99942,,99942,2012-12-25 04:17:29.184000+00:00,158.27446,-27.41203,15.3,R,071,USNOB1,CCD
1656,99942,,99942,2012-12-25 04:19:50.016000+00:00,158.27221,-27.41203,15.2,R,071,USNOB1,CCD
1657,99942,,99942,2012-12-25 04:22:11.712000+00:00,158.27025,-27.41194,15.3,R,071,USNOB1,CCD
1658,99942,,99942,2012-12-25 04:24:33.408000+00:00,158.26808,-27.41197,15.2,R,071,USNOB1,CCD
1659,99942,,99942,2012-12-25 04:26:54.240000+00:00,158.26592,-27.41189,15.3,R,071,USNOB1,CCD
1660,99942,,99942,2012-12-25 04:29:15.936000+00:00,158.26371,-27.41186,15.2,R,071,USNOB1,CCD
1661,99942,,99942,2012-12-25 19:27:45.216000+00:00,157.53612,-27.38472,15.7,R,D20,PPMXL,CCD
1662,99942,,99942,2012-12-25 19:28:26.688000+00:00,157.5355,-27.38475,15.7,R,D20,PPMXL,CCD
1663,99942,,99942,2012-12-25 19:29:06.432000+00:00,157.53492,-27.38475,15.7,R,D20,PPMXL,CCD
1664,99942,,99942,2012-12-25 19:30:50.976000+00:00,157.53329,-27.38475,15.7,R,D20,PPMXL,CCD
1665,99942,,99942,2012-12-25 19:31:31.584000+00:00,157.53262,-27.38475,15.7,R,D20,PPMXL,CCD
1666,99942,,99942,2012-12-25 19:32:14.784000+00:00,157.532,-27.38475,15.7,R,D20,PPMXL,CCD
1667,99942,,99942,2012-12-26 19:18:59.904000+00:00,156.33496,-27.36522,16.1,R,D20,PPMXL,CCD
1668,99942,,99942,2012-12-26 19:19:42.240000+00:00,156.33433,-27.36522,16.1,R,D20,PPMXL,CCD
1669,99942,,99942,2012-12-26 19:20:21.120000+00:00,156.33371,-27.36519,16.1,R,D20,PPMXL,CCD
1670,99942,,99942,2012-12-26 19:22:11.712000+00:00,156.33196,-27.36517,16.1,R,D20,PPMXL,CCD
1671,99942,,99942,2012-12-26 19:29:47.904000+00:00,156.32479,-27.36514,16.2,R,D20,PPMXL,CCD
1672,99942,,99942,2012-12-26 19:30:30.240000+00:00,156.32404,-27.36514,16.2,R,D20,PPMXL,CCD
1673,99942,,99942,2012-12-26 19:31:11.712000+00:00,156.32346,-27.36508,16.2,R,D20,PPMXL,CCD
1674,99942,,99942,2012-12-27 11:08:13.920000+00:00,155.51963,-27.36561,17.1,V,H06,USNOA2,CCD
1675,99942,,99942,2012-12-27 11:11:20.544000+00:00,155.51667,-27.36553,17.0,V,H06,USNOA2,CCD
1676,99942,,99942,2012-12-27 11:14:25.440000+00:00,155.51358,-27.36542,17.1,V,H06,USNOA2,CCD
1677,99942,,99942,2012-12-27 11:17:33.792000+00:00,155.51075,-27.36531,16.8,V,H06,USNOA2,CCD
1678,99942,,99942,2012-12-28 01:32:01.824000+00:00,154.77929,-27.33928,16.8,R,071,USNOB1,CCD
1679,99942,,99942,2012-12-28 01:50:39.840000+00:00,154.76171,-27.33853,17.3,R,071,USNOB1,CCD
1680,99942,,99942,2012-12-28 01:59:39.840000+00:00,154.75271,-27.33825,16.5,R,071,USNOB1,CCD
1681,99942,,99942,2012-12-28 02:02:02.400000+00:00,154.75125,-27.33831,16.5,R,071,USNOB1,CCD
1682,99942,,99942,2012-12-28 02:04:24.960000+00:00,154.74825,-27.33814,16.1,R,071,USNOB1,CCD
1683,99942,,99942,2012-12-28 02:06:46.656000+00:00,154.74671,-27.338,16.8,R,071,USNOB1,CCD
1684,99942,,99942,2012-12-28 02:09:10.944000+00:00,154.74375,-27.33814,16.7,R,071,USNOB1,CCD
1685,99942,,99942,2012-12-28 02:13:16.320000+00:00,154.74029,-27.33797,16.6,R,071,USNOB1,CCD
1686,99942,,99942,2012-12-28 02:26:02.688000+00:00,154.72792,-27.33736,16.6,R,071,USNOB1,CCD
1687,99942,,99942,2012-12-28 02:30:27.936000+00:00,154.72354,-27.33714,16.4,R,071,USNOB1,CCD
1688,99942,,99942,2012-12-28 02:37:15.744000+00:00,154.71675,-27.337,17.4,R,071,USNOB1,CCD
1689,99942,,99942,2012-12-28 02:45:05.760000+00:00,154.70937,-27.33644,16.4,R,071,USNOB1,CCD
1690,99942,,99942,2012-12-28 02:48:27.936000+00:00,154.70675,-27.33622,16.0,R,071,USNOB1,CCD
1691,99942,,99942,2012-12-28 02:55:11.424000+00:00,154.7,-27.336,16.4,R,071,USNOB1,CCD
1692,99942,,99942,2012-12-28 02:58:32.736000+00:00,154.69667,-27.33611,16.4,R,071,USNOB1,CCD
1693,99942,,99942,2012-12-28 03:03:43.776000+00:00,154.69192,-27.33581,16.4,R,071,USNOB1,CCD
1694,99942,,99942,2012-12-28 03:07:05.952000+00:00,154.68896,-27.33569,16.7,R,071,USNOB1,CCD
1695,99942,,99942,2012-12-28 03:10:27.264000+00:00,154.68525,-27.33539,16.8,R,071,USNOB1,CCD
1696,99942,,99942,2012-12-28 03:31:58.944000+00:00,154.66463,-27.33453,16.8,R,071,USNOB1,CCD
1697,99942,,99942,2012-12-28 03:38:43.296000+00:00,154.65787,-27.33422,16.5,R,071,USNOB1,CCD
1698,99942,,99942,2012-12-29 01:47:08.160000+00:00,153.50862,-27.27603,15.5,R,470,NOMAD,CCD
1699,99942,,99942,2012-12-29 01:49:14.304000+00:00,153.50658,-27.27597,15.6,R,470,NOMAD,CCD
1700,99942,,99942,2012-12-29 01:50:17.376000+00:00,153.50562,-27.27564,15.5,R,470,NOMAD,CCD
1701,99942,,P105rxd,2012-12-29 13:37:58.656000+00:00,152.875658,-27.232867,16.3,r,F51,2MASS,CCD
1702,99942,,P105rxc,2012-12-29 13:39:43.200000+00:00,152.873925,-27.232778,16.4,r,F51,2MASS,CCD
1703,99942,,P105rxd,2012-12-29 13:53:57.696000+00:00,152.859629,-27.231994,16.2,r,F51,2MASS,CCD
1704,99942,,P105rxc,2012-12-29 13:55:41.376000+00:00,152.8579,-27.231897,16.4,r,F51,2MASS,CCD
1705,99942,,99942,2012-12-29 18:52:48.288000+00:00,152.59804,-27.19381,15.2,R,D20,PPMXL,CCD
1706,99942,,99942,2012-12-29 18:53:29.760000+00:00,152.59733,-27.19378,15.1,R,D20,PPMXL,CCD
1707,99942,,99942,2012-12-29 18:54:12.096000+00:00,152.59662,-27.19375,15.1,R,D20,PPMXL,CCD
1708,99942,,99942,2012-12-29 18:56:08.736000+00:00,152.59471,-27.19364,15.2,R,D20,PPMXL,CCD
1709,99942,,99942,2012-12-29 18:56:51.072000+00:00,152.594,-27.19361,15.2,R,D20,PPMXL,CCD
1710,99942,,99942,2012-12-29 18:57:33.408000+00:00,152.59329,-27.19356,15.1,R,D20,PPMXL,CCD
1711,99942,,99942,2012-12-29 18:59:24+00:00,152.59146,-27.19347,15.1,R,D20,PPMXL,CCD
1712,99942,,99942,2012-12-29 19:00:06.336000+00:00,152.59075,-27.19344,15.2,R,D20,PPMXL,CCD
1713,99942,,99942,2012-12-29 19:00:47.808000+00:00,152.59008,-27.19339,15.1,R,D20,PPMXL,CCD
1714,99942,,99942,2012-12-29 19:25:58.080000+00:00,152.565,-27.19203,15.2,R,D20,PPMXL,CCD
1715,99942,,99942,2012-12-29 19:26:40.416000+00:00,152.56429,-27.192,15.2,R,D20,PPMXL,CCD
1716,99942,,99942,2012-12-29 19:27:21.888000+00:00,152.56358,-27.19197,15.2,R,D20,PPMXL,CCD
1717,99942,,99942,2012-12-30 20:07:21.216000+00:00,151.21587,-27.11075,15.8,R,300,USNOB1,CCD
1718,99942,,99942,2012-12-30 20:08:09.600000+00:00,151.21508,-27.11067,16.3,R,300,USNOB1,CCD
1719,99942,,99942,2012-12-30 20:08:57.984000+00:00,151.21454,-27.1105,15.7,R,300,USNOB1,CCD
1720,99942,,99942,2012-12-30 20:09:46.368000+00:00,151.2135,-27.11042,15.8,R,300,USNOB1,CCD
1721,99942,,99942,2012-12-31 00:31:01.056000+00:00,150.99083,-27.09114,14.4,R,071,USNOB1,CCD
1722,99942,,99942,2012-12-31 00:34:58.656000+00:00,150.98804,-27.09092,15.0,R,071,USNOB1,CCD
1723,99942,,99942,2012-12-31 00:40:12.288000+00:00,150.98263,-27.09053,15.1,R,071,USNOB1,CCD
1724,99942,,99942,2012-12-31 00:44:33.216000+00:00,150.97725,-27.09011,14.9,R,071,USNOB1,CCD
1725,99942,,99942,2012-12-31 00:52:33.600000+00:00,150.96908,-27.08958,14.9,R,071,USNOB1,CCD
1726,99942,,99942,2012-12-31 00:56:15.648000+00:00,150.96546,-27.08931,15.0,R,071,USNOB1,CCD
1727,99942,,99942,2012-12-31 01:00:09.792000+00:00,150.96208,-27.08903,14.6,R,071,USNOB1,CCD
1728,99942,,99942,2012-12-31 01:07:14.016000+00:00,150.955,-27.08853,14.9,R,071,USNOB1,CCD
1729,99942,,99942,2012-12-31 01:09:34.848000+00:00,150.95254,-27.08831,14.8,R,071,USNOB1,CCD
1730,99942,,99942,2012-12-31 01:12:43.200000+00:00,150.94925,-27.08808,14.9,R,071,USNOB1,CCD
1731,99942,,99942,2012-12-31 01:15:04.032000+00:00,150.94717,-27.08789,14.9,R,071,USNOB1,CCD
1732,99942,,99942,2012-12-31 01:17:24.864000+00:00,150.94446,-27.08772,15.0,R,071,USNOB1,CCD
1733,99942,,99942,2012-12-31 01:19:47.424000+00:00,150.94233,-27.08753,15.0,R,071,USNOB1,CCD
1734,99942,,99942,2012-12-31 01:22:09.120000+00:00,150.93967,-27.08736,15.0,R,071,USNOB1,CCD
1735,99942,,99942,2012-12-31 01:29:54.816000+00:00,150.93213,-27.08672,14.7,R,071,USNOB1,CCD
1736,99942,,99942,2012-12-31 01:32:17.376000+00:00,150.92971,-27.08653,14.8,R,071,USNOB1,CCD
1737,99942,,99942,2012-12-31 01:34:38.208000+00:00,150.92738,-27.08636,14.8,R,071,USNOB1,CCD
1738,99942,,99942,2012-12-31 01:36:59.904000+00:00,150.92496,-27.08617,14.8,R,071,USNOB1,CCD
1739,99942,,99942,2012-12-31 01:39:21.600000+00:00,150.92267,-27.086,14.8,R,071,USNOB1,CCD
1740,99942,,99942,2012-12-31 01:42:04.032000+00:00,150.91992,-27.08575,14.8,R,071,USNOB1,CCD
1741,99942,,99942,2012-12-31 01:47:17.664000+00:00,150.91488,-27.08531,14.9,R,071,USNOB1,CCD
1742,99942,,99942,2012-12-31 01:50:38.976000+00:00,150.91117,-27.08514,14.8,R,071,USNOB1,CCD
1743,99942,,99942,2012-12-31 01:54:00.288000+00:00,150.90771,-27.08478,15.0,R,071,USNOB1,CCD
1744,99942,,99942,2012-12-31 01:57:21.600000+00:00,150.90467,-27.0845,15.0,R,071,USNOB1,CCD
1745,99942,,99942,2012-12-31 02:00:48.096000+00:00,150.90108,-27.08419,14.8,R,071,USNOB1,CCD
1746,99942,,99942,2012-12-31 02:03:09.792000+00:00,150.89863,-27.084,14.8,R,071,USNOB1,CCD
1747,99942,,99942,2012-12-31 02:05:30.624000+00:00,150.89629,-27.08381,14.8,R,071,USNOB1,CCD
1748,99942,,99942,2012-12-31 02:07:52.320000+00:00,150.89388,-27.08358,14.7,R,071,USNOB1,CCD
1749,99942,,99942,2012-12-31 02:10:14.016000+00:00,150.89154,-27.08339,14.9,R,071,USNOB1,CCD
1750,99942,,99942,2012-12-31 02:12:38.304000+00:00,150.88921,-27.08317,14.9,R,071,USNOB1,CCD
1751,99942,,99942,2012-12-31 02:14:59.136000+00:00,150.88667,-27.083,14.8,R,071,USNOB1,CCD
1752,99942,,99942,2012-12-31 02:17:20.832000+00:00,150.8845,-27.08275,14.8,R,071,USNOB1,CCD
1753,99942,,99942,2012-12-31 02:19:41.664000+00:00,150.882,-27.08256,15.0,R,071,USNOB1,CCD
1754,99942,,99942,2012-12-31 02:22:04.224000+00:00,150.87975,-27.08233,15.0,R,071,USNOB1,CCD
1755,99942,,99942,2012-12-31 02:25:37.632000+00:00,150.87608,-27.08203,14.6,R,071,USNOB1,CCD
1756,99942,,99942,2012-12-31 02:27:59.328000+00:00,150.87375,-27.08181,14.4,R,071,USNOB1,CCD
1757,99942,,99942,2012-12-31 02:30:20.160000+00:00,150.87129,-27.08161,14.5,R,071,USNOB1,CCD
1758,99942,,99942,2012-12-31 02:32:41.856000+00:00,150.86896,-27.08142,14.9,R,071,USNOB1,CCD
1759,99942,,99942,2012-12-31 02:35:02.688000+00:00,150.86658,-27.08117,14.9,R,071,USNOB1,CCD
1760,99942,,99942,2013-01-02 01:14:33.792000+00:00,148.26804,-26.80044,15.3,R,071,USNOB1,CCD
1761,99942,,99942,2013-01-02 01:16:54.624000+00:00,148.26483,-26.80017,15.4,R,071,USNOB1,CCD
1762,99942,,99942,2013-01-02 01:19:17.184000+00:00,148.26304,-26.79989,15.3,R,071,USNOB1,CCD
1763,99942,,99942,2013-01-02 01:21:58.752000+00:00,148.26,-26.79956,15.4,R,071,USNOB1,CCD
1764,99942,,99942,2013-01-02 01:24:19.584000+00:00,148.25742,-26.79928,15.4,R,071,USNOB1,CCD
1765,99942,,99942,2013-01-02 01:26:42.144000+00:00,148.25496,-26.799,15.4,R,071,USNOB1,CCD
1766,99942,,99942,2013-01-02 01:41:27.744000+00:00,148.24033,-26.79728,15.3,R,071,USNOB1,CCD
1767,99942,,99942,2013-01-02 01:43:52.032000+00:00,148.23754,-26.79689,15.7,R,071,USNOB1,CCD
1768,99942,,99942,2013-01-02 01:46:19.776000+00:00,148.23463,-26.79642,15.5,R,071,USNOB1,CCD
1769,99942,,99942,2013-01-02 01:48:43.200000+00:00,148.23217,-26.79636,15.7,R,071,USNOB1,CCD
1770,99942,,99942,2013-01-02 01:51:11.808000+00:00,148.2295,-26.79608,15.4,R,071,USNOB1,CCD
1771,99942,,99942,2013-01-02 01:53:35.232000+00:00,148.22733,-26.79567,15.7,R,071,USNOB1,CCD
1772,99942,,99942,2013-01-02 01:58:03.072000+00:00,148.22317,-26.795,16.1,R,071,USNOB1,CCD
1773,99942,,99942,2013-01-02 02:04:54.336000+00:00,148.21642,-26.79442,16.2,R,071,USNOB1,CCD
1774,99942,,99942,2013-01-02 02:08:17.376000+00:00,148.21192,-26.79372,16.4,R,071,USNOB1,CCD
1775,99942,,99942,2013-01-02 02:15:08.640000+00:00,148.20525,-26.79344,15.7,R,071,USNOB1,CCD
1776,99942,,99942,2013-01-02 02:20:18.816000+00:00,148.2,-26.79244,15.5,R,071,USNOB1,CCD
1777,99942,,99942,2013-01-02 02:27:14.400000+00:00,148.19263,-26.79139,15.6,R,071,USNOB1,CCD
1778,99942,,99942,2013-01-02 02:30:36.576000+00:00,148.18925,-26.79125,15.9,R,071,USNOB1,CCD
1779,99942,,99942,2013-01-04 00:30:23.040000+00:00,145.54929,-26.40975,15.5,R,071,USNOB1,CCD
1780,99942,,99942,2013-01-04 00:33:13.248000+00:00,145.54608,-26.40936,15.5,R,071,USNOB1,CCD
1781,99942,,99942,2013-01-04 00:35:58.272000+00:00,145.54329,-26.40894,15.5,R,071,USNOB1,CCD
1782,99942,,99942,2013-01-04 00:39:21.312000+00:00,145.53971,-26.40842,15.6,R,071,USNOB1,CCD
1783,99942,,99942,2013-01-04 00:42:42.624000+00:00,145.53637,-26.40797,15.5,R,071,USNOB1,CCD
1784,99942,,99942,2013-01-04 00:46:04.800000+00:00,145.5325,-26.40736,15.3,R,071,USNOB1,CCD
1785,99942,,99942,2013-01-04 00:49:26.112000+00:00,145.52954,-26.40703,15.6,R,071,USNOB1,CCD
1786,99942,,99942,2013-01-04 00:52:47.424000+00:00,145.52533,-26.40636,15.5,R,071,USNOB1,CCD
1787,99942,,99942,2013-01-04 00:56:50.208000+00:00,145.52133,-26.40581,16.0,R,071,USNOB1,CCD
1788,99942,,99942,2013-01-04 01:00:19.296000+00:00,145.51742,-26.40511,15.7,R,071,USNOB1,CCD
1789,99942,,99942,2013-01-04 01:07:09.696000+00:00,145.50975,-26.40411,15.6,R,071,USNOB1,CCD
1790,99942,,99942,2013-01-04 01:10:32.736000+00:00,145.50658,-26.40367,16.1,R,071,USNOB1,CCD
1791,99942,,99942,2013-01-04 01:14:01.824000+00:00,145.50275,-26.40297,15.8,R,071,USNOB1,CCD
1792,99942,,99942,2013-01-04 01:17:24.864000+00:00,145.49913,-26.40239,15.9,R,071,USNOB1,CCD
1793,99942,,99942,2013-01-04 01:20:53.088000+00:00,145.49575,-26.40192,15.9,R,071,USNOB1,CCD
1794,99942,,99942,2013-01-04 01:53:10.176000+00:00,145.46525,-26.39686,15.8,R,470,NOMAD,CCD
1795,99942,,99942,2013-01-04 01:54:51.264000+00:00,145.46342,-26.39647,16.1,R,470,NOMAD,CCD
1796,99942,,99942,2013-01-04 01:56:33.216000+00:00,145.46167,-26.39614,15.6,R,470,NOMAD,CCD
1797,99942,,99942,2013-01-04 17:56:35.232000+00:00,144.52158,-26.23536,15.7,R,300,USNOB1,CCD
1798,99942,,99942,2013-01-04 17:57:28.800000+00:00,144.52062,-26.23525,15.7,R,300,USNOB1,CCD
1799,99942,,99942,2013-01-04 17:58:20.640000+00:00,144.51971,-26.23506,15.6,R,300,USNOB1,CCD
1800,99942,,99942,2013-01-04 17:59:13.344000+00:00,144.51879,-26.23497,15.7,R,300,USNOB1,CCD
1801,99942,,99942,2013-01-04 18:00:06.048000+00:00,144.51779,-26.23475,15.6,R,300,USNOB1,CCD
1802,99942,,99942,2013-01-04 18:00:57.024000+00:00,144.51687,-26.23464,15.7,R,300,USNOB1,CCD
1803,99942,,99942,2013-01-05 00:52:37.920000+00:00,144.11775,-26.16297,14.8,R,470,NOMAD,CCD
1804,99942,,99942,2013-01-05 00:53:41.856000+00:00,144.11667,-26.16281,15.2,R,470,NOMAD,CCD
1805,99942,,99942,2013-01-05 00:54:44.928000+00:00,144.1155,-26.16264,14.8,R,470,NOMAD,CCD
1806,99942,,99942,2013-01-08 01:14:51.936000+00:00,139.76958,-25.23331,15.5,R,J38,UCAC3,CCD
1807,99942,,99942,2013-01-08 01:15:30.816000+00:00,139.76887,-25.23317,15.5,R,J38,UCAC3,CCD
1808,99942,,99942,2013-01-08 01:16:50.304000+00:00,139.76737,-25.23283,15.4,R,J38,UCAC3,CCD
1809,99942,,99942,2013-01-08 01:21:25.920000+00:00,139.76238,-25.23175,15.5,R,J38,UCAC3,CCD
1810,99942,,99942,2013-01-08 01:23:22.560000+00:00,139.76017,-25.23133,15.4,R,J38,UCAC3,CCD
1811,99942,,99942,2013-01-08 01:24:01.440000+00:00,139.7595,-25.23114,15.4,R,J38,UCAC3,CCD
1812,99942,,99942,2013-01-08 01:25:20.064000+00:00,139.75804,-25.23083,15.4,R,J38,UCAC3,CCD
1813,99942,,99942,2013-01-08 01:30:33.696000+00:00,139.75229,-25.22953,15.4,R,J38,UCAC3,CCD
1814,99942,,99942,2013-01-08 01:34:35.616000+00:00,139.74787,-25.22858,15.4,R,J38,UCAC3,CCD
1815,99942,,99942,2013-01-08 01:36:32.256000+00:00,139.74575,-25.22817,15.4,R,J38,UCAC3,CCD
1816,99942,,99942,2013-01-08 01:38:32.352000+00:00,139.74346,-25.22758,15.4,R,J38,UCAC3,CCD
1817,99942,,99942,2013-01-08 01:39:11.232000+00:00,139.74279,-25.22742,15.3,R,J38,UCAC3,CCD
1818,99942,,99942,2013-01-08 01:42:28.224000+00:00,139.73917,-25.22667,15.4,R,J38,UCAC3,CCD
1819,99942,,99942,2013-01-08 10:44:04.992000+00:00,139.19571,-25.08258,15.4,R,F65,PPMXL,CCD
1820,99942,,99942,2013-01-08 10:45:24.480000+00:00,139.19433,-25.08225,,,F65,PPMXL,CCD
1821,99942,,99942,2013-01-08 10:46:46.560000+00:00,139.19271,-25.08189,,,F65,PPMXL,CCD
1822,99942,,99942,2013-01-08 10:48:06.912000+00:00,139.19129,-25.08158,,,F65,PPMXL,CCD
1823,99942,,99942,2013-01-08 10:50:16.512000+00:00,139.18883,-25.08108,,,F65,PPMXL,CCD
1824,99942,,99942,2013-01-08 10:51:28.224000+00:00,139.1875,-25.08081,,,F65,PPMXL,CCD
1825,99942,,99942,2013-01-08 10:52:49.440000+00:00,139.18592,-25.08044,,,F65,PPMXL,CCD
1826,99942,,99942,2013-01-08 10:54:38.304000+00:00,139.18392,-25.08006,,,F65,PPMXL,CCD
1827,99942,,99942,2013-01-08 11:32:11.616000+00:00,139.14171,-25.07086,15.7,R,F65,USNOB1,CCD
1828,99942,,99942,2013-01-08 11:33:32.832000+00:00,139.14021,-25.07053,15.7,R,F65,USNOB1,CCD
1829,99942,,99942,2013-01-08 11:37:44.256000+00:00,139.13546,-25.06947,15.9,R,F65,USNOB1,CCD
1830,99942,,99942,2013-01-08 11:40:33.600000+00:00,139.13225,-25.06875,15.8,R,F65,USNOB1,CCD
1831,99942,,99942,2013-01-08 11:43:27.264000+00:00,139.129,-25.06803,15.9,R,F65,USNOB1,CCD
1832,99942,,99942,2013-01-08 11:44:50.208000+00:00,139.12746,-25.06769,15.9,R,F65,USNOB1,CCD
1833,99942,,99942,2013-01-08 11:45:49.824000+00:00,139.14308,-25.0415,15.7,R,E10,USNOB1,CCD
1834,99942,,99942,2013-01-08 11:47:36.960000+00:00,139.12429,-25.067,15.9,R,F65,USNOB1,CCD
1835,99942,,99942,2013-01-08 11:48:45.216000+00:00,139.14004,-25.04089,15.7,R,E10,USNOB1,CCD
1836,99942,,99942,2013-01-08 11:50:06.432000+00:00,139.13858,-25.04058,15.7,R,E10,USNOB1,CCD
1837,99942,,99942,2013-01-08 11:50:24.576000+00:00,139.12108,-25.06628,15.9,R,F65,USNOB1,CCD
1838,99942,,99942,2013-01-08 11:51:48.384000+00:00,139.1195,-25.06592,15.8,R,F65,USNOB1,CCD
1839,99942,,99942,2013-01-08 11:53:13.920000+00:00,139.11792,-25.06556,15.9,R,F65,USNOB1,CCD
1840,99942,,99942,2013-01-08 11:54:40.320000+00:00,139.11629,-25.06519,15.9,R,F65,USNOB1,CCD
1841,99942,,99942,2013-01-08 11:56:04.128000+00:00,139.11471,-25.06486,15.9,R,F65,USNOB1,CCD
1842,99942,,99942,2013-01-08 11:56:40.416000+00:00,139.13158,-25.03908,15.7,R,E10,USNOB1,CCD
1843,99942,,99942,2013-01-08 23:49:41.376000+00:00,138.38612,-24.87989,15.4,R,071,USNOB1,CCD
1844,99942,,99942,2013-01-09 00:01:04.800000+00:00,138.37396,-24.87706,15.2,R,071,USNOB1,CCD
1845,99942,,99942,2013-01-09 00:04:07.104000+00:00,138.3705,-24.87608,15.1,R,071,USNOB1,CCD
1846,99942,,99942,2013-01-09 00:07:47.424000+00:00,138.36625,-24.87517,14.6,R,071,USNOB1,CCD
1847,99942,,99942,2013-01-09 00:09:38.880000+00:00,138.36425,-24.87453,14.7,R,071,USNOB1,CCD
1848,99942,,99942,2013-01-09 00:11:27.744000+00:00,138.36212,-24.87408,14.6,R,071,USNOB1,CCD
1849,99942,,99942,2013-01-09 00:12:23.040000+00:00,138.36121,-24.87381,14.7,R,071,USNOB1,CCD
1850,99942,,99942,2013-01-09 00:13:18.336000+00:00,138.36021,-24.87361,14.7,R,071,USNOB1,CCD
1851,99942,,99942,2013-01-09 00:14:13.632000+00:00,138.35938,-24.87336,14.7,R,071,USNOB1,CCD
1852,99942,,99942,2013-01-09 00:15:55.584000+00:00,138.35725,-24.87283,14.8,R,071,USNOB1,CCD
1853,99942,,99942,2013-01-09 00:17:36.672000+00:00,138.35542,-24.87242,14.8,R,071,USNOB1,CCD
1854,99942,,99942,2013-01-09 00:19:00.480000+00:00,138.35379,-24.872,14.8,R,071,USNOB1,CCD
1855,99942,,99942,2013-01-09 00:20:17.376000+00:00,138.35229,-24.87169,14.7,R,071,USNOB1,CCD
1856,99942,,99942,2013-01-09 00:21:34.272000+00:00,138.35092,-24.87131,14.7,R,071,USNOB1,CCD
1857,99942,,99942,2013-01-09 00:22:52.896000+00:00,138.3495,-24.87092,14.7,R,071,USNOB1,CCD
1858,99942,,99942,2013-01-09 00:24:09.792000+00:00,138.348,-24.87061,14.7,R,071,USNOB1,CCD
1859,99942,,99942,2013-01-09 00:25:26.688000+00:00,138.34663,-24.87022,14.7,R,071,USNOB1,CCD
1860,99942,,99942,2013-01-09 00:26:43.584000+00:00,138.34521,-24.86989,14.8,R,071,USNOB1,CCD
1861,99942,,99942,2013-01-09 00:28:00.480000+00:00,138.34379,-24.86956,14.8,R,071,USNOB1,CCD
1862,99942,,99942,2013-01-09 00:34:26.688000+00:00,138.33658,-24.86772,15.2,R,071,USNOB1,CCD
1863,99942,,99942,2013-01-09 00:36:58.752000+00:00,138.33379,-24.86711,15.2,R,071,USNOB1,CCD
1864,99942,,99942,2013-01-09 00:39:16.128000+00:00,138.33133,-24.86647,15.2,R,071,USNOB1,CCD
1865,99942,,99942,2013-01-09 00:41:34.368000+00:00,138.32867,-24.86581,15.2,R,071,USNOB1,CCD
1866,99942,,99942,2013-01-09 00:43:53.472000+00:00,138.32617,-24.86522,14.9,R,071,USNOB1,CCD
1867,99942,,99942,2013-01-09 00:46:11.712000+00:00,138.32354,-24.8645,14.8,R,071,USNOB1,CCD
1868,99942,,99942,2013-01-09 00:48:30.816000+00:00,138.321,-24.86372,14.8,R,071,USNOB1,CCD
1869,99942,,99942,2013-01-09 00:50:48.192000+00:00,138.31842,-24.86333,14.8,R,071,USNOB1,CCD
1870,99942,,99942,2013-01-09 00:53:06.432000+00:00,138.31579,-24.86261,15.0,R,071,USNOB1,CCD
1871,99942,,99942,2013-01-09 00:55:25.536000+00:00,138.31325,-24.86192,15.3,R,071,USNOB1,CCD
1872,99942,,99942,2013-01-09 00:58:28.704000+00:00,138.30992,-24.86111,14.7,R,071,USNOB1,CCD
1873,99942,,99942,2013-01-09 00:59:24.864000+00:00,138.30888,-24.86083,14.7,R,071,USNOB1,CCD
1874,99942,,99942,2013-01-09 01:00:20.160000+00:00,138.30783,-24.86058,14.8,R,071,USNOB1,CCD
1875,99942,,99942,2013-01-09 01:01:16.320000+00:00,138.30696,-24.86028,14.8,R,071,USNOB1,CCD
1876,99942,,99942,2013-01-09 01:02:10.752000+00:00,138.30575,-24.86006,14.8,R,071,USNOB1,CCD
1877,99942,,99942,2013-01-09 01:03:06.048000+00:00,138.30483,-24.85989,14.7,R,071,USNOB1,CCD
1878,99942,,99942,2013-01-09 01:04:01.344000+00:00,138.30375,-24.85961,14.7,R,071,USNOB1,CCD
1879,99942,,99942,2013-01-09 01:04:56.640000+00:00,138.30275,-24.85933,14.9,R,071,USNOB1,CCD
1880,99942,,99942,2013-01-09 01:05:51.936000+00:00,138.30175,-24.85906,14.8,R,071,USNOB1,CCD
1881,99942,,99942,2013-01-09 01:06:47.232000+00:00,138.30071,-24.85878,14.9,R,071,USNOB1,CCD
1882,99942,,99942,2013-01-09 01:08:37.824000+00:00,138.29867,-24.85828,15.0,R,071,USNOB1,CCD
1883,99942,,99942,2013-01-09 01:09:54.720000+00:00,138.29725,-24.85792,15.0,R,071,USNOB1,CCD
1884,99942,,99942,2013-01-09 01:11:12.480000+00:00,138.29575,-24.85753,15.0,R,071,USNOB1,CCD
1885,99942,,99942,2013-01-09 01:12:29.376000+00:00,138.29433,-24.85719,15.1,R,071,USNOB1,CCD
1886,99942,,99942,2013-01-09 01:13:46.272000+00:00,138.29292,-24.85683,15.0,R,071,USNOB1,CCD
1887,99942,,99942,2013-01-09 01:15:03.168000+00:00,138.2915,-24.85647,15.1,R,071,USNOB1,CCD
1888,99942,,99942,2013-01-09 01:16:20.928000+00:00,138.29012,-24.85611,15.0,R,071,USNOB1,CCD
1889,99942,,99942,2013-01-09 01:17:37.824000+00:00,138.28867,-24.85572,15.0,R,071,USNOB1,CCD
1890,99942,,99942,2013-01-09 01:18:55.584000+00:00,138.28725,-24.85539,15.0,R,071,USNOB1,CCD
1891,99942,,99942,2013-01-09 01:20:12.480000+00:00,138.28579,-24.85503,15.1,R,071,USNOB1,CCD
1892,99942,,99942,2013-01-09 01:22:30.720000+00:00,138.28325,-24.85425,15.3,R,071,USNOB1,CCD
1893,99942,,99942,2013-01-09 01:24:49.824000+00:00,138.28079,-24.85381,15.4,R,071,USNOB1,CCD
1894,99942,,99942,2013-01-09 01:26:22.272000+00:00,138.28533,-24.854,15.0,R,B04,UCAC3,CCD
1895,99942,,99942,2013-01-09 01:27:07.200000+00:00,138.27817,-24.85303,15.5,R,071,USNOB1,CCD
1896,99942,,99942,2013-01-09 01:29:25.440000+00:00,138.27533,-24.85228,15.4,R,071,USNOB1,CCD
1897,99942,,99942,2013-01-09 01:31:44.544000+00:00,138.273,-24.85169,15.4,R,071,USNOB1,CCD
1898,99942,,99942,2013-01-09 01:34:02.784000+00:00,138.27054,-24.85125,15.5,R,071,USNOB1,CCD
1899,99942,,99942,2013-01-09 01:35:42.144000+00:00,138.27471,-24.8515,15.1,R,B04,UCAC3,CCD
1900,99942,,99942,2013-01-09 01:36:20.160000+00:00,138.26792,-24.85042,15.4,R,071,USNOB1,CCD
1901,99942,,99942,2013-01-09 01:38:39.264000+00:00,138.26529,-24.84972,15.4,R,071,USNOB1,CCD
1902,99942,,99942,2013-01-09 01:40:57.504000+00:00,138.26283,-24.84908,15.3,R,071,USNOB1,CCD
1903,99942,,99942,2013-01-09 01:43:16.608000+00:00,138.26025,-24.84847,15.4,R,071,USNOB1,CCD
1904,99942,,99942,2013-01-09 01:45:40.032000+00:00,138.26375,-24.84886,15.2,R,B04,UCAC3,CCD
1905,99942,,99942,2013-01-09 16:34:49.786000+00:00,137.35233,-24.57156,15.3,V,E12,UCAC4,CCD
1906,99942,,99942,2013-01-09 16:45:55.930000+00:00,137.33988,-24.56828,15.2,V,E12,UCAC4,CCD
1907,99942,,99942,2013-01-09 16:57:15.898000+00:00,137.32708,-24.56486,15.3,V,E12,UCAC4,CCD
1908,99942,,99942,2013-01-09 17:08:44.851000+00:00,137.31421,-24.56142,15.4,V,E12,UCAC4,CCD
1909,99942,,99942,2013-01-09 17:28:58.944000+00:00,137.2915,-24.55528,15.6,V,Q62,USNOA2,CCD
1910,99942,,99942,2013-01-09 17:31:22.368000+00:00,137.28879,-24.55456,15.6,V,Q62,USNOA2,CCD
1911,99942,,99942,2013-01-09 17:33:36.288000+00:00,137.28629,-24.55389,15.6,V,Q62,USNOA2,CCD
1912,99942,,99942,2013-01-09 17:35:38.976000+00:00,137.28404,-24.55325,15.6,V,Q62,USNOA2,CCD
1913,99942,,99942,2013-01-09 22:59:56.256000+00:00,136.96738,-24.48525,16.3,V,C73,UCAC4,CCD
1914,99942,,99942,2013-01-09 23:01:05.376000+00:00,136.96596,-24.48497,16.2,V,C73,UCAC4,CCD
1915,99942,,99942,2013-01-09 23:02:15.360000+00:00,136.96421,-24.48464,16.4,V,C73,UCAC4,CCD
1916,99942,,99942,2013-01-09 23:03:25.344000+00:00,136.96317,-24.48422,16.1,V,C73,UCAC4,CCD
1917,99942,,99942,2013-01-09 23:04:33.600000+00:00,136.96179,-24.48375,16.0,V,C73,UCAC4,CCD
1918,99942,,99942,2013-01-09 23:05:43.584000+00:00,136.9605,-24.48339,16.0,V,C73,UCAC4,CCD
1919,99942,,99942,2013-01-09 23:06:52.704000+00:00,136.95954,-24.48331,16.1,V,C73,UCAC4,CCD
1920,99942,,99942,2013-01-09 23:08:02.688000+00:00,136.9585,-24.48281,16.2,V,C73,UCAC4,CCD
1921,99942,,99942,2013-01-09 23:09:11.808000+00:00,136.95663,-24.48244,16.1,V,C73,UCAC4,CCD
1922,99942,,99942,2013-01-09 23:10:21.792000+00:00,136.95525,-24.48161,16.3,V,C73,UCAC4,CCD
1923,99942,,99942,2013-01-09 23:11:30.912000+00:00,136.95429,-24.48192,16.2,V,C73,UCAC4,CCD
1924,99942,,99942,2013-01-09 23:12:40.896000+00:00,136.95288,-24.48156,16.0,V,C73,UCAC4,CCD
1925,99942,,99942,2013-01-09 23:13:50.016000+00:00,136.95158,-24.48125,16.1,V,C73,UCAC4,CCD
1926,99942,,99942,2013-01-09 23:15:00+00:00,136.95042,-24.48089,16.3,V,C73,UCAC4,CCD
1927,99942,,99942,2013-01-09 23:16:09.120000+00:00,136.94904,-24.48047,16.0,V,C73,UCAC4,CCD
1928,99942,,99942,2013-01-09 23:17:19.104000+00:00,136.94787,-24.48031,16.1,V,C73,UCAC4,CCD
1929,99942,,99942,2013-01-09 23:18:28.224000+00:00,136.94663,-24.47994,16.0,V,C73,UCAC4,CCD
1930,99942,,99942,2013-01-09 23:19:38.208000+00:00,136.94525,-24.47944,15.9,V,C73,UCAC4,CCD
1931,99942,,99942,2013-01-09 23:20:47.328000+00:00,136.94392,-24.47936,16.1,V,C73,UCAC4,CCD
1932,99942,,99942,2013-01-09 23:21:57.312000+00:00,136.94258,-24.47878,16.1,V,C73,UCAC4,CCD
1933,99942,,99942,2013-01-09 23:23:09.024000+00:00,136.94125,-24.47858,16.1,V,C73,UCAC4,CCD
1934,99942,,99942,2013-01-09 23:24:18.144000+00:00,136.93983,-24.47811,15.9,V,C73,UCAC4,CCD
1935,99942,,99942,2013-01-09 23:25:28.128000+00:00,136.93892,-24.47775,16.0,V,C73,UCAC4,CCD
1936,99942,,99942,2013-01-09 23:26:37.248000+00:00,136.93733,-24.47744,16.1,V,C73,UCAC4,CCD
1937,99942,,99942,2013-01-09 23:27:46.368000+00:00,136.93604,-24.47722,15.8,V,C73,UCAC4,CCD
1938,99942,,99942,2013-01-09 23:28:56.352000+00:00,136.93479,-24.47672,15.9,V,C73,UCAC4,CCD
1939,99942,,99942,2013-01-09 23:30:04.608000+00:00,136.93367,-24.47664,16.0,V,C73,UCAC4,CCD
1940,99942,,99942,2013-01-09 23:31:14.592000+00:00,136.93233,-24.47633,16.0,V,C73,UCAC4,CCD
1941,99942,,99942,2013-01-09 23:32:23.712000+00:00,136.93096,-24.47569,15.9,V,C73,UCAC4,CCD
1942,99942,,99942,2013-01-09 23:33:33.696000+00:00,136.92967,-24.47539,15.8,V,C73,UCAC4,CCD
1943,99942,,99942,2013-01-09 23:34:42.816000+00:00,136.9285,-24.47522,16.2,V,C73,UCAC4,CCD
1944,99942,,99942,2013-01-09 23:35:52.800000+00:00,136.92717,-24.47456,16.0,V,C73,UCAC4,CCD
1945,99942,,99942,2013-01-09 23:37:01.920000+00:00,136.92625,-24.47481,15.8,V,C73,UCAC4,CCD
1946,99942,,99942,2013-01-09 23:38:11.904000+00:00,136.92433,-24.47394,15.8,V,C73,UCAC4,CCD
1947,99942,,99942,2013-01-09 23:39:21.024000+00:00,136.92354,-24.47369,16.0,V,C73,UCAC4,CCD
1948,99942,,99942,2013-01-09 23:40:31.008000+00:00,136.92208,-24.47339,16.0,V,C73,UCAC4,CCD
1949,99942,,99942,2013-01-10 01:00:57.312000+00:00,136.828008,-24.44815,15.81,R,C20,UCAC4,CCD
1950,99942,,99942,2013-01-10 01:03:34.387000+00:00,136.825175,-24.447325,15.71,R,C20,UCAC4,CCD
1951,99942,,99942,2013-01-10 01:05:39.754000+00:00,136.822929,-24.446758,15.8,R,C20,UCAC4,CCD
1952,99942,,99942,2013-01-10 01:10:48.288000+00:00,136.817233,-24.44515,15.71,R,C20,UCAC4,CCD
1953,99942,,99942,2013-01-10 01:23:38.458000+00:00,136.803154,-24.441011,15.66,R,C20,UCAC4,CCD
1954,99942,,99942,2013-01-10 01:50:14.784000+00:00,136.8065,-24.40292,,,844,UCAC3,CCD
1955,99942,,99942,2013-01-10 01:52:54.624000+00:00,136.80363,-24.40217,,,844,UCAC3,CCD
1956,99942,,99942,2013-01-10 01:55:36.192000+00:00,136.80071,-24.40147,,,844,UCAC3,CCD
1957,99942,,99942,2013-01-10 01:58:16.032000+00:00,136.79779,-24.40072,,,844,UCAC3,CCD
1958,99942,,99942,2013-01-10 02:00:56.736000+00:00,136.795,-24.40003,,,844,UCAC3,CCD
1959,99942,,99942,2013-01-10 02:03:36.576000+00:00,136.79208,-24.39931,,,844,UCAC3,CCD
1960,99942,,99942,2013-01-10 02:06:18.144000+00:00,136.78917,-24.39858,,,844,UCAC3,CCD
1961,99942,,99942,2013-01-10 02:08:57.984000+00:00,136.78625,-24.39789,,,844,UCAC3,CCD
1962,99942,,99942,2013-01-10 02:11:38.688000+00:00,136.78329,-24.39714,,,844,UCAC3,CCD
1963,99942,,99942,2013-01-10 02:14:19.392000+00:00,136.78033,-24.39642,,,844,UCAC3,CCD
1964,99942,,99942,2013-01-10 04:35:55.104000+00:00,136.6285,-24.35567,14.8,R,I47,UCAC3,CCD
1965,99942,,99942,2013-01-10 04:36:27.936000+00:00,136.62788,-24.35547,14.8,R,I47,UCAC3,CCD
1966,99942,,99942,2013-01-10 04:37:01.632000+00:00,136.62725,-24.35533,14.8,R,I47,UCAC3,CCD
1967,99942,,99942,2013-01-10 04:38:08.160000+00:00,136.626,-24.355,14.8,R,I47,UCAC3,CCD
1968,99942,,99942,2013-01-10 04:38:41.856000+00:00,136.62537,-24.35486,14.8,R,I47,UCAC3,CCD
1969,99942,,99942,2013-01-10 04:40:22.080000+00:00,136.62358,-24.35439,14.7,R,I47,UCAC3,CCD
1970,99942,,99942,2013-01-10 04:40:29.856000+00:00,136.62342,-24.35431,14.9,R,I47,UCAC3,CCD
1971,99942,,99942,2013-01-10 04:44:14.496000+00:00,136.61925,-24.35328,14.5,R,I47,UCAC3,CCD
1972,99942,,99942,2013-01-10 04:44:48.192000+00:00,136.61862,-24.35311,14.8,R,I47,UCAC3,CCD
1973,99942,,99942,2013-01-10 21:45:54.086000+00:00,135.568104,-24.064603,15.85,R,C20,UCAC4,CCD
1974,99942,,99942,2013-01-10 21:51:13.075000+00:00,135.562242,-24.062961,16.03,R,C20,UCAC4,CCD
1975,99942,,99942,2013-01-10 21:55:00.221000+00:00,135.558017,-24.061747,15.83,R,C20,UCAC4,CCD
1976,99942,,99942,2013-01-10 22:12:12.096000+00:00,135.538958,-24.056431,15.79,R,C20,UCAC4,CCD
1977,99942,,99942,2013-01-10 22:15:53.021000+00:00,135.534838,-24.055247,16.03,R,C20,UCAC4,CCD
1978,99942,,99942,2013-01-10 22:17:03.350000+00:00,135.533512,-24.05485,15.84,R,C20,UCAC4,CCD
1979,99942,,99942,2013-01-10 22:18:19.469000+00:00,135.532108,-24.054458,15.9,R,C20,UCAC4,CCD
1980,99942,,99942,2013-01-10 22:20:58.186000+00:00,135.529208,-24.053658,15.91,R,C20,UCAC4,CCD
1981,99942,,99942,2013-01-10 22:22:06.442000+00:00,135.527883,-24.053267,15.86,R,C20,UCAC4,CCD
1982,99942,,99942,2013-01-10 22:23:14.525000+00:00,135.526658,-24.052917,15.84,R,C20,UCAC4,CCD
1983,99942,,99942,2013-01-10 22:24:45.504000+00:00,135.524942,-24.052444,15.84,R,C20,UCAC4,CCD
1984,99942,,99942,2013-01-10 22:25:53.674000+00:00,135.523721,-24.052089,15.9,R,C20,UCAC4,CCD
1985,99942,,99942,2013-01-10 22:32:51.418000+00:00,135.515858,-24.049892,15.82,R,C20,UCAC4,CCD
1986,99942,,99942,2013-01-10 22:35:19.507000+00:00,135.513192,-24.049106,15.91,R,C20,UCAC4,CCD
1987,99942,,99942,2013-01-10 22:36:27.504000+00:00,135.5119,-24.048686,15.99,R,C20,UCAC4,CCD
1988,99942,,99942,2013-01-10 22:43:58.426000+00:00,135.503646,-24.046278,16.16,R,C20,UCAC4,CCD
1989,99942,,99942,2013-01-10 22:45:06.682000+00:00,135.502292,-24.045956,15.8,R,C20,UCAC4,CCD
1990,99942,,99942,2013-01-10 22:47:28.550000+00:00,135.499633,-24.045131,15.86,R,C20,UCAC4,CCD
1991,99942,,99942,2013-01-10 22:48:36.720000+00:00,135.498517,-24.044892,15.8,R,C20,UCAC4,CCD
1992,99942,,99942,2013-01-10 22:49:44.803000+00:00,135.497121,-24.044472,15.86,R,C20,UCAC4,CCD
1993,99942,,99942,2013-01-10 22:49:48+00:00,135.50179,-24.04303,15.2,V,A84,UCAC2,CCD
1994,99942,,99942,2013-01-10 22:51:07.834000+00:00,135.4957,-24.044083,15.92,R,C20,UCAC4,CCD
1995,99942,,99942,2013-01-10 22:52:16.003000+00:00,135.494354,-24.043714,15.97,R,C20,UCAC4,CCD
1996,99942,,99942,2013-01-10 22:52:28.704000+00:00,135.49883,-24.04217,15.2,V,A84,UCAC2,CCD
1997,99942,,99942,2013-01-10 22:53:28.234000+00:00,135.492933,-24.043289,16.02,R,C20,UCAC4,CCD
1998,99942,,99942,2013-01-10 22:53:48.192000+00:00,135.49717,-24.04169,15.2,V,A84,UCAC2,CCD
1999,99942,,99942,2013-01-10 22:54:36.230000+00:00,135.491767,-24.0429,15.82,R,C20,UCAC4,CCD
2000,99942,,99942,2013-01-10 22:55:10.272000+00:00,135.49571,-24.04125,15.1,V,A84,UCAC2,CCD
2001,99942,,99942,2013-01-10 22:55:44.400000+00:00,135.490467,-24.042558,15.9,R,C20,UCAC4,CCD
2002,99942,,99942,2013-01-10 22:56:29.760000+00:00,135.49413,-24.04083,15.2,V,A84,UCAC2,CCD
2003,99942,,99942,2013-01-10 22:56:52.397000+00:00,135.489196,-24.042194,15.95,R,C20,UCAC4,CCD
2004,99942,,99942,2013-01-10 22:57:50.112000+00:00,135.49263,-24.04053,15.1,V,A84,UCAC2,CCD
2005,99942,,99942,2013-01-10 22:58:00.480000+00:00,135.487963,-24.041839,15.83,R,C20,UCAC4,CCD
2006,99942,,99942,2013-01-10 22:59:09.600000+00:00,135.49121,-24.04006,15.2,V,A84,UCAC2,CCD
2007,99942,,99942,2013-01-10 23:00:30.816000+00:00,135.48975,-24.03964,15.2,V,A84,UCAC2,CCD
2008,99942,,99942,2013-01-10 23:01:07.450000+00:00,135.484521,-24.040842,15.97,R,C20,UCAC4,CCD
2009,99942,,99942,2013-01-10 23:01:50.304000+00:00,135.48825,-24.03925,15.2,V,A84,UCAC2,CCD
2010,99942,,99942,2013-01-10 23:02:15.706000+00:00,135.483217,-24.040478,15.92,R,C20,UCAC4,CCD
2011,99942,,99942,2013-01-10 23:03:10.656000+00:00,135.48663,-24.03881,15.1,V,A84,UCAC2,CCD
2012,99942,,99942,2013-01-10 23:03:23.789000+00:00,135.481983,-24.040106,15.94,R,C20,UCAC4,CCD
2013,99942,,99942,2013-01-10 23:04:35.328000+00:00,135.48513,-24.03822,15.3,V,A84,UCAC2,CCD
2014,99942,,99942,2013-01-10 23:04:37.661000+00:00,135.480625,-24.039706,15.86,R,C20,UCAC4,CCD
2015,99942,,99942,2013-01-10 23:05:45.744000+00:00,135.479325,-24.039319,15.93,R,C20,UCAC4,CCD
2016,99942,,99942,2013-01-10 23:06:53.827000+00:00,135.478125,-24.039011,15.98,R,C20,UCAC4,CCD
2017,99942,,99942,2013-01-10 23:08:01.997000+00:00,135.476821,-24.038583,15.89,R,C20,UCAC4,CCD
2018,99942,,99942,2013-01-10 23:09:09.994000+00:00,135.475604,-24.03825,15.94,R,C20,UCAC4,CCD
2019,99942,,99942,2013-01-10 23:09:58.464000+00:00,135.47904,-24.03653,15.1,V,A84,UCAC2,CCD
2020,99942,,99942,2013-01-10 23:10:17.990000+00:00,135.474233,-24.037875,15.93,R,C20,UCAC4,CCD
2021,99942,,99942,2013-01-10 23:11:19.680000+00:00,135.47754,-24.03617,15.1,V,A84,UCAC2,CCD
2022,99942,,99942,2013-01-10 23:11:26.333000+00:00,135.473008,-24.037517,15.95,R,C20,UCAC4,CCD
2023,99942,,99942,2013-01-10 23:12:44.352000+00:00,135.47596,-24.03569,15.2,V,A84,UCAC2,CCD
2024,99942,,99942,2013-01-10 23:14:30.106000+00:00,135.469583,-24.036528,15.96,R,C20,UCAC4,CCD
2025,99942,,99942,2013-01-10 23:15:25.920000+00:00,135.473,-24.03492,15.3,V,A84,UCAC2,CCD
2026,99942,,99942,2013-01-10 23:15:43.373000+00:00,135.468258,-24.036136,15.97,R,C20,UCAC4,CCD
2027,99942,,99942,2013-01-10 23:16:47.136000+00:00,135.47142,-24.03444,15.2,V,A84,UCAC2,CCD
2028,99942,,99942,2013-01-10 23:16:51.802000+00:00,135.466979,-24.035728,15.98,R,C20,UCAC4,CCD
2029,99942,,99942,2013-01-10 23:18:04.118000+00:00,135.465613,-24.035367,15.94,R,C20,UCAC4,CCD
2030,99942,,99942,2013-01-10 23:18:07.488000+00:00,135.46996,-24.03403,15.1,V,A84,UCAC2,CCD
2031,99942,,99942,2013-01-10 23:19:16.435000+00:00,135.464279,-24.034953,15.93,R,C20,UCAC4,CCD
2032,99942,,99942,2013-01-10 23:19:33.888000+00:00,135.46833,-24.03364,15.1,V,A84,UCAC2,CCD
2033,99942,,99942,2013-01-10 23:20:27.110000+00:00,135.463008,-24.034575,15.87,R,C20,UCAC4,CCD
2034,99942,,99942,2013-01-10 23:20:54.240000+00:00,135.46671,-24.03308,15.2,V,A84,UCAC2,CCD
2035,99942,,99942,2013-01-10 23:23:34.080000+00:00,135.46388,-24.03233,15.2,V,A84,UCAC2,CCD
2036,99942,,99942,2013-01-10 23:26:15.648000+00:00,135.46079,-24.0315,15.2,V,A84,UCAC2,CCD
2037,99942,,99942,2013-01-10 23:27:37.728000+00:00,135.45925,-24.03097,15.0,V,A84,UCAC2,CCD
2038,99942,,99942,2013-01-10 23:28:57.216000+00:00,135.45783,-24.03064,15.1,V,A84,UCAC2,CCD
2039,99942,,99942,2013-01-10 23:32:10.752000+00:00,135.449929,-24.030736,15.9,R,C20,UCAC4,CCD
2040,99942,,99942,2013-01-10 23:34:41.088000+00:00,135.45133,-24.02872,15.1,V,A84,UCAC2,CCD
2041,99942,,99942,2013-01-10 23:36:00.576000+00:00,135.44979,-24.02831,15.2,V,A84,UCAC2,CCD
2042,99942,,99942,2013-01-10 23:37:19.200000+00:00,135.44846,-24.02797,15.1,V,A84,UCAC2,CCD
2043,99942,,99942,2013-01-10 23:38:38.688000+00:00,135.44692,-24.02753,15.1,V,A84,UCAC2,CCD
2044,99942,,99942,2013-01-10 23:39:57.312000+00:00,135.44546,-24.02708,15.2,V,A84,UCAC2,CCD
2045,99942,,99942,2013-01-10 23:40:47.683000+00:00,135.440358,-24.027933,16.05,R,C20,UCAC4,CCD
2046,99942,,99942,2013-01-10 23:41:19.392000+00:00,135.44392,-24.02658,15.1,V,A84,UCAC2,CCD
2047,99942,,99942,2013-01-10 23:42:35.770000+00:00,135.438375,-24.027317,16.13,R,C20,UCAC4,CCD
2048,99942,,99942,2013-01-10 23:42:42.336000+00:00,135.44246,-24.02625,15.2,V,A84,UCAC2,CCD
2049,99942,,99942,2013-01-10 23:43:45.235000+00:00,135.437125,-24.026933,16.07,R,C20,UCAC4,CCD
2050,99942,,99942,2013-01-10 23:44:02.688000+00:00,135.44079,-24.02572,15.1,V,A84,UCAC2,CCD
2051,99942,,99942,2013-01-10 23:44:53.318000+00:00,135.435888,-24.0266,16.11,R,C20,UCAC4,CCD
2052,99942,,99942,2013-01-10 23:45:22.176000+00:00,135.4395,-24.02531,15.2,V,A84,UCAC2,CCD
2053,99942,,99942,2013-01-10 23:46:25.766000+00:00,135.43415,-24.026097,16.06,R,C20,UCAC4,CCD
2054,99942,,99942,2013-01-10 23:46:40.800000+00:00,135.43792,-24.02489,15.1,V,A84,UCAC2,CCD
2055,99942,,99942,2013-01-10 23:47:33.763000+00:00,135.432896,-24.025722,16.0,R,C20,UCAC4,CCD
2056,99942,,99942,2013-01-10 23:47:59.424000+00:00,135.4365,-24.02444,15.2,V,A84,UCAC2,CCD
2057,99942,,99942,2013-01-10 23:48:41.933000+00:00,135.43165,-24.025358,16.05,R,C20,UCAC4,CCD
2058,99942,,99942,2013-01-10 23:49:18.912000+00:00,135.43496,-24.02408,15.2,V,A84,UCAC2,CCD
2059,99942,,99942,2013-01-10 23:49:50.880000+00:00,135.430346,-24.024956,15.97,R,C20,UCAC4,CCD
2060,99942,,99942,2013-01-10 23:50:37.536000+00:00,135.43354,-24.02364,15.3,V,A84,UCAC2,CCD
2061,99942,,99942,2013-01-10 23:50:59.050000+00:00,135.429063,-24.024567,15.89,R,C20,UCAC4,CCD
2062,99942,,99942,2013-01-10 23:51:57.888000+00:00,135.432,-24.02328,15.1,V,A84,UCAC2,CCD
2063,99942,,99942,2013-01-10 23:52:07.133000+00:00,135.427838,-24.024181,15.93,R,C20,UCAC4,CCD
2064,99942,,99942,2013-01-10 23:53:15.216000+00:00,135.426538,-24.023847,16.02,R,C20,UCAC4,CCD
2065,99942,,99942,2013-01-10 23:53:17.376000+00:00,135.4305,-24.02275,15.2,V,A84,UCAC2,CCD
2066,99942,,99942,2013-01-10 23:54:36.864000+00:00,135.429,-24.02231,15.2,V,A84,UCAC2,CCD
2067,99942,,99942,2013-01-10 23:55:55.488000+00:00,135.42767,-24.02197,15.3,V,A84,UCAC2,CCD
2068,99942,,99942,2013-01-10 23:57:14.976000+00:00,135.42604,-24.02144,15.2,V,A84,UCAC2,CCD
2069,99942,,99942,2013-01-10 23:58:33.600000+00:00,135.42471,-24.02111,15.3,V,A84,UCAC2,CCD
2070,99942,,99942,2013-01-10 23:59:54.816000+00:00,135.42308,-24.02056,15.3,V,A84,UCAC2,CCD
2071,99942,,99942,2013-01-11 00:01:14.304000+00:00,135.42154,-24.02019,15.3,V,A84,UCAC2,CCD
2072,99942,,99942,2013-01-11 00:02:33.792000+00:00,135.42013,-24.01975,15.2,V,A84,UCAC2,CCD
2073,99942,,99942,2013-01-11 00:03:53.280000+00:00,135.41867,-24.01939,15.3,V,A84,UCAC2,CCD
2074,99942,,99942,2013-01-11 00:05:12.768000+00:00,135.41704,-24.01886,15.2,V,A84,UCAC2,CCD
2075,99942,,99942,2013-01-11 00:06:31.392000+00:00,135.41575,-24.01847,15.2,V,A84,UCAC2,CCD
2076,99942,,99942,2013-01-11 00:07:50.880000+00:00,135.41425,-24.01808,15.3,V,A84,UCAC2,CCD
2077,99942,,99942,2013-01-11 00:09:10.368000+00:00,135.41271,-24.01761,15.2,V,A84,UCAC2,CCD
2078,99942,,99942,2013-01-11 00:10:31.584000+00:00,135.41117,-24.01714,15.2,V,A84,UCAC2,CCD
2079,99942,,99942,2013-01-11 00:11:49.344000+00:00,135.40971,-24.01658,15.3,V,A84,UCAC2,CCD
2080,99942,,99942,2013-01-11 00:13:09.696000+00:00,135.40821,-24.01631,15.2,V,A84,UCAC2,CCD
2081,99942,,99942,2013-01-11 00:14:27.456000+00:00,135.40679,-24.01586,15.3,V,A84,UCAC2,CCD
2082,99942,,99942,2013-01-11 00:15:47.808000+00:00,135.40537,-24.01547,15.3,V,A84,UCAC2,CCD
2083,99942,,99942,2013-01-11 00:17:06.432000+00:00,135.40379,-24.01508,15.3,V,A84,UCAC2,CCD
2084,99942,,99942,2013-01-11 00:18:26.784000+00:00,135.40225,-24.01458,15.3,V,A84,UCAC2,CCD
2085,99942,,99942,2013-01-11 00:19:45.408000+00:00,135.40083,-24.01417,15.3,V,A84,UCAC2,CCD
2086,99942,,99942,2013-01-11 00:21:04.896000+00:00,135.39933,-24.01358,15.3,V,A84,UCAC2,CCD
2087,99942,,99942,2013-01-11 00:25:00.768000+00:00,135.39488,-24.01239,15.3,V,A84,UCAC2,CCD
2088,99942,,99942,2013-01-11 00:27:11.232000+00:00,135.39254,-24.01175,15.3,V,A84,UCAC2,CCD
2089,99942,,99942,2013-01-11 00:28:29.856000+00:00,135.39104,-24.01125,15.3,V,A84,UCAC2,CCD
2090,99942,,99942,2013-01-11 00:29:49.344000+00:00,135.38963,-24.01086,15.3,V,A84,UCAC2,CCD
2091,99942,,99942,2013-01-11 00:31:07.104000+00:00,135.38804,-24.01033,15.3,V,A84,UCAC2,CCD
2092,99942,,99942,2013-01-11 00:33:45.216000+00:00,135.38508,-24.00953,15.3,V,A84,UCAC2,CCD
2093,99942,,99942,2013-01-11 00:36:23.328000+00:00,135.38213,-24.00867,15.3,V,A84,UCAC2,CCD
2094,99942,,99942,2013-01-11 01:00:03.744000+00:00,135.35575,-24.00078,15.4,V,A84,UCAC2,CCD
2095,99942,,99942,2013-01-11 01:02:44.448000+00:00,135.35275,-23.99981,15.4,V,A84,UCAC2,CCD
2096,99942,,99942,2013-01-11 01:04:03.072000+00:00,135.35138,-23.9995,15.4,V,A84,UCAC2,CCD
2097,99942,,99942,2013-01-11 01:05:22.560000+00:00,135.34983,-23.999,15.4,V,A84,UCAC2,CCD
2098,99942,,99942,2013-01-11 01:06:42.048000+00:00,135.34833,-23.99856,15.4,V,A84,UCAC2,CCD
2099,99942,,99942,2013-01-11 01:08:01.536000+00:00,135.34679,-23.99808,15.4,V,A84,UCAC2,CCD
2100,99942,,99942,2013-01-11 01:09:22.752000+00:00,135.34533,-23.99767,15.4,V,A84,UCAC2,CCD
2101,99942,,99942,2013-01-11 01:10:40.512000+00:00,135.34392,-23.99722,15.4,V,A84,UCAC2,CCD
2102,99942,,99942,2013-01-11 01:12:00.864000+00:00,135.34246,-23.99675,15.5,V,A84,UCAC2,CCD
2103,99942,,99942,2013-01-11 01:13:18.624000+00:00,135.341,-23.99628,15.5,V,A84,UCAC2,CCD
2104,99942,,99942,2013-01-11 01:14:38.112000+00:00,135.3395,-23.99592,15.4,V,A84,UCAC2,CCD
2105,99942,,99942,2013-01-11 01:15:56.736000+00:00,135.33808,-23.99539,15.5,V,A84,UCAC2,CCD
2106,99942,,99942,2013-01-11 01:17:16.224000+00:00,135.3365,-23.995,15.4,V,A84,UCAC2,CCD
2107,99942,,99942,2013-01-11 01:18:33.120000+00:00,135.33508,-23.99453,15.4,V,A84,UCAC2,CCD
2108,99942,,99942,2013-01-11 01:20:40.128000+00:00,135.33288,-23.99378,15.4,V,A84,UCAC2,CCD
2109,99942,,99942,2013-01-11 01:21:58.752000+00:00,135.33129,-23.99331,15.5,V,A84,UCAC2,CCD
2110,99942,,99942,2013-01-11 01:23:18.240000+00:00,135.32992,-23.99297,15.4,V,A84,UCAC2,CCD
2111,99942,,99942,2013-01-11 01:24:36.864000+00:00,135.32833,-23.99253,15.5,V,A84,UCAC2,CCD
2112,99942,,99942,2013-01-11 01:25:56.352000+00:00,135.32696,-23.99203,15.4,V,A84,UCAC2,CCD
2113,99942,,99942,2013-01-11 01:27:13.248000+00:00,135.3255,-23.99161,15.5,V,A84,UCAC2,CCD
2114,99942,,99942,2013-01-11 01:28:37.920000+00:00,135.32396,-23.99117,15.5,V,A84,UCAC2,CCD
2115,99942,,99942,2013-01-11 01:29:56.544000+00:00,135.32254,-23.99067,15.5,V,A84,UCAC2,CCD
2116,99942,,99942,2013-01-11 01:31:16.032000+00:00,135.32117,-23.99031,15.4,V,A84,UCAC2,CCD
2117,99942,,99942,2013-01-11 01:32:34.656000+00:00,135.3195,-23.98981,15.5,V,A84,UCAC2,CCD
2118,99942,,99942,2013-01-11 01:33:54.144000+00:00,135.318,-23.98931,15.4,V,A84,UCAC2,CCD
2119,99942,,99942,2013-01-11 01:35:11.904000+00:00,135.31667,-23.98889,15.5,V,A84,UCAC2,CCD
2120,99942,,99942,2013-01-11 01:36:31.392000+00:00,135.31508,-23.98839,15.5,V,A84,UCAC2,CCD
2121,99942,,99942,2013-01-11 01:37:49.152000+00:00,135.31367,-23.98792,15.5,V,A84,UCAC2,CCD
2122,99942,,99942,2013-01-11 01:39:08.640000+00:00,135.31221,-23.98756,15.5,V,A84,UCAC2,CCD
2123,99942,,99942,2013-01-11 01:40:27.264000+00:00,135.31075,-23.98708,15.5,V,A84,UCAC2,CCD
2124,99942,,99942,2013-01-11 01:41:46.752000+00:00,135.30933,-23.98661,15.5,V,A84,UCAC2,CCD
2125,99942,,99942,2013-01-11 01:43:06.240000+00:00,135.30788,-23.98619,15.4,V,A84,UCAC2,CCD
2126,99942,,99942,2013-01-11 01:44:25.728000+00:00,135.30642,-23.98567,15.5,V,A84,UCAC2,CCD
2127,99942,,99942,2013-01-11 01:45:43.488000+00:00,135.30492,-23.98525,15.6,V,A84,UCAC2,CCD
2128,99942,,99942,2013-01-11 01:47:03.840000+00:00,135.30338,-23.98483,15.5,V,A84,UCAC2,CCD
2129,99942,,99942,2013-01-11 01:48:21.600000+00:00,135.30208,-23.98439,15.5,V,A84,UCAC2,CCD
2130,99942,,99942,2013-01-11 01:49:41.088000+00:00,135.30058,-23.98394,15.5,V,A84,UCAC2,CCD
2131,99942,,99942,2013-01-11 01:52:19.200000+00:00,135.29771,-23.98311,15.6,V,A84,UCAC2,CCD
2132,99942,,99942,2013-01-11 01:53:40.416000+00:00,135.29613,-23.98256,15.6,V,A84,UCAC2,CCD
2133,99942,,99942,2013-01-11 01:54:59.904000+00:00,135.29462,-23.98208,15.5,V,A84,UCAC2,CCD
2134,99942,,99942,2013-01-11 01:56:20.256000+00:00,135.29329,-23.98158,15.5,V,A84,UCAC2,CCD
2135,99942,,99942,2013-01-11 02:01:37.344000+00:00,135.28729,-23.97975,15.5,V,A84,UCAC2,CCD
2136,99942,,99942,2013-01-11 03:14:35.232000+00:00,135.21692,-23.95794,16.4,R,B74,UCAC3,CCD
2137,99942,,99942,2013-01-11 03:26:53.952000+00:00,135.20338,-23.95375,16.4,R,B74,UCAC3,CCD
2138,99942,,99942,2013-01-11 03:38:50.208000+00:00,135.19038,-23.9495,16.4,R,B74,UCAC3,CCD
2139,99942,,99942,2013-01-11 03:47:37.248000+00:00,135.18042,-23.94672,16.3,R,B74,UCAC3,CCD
2140,99942,,99942,2013-01-11 16:52:02.006000+00:00,134.38071,-23.66089,16.2,R,Q62,UCAC3,CCD
2141,99942,,99942,2013-01-11 16:52:49.008000+00:00,134.37983,-23.66061,16.2,R,Q62,UCAC3,CCD
2142,99942,,99942,2013-01-11 16:53:34.973000+00:00,134.37904,-23.66036,16.2,R,Q62,UCAC3,CCD
2143,99942,,99942,2013-01-11 16:54:19.987000+00:00,134.37817,-23.66008,16.1,R,Q62,UCAC3,CCD
2144,99942,,99942,2013-01-11 16:55:06.038000+00:00,134.37729,-23.65983,16.1,R,Q62,UCAC3,CCD
2145,99942,,99942,2013-01-11 20:37:16.090000+00:00,134.16795,-23.610022,15.93,R,C20,UCAC4,CCD
2146,99942,,99942,2013-01-11 20:39:38.390000+00:00,134.165429,-23.609311,16.16,R,C20,UCAC4,CCD
2147,99942,,99942,2013-01-11 20:42:36.461000+00:00,134.162138,-23.608347,16.05,R,C20,UCAC4,CCD
2148,99942,,99942,2013-01-11 20:44:12.192000+00:00,134.160454,-23.607811,15.99,R,C20,UCAC4,CCD
2149,99942,,99942,2013-01-11 20:45:53.366000+00:00,134.158571,-23.607272,16.23,R,C20,UCAC4,CCD
2150,99942,,99942,2013-01-11 20:48:02.621000+00:00,134.156142,-23.606533,15.95,R,C20,UCAC4,CCD
2151,99942,,99942,2013-01-11 20:49:50.102000+00:00,134.154225,-23.605972,16.23,R,C20,UCAC4,CCD
2152,99942,,99942,2013-01-11 20:51:31.018000+00:00,134.152358,-23.605431,16.11,R,C20,UCAC4,CCD
2153,99942,,99942,2013-01-11 20:52:40.483000+00:00,134.1511,-23.604975,16.12,R,C20,UCAC4,CCD
2154,99942,,99942,2013-01-11 20:54:16.992000+00:00,134.149333,-23.604514,16.15,R,C20,UCAC4,CCD
2155,99942,,99942,2013-01-11 20:55:30.173000+00:00,134.147979,-23.604142,16.09,R,C20,UCAC4,CCD
2156,99942,,99942,2013-01-11 20:56:41.626000+00:00,134.146679,-23.603775,16.17,R,C20,UCAC4,CCD
2157,99942,,99942,2013-01-11 20:57:56.275000+00:00,134.145329,-23.60335,16.04,R,C20,UCAC4,CCD
2158,99942,,99942,2013-01-11 20:58:34.723000+00:00,134.144554,-23.603089,16.18,R,C20,UCAC4,CCD
2159,99942,,99942,2013-01-11 20:59:13.171000+00:00,134.143896,-23.602914,16.05,R,C20,UCAC4,CCD
2160,99942,,99942,2013-01-11 20:59:51.360000+00:00,134.143188,-23.602706,16.13,R,C20,UCAC4,CCD
2161,99942,,99942,2013-01-11 21:01:07.910000+00:00,134.141821,-23.602364,16.14,R,C20,UCAC4,CCD
2162,99942,,99942,2013-01-11 21:01:46.186000+00:00,134.141058,-23.602014,16.15,R,C20,UCAC4,CCD
2163,99942,,99942,2013-01-11 21:02:24.547000+00:00,134.1403,-23.601817,16.15,R,C20,UCAC4,CCD
2164,99942,,99942,2013-01-11 21:03:02.822000+00:00,134.139642,-23.601675,16.06,R,C20,UCAC4,CCD
2165,99942,,99942,2013-01-11 21:03:41.011000+00:00,134.138958,-23.601392,16.04,R,C20,UCAC4,CCD
2166,99942,,99942,2013-01-11 21:04:19.200000+00:00,134.138275,-23.601256,16.22,R,C20,UCAC4,CCD
2167,99942,,99942,2013-01-11 21:04:57.389000+00:00,134.137592,-23.601011,16.11,R,C20,UCAC4,CCD
2168,99942,,99942,2013-01-11 21:05:35.750000+00:00,134.136888,-23.600814,16.15,R,C20,UCAC4,CCD
2169,99942,,99942,2013-01-11 21:06:13.853000+00:00,134.136196,-23.600603,16.12,R,C20,UCAC4,CCD
2170,99942,,99942,2013-01-11 21:06:52.128000+00:00,134.135408,-23.600389,16.05,R,C20,UCAC4,CCD
2171,99942,,99942,2013-01-11 21:07:30.058000+00:00,134.134729,-23.600183,16.02,R,C20,UCAC4,CCD
2172,99942,,99942,2013-01-11 21:08:08.246000+00:00,134.134033,-23.600003,15.99,R,C20,UCAC4,CCD
2173,99942,,99942,2013-01-11 21:08:46.435000+00:00,134.133333,-23.599781,16.04,R,C20,UCAC4,CCD
2174,99942,,99942,2013-01-11 21:09:24.538000+00:00,134.132704,-23.599586,16.04,R,C20,UCAC4,CCD
2175,99942,,99942,2013-01-11 21:10:01.776000+00:00,134.131954,-23.599353,16.12,R,C20,UCAC4,CCD
2176,99942,,99942,2013-01-11 21:10:39.965000+00:00,134.131237,-23.599128,16.22,R,C20,UCAC4,CCD
2177,99942,,99942,2013-01-11 21:11:18.240000+00:00,134.130571,-23.598886,16.18,R,C20,UCAC4,CCD
2178,99942,,99942,2013-01-11 21:11:56.429000+00:00,134.129846,-23.598722,16.23,R,C20,UCAC4,CCD
2179,99942,,99942,2013-01-11 21:12:34.099000+00:00,134.129146,-23.598508,16.08,R,C20,UCAC4,CCD
2180,99942,,99942,2013-01-11 21:13:12.029000+00:00,134.128521,-23.598297,16.13,R,C20,UCAC4,CCD
2181,99942,,99942,2013-01-11 21:13:50.304000+00:00,134.127763,-23.598078,16.28,R,C20,UCAC4,CCD
2182,99942,,99942,2013-01-11 21:14:28.406000+00:00,134.127033,-23.597897,16.14,R,C20,UCAC4,CCD
2183,99942,,99942,2013-01-11 21:15:06.682000+00:00,134.126358,-23.597678,16.26,R,C20,UCAC4,CCD
2184,99942,,99942,2013-01-11 21:15:44.784000+00:00,134.125633,-23.597464,16.13,R,C20,UCAC4,CCD
2185,99942,,99942,2013-01-11 21:16:22.282000+00:00,134.124929,-23.597225,16.11,R,C20,UCAC4,CCD
2186,99942,,99942,2013-01-11 21:17:00.470000+00:00,134.124258,-23.597053,16.08,R,C20,UCAC4,CCD
2187,99942,,99942,2013-01-11 21:17:38.659000+00:00,134.123537,-23.596806,16.11,R,C20,UCAC4,CCD
2188,99942,,99942,2013-01-11 21:18:16.762000+00:00,134.122817,-23.596622,16.29,R,C20,UCAC4,CCD
2189,99942,,99942,2013-01-11 21:18:54.778000+00:00,134.122154,-23.5964,16.1,R,C20,UCAC4,CCD
2190,99942,,99942,2013-01-11 21:19:32.880000+00:00,134.121442,-23.596192,16.1,R,C20,UCAC4,CCD
2191,99942,,99942,2013-01-11 21:20:10.550000+00:00,134.120758,-23.595964,16.15,R,C20,UCAC4,CCD
2192,99942,,99942,2013-01-11 21:20:48.653000+00:00,134.120033,-23.595764,16.01,R,C20,UCAC4,CCD
2193,99942,,99942,2013-01-11 21:21:26.842000+00:00,134.11935,-23.595556,16.04,R,C20,UCAC4,CCD
2194,99942,,99942,2013-01-11 21:22:05.030000+00:00,134.118608,-23.59535,16.15,R,C20,UCAC4,CCD
2195,99942,,99942,2013-01-11 21:22:43.306000+00:00,134.117971,-23.595189,16.14,R,C20,UCAC4,CCD
2196,99942,,99942,2013-01-11 21:23:21.581000+00:00,134.117254,-23.594969,16.2,R,C20,UCAC4,CCD
2197,99942,,99942,2013-01-11 21:23:59.770000+00:00,134.116537,-23.594717,16.04,R,C20,UCAC4,CCD
2198,99942,,99942,2013-01-11 21:24:37.786000+00:00,134.115829,-23.594506,15.99,R,C20,UCAC4,CCD
2199,99942,,99942,2013-01-11 21:25:15.974000+00:00,134.115108,-23.594269,16.06,R,C20,UCAC4,CCD
2200,99942,,99942,2013-01-11 21:25:54.163000+00:00,134.114421,-23.593997,16.11,R,C20,UCAC4,CCD
2201,99942,,99942,2013-01-11 21:26:31.920000+00:00,134.113746,-23.593892,16.07,R,C20,UCAC4,CCD
2202,99942,,99942,2013-01-11 21:27:09.850000+00:00,134.112979,-23.593639,16.29,R,C20,UCAC4,CCD
2203,99942,,99942,2013-01-11 21:27:48.038000+00:00,134.112333,-23.593439,16.07,R,C20,UCAC4,CCD
2204,99942,,99942,2013-01-11 21:28:25.882000+00:00,134.111638,-23.593253,15.99,R,C20,UCAC4,CCD
2205,99942,,99942,2013-01-11 21:29:04.070000+00:00,134.110908,-23.593008,16.08,R,C20,UCAC4,CCD
2206,99942,,99942,2013-01-11 21:29:42.173000+00:00,134.110179,-23.592783,16.18,R,C20,UCAC4,CCD
2207,99942,,99942,2013-01-11 21:30:20.362000+00:00,134.109521,-23.592614,16.1,R,C20,UCAC4,CCD
2208,99942,,99942,2013-01-11 21:30:57.946000+00:00,134.108812,-23.592386,16.18,R,C20,UCAC4,CCD
2209,99942,,99942,2013-01-11 21:31:36.134000+00:00,134.108121,-23.592197,16.07,R,C20,UCAC4,CCD
2210,99942,,99942,2013-01-11 21:32:14.323000+00:00,134.107362,-23.591925,16.01,R,C20,UCAC4,CCD
2211,99942,,99942,2013-01-11 21:32:52.512000+00:00,134.106742,-23.591747,16.1,R,C20,UCAC4,CCD
2212,99942,,99942,2013-01-11 21:33:30.701000+00:00,134.105975,-23.5915,16.15,R,C20,UCAC4,CCD
2213,99942,,99942,2013-01-11 21:34:08.630000+00:00,134.105283,-23.591322,16.06,R,C20,UCAC4,CCD
2214,99942,,99942,2013-01-11 21:34:46.387000+00:00,134.104629,-23.591106,16.01,R,C20,UCAC4,CCD
2215,99942,,99942,2013-01-11 21:35:24.662000+00:00,134.103938,-23.590878,16.23,R,C20,UCAC4,CCD
2216,99942,,99942,2013-01-11 21:36:02.765000+00:00,134.103246,-23.59075,16.03,R,C20,UCAC4,CCD
2217,99942,,99942,2013-01-11 21:36:40.522000+00:00,134.102408,-23.590539,16.12,R,C20,UCAC4,CCD
2218,99942,,99942,2013-01-11 21:37:18.710000+00:00,134.101729,-23.590183,15.91,R,C20,UCAC4,CCD
2219,99942,,99942,2013-01-11 21:38:07.008000+00:00,134.10085,-23.589917,15.82,R,C20,UCAC4,CCD
2220,99942,,99942,2013-01-11 21:38:44.765000+00:00,134.100163,-23.589678,15.93,R,C20,UCAC4,CCD
2221,99942,,99942,2013-01-11 21:39:22.435000+00:00,134.099517,-23.589475,15.79,R,C20,UCAC4,CCD
2222,99942,,99942,2013-01-11 21:40:00.624000+00:00,134.098808,-23.589372,15.93,R,C20,UCAC4,CCD
2223,99942,,99942,2013-01-11 21:40:38.813000+00:00,134.098096,-23.58915,16.15,R,C20,UCAC4,CCD
2224,99942,,99942,2013-01-11 21:41:18.125000+00:00,134.097404,-23.588931,16.05,R,C20,UCAC4,CCD
2225,99942,,99942,2013-01-11 21:41:56.314000+00:00,134.096675,-23.588717,16.15,R,C20,UCAC4,CCD
2226,99942,,99942,2013-01-11 21:42:34.502000+00:00,134.096017,-23.588533,16.13,R,C20,UCAC4,CCD
2227,99942,,99942,2013-01-11 21:43:12.691000+00:00,134.095237,-23.588253,16.18,R,C20,UCAC4,CCD
2228,99942,,99942,2013-01-11 21:43:50.794000+00:00,134.094538,-23.588086,16.08,R,C20,UCAC4,CCD
2229,99942,,99942,2013-01-11 21:44:28.291000+00:00,134.093842,-23.587872,16.05,R,C20,UCAC4,CCD
2230,99942,,99942,2013-01-11 21:45:06.566000+00:00,134.093104,-23.587611,16.1,R,C20,UCAC4,CCD
2231,99942,,99942,2013-01-11 21:45:44.582000+00:00,134.092463,-23.587456,16.14,R,C20,UCAC4,CCD
2232,99942,,99942,2013-01-11 21:46:22.771000+00:00,134.091712,-23.587231,16.16,R,C20,UCAC4,CCD
2233,99942,,99942,2013-01-11 21:47:00.787000+00:00,134.091013,-23.586967,16.07,R,C20,UCAC4,CCD
2234,99942,,99942,2013-01-11 21:47:38.976000+00:00,134.090329,-23.586811,16.1,R,C20,UCAC4,CCD
2235,99942,,99942,2013-01-11 21:48:16.733000+00:00,134.089675,-23.586561,16.11,R,C20,UCAC4,CCD
2236,99942,,99942,2013-01-11 21:48:54.749000+00:00,134.088883,-23.586247,15.97,R,C20,UCAC4,CCD
2237,99942,,99942,2013-01-11 21:50:11.213000+00:00,134.087563,-23.58595,15.85,R,C20,UCAC4,CCD
2238,99942,,99942,2013-01-11 21:50:49.402000+00:00,134.086888,-23.585683,16.27,R,C20,UCAC4,CCD
2239,99942,,99942,2013-01-11 21:51:27.590000+00:00,134.086046,-23.585444,15.95,R,C20,UCAC4,CCD
2240,99942,,99942,2013-01-11 21:52:05.779000+00:00,134.085442,-23.585292,16.07,R,C20,UCAC4,CCD
2241,99942,,99942,2013-01-11 21:52:43.968000+00:00,134.084663,-23.585117,15.84,R,C20,UCAC4,CCD
2242,99942,,99942,2013-01-11 21:53:22.330000+00:00,134.084004,-23.584886,16.18,R,C20,UCAC4,CCD
2243,99942,,99942,2013-01-11 21:54:44.064000+00:00,134.08308,-23.58436,15.8,R,C40,UCAC3,CCD
2244,99942,,99942,2013-01-11 21:56:04.416000+00:00,134.08154,-23.58372,15.9,R,C40,UCAC3,CCD
2245,99942,,99942,2013-01-11 22:38:57.408000+00:00,134.04492,-23.56803,15.7,V,C77,USNOB1,CCD
2246,99942,,99942,2013-01-11 22:39:30.240000+00:00,134.04392,-23.568,15.8,V,C77,USNOB1,CCD
2247,99942,,99942,2013-01-11 22:40:02.208000+00:00,134.0435,-23.56742,15.8,V,C77,USNOB1,CCD
2248,99942,,99942,2013-01-11 22:40:35.040000+00:00,134.04296,-23.56733,15.9,V,C77,USNOB1,CCD
2249,99942,,99942,2013-01-11 22:41:07.872000+00:00,134.04237,-23.56711,16.0,V,C77,USNOB1,CCD
2250,99942,,99942,2013-01-11 22:41:24.288000+00:00,134.04204,-23.56717,15.9,V,C77,USNOB1,CCD
2251,99942,,99942,2013-01-11 22:41:40.704000+00:00,134.04163,-23.56733,15.7,V,C77,USNOB1,CCD
2252,99942,,99942,2013-01-11 22:42:14.400000+00:00,134.04133,-23.56689,15.9,V,C77,USNOB1,CCD
2253,99942,,99942,2013-01-11 23:27:44.640000+00:00,133.99192,-23.55175,15.3,R,K21,UCAC3,CCD
2254,99942,,99942,2013-01-11 23:44:38.976000+00:00,133.97075,-23.54614,15.3,R,470,UCAC4,CCD
2255,99942,,99942,2013-01-11 23:45:47.232000+00:00,133.96958,-23.54578,15.3,R,470,UCAC4,CCD
2256,99942,,99942,2013-01-11 23:46:20.928000+00:00,133.96887,-23.54558,15.3,R,470,UCAC4,CCD
2257,99942,,99942,2013-01-11 23:46:54.624000+00:00,133.96821,-23.54528,14.6,R,470,UCAC4,CCD
2258,99942,,99942,2013-01-11 23:47:29.184000+00:00,133.96742,-23.54514,15.3,R,470,UCAC4,CCD
2259,99942,,99942,2013-01-11 23:51:00+00:00,133.96613,-23.54403,15.0,R,K21,UCAC3,CCD
2260,99942,,99942,2013-01-12 00:22:13.152000+00:00,133.93171,-23.53347,15.1,R,K21,UCAC3,CCD
2261,99942,,99942,2013-01-12 01:08:01.536000+00:00,133.88192,-23.51739,14.7,R,213,USNOA2,CCD
2262,99942,,99942,2013-01-12 01:15:55.008000+00:00,133.87313,-23.51467,14.7,R,213,USNOA2,CCD
2263,99942,,99942,2013-01-12 01:46:52.608000+00:00,133.839,-23.50381,15.7,R,B74,UCAC3,CCD
2264,99942,,99942,2013-01-12 01:51:10.080000+00:00,133.83429,-23.50236,15.6,R,B74,UCAC3,CCD
2265,99942,,99942,2013-01-12 02:01:46.848000+00:00,133.82246,-23.49864,15.6,R,B74,UCAC3,CCD
2266,99942,,99942,2013-01-12 02:10:33.888000+00:00,133.81271,-23.49556,14.8,R,232,USNOA2,CCD
2267,99942,,99942,2013-01-12 02:28:57.216000+00:00,133.79237,-23.48903,14.7,R,232,USNOA2,CCD
2268,99942,,99942,2013-01-12 02:43:18.624000+00:00,133.7745,-23.48422,,,204,PPMXL,CCD
2269,99942,,99942,2013-01-12 02:46:42.528000+00:00,133.77075,-23.483,,,204,PPMXL,CCD
2270,99942,,99942,2013-01-12 02:50:26.304000+00:00,133.76671,-23.48161,,,204,PPMXL,CCD
2271,99942,,99942,2013-01-12 02:54:09.216000+00:00,133.76262,-23.48025,,,204,PPMXL,CCD
2272,99942,,99942,2013-01-12 02:56:05.856000+00:00,133.76229,-23.47922,14.8,R,232,USNOA2,CCD
2273,99942,,99942,2013-01-12 02:57:53.856000+00:00,133.75846,-23.47894,15.2,R,204,PPMXL,CCD
2274,99942,,99942,2013-01-12 04:59:59.712000+00:00,133.64471,-23.40881,,,844,UCAC3,CCD
2275,99942,,99942,2013-01-12 05:02:41.280000+00:00,133.64183,-23.40789,,,844,UCAC3,CCD
2276,99942,,99942,2013-01-12 05:05:21.984000+00:00,133.63875,-23.40689,,,844,UCAC3,CCD
2277,99942,,99942,2013-01-12 05:08:01.824000+00:00,133.63575,-23.40597,,,844,UCAC3,CCD
2278,99942,,99942,2013-01-12 05:10:43.392000+00:00,133.63275,-23.40503,,,844,UCAC3,CCD
2279,99942,,99942,2013-01-12 23:18:05.760000+00:00,132.53963,-23.03583,15.6,R,J47,UCAC2,CCD
2280,99942,,99942,2013-01-12 23:42:45.792000+00:00,132.51246,-23.02733,15.9,R,J47,UCAC2,CCD
2281,99942,,99942,2013-01-13 00:04:23.520000+00:00,132.48858,-23.01983,16.0,R,J47,UCAC2,CCD
2282,99942,,99942,2013-01-13 00:27:03.197000+00:00,132.45425,-23.01706,16.4,V,510,UCAC3,CCD
2283,99942,,99942,2013-01-13 00:34:38.093000+00:00,132.446,-23.01431,16.3,V,510,UCAC3,CCD
2284,99942,,99942,2013-01-13 00:42:12.989000+00:00,132.43771,-23.0115,16.4,V,510,UCAC3,CCD
2285,99942,,99942,2013-01-13 00:49:47.798000+00:00,132.42946,-23.00861,16.3,V,510,UCAC3,CCD
2286,99942,,99942,2013-01-13 00:57:22.694000+00:00,132.42112,-23.00592,16.3,V,510,UCAC3,CCD
2287,99942,,99942,2013-01-13 01:04:57.677000+00:00,132.41279,-23.00303,16.2,V,510,UCAC3,CCD
2288,99942,,99942,2013-01-13 01:12:32.486000+00:00,132.4045,-23.00014,16.2,V,510,UCAC3,CCD
2289,99942,,99942,2013-01-13 01:20:07.296000+00:00,132.39621,-22.99733,16.4,V,510,UCAC3,CCD
2290,99942,,99942,2013-01-13 01:27:42.192000+00:00,132.388,-22.99447,16.2,V,510,UCAC3,CCD
2291,99942,,99942,2013-01-13 01:35:17.002000+00:00,132.37963,-22.99167,16.3,V,510,UCAC3,CCD
2292,99942,,99942,2013-01-13 01:42:51.811000+00:00,132.37142,-22.98881,16.1,V,510,UCAC3,CCD
2293,99942,,99942,2013-01-13 01:50:26.707000+00:00,132.36308,-22.98603,16.1,V,510,UCAC3,CCD
2294,99942,,99942,2013-01-13 01:58:01.690000+00:00,132.35483,-22.98303,16.1,V,510,UCAC3,CCD
2295,99942,,99942,2013-01-13 02:05:36.586000+00:00,132.34671,-22.98014,16.0,V,510,UCAC3,CCD
2296,99942,,99942,2013-01-13 02:13:11.482000+00:00,132.33825,-22.97719,16.0,V,510,UCAC3,CCD
2297,99942,,99942,2013-01-13 02:20:46.291000+00:00,132.33004,-22.97442,16.1,V,510,UCAC3,CCD
2298,99942,,99942,2013-01-13 08:06:23.328000+00:00,131.98671,-22.84192,14.9,R,H06,UCAC3,CCD
2299,99942,,99942,2013-01-13 08:21:50.400000+00:00,131.9695,-22.83622,14.9,R,H06,UCAC3,CCD
2300,99942,,99942,2013-01-13 08:23:21.984000+00:00,131.96783,-22.83564,15.0,R,H06,UCAC3,CCD
2301,99942,,99942,2013-01-13 08:36:27.360000+00:00,131.95325,-22.83061,14.7,R,H06,UCAC3,CCD
2302,99942,,99942,2013-01-13 20:16:15.773000+00:00,131.255454,-22.563422,15.96,R,C20,UCAC4,CCD
2303,99942,,99942,2013-01-13 20:20:35.664000+00:00,131.250771,-22.561814,15.95,R,C20,UCAC4,CCD
2304,99942,,99942,2013-01-13 20:22:52.435000+00:00,131.248283,-22.560969,15.93,R,C20,UCAC4,CCD
2305,99942,,99942,2013-01-13 20:25:25.709000+00:00,131.245517,-22.560025,15.9,R,C20,UCAC4,CCD
2306,99942,,99942,2013-01-13 20:26:03.811000+00:00,131.2448,-22.559767,15.88,R,C20,UCAC4,CCD
2307,99942,,99942,2013-01-13 20:26:42.086000+00:00,131.244125,-22.559514,15.88,R,C20,UCAC4,CCD
2308,99942,,99942,2013-01-13 20:27:20.275000+00:00,131.243421,-22.559322,15.94,R,C20,UCAC4,CCD
2309,99942,,99942,2013-01-13 20:27:58.464000+00:00,131.242712,-22.559056,15.89,R,C20,UCAC4,CCD
2310,99942,,99942,2013-01-13 20:28:36.739000+00:00,131.242033,-22.558839,15.87,R,C20,UCAC4,CCD
2311,99942,,99942,2013-01-13 20:29:14.323000+00:00,131.241421,-22.558644,15.89,R,C20,UCAC4,CCD
2312,99942,,99942,2013-01-13 20:29:52.598000+00:00,131.240646,-22.558331,15.89,R,C20,UCAC4,CCD
2313,99942,,99942,2013-01-13 20:30:30.787000+00:00,131.239958,-22.558067,15.81,R,C20,UCAC4,CCD
2314,99942,,99942,2013-01-13 20:31:09.062000+00:00,131.239246,-22.557858,15.9,R,C20,UCAC4,CCD
2315,99942,,99942,2013-01-13 20:32:29.155000+00:00,131.237846,-22.557419,15.81,R,C20,UCAC4,CCD
2316,99942,,99942,2013-01-13 20:32:52.310000+00:00,131.237383,-22.557206,15.87,R,C20,UCAC4,CCD
2317,99942,,99942,2013-01-13 20:40:05.520000+00:00,131.229529,-22.554556,15.88,R,C20,UCAC4,CCD
2318,99942,,99942,2013-01-13 20:40:43.795000+00:00,131.228833,-22.554233,15.93,R,C20,UCAC4,CCD
2319,99942,,99942,2013-01-13 20:41:22.070000+00:00,131.228158,-22.554053,15.94,R,C20,UCAC4,CCD
2320,99942,,99942,2013-01-13 20:42:00.346000+00:00,131.227417,-22.553758,15.97,R,C20,UCAC4,CCD
2321,99942,,99942,2013-01-13 20:42:38.621000+00:00,131.226758,-22.553556,15.92,R,C20,UCAC4,CCD
2322,99942,,99942,2013-01-13 20:43:16.291000+00:00,131.226054,-22.553289,15.88,R,C20,UCAC4,CCD
2323,99942,,99942,2013-01-13 20:43:54.221000+00:00,131.225367,-22.553114,15.9,R,C20,UCAC4,CCD
2324,99942,,99942,2013-01-13 20:44:32.410000+00:00,131.224687,-22.552853,15.96,R,C20,UCAC4,CCD
2325,99942,,99942,2013-01-13 20:45:10.771000+00:00,131.223979,-22.552561,15.9,R,C20,UCAC4,CCD
2326,99942,,99942,2013-01-13 20:45:49.046000+00:00,131.223287,-22.552367,15.88,R,C20,UCAC4,CCD
2327,99942,,99942,2013-01-13 20:46:59.376000+00:00,131.222017,-22.551961,15.25,R,C20,UCAC4,CCD
2328,99942,,99942,2013-01-13 20:48:19.728000+00:00,131.220467,-22.551375,15.8,V,C20,UCAC4,CCD
2329,99942,,99942,2013-01-13 20:49:19.603000+00:00,131.219454,-22.551,15.34,R,C20,UCAC4,CCD
2330,99942,,99942,2013-01-13 20:50:21.811000+00:00,131.218312,-22.550675,15.87,V,C20,UCAC4,CCD
2331,99942,,99942,2013-01-13 20:51:31.190000+00:00,131.217058,-22.550214,15.23,R,C20,UCAC4,CCD
2332,99942,,99942,2013-01-13 20:52:39.274000+00:00,131.215875,-22.549844,15.79,V,C20,UCAC4,CCD
2333,99942,,99942,2013-01-13 20:53:58.157000+00:00,131.214358,-22.549242,15.38,R,C20,UCAC4,CCD
2334,99942,,99942,2013-01-13 20:55:40.109000+00:00,131.212579,-22.548706,15.87,V,C20,UCAC4,CCD
2335,99942,,99942,2013-01-13 20:57:10.742000+00:00,131.210892,-22.548072,15.4,R,C20,UCAC4,CCD
2336,99942,,99942,2013-01-13 20:58:56.237000+00:00,131.208921,-22.547425,15.91,V,C20,UCAC4,CCD
2337,99942,,99942,2013-01-13 21:00:21.427000+00:00,131.207387,-22.546814,15.27,R,C20,UCAC4,CCD
2338,99942,,99942,2013-01-13 21:02:08.218000+00:00,131.205517,-22.546203,16.0,V,C20,UCAC4,CCD
2339,99942,,99942,2013-01-13 21:03:32.371000+00:00,131.203913,-22.545653,15.37,R,C20,UCAC4,CCD
2340,99942,,99942,2013-01-13 21:04:54.019000+00:00,131.202421,-22.545128,15.86,I,C20,UCAC4,CCD
2341,99942,,99942,2013-01-13 21:06:39.427000+00:00,131.200583,-22.544492,15.29,R,C20,UCAC4,CCD
2342,99942,,99942,2013-01-13 21:16:58.224000+00:00,131.189312,-22.540589,15.73,I,C20,UCAC4,CCD
2343,99942,,99942,2013-01-13 21:21:41.270000+00:00,131.184067,-22.538761,15.8,I,C20,UCAC4,CCD
2344,99942,,99942,2013-01-13 21:23:56.918000+00:00,131.181596,-22.537889,15.3,R,C20,UCAC4,CCD
2345,99942,,99942,2013-01-13 21:26:17.059000+00:00,131.179004,-22.536953,15.68,I,C20,UCAC4,CCD
2346,99942,,99942,2013-01-13 21:28:34.262000+00:00,131.176558,-22.536122,15.29,R,C20,UCAC4,CCD
2347,99942,,99942,2013-01-13 21:29:59.021000+00:00,131.174996,-22.535583,15.85,I,C20,UCAC4,CCD
2348,99942,,99942,2013-01-13 21:31:42.355000+00:00,131.173108,-22.534911,15.85,V,C20,UCAC4,CCD
2349,99942,,99942,2013-01-13 21:33:13.939000+00:00,131.171367,-22.534317,16.29,B,C20,UCAC4,CCD
2350,99942,,99942,2013-01-13 21:35:08.938000+00:00,131.169371,-22.533567,15.87,V,C20,UCAC4,CCD
2351,99942,,99942,2013-01-13 21:37:31.066000+00:00,131.166779,-22.532742,16.44,B,C20,UCAC4,CCD
2352,99942,,99942,2013-01-13 21:39:26.496000+00:00,131.164625,-22.531917,15.81,V,C20,UCAC4,CCD
2353,99942,,99942,2013-01-13 21:41:05.510000+00:00,131.162687,-22.531192,16.37,B,C20,UCAC4,CCD
2354,99942,,99942,2013-01-13 21:44:33.389000+00:00,131.158929,-22.530006,16.4,B,C20,UCAC4,CCD
2355,99942,,99942,2013-01-13 21:46:41.002000+00:00,131.156696,-22.529169,15.78,R,C20,UCAC4,CCD
2356,99942,,99942,2013-01-13 21:47:42.432000+00:00,131.155558,-22.528719,15.8,R,C20,UCAC4,CCD
2357,99942,,99942,2013-01-13 21:48:20.534000+00:00,131.154821,-22.528486,15.85,R,C20,UCAC4,CCD
2358,99942,,99942,2013-01-13 21:48:58.723000+00:00,131.154158,-22.528236,15.79,R,C20,UCAC4,CCD
2359,99942,,99942,2013-01-13 21:49:36.826000+00:00,131.153412,-22.528033,15.85,R,C20,UCAC4,CCD
2360,99942,,99942,2013-01-13 21:50:14.842000+00:00,131.152725,-22.527756,15.99,R,C20,UCAC4,CCD
2361,99942,,99942,2013-01-13 21:50:52.858000+00:00,131.152087,-22.52745,15.92,R,C20,UCAC4,CCD
2362,99942,,99942,2013-01-13 21:51:36.576000+00:00,131.15596,-22.52542,15.2,V,A84,UCAC2,CCD
2363,99942,,99942,2013-01-13 21:52:09.408000+00:00,131.150692,-22.527044,15.89,R,C20,UCAC4,CCD
2364,99942,,99942,2013-01-13 21:52:47.510000+00:00,131.149979,-22.526797,15.89,R,C20,UCAC4,CCD
2365,99942,,99942,2013-01-13 21:53:25.526000+00:00,131.149258,-22.526525,16.02,R,C20,UCAC4,CCD
2366,99942,,99942,2013-01-13 21:54:03.802000+00:00,131.148579,-22.526303,16.04,R,C20,UCAC4,CCD
2367,99942,,99942,2013-01-13 21:54:42.077000+00:00,131.147863,-22.526042,16.13,R,C20,UCAC4,CCD
2368,99942,,99942,2013-01-13 21:55:08.256000+00:00,131.15212,-22.52408,15.2,V,A84,UCAC2,CCD
2369,99942,,99942,2013-01-13 21:56:26.016000+00:00,131.15067,-22.52358,15.2,V,A84,UCAC2,CCD
2370,99942,,99942,2013-01-13 21:57:44.640000+00:00,131.14921,-22.52311,15.2,V,A84,UCAC2,CCD
2371,99942,,99942,2013-01-13 21:59:04.128000+00:00,131.14771,-22.52258,15.2,V,A84,UCAC2,CCD
2372,99942,,99942,2013-01-13 22:05:17.376000+00:00,131.14083,-22.52017,15.3,V,A84,UCAC2,CCD
2373,99942,,99942,2013-01-13 22:06:36+00:00,131.13937,-22.51972,15.2,V,A84,UCAC2,CCD
2374,99942,,99942,2013-01-13 22:07:54.624000+00:00,131.13796,-22.51919,15.2,V,A84,UCAC2,CCD
2375,99942,,99942,2013-01-13 22:09:13.248000+00:00,131.13667,-22.51875,15.2,V,A84,UCAC2,CCD
2376,99942,,99942,2013-01-13 22:10:31.872000+00:00,131.13512,-22.51825,15.2,V,A84,UCAC2,CCD
2377,99942,,99942,2013-01-13 22:11:50.496000+00:00,131.13367,-22.51775,15.2,V,A84,UCAC2,CCD
2378,99942,,99942,2013-01-13 22:13:52.320000+00:00,131.13133,-22.51694,15.2,V,A84,UCAC2,CCD
2379,99942,,99942,2013-01-13 22:15:06.624000+00:00,131.13,-22.51647,15.2,V,A84,UCAC2,CCD
2380,99942,,99942,2013-01-13 22:16:20.928000+00:00,131.12867,-22.516,15.1,V,A84,UCAC2,CCD
2381,99942,,99942,2013-01-13 22:17:34.368000+00:00,131.12729,-22.51553,15.1,V,A84,UCAC2,CCD
2382,99942,,99942,2013-01-13 22:18:47.808000+00:00,131.12596,-22.51503,15.2,V,A84,UCAC2,CCD
2383,99942,,99942,2013-01-13 22:19:07.939000+00:00,131.121025,-22.516536,15.74,R,C20,UCAC4,CCD
2384,99942,,99942,2013-01-13 22:20:01.248000+00:00,131.12454,-22.51458,15.2,V,A84,UCAC2,CCD
2385,99942,,99942,2013-01-13 22:20:10.925000+00:00,131.119892,-22.516111,15.77,R,C20,UCAC4,CCD
2386,99942,,99942,2013-01-13 22:20:49.200000+00:00,131.119225,-22.515894,15.79,R,C20,UCAC4,CCD
2387,99942,,99942,2013-01-13 22:21:16.416000+00:00,131.12321,-22.51411,15.1,V,A84,UCAC2,CCD
2388,99942,,99942,2013-01-13 22:21:27.475000+00:00,131.1185,-22.515633,15.76,R,C20,UCAC4,CCD
2389,99942,,99942,2013-01-13 22:22:05.664000+00:00,131.117817,-22.51535,15.74,R,C20,UCAC4,CCD
2390,99942,,99942,2013-01-13 22:22:30.720000+00:00,131.12183,-22.51364,15.2,V,A84,UCAC2,CCD
2391,99942,,99942,2013-01-13 22:22:43.939000+00:00,131.117083,-22.515128,15.68,R,C20,UCAC4,CCD
2392,99942,,99942,2013-01-13 22:23:22.214000+00:00,131.116387,-22.514864,15.72,R,C20,UCAC4,CCD
2393,99942,,99942,2013-01-13 22:23:44.160000+00:00,131.12042,-22.51311,15.1,V,A84,UCAC2,CCD
2394,99942,,99942,2013-01-13 22:24:00.576000+00:00,131.115658,-22.514614,15.74,R,C20,UCAC4,CCD
2395,99942,,99942,2013-01-13 22:24:38.765000+00:00,131.115017,-22.514392,15.73,R,C20,UCAC4,CCD
2396,99942,,99942,2013-01-13 22:25:17.040000+00:00,131.114308,-22.514114,15.61,R,C20,UCAC4,CCD
2397,99942,,99942,2013-01-13 22:25:55.229000+00:00,131.113617,-22.513931,15.72,R,C20,UCAC4,CCD
2398,99942,,99942,2013-01-13 22:26:33.504000+00:00,131.112896,-22.513633,15.65,R,C20,UCAC4,CCD
2399,99942,,99942,2013-01-13 22:26:47.328000+00:00,131.11708,-22.51194,15.2,V,A84,UCAC2,CCD
2400,99942,,99942,2013-01-13 22:27:11.779000+00:00,131.1122,-22.513397,15.65,R,C20,UCAC4,CCD
2401,99942,,99942,2013-01-13 22:27:50.054000+00:00,131.111525,-22.51315,15.76,R,C20,UCAC4,CCD
2402,99942,,99942,2013-01-13 22:28:01.632000+00:00,131.11583,-22.5115,15.1,V,A84,UCAC2,CCD
2403,99942,,99942,2013-01-13 22:28:28.330000+00:00,131.110792,-22.512892,15.69,R,C20,UCAC4,CCD
2404,99942,,99942,2013-01-13 22:29:06.518000+00:00,131.110083,-22.512642,15.69,R,C20,UCAC4,CCD
2405,99942,,99942,2013-01-13 22:29:14.208000+00:00,131.11446,-22.51114,15.1,V,A84,UCAC2,CCD
2406,99942,,99942,2013-01-13 22:29:44.880000+00:00,131.109354,-22.512414,15.67,R,C20,UCAC4,CCD
2407,99942,,99942,2013-01-13 22:30:23.242000+00:00,131.108696,-22.512128,15.73,R,C20,UCAC4,CCD
2408,99942,,99942,2013-01-13 22:30:28.512000+00:00,131.11308,-22.51061,15.2,V,A84,UCAC2,CCD
2409,99942,,99942,2013-01-13 22:31:01.430000+00:00,131.107971,-22.511836,15.65,R,C20,UCAC4,CCD
2410,99942,,99942,2013-01-13 22:31:39.792000+00:00,131.1073,-22.511622,15.69,R,C20,UCAC4,CCD
2411,99942,,99942,2013-01-13 22:32:18.067000+00:00,131.106608,-22.511378,15.72,R,C20,UCAC4,CCD
2412,99942,,99942,2013-01-13 22:32:55.392000+00:00,131.11029,-22.50964,15.1,V,A84,UCAC2,CCD
2413,99942,,99942,2013-01-13 22:34:09.696000+00:00,131.10904,-22.50914,15.1,V,A84,UCAC2,CCD
2414,99942,,99942,2013-01-13 22:35:22.272000+00:00,131.10762,-22.50875,15.1,V,A84,UCAC2,CCD
2415,99942,,99942,2013-01-13 22:36:35.712000+00:00,131.10625,-22.50822,15.1,V,A84,UCAC2,CCD
2416,99942,,99942,2013-01-13 22:37:49.152000+00:00,131.10492,-22.50769,15.1,V,A84,UCAC2,CCD
2417,99942,,99942,2013-01-13 22:41:17.376000+00:00,131.10121,-22.50644,15.1,V,A84,UCAC2,CCD
2418,99942,,99942,2013-01-13 22:42:30.816000+00:00,131.09979,-22.50594,15.0,V,A84,UCAC2,CCD
2419,99942,,99942,2013-01-13 22:43:44.256000+00:00,131.09833,-22.50544,15.0,V,A84,UCAC2,CCD
2420,99942,,99942,2013-01-13 22:44:57.696000+00:00,131.097,-22.50497,15.0,V,A84,UCAC2,CCD
2421,99942,,99942,2013-01-13 22:46:11.136000+00:00,131.09562,-22.5045,15.1,V,A84,UCAC2,CCD
2422,99942,,99942,2013-01-13 22:47:24.576000+00:00,131.09429,-22.50403,15.1,V,A84,UCAC2,CCD
2423,99942,,99942,2013-01-13 22:48:37.152000+00:00,131.09292,-22.50356,15.0,V,A84,UCAC2,CCD
2424,99942,,99942,2013-01-13 22:49:51.456000+00:00,131.09158,-22.50308,15.0,V,A84,UCAC2,CCD
2425,99942,,99942,2013-01-13 22:51:04.896000+00:00,131.09025,-22.50256,15.0,V,A84,UCAC2,CCD
2426,99942,,99942,2013-01-13 22:52:18.336000+00:00,131.08887,-22.50211,15.1,V,A84,UCAC2,CCD
2427,99942,,99942,2013-01-13 22:53:46.464000+00:00,131.08733,-22.50156,15.0,V,A84,UCAC2,CCD
2428,99942,,99942,2013-01-13 22:54:59.904000+00:00,131.08596,-22.50108,15.0,V,A84,UCAC2,CCD
2429,99942,,99942,2013-01-13 22:56:12.480000+00:00,131.08467,-22.50056,15.1,V,A84,UCAC2,CCD
2430,99942,,99942,2013-01-13 22:58:39.360000+00:00,131.082,-22.49969,15.1,V,A84,UCAC2,CCD
2431,99942,,99942,2013-01-13 22:59:52.800000+00:00,131.0805,-22.49922,15.1,V,A84,UCAC2,CCD
2432,99942,,99942,2013-01-13 23:01:05.376000+00:00,131.07921,-22.49867,15.0,V,A84,UCAC2,CCD
2433,99942,,99942,2013-01-13 23:02:19.680000+00:00,131.07787,-22.49822,15.1,V,A84,UCAC2,CCD
2434,99942,,99942,2013-01-13 23:03:32.256000+00:00,131.07646,-22.49775,15.0,V,A84,UCAC2,CCD
2435,99942,,99942,2013-01-13 23:04:45.696000+00:00,131.07512,-22.49728,15.0,V,A84,UCAC2,CCD
2436,99942,,99942,2013-01-13 23:05:59.136000+00:00,131.07375,-22.49681,15.1,V,A84,UCAC2,CCD
2437,99942,,99942,2013-01-13 23:07:12.576000+00:00,131.07237,-22.49636,15.0,V,A84,UCAC2,CCD
2438,99942,,99942,2013-01-13 23:08:25.152000+00:00,131.07112,-22.49586,15.0,V,A84,UCAC2,CCD
2439,99942,,99942,2013-01-13 23:09:39.456000+00:00,131.06971,-22.49536,15.0,V,A84,UCAC2,CCD
2440,99942,,99942,2013-01-13 23:10:52.896000+00:00,131.06842,-22.49489,15.0,V,A84,UCAC2,CCD
2441,99942,,99942,2013-01-13 23:12:06.336000+00:00,131.06696,-22.49433,15.1,V,A84,UCAC2,CCD
2442,99942,,99942,2013-01-13 23:13:19.776000+00:00,131.06575,-22.49397,15.1,V,A84,UCAC2,CCD
2443,99942,,99942,2013-01-13 23:14:32.352000+00:00,131.06433,-22.49344,15.0,V,A84,UCAC2,CCD
2444,99942,,99942,2013-01-13 23:15:46.656000+00:00,131.06287,-22.49294,15.0,V,A84,UCAC2,CCD
2445,99942,,99942,2013-01-13 23:17:00.096000+00:00,131.06158,-22.4925,15.0,V,A84,UCAC2,CCD
2446,99942,,99942,2013-01-13 23:19:23.520000+00:00,131.05896,-22.49153,15.1,V,A84,UCAC2,CCD
2447,99942,,99942,2013-01-13 23:20:36.096000+00:00,131.05762,-22.49108,15.0,V,A84,UCAC2,CCD
2448,99942,,99942,2013-01-13 23:21:50.400000+00:00,131.05621,-22.49061,15.0,V,A84,UCAC2,CCD
2449,99942,,99942,2013-01-13 23:23:04.704000+00:00,131.05488,-22.49008,15.0,V,A84,UCAC2,CCD
2450,99942,,99942,2013-01-13 23:24:17.280000+00:00,131.05354,-22.48964,15.0,V,A84,UCAC2,CCD
2451,99942,,99942,2013-01-13 23:25:30.720000+00:00,131.05217,-22.48914,15.0,V,A84,UCAC2,CCD
2452,99942,,99942,2013-01-13 23:26:44.160000+00:00,131.05087,-22.48867,15.0,V,A84,UCAC2,CCD
2453,99942,,99942,2013-01-13 23:29:11.904000+00:00,131.04812,-22.48767,15.0,V,A84,UCAC2,CCD
2454,99942,,99942,2013-01-13 23:30:25.344000+00:00,131.04675,-22.48719,15.0,V,A84,UCAC2,CCD
2455,99942,,99942,2013-01-13 23:31:38.784000+00:00,131.04546,-22.48675,15.0,V,A84,UCAC2,CCD
2456,99942,,99942,2013-01-13 23:32:52.224000+00:00,131.04404,-22.48622,15.0,V,A84,UCAC2,CCD
2457,99942,,99942,2013-01-13 23:34:05.664000+00:00,131.04267,-22.48572,15.0,V,A84,UCAC2,CCD
2458,99942,,99942,2013-01-13 23:35:19.104000+00:00,131.04137,-22.48528,15.0,V,A84,UCAC2,CCD
2459,99942,,99942,2013-01-13 23:36:33.408000+00:00,131.04,-22.48478,15.0,V,A84,UCAC2,CCD
2460,99942,,99942,2013-01-13 23:39:10.656000+00:00,131.03717,-22.48375,15.0,V,A84,UCAC2,CCD
2461,99942,,99942,2013-01-13 23:40:23.232000+00:00,131.03575,-22.48328,15.0,V,A84,UCAC2,CCD
2462,99942,,99942,2013-01-13 23:41:37.536000+00:00,131.03433,-22.48278,15.0,V,A84,UCAC2,CCD
2463,99942,,99942,2013-01-13 23:42:50.112000+00:00,131.033,-22.48228,15.0,V,A84,UCAC2,CCD
2464,99942,,99942,2013-01-13 23:44:10.464000+00:00,131.03154,-22.48175,15.0,V,A84,UCAC2,CCD
2465,99942,,99942,2013-01-13 23:45:23.904000+00:00,131.03021,-22.48125,15.0,V,A84,UCAC2,CCD
2466,99942,,99942,2013-01-13 23:46:37.344000+00:00,131.02875,-22.48072,15.0,V,A84,UCAC2,CCD
2467,99942,,99942,2013-01-13 23:47:50.784000+00:00,131.0275,-22.48028,15.0,V,A84,UCAC2,CCD
2468,99942,,99942,2013-01-13 23:49:04.224000+00:00,131.02608,-22.47978,15.0,V,A84,UCAC2,CCD
2469,99942,,99942,2013-01-13 23:50:17.664000+00:00,131.02475,-22.47928,15.0,V,A84,UCAC2,CCD
2470,99942,,99942,2013-01-13 23:51:31.104000+00:00,131.02342,-22.47881,15.0,V,A84,UCAC2,CCD
2471,99942,,99942,2013-01-13 23:52:45.408000+00:00,131.02204,-22.47836,15.0,V,A84,UCAC2,CCD
2472,99942,,99942,2013-01-13 23:53:58.848000+00:00,131.02071,-22.47783,15.0,V,A84,UCAC2,CCD
2473,99942,,99942,2013-01-13 23:55:12.288000+00:00,131.01933,-22.47733,15.0,V,A84,UCAC2,CCD
2474,99942,,99942,2013-01-13 23:56:25.728000+00:00,131.01796,-22.47686,15.0,V,A84,UCAC2,CCD
2475,99942,,99942,2013-01-13 23:57:56.448000+00:00,131.01629,-22.47625,15.0,V,A84,UCAC2,CCD
2476,99942,,99942,2013-01-13 23:59:10.752000+00:00,131.01487,-22.47575,15.0,V,A84,UCAC2,CCD
2477,99942,,99942,2013-01-14 00:00:24.192000+00:00,131.01362,-22.47531,15.1,V,A84,UCAC2,CCD
2478,99942,,99942,2013-01-14 00:01:37.632000+00:00,131.01225,-22.47475,15.0,V,A84,UCAC2,CCD
2479,99942,,99942,2013-01-14 00:02:51.072000+00:00,131.01092,-22.47431,15.0,V,A84,UCAC2,CCD
2480,99942,,99942,2013-01-14 00:04:04.512000+00:00,131.0095,-22.47375,15.0,V,A84,UCAC2,CCD
2481,99942,,99942,2013-01-14 00:05:18.816000+00:00,131.00821,-22.47331,15.0,V,A84,UCAC2,CCD
2482,99942,,99942,2013-01-14 00:06:31.392000+00:00,131.00687,-22.47281,15.0,V,A84,UCAC2,CCD
2483,99942,,99942,2013-01-14 00:07:45.696000+00:00,131.00546,-22.47231,15.0,V,A84,UCAC2,CCD
2484,99942,,99942,2013-01-14 00:08:58.272000+00:00,131.00404,-22.47183,15.0,V,A84,UCAC2,CCD
2485,99942,,99942,2013-01-14 00:10:12.576000+00:00,131.00279,-22.47133,15.0,V,A84,UCAC2,CCD
2486,99942,,99942,2013-01-14 00:11:25.152000+00:00,131.00146,-22.47083,15.0,V,A84,UCAC2,CCD
2487,99942,,99942,2013-01-14 00:12:39.456000+00:00,131.00004,-22.47031,15.0,V,A84,UCAC2,CCD
2488,99942,,99942,2013-01-14 00:13:52.896000+00:00,130.99875,-22.46986,15.0,V,A84,UCAC2,CCD
2489,99942,,99942,2013-01-14 00:15:06.336000+00:00,130.99738,-22.46933,15.0,V,A84,UCAC2,CCD
2490,99942,,99942,2013-01-14 00:16:19.776000+00:00,130.99604,-22.46889,15.0,V,A84,UCAC2,CCD
2491,99942,,99942,2013-01-14 00:17:33.216000+00:00,130.99471,-22.46836,15.0,V,A84,UCAC2,CCD
2492,99942,,99942,2013-01-14 00:18:47.520000+00:00,130.99333,-22.46786,15.0,V,A84,UCAC2,CCD
2493,99942,,99942,2013-01-14 00:20:00.096000+00:00,130.992,-22.46742,15.0,V,A84,UCAC2,CCD
2494,99942,,99942,2013-01-14 00:21:14.400000+00:00,130.99062,-22.46686,15.0,V,A84,UCAC2,CCD
2495,99942,,99942,2013-01-14 00:29:12.192000+00:00,130.98183,-22.46364,15.1,V,A84,UCAC2,CCD
2496,99942,,99942,2013-01-14 00:31:45.120000+00:00,130.979,-22.46269,15.3,V,A84,UCAC2,CCD
2497,99942,,99942,2013-01-14 00:37:50.592000+00:00,130.97242,-22.46019,15.1,V,A84,UCAC2,CCD
2498,99942,,99942,2013-01-14 00:39:05.760000+00:00,130.971,-22.45964,15.0,V,A84,UCAC2,CCD
2499,99942,,99942,2013-01-14 00:40:27.840000+00:00,130.9695,-22.45911,15.2,V,A84,UCAC2,CCD
2500,99942,,99942,2013-01-14 00:41:46.464000+00:00,130.968,-22.45858,15.0,V,A84,UCAC2,CCD
2501,99942,,99942,2013-01-14 00:44:18.528000+00:00,130.96517,-22.45753,15.1,V,A84,UCAC2,CCD
2502,99942,,99942,2013-01-14 00:45:38.880000+00:00,130.96379,-22.45697,15.1,V,A84,UCAC2,CCD
2503,99942,,99942,2013-01-14 00:46:53.184000+00:00,130.96242,-22.45642,15.0,V,A84,UCAC2,CCD
2504,99942,,99942,2013-01-14 00:48:09.216000+00:00,130.961,-22.456,15.1,V,A84,UCAC2,CCD
2505,99942,,99942,2013-01-14 00:49:29.568000+00:00,130.95954,-22.45542,15.0,V,A84,UCAC2,CCD
2506,99942,,99942,2013-01-14 00:50:45.600000+00:00,130.95812,-22.45489,15.0,V,A84,UCAC2,CCD
2507,99942,,99942,2013-01-14 00:52:02.496000+00:00,130.95679,-22.45439,15.1,V,A84,UCAC2,CCD
2508,99942,,99942,2013-01-14 00:53:22.848000+00:00,130.95521,-22.45383,15.0,V,A84,UCAC2,CCD
2509,99942,,99942,2013-01-14 00:54:37.152000+00:00,130.95392,-22.45331,15.0,V,A84,UCAC2,CCD
2510,99942,,99942,2013-01-14 00:56:08.736000+00:00,130.95229,-22.45275,15.1,V,A84,UCAC2,CCD
2511,99942,,99942,2013-01-14 00:57:28.224000+00:00,130.95079,-22.45211,15.0,V,A84,UCAC2,CCD
2512,99942,,99942,2013-01-14 00:58:43.392000+00:00,130.94946,-22.45167,15.0,V,A84,UCAC2,CCD
2513,99942,,99942,2013-01-14 01:00:00.288000+00:00,130.94804,-22.45117,15.0,V,A84,UCAC2,CCD
2514,99942,,99942,2013-01-14 01:01:20.640000+00:00,130.94658,-22.45053,15.0,V,A84,UCAC2,CCD
2515,99942,,99942,2013-01-14 01:02:36.672000+00:00,130.94517,-22.45003,15.0,V,A84,UCAC2,CCD
2516,99942,,99942,2013-01-14 01:03:57.888000+00:00,130.94371,-22.44956,15.1,V,A84,UCAC2,CCD
2517,99942,,99942,2013-01-14 01:05:17.376000+00:00,130.94233,-22.44903,15.0,V,A84,UCAC2,CCD
2518,99942,,99942,2013-01-14 01:06:33.408000+00:00,130.94079,-22.44847,15.0,V,A84,UCAC2,CCD
2519,99942,,99942,2013-01-14 01:09:09.792000+00:00,130.93808,-22.44744,15.0,V,A84,UCAC2,CCD
2520,99942,,99942,2013-01-14 01:10:25.824000+00:00,130.93658,-22.44683,15.0,V,A84,UCAC2,CCD
2521,99942,,99942,2013-01-14 16:59:32.064000+00:00,129.99396,-22.04172,14.7,R,D20,UCAC3,CCD
2522,99942,,99942,2013-01-14 16:59:57.984000+00:00,129.99342,-22.04156,14.7,R,D20,UCAC3,CCD
2523,99942,,99942,2013-01-14 17:00:24.768000+00:00,129.99296,-22.04139,14.6,R,D20,UCAC3,CCD
2524,99942,,99942,2013-01-14 17:06:23.328000+00:00,129.98638,-22.03894,14.7,R,D20,UCAC3,CCD
2525,99942,,99942,2013-01-14 17:06:50.112000+00:00,129.98587,-22.03881,14.7,R,D20,UCAC3,CCD
2526,99942,,99942,2013-01-14 17:07:16.032000+00:00,129.98542,-22.03858,14.7,R,D20,UCAC3,CCD
2527,99942,,99942,2013-01-14 17:39:13.248000+00:00,129.95013,-22.02553,14.7,R,D20,UCAC3,CCD
2528,99942,,99942,2013-01-14 17:39:40.032000+00:00,129.94958,-22.02533,14.7,R,D20,UCAC3,CCD
2529,99942,,99942,2013-01-14 17:40:06.816000+00:00,129.94913,-22.02519,14.8,R,D20,UCAC3,CCD
2530,99942,,99942,2013-01-14 17:53:58.848000+00:00,129.93383,-22.01944,14.8,R,D20,UCAC3,CCD
2531,99942,,99942,2013-01-14 17:54:24.768000+00:00,129.93342,-22.01922,14.5,R,D20,UCAC3,CCD
2532,99942,,99942,2013-01-15 17:50:06.432000+00:00,128.50083,-21.41619,14.8,R,D20,UCAC3,CCD
2533,99942,,99942,2013-01-15 17:50:32.352000+00:00,128.50033,-21.416,14.9,R,D20,UCAC3,CCD
2534,99942,,99942,2013-01-15 17:50:59.136000+00:00,128.49983,-21.41581,14.8,R,D20,UCAC3,CCD
2535,99942,,99942,2013-01-16 01:24:06.624000+00:00,128.07479,-21.21381,15.1,R,I47,UCAC3,CCD
2536,99942,,99942,2013-01-16 01:24:39.456000+00:00,128.07421,-21.21367,15.1,R,I47,UCAC3,CCD
2537,99942,,99942,2013-01-16 01:25:13.152000+00:00,128.07367,-21.21339,15.1,R,I47,UCAC3,CCD
2538,99942,,99942,2013-01-16 01:25:46.848000+00:00,128.07308,-21.21317,15.0,R,I47,UCAC3,CCD
2539,99942,,99942,2013-01-16 01:26:19.680000+00:00,128.0725,-21.21297,15.0,R,I47,UCAC3,CCD
2540,99942,,99942,2013-01-16 01:26:53.376000+00:00,128.07196,-21.21267,15.1,R,I47,UCAC3,CCD
2541,99942,,99942,2013-01-16 01:27:27.072000+00:00,128.07137,-21.21244,15.0,R,I47,UCAC3,CCD
2542,99942,,99942,2013-01-16 01:28:00.768000+00:00,128.07083,-21.21225,14.9,R,I47,UCAC3,CCD
2543,99942,,99942,2013-01-16 01:28:33.600000+00:00,128.07025,-21.21211,15.0,R,I47,UCAC3,CCD
2544,99942,,99942,2013-01-16 01:29:07.296000+00:00,128.06967,-21.21181,15.1,R,I47,UCAC3,CCD
2545,99942,,99942,2013-01-16 01:29:40.128000+00:00,128.06904,-21.21161,15.1,R,I47,UCAC3,CCD
2546,99942,,99942,2013-01-16 01:30:13.824000+00:00,128.0685,-21.21136,15.1,R,I47,UCAC3,CCD
2547,99942,,99942,2013-01-16 01:30:47.520000+00:00,128.06796,-21.21111,15.0,R,I47,UCAC3,CCD
2548,99942,,99942,2013-01-16 01:31:20.352000+00:00,128.06733,-21.21086,15.0,R,I47,UCAC3,CCD
2549,99942,,99942,2013-01-16 01:31:54.048000+00:00,128.06675,-21.21067,15.1,R,I47,UCAC3,CCD
2550,99942,,99942,2013-01-16 01:32:27.744000+00:00,128.06617,-21.21042,15.1,R,I47,UCAC3,CCD
2551,99942,,99942,2013-01-16 01:33:00.576000+00:00,128.06562,-21.21022,15.1,R,I47,UCAC3,CCD
2552,99942,,99942,2013-01-16 01:33:34.272000+00:00,128.06504,-21.20997,15.1,R,I47,UCAC3,CCD
2553,99942,,99942,2013-01-16 01:34:07.104000+00:00,128.06446,-21.20975,15.1,R,I47,UCAC3,CCD
2554,99942,,99942,2013-01-16 01:34:40.800000+00:00,128.06387,-21.20953,15.1,R,I47,UCAC3,CCD
2555,99942,,99942,2013-01-16 01:35:14.496000+00:00,128.06333,-21.20928,15.0,R,I47,UCAC3,CCD
2556,99942,,99942,2013-01-16 01:35:47.328000+00:00,128.06271,-21.20908,15.1,R,I47,UCAC3,CCD
2557,99942,,99942,2013-01-16 01:36:21.024000+00:00,128.06213,-21.20883,15.0,R,I47,UCAC3,CCD
2558,99942,,99942,2013-01-16 17:46:16.608000+00:00,127.08733,-20.7835,15.2,R,D20,UCAC3,CCD
2559,99942,,99942,2013-01-16 17:46:43.392000+00:00,127.08688,-20.78331,15.1,R,D20,UCAC3,CCD
2560,99942,,99942,2013-01-16 17:47:09.312000+00:00,127.08642,-20.78308,15.1,R,D20,UCAC3,CCD
2561,99942,,99942,2013-01-16 20:38:01.536000+00:00,126.9315,-20.73267,15.9,R,C40,UCAC3,CCD
2562,99942,,99942,2013-01-16 20:39:25.344000+00:00,126.93008,-20.73175,16.0,R,C40,UCAC3,CCD
2563,99942,,99942,2013-01-16 20:40:56.928000+00:00,126.92858,-20.73122,16.1,R,C40,UCAC3,CCD
2564,99942,,99942,2013-01-17 16:06:41.184000+00:00,125.79837,-20.16828,15.2,R,D20,UCAC3,CCD
2565,99942,,99942,2013-01-17 16:07:07.104000+00:00,125.79792,-20.16808,15.2,R,D20,UCAC3,CCD
2566,99942,,99942,2013-01-17 16:07:33.888000+00:00,125.79746,-20.16789,15.2,R,D20,UCAC3,CCD
2567,99942,,99942,2013-01-17 16:10:39.648000+00:00,125.79421,-20.16644,15.2,R,D20,UCAC3,CCD
2568,99942,,99942,2013-01-17 16:11:07.296000+00:00,125.79371,-20.16625,15.2,R,D20,UCAC3,CCD
2569,99942,,99942,2013-01-17 16:11:33.216000+00:00,125.79325,-20.16606,15.2,R,D20,UCAC3,CCD
2570,99942,,99942,2013-01-17 16:42:14.400000+00:00,125.76079,-20.15181,15.1,R,D20,UCAC3,CCD
2571,99942,,99942,2013-01-17 16:42:40.320000+00:00,125.76033,-20.15161,15.0,R,D20,UCAC3,CCD
2572,99942,,99942,2013-01-17 16:43:07.104000+00:00,125.75987,-20.15139,15.1,R,D20,UCAC3,CCD
2573,99942,,99942,2013-01-17 16:59:33.792000+00:00,125.74246,-20.14372,15.0,R,D20,UCAC3,CCD
2574,99942,,99942,2013-01-17 16:59:59.712000+00:00,125.74196,-20.1435,15.0,R,D20,UCAC3,CCD
2575,99942,,99942,2013-01-17 17:06:07.776000+00:00,125.7355,-20.14061,15.1,R,D20,UCAC3,CCD
2576,99942,,99942,2013-01-17 17:06:35.424000+00:00,125.73504,-20.14039,15.1,R,D20,UCAC3,CCD
2577,99942,,99942,2013-01-17 17:07:01.344000+00:00,125.73458,-20.14019,15.0,R,D20,UCAC3,CCD
2578,99942,,99942,2013-01-17 17:27:14.400000+00:00,125.71321,-20.13067,15.0,R,D20,UCAC3,CCD
2579,99942,,99942,2013-01-17 17:27:40.320000+00:00,125.71275,-20.13047,15.0,R,D20,UCAC3,CCD
2580,99942,,99942,2013-01-17 17:28:07.104000+00:00,125.71225,-20.13025,15.0,R,D20,UCAC3,CCD
2581,99942,,99942,2013-01-17 17:34:48+00:00,125.70521,-20.12706,15.0,R,D20,UCAC3,CCD
2582,99942,,99942,2013-01-17 17:35:14.784000+00:00,125.70475,-20.12686,15.0,R,D20,UCAC3,CCD
2583,99942,,99942,2013-01-17 17:35:40.704000+00:00,125.70421,-20.12664,15.0,R,D20,UCAC3,CCD
2584,99942,,99942,2013-01-18 16:01:31.008000+00:00,124.43413,-19.48536,15.1,R,D20,UCAC3,CCD
2585,99942,,99942,2013-01-18 16:01:56.928000+00:00,124.43371,-19.48514,15.1,R,D20,UCAC3,CCD
2586,99942,,99942,2013-01-18 16:02:23.712000+00:00,124.43325,-19.48492,15.1,R,D20,UCAC3,CCD
2587,99942,,99942,2013-01-18 16:03:58.752000+00:00,124.43163,-19.48422,15.1,R,D20,UCAC3,CCD
2588,99942,,99942,2013-01-18 16:04:26.400000+00:00,124.43117,-19.48397,15.1,R,D20,UCAC3,CCD
2589,99942,,99942,2013-01-18 16:04:52.320000+00:00,124.43071,-19.48375,15.0,R,D20,UCAC3,CCD
2590,99942,,99942,2013-01-18 16:06:48.960000+00:00,124.42871,-19.48283,15.1,R,D20,UCAC3,CCD
2591,99942,,99942,2013-01-18 16:07:15.744000+00:00,124.42825,-19.48261,15.1,R,D20,UCAC3,CCD
2592,99942,,99942,2013-01-18 16:07:41.664000+00:00,124.42779,-19.48239,15.2,R,D20,UCAC3,CCD
2593,99942,,99942,2013-01-18 16:39:05.184000+00:00,124.39521,-19.46731,15.0,R,D20,UCAC3,CCD
2594,99942,,99942,2013-01-18 16:39:31.968000+00:00,124.39475,-19.46708,15.0,R,D20,UCAC3,CCD
2595,99942,,99942,2013-01-18 16:39:58.752000+00:00,124.39446,-19.46681,15.0,R,D20,UCAC3,CCD
2596,99942,,99942,2013-01-18 16:50:26.016000+00:00,124.38346,-19.46178,15.2,R,D20,UCAC3,CCD
2597,99942,,99942,2013-01-18 16:50:51.936000+00:00,124.383,-19.46156,15.2,R,D20,UCAC3,CCD
2598,99942,,99942,2013-01-18 16:51:18.720000+00:00,124.38254,-19.46136,15.2,R,D20,UCAC3,CCD
2599,99942,,99942,2013-01-18 16:57:19.872000+00:00,124.37629,-19.45844,15.2,R,D20,UCAC3,CCD
2600,99942,,99942,2013-01-18 16:57:45.792000+00:00,124.37583,-19.45819,15.2,R,D20,UCAC3,CCD
2601,99942,,99942,2013-01-18 16:58:11.712000+00:00,124.37542,-19.45803,15.2,R,D20,UCAC3,CCD
2602,99942,,99942,2013-01-18 16:59:36.384000+00:00,124.37396,-19.45733,15.2,R,D20,UCAC3,CCD
2603,99942,,99942,2013-01-18 17:00:02.304000+00:00,124.3735,-19.45711,15.2,R,D20,UCAC3,CCD
2604,99942,,99942,2013-01-18 17:00:29.088000+00:00,124.37304,-19.45689,15.2,R,D20,UCAC3,CCD
2605,99942,,99942,2013-01-18 17:06:06.912000+00:00,124.36721,-19.45414,15.2,R,D20,UCAC3,CCD
2606,99942,,99942,2013-01-18 17:06:32.832000+00:00,124.36671,-19.45392,15.2,R,D20,UCAC3,CCD
2607,99942,,99942,2013-01-18 17:06:59.616000+00:00,124.36621,-19.45369,15.2,R,D20,UCAC3,CCD
2608,99942,,99942,2013-01-18 17:23:03.840000+00:00,124.34963,-19.44589,15.3,R,D20,UCAC3,CCD
2609,99942,,99942,2013-01-18 17:23:29.760000+00:00,124.34917,-19.44567,15.3,R,D20,UCAC3,CCD
2610,99942,,99942,2013-01-18 17:23:57.408000+00:00,124.34867,-19.44542,15.3,R,D20,UCAC3,CCD
2611,99942,,99942,2013-01-19 15:59:22.272000+00:00,123.09633,-18.77806,14.8,R,D20,UCAC3,CCD
2612,99942,,99942,2013-01-19 15:59:48.192000+00:00,123.09588,-18.77783,14.8,R,D20,UCAC3,CCD
2613,99942,,99942,2013-01-19 16:00:14.976000+00:00,123.09542,-18.77761,14.8,R,D20,UCAC3,CCD
2614,99942,,99942,2013-01-19 16:01:50.880000+00:00,123.09379,-18.77683,14.8,R,D20,UCAC3,CCD
2615,99942,,99942,2013-01-19 16:02:17.664000+00:00,123.09337,-18.77661,14.8,R,D20,UCAC3,CCD
2616,99942,,99942,2013-01-19 16:02:43.584000+00:00,123.09292,-18.77639,14.8,R,D20,UCAC3,CCD
2617,99942,,99942,2013-01-19 16:41:19.968000+00:00,123.05371,-18.75717,14.6,R,D20,UCAC3,CCD
2618,99942,,99942,2013-01-19 16:41:46.752000+00:00,123.05325,-18.75694,14.6,R,D20,UCAC3,CCD
2619,99942,,99942,2013-01-19 16:42:14.400000+00:00,123.05283,-18.75675,14.6,R,D20,UCAC3,CCD
2620,99942,,99942,2013-01-19 16:59:38.112000+00:00,123.03517,-18.74797,14.8,R,D20,UCAC3,CCD
2621,99942,,99942,2013-01-19 17:00:04.896000+00:00,123.03471,-18.74775,14.8,R,D20,UCAC3,CCD
2622,99942,,99942,2013-01-19 17:00:31.680000+00:00,123.03429,-18.7475,14.8,R,D20,UCAC3,CCD
2623,99942,,99942,2013-01-19 19:26:39.552000+00:00,122.91696,-18.69867,15.1,R,071,USNOB1,CCD
2624,99942,,99942,2013-01-19 19:27:54.720000+00:00,122.91571,-18.69817,15.0,R,071,USNOB1,CCD
2625,99942,,99942,2013-01-19 19:28:59.520000+00:00,122.91483,-18.69781,15.2,R,071,USNOB1,CCD
2626,99942,,99942,2013-01-19 19:30:16.416000+00:00,122.91354,-18.69706,15.0,R,071,USNOB1,CCD
2627,99942,,99942,2013-01-19 19:31:20.352000+00:00,122.91254,-18.69639,15.2,R,071,USNOB1,CCD
2628,99942,,99942,2013-01-19 19:32:37.248000+00:00,122.91129,-18.69597,15.0,R,071,USNOB1,CCD
2629,99942,,99942,2013-01-19 19:33:41.184000+00:00,122.91013,-18.69528,15.2,R,071,USNOB1,CCD
2630,99942,,99942,2013-01-19 19:34:57.216000+00:00,122.90904,-18.69472,15.0,R,071,USNOB1,CCD
2631,99942,,99942,2013-01-19 19:36:02.880000+00:00,122.908,-18.694,14.9,R,071,USNOB1,CCD
2632,99942,,99942,2013-01-19 19:37:18.048000+00:00,122.90667,-18.69367,15.0,R,071,USNOB1,CCD
2633,99942,,99942,2013-01-19 19:38:23.712000+00:00,122.90558,-18.69325,15.4,R,071,USNOB1,CCD
2634,99942,,99942,2013-01-19 19:39:39.744000+00:00,122.90458,-18.69256,15.1,R,071,USNOB1,CCD
2635,99942,,99942,2013-01-19 19:40:45.408000+00:00,122.90354,-18.69217,15.6,R,071,USNOB1,CCD
2636,99942,,99942,2013-01-19 19:47:47.904000+00:00,122.89658,-18.68839,15.7,R,071,USNOB1,CCD
2637,99942,,99942,2013-01-19 19:49:03.936000+00:00,122.89521,-18.68797,15.0,R,071,USNOB1,CCD
2638,99942,,99942,2013-01-19 19:50:09.600000+00:00,122.89417,-18.68736,15.1,R,071,USNOB1,CCD
2639,99942,,99942,2013-01-19 19:51:25.632000+00:00,122.89292,-18.68686,15.0,R,071,USNOB1,CCD
2640,99942,,99942,2013-01-19 19:52:30.432000+00:00,122.89167,-18.68625,15.2,R,071,USNOB1,CCD
2641,99942,,99942,2013-01-19 19:53:47.328000+00:00,122.89063,-18.68572,15.0,R,071,USNOB1,CCD
2642,99942,,99942,2013-01-19 19:54:51.264000+00:00,122.88942,-18.68506,15.2,R,071,USNOB1,CCD
2643,99942,,99942,2013-01-19 19:56:08.160000+00:00,122.88821,-18.68458,15.0,R,071,USNOB1,CCD
2644,99942,,99942,2013-01-19 19:56:14.208000+00:00,122.85879,-18.65714,14.8,R,D20,UCAC3,CCD
2645,99942,,99942,2013-01-19 19:56:40.128000+00:00,122.85838,-18.65689,14.8,R,D20,UCAC3,CCD
2646,99942,,99942,2013-01-19 19:57:06.912000+00:00,122.85792,-18.65664,14.7,R,D20,UCAC3,CCD
2647,99942,,99942,2013-01-19 19:57:12.096000+00:00,122.88712,-18.68406,15.2,R,071,USNOB1,CCD
2648,99942,,99942,2013-01-19 19:58:28.128000+00:00,122.88592,-18.68339,14.9,R,071,USNOB1,CCD
2649,99942,,99942,2013-01-19 19:59:33.792000+00:00,122.88471,-18.68269,15.2,R,071,USNOB1,CCD
2650,99942,,99942,2013-01-19 19:59:37.248000+00:00,122.8555,-18.65536,14.8,R,D20,UCAC3,CCD
2651,99942,,99942,2013-01-19 20:00:03.168000+00:00,122.85508,-18.65511,14.7,R,D20,UCAC3,CCD
2652,99942,,99942,2013-01-19 20:00:29.952000+00:00,122.85463,-18.65486,14.7,R,D20,UCAC3,CCD
2653,99942,,99942,2013-01-19 20:00:48.960000+00:00,122.88379,-18.68231,15.1,R,071,USNOB1,CCD
2654,99942,,99942,2013-01-19 20:01:53.760000+00:00,122.88263,-18.68172,15.2,R,071,USNOB1,CCD
2655,99942,,99942,2013-01-19 20:03:09.792000+00:00,122.88137,-18.68114,14.9,R,071,USNOB1,CCD
2656,99942,,99942,2013-01-19 20:04:14.592000+00:00,122.88042,-18.68072,15.2,R,071,USNOB1,CCD
2657,99942,,99942,2013-01-19 20:05:30.624000+00:00,122.87913,-18.68,15.0,R,071,USNOB1,CCD
2658,99942,,99942,2013-01-19 20:06:35.424000+00:00,122.878,-18.67947,15.1,R,071,USNOB1,CCD
2659,99942,,99942,2013-01-19 20:07:52.320000+00:00,122.87679,-18.67889,15.0,R,071,USNOB1,CCD
2660,99942,,99942,2013-01-19 20:08:56.256000+00:00,122.87571,-18.67828,15.2,R,071,USNOB1,CCD
2661,99942,,99942,2013-01-19 20:10:13.152000+00:00,122.87446,-18.67775,15.0,R,071,USNOB1,CCD
2662,99942,,99942,2013-01-19 20:11:17.088000+00:00,122.87342,-18.67706,15.2,R,071,USNOB1,CCD
2663,99942,,99942,2013-01-19 20:12:33.120000+00:00,122.87217,-18.67658,14.9,R,071,USNOB1,CCD
2664,99942,,99942,2013-01-19 20:13:57.792000+00:00,122.87083,-18.67597,15.1,R,071,USNOB1,CCD
2665,99942,,99942,2013-01-19 20:15:13.824000+00:00,122.86967,-18.67533,15.0,R,071,USNOB1,CCD
2666,99942,,99942,2013-01-19 20:16:18.624000+00:00,122.86846,-18.67486,15.3,R,071,USNOB1,CCD
2667,99942,,99942,2013-01-19 20:17:34.656000+00:00,122.86717,-18.67411,15.0,R,071,USNOB1,CCD
2668,99942,,99942,2013-01-19 20:18:39.456000+00:00,122.86612,-18.67361,15.1,R,071,USNOB1,CCD
2669,99942,,99942,2013-01-19 20:19:56.352000+00:00,122.86488,-18.67294,15.0,R,071,USNOB1,CCD
2670,99942,,99942,2013-01-19 20:21:00.288000+00:00,122.86367,-18.67239,15.2,R,071,USNOB1,CCD
2671,99942,,99942,2013-01-19 20:22:17.184000+00:00,122.86258,-18.67181,15.0,R,071,USNOB1,CCD
2672,99942,,99942,2013-01-19 20:23:21.120000+00:00,122.8615,-18.67142,15.2,R,071,USNOB1,CCD
2673,99942,,99942,2013-01-19 20:24:38.016000+00:00,122.86029,-18.67072,15.0,R,071,USNOB1,CCD
2674,99942,,99942,2013-01-19 20:25:42.816000+00:00,122.85913,-18.67028,15.2,R,071,USNOB1,CCD
2675,99942,,99942,2013-01-19 20:26:58.848000+00:00,122.85792,-18.66953,15.0,R,071,USNOB1,CCD
2676,99942,,99942,2013-01-19 20:28:04.512000+00:00,122.85692,-18.66903,15.2,R,071,USNOB1,CCD
2677,99942,,99942,2013-01-19 20:29:19.680000+00:00,122.85567,-18.66839,15.0,R,071,USNOB1,CCD
2678,99942,,99942,2013-01-19 20:30:25.344000+00:00,122.85433,-18.66803,15.3,R,071,USNOB1,CCD
2679,99942,,99942,2013-01-19 20:31:43.968000+00:00,122.85321,-18.66719,15.0,R,071,USNOB1,CCD
2680,99942,,99942,2013-01-19 20:32:48.768000+00:00,122.85221,-18.66664,15.1,R,071,USNOB1,CCD
2681,99942,,99942,2013-01-19 20:37:33.888000+00:00,122.84742,-18.66436,15.2,R,071,USNOB1,CCD
2682,99942,,99942,2013-01-19 20:38:49.920000+00:00,122.84625,-18.66369,15.0,R,071,USNOB1,CCD
2683,99942,,99942,2013-01-19 20:39:54.720000+00:00,122.84521,-18.66322,15.1,R,071,USNOB1,CCD
2684,99942,,99942,2013-01-19 20:41:10.752000+00:00,122.84387,-18.66261,15.1,R,071,USNOB1,CCD
2685,99942,,99942,2013-01-19 20:42:15.552000+00:00,122.84279,-18.662,15.1,R,071,USNOB1,CCD
2686,99942,,99942,2013-01-19 20:43:31.584000+00:00,122.84158,-18.66144,15.1,R,071,USNOB1,CCD
2687,99942,,99942,2013-01-19 20:44:36.384000+00:00,122.84067,-18.661,15.2,R,071,USNOB1,CCD
2688,99942,,99942,2013-01-19 20:45:53.280000+00:00,122.83921,-18.66028,15.0,R,071,USNOB1,CCD
2689,99942,,99942,2013-01-19 20:46:57.216000+00:00,122.83821,-18.65975,15.1,R,071,USNOB1,CCD
2690,99942,,99942,2013-01-19 20:51:39.744000+00:00,122.83354,-18.6575,15.1,R,071,USNOB1,CCD
2691,99942,,99942,2013-01-19 20:52:55.776000+00:00,122.83233,-18.65683,15.0,R,071,USNOB1,CCD
2692,99942,,99942,2013-01-19 20:54:00.576000+00:00,122.83117,-18.65642,15.2,R,071,USNOB1,CCD
2693,99942,,99942,2013-01-19 20:55:16.608000+00:00,122.83,-18.65569,15.0,R,071,USNOB1,CCD
2694,99942,,99942,2013-01-19 20:56:22.272000+00:00,122.82883,-18.65514,15.2,R,071,USNOB1,CCD
2695,99942,,99942,2013-01-19 20:57:39.168000+00:00,122.82771,-18.65456,15.0,R,071,USNOB1,CCD
2696,99942,,99942,2013-01-19 20:58:43.104000+00:00,122.82654,-18.65397,15.2,R,071,USNOB1,CCD
2697,99942,,99942,2013-01-19 21:00:00+00:00,122.82529,-18.65333,15.0,R,071,USNOB1,CCD
2698,99942,,99942,2013-01-19 21:01:06.528000+00:00,122.82421,-18.65278,15.2,R,071,USNOB1,CCD
2699,99942,,99942,2013-01-19 21:02:23.424000+00:00,122.82296,-18.65222,15.0,R,071,USNOB1,CCD
2700,99942,,99942,2013-01-19 21:03:28.224000+00:00,122.82183,-18.65167,15.1,R,071,USNOB1,CCD
2701,99942,,99942,2013-01-19 21:04:44.256000+00:00,122.82063,-18.65103,15.0,R,071,USNOB1,CCD
2702,99942,,99942,2013-01-19 21:05:49.920000+00:00,122.81958,-18.65053,15.1,R,071,USNOB1,CCD
2703,99942,,99942,2013-01-19 21:07:05.088000+00:00,122.81825,-18.64986,15.0,R,071,USNOB1,CCD
2704,99942,,99942,2013-01-19 21:08:10.752000+00:00,122.81725,-18.64925,15.3,R,071,USNOB1,CCD
2705,99942,,99942,2013-01-19 21:09:26.784000+00:00,122.816,-18.64878,15.0,R,071,USNOB1,CCD
2706,99942,,99942,2013-01-19 21:10:31.584000+00:00,122.81471,-18.64811,15.2,R,071,USNOB1,CCD
2707,99942,,99942,2013-01-19 21:11:46.752000+00:00,122.81375,-18.64764,15.0,R,071,USNOB1,CCD
2708,99942,,99942,2013-01-19 21:12:52.416000+00:00,122.81254,-18.64706,15.2,R,071,USNOB1,CCD
2709,99942,,99942,2013-01-19 21:14:07.584000+00:00,122.81129,-18.64642,15.1,R,071,USNOB1,CCD
2710,99942,,99942,2013-01-19 21:15:13.248000+00:00,122.81004,-18.64533,15.6,R,071,USNOB1,CCD
2711,99942,,99942,2013-01-19 21:16:29.280000+00:00,122.80896,-18.64525,15.0,R,071,USNOB1,CCD
2712,99942,,99942,2013-01-19 21:17:34.080000+00:00,122.80775,-18.64464,15.2,R,071,USNOB1,CCD
2713,99942,,99942,2013-01-19 21:18:50.112000+00:00,122.80662,-18.64408,15.0,R,071,USNOB1,CCD
2714,99942,,99942,2013-01-19 21:19:55.776000+00:00,122.80542,-18.64353,15.3,R,071,USNOB1,CCD
2715,99942,,99942,2013-01-19 21:21:10.944000+00:00,122.80429,-18.64292,15.0,R,071,USNOB1,CCD
2716,99942,,99942,2013-01-19 21:22:15.744000+00:00,122.80313,-18.64247,15.4,R,071,USNOB1,CCD
2717,99942,,99942,2013-01-19 21:23:31.776000+00:00,122.80196,-18.64186,14.9,R,071,USNOB1,CCD
2718,99942,,99942,2013-01-19 21:25:17.184000+00:00,122.80017,-18.64089,15.3,R,071,USNOB1,CCD
2719,99942,,99942,2013-01-19 21:26:33.216000+00:00,122.79904,-18.64028,15.2,R,071,USNOB1,CCD
2720,99942,,99942,2013-01-19 21:27:37.152000+00:00,122.79787,-18.63942,15.3,R,071,USNOB1,CCD
2721,99942,,99942,2013-01-19 21:28:54.048000+00:00,122.79663,-18.63906,15.1,R,071,USNOB1,CCD
2722,99942,,99942,2013-01-19 21:29:58.848000+00:00,122.79554,-18.63856,15.3,R,071,USNOB1,CCD
2723,99942,,99942,2013-01-19 21:31:14.880000+00:00,122.79433,-18.63794,15.1,R,071,USNOB1,CCD
2724,99942,,99942,2013-01-19 21:32:19.680000+00:00,122.79313,-18.63731,15.3,R,071,USNOB1,CCD
2725,99942,,99942,2013-01-19 21:33:35.712000+00:00,122.79192,-18.63669,15.1,R,071,USNOB1,CCD
2726,99942,,99942,2013-01-19 21:34:40.512000+00:00,122.79071,-18.63622,15.3,R,071,USNOB1,CCD
2727,99942,,99942,2013-01-19 21:39:22.176000+00:00,122.78621,-18.63392,15.2,R,071,USNOB1,CCD
2728,99942,,99942,2013-01-19 21:40:39.072000+00:00,122.78492,-18.63328,15.1,R,071,USNOB1,CCD
2729,99942,,99942,2013-01-19 21:41:44.736000+00:00,122.78388,-18.63281,15.3,R,071,USNOB1,CCD
2730,99942,,99942,2013-01-19 21:46:25.536000+00:00,122.77933,-18.63047,15.3,R,071,USNOB1,CCD
2731,99942,,99942,2013-01-19 21:47:42.432000+00:00,122.77783,-18.62972,15.1,R,071,USNOB1,CCD
2732,99942,,99942,2013-01-19 21:49:20.928000+00:00,122.77617,-18.62894,15.2,R,071,USNOB1,CCD
2733,99942,,99942,2013-01-19 21:50:36.960000+00:00,122.77504,-18.62831,15.1,R,071,USNOB1,CCD
2734,99942,,99942,2013-01-19 21:51:42.624000+00:00,122.77383,-18.62781,15.3,R,071,USNOB1,CCD
2735,99942,,99942,2013-01-19 21:52:57.792000+00:00,122.77271,-18.62714,15.1,R,071,USNOB1,CCD
2736,99942,,99942,2013-01-19 21:54:03.456000+00:00,122.77167,-18.62653,15.3,R,071,USNOB1,CCD
2737,99942,,99942,2013-01-19 21:55:18.624000+00:00,122.77029,-18.62603,15.1,R,071,USNOB1,CCD
2738,99942,,99942,2013-01-19 21:56:24.288000+00:00,122.76908,-18.62558,15.3,R,071,USNOB1,CCD
2739,99942,,99942,2013-01-19 21:57:40.320000+00:00,122.76788,-18.62475,15.2,R,071,USNOB1,CCD
2740,99942,,99942,2013-01-19 21:58:44.256000+00:00,122.76708,-18.62431,15.4,R,071,USNOB1,CCD
2741,99942,,99942,2013-01-19 22:00:01.152000+00:00,122.76512,-18.62336,14.9,R,071,USNOB1,CCD
2742,99942,,99942,2013-01-19 22:05:47.616000+00:00,122.75979,-18.62069,15.3,R,071,USNOB1,CCD
2743,99942,,99942,2013-01-19 22:07:03.648000+00:00,122.75871,-18.62017,15.1,R,071,USNOB1,CCD
2744,99942,,99942,2013-01-19 22:08:08.448000+00:00,122.75738,-18.61942,15.4,R,071,USNOB1,CCD
2745,99942,,99942,2013-01-19 22:09:25.344000+00:00,122.75617,-18.61886,15.1,R,071,USNOB1,CCD
2746,99942,,99942,2013-01-19 22:10:29.280000+00:00,122.755,-18.61847,15.4,R,071,USNOB1,CCD
2747,99942,,99942,2013-01-19 22:11:46.176000+00:00,122.754,-18.61778,15.1,R,071,USNOB1,CCD
2748,99942,,99942,2013-01-19 22:12:52.704000+00:00,122.75258,-18.61711,15.3,R,071,USNOB1,CCD
2749,99942,,99942,2013-01-19 22:14:07.872000+00:00,122.75158,-18.6165,15.1,R,071,USNOB1,CCD
2750,99942,,99942,2013-01-19 22:15:12.672000+00:00,122.75054,-18.61597,15.3,R,071,USNOB1,CCD
2751,99942,,99942,2013-01-19 22:16:28.704000+00:00,122.74917,-18.61533,15.1,R,071,USNOB1,CCD
2752,99942,,99942,2013-01-19 22:17:33.504000+00:00,122.74812,-18.61492,15.4,R,071,USNOB1,CCD
2753,99942,,99942,2013-01-19 22:18:50.400000+00:00,122.74692,-18.61422,15.2,R,071,USNOB1,CCD
2754,99942,,99942,2013-01-19 22:19:54.336000+00:00,122.74558,-18.61372,15.4,R,071,USNOB1,CCD
2755,99942,,99942,2013-01-19 22:21:11.232000+00:00,122.7445,-18.61303,15.2,R,071,USNOB1,CCD
2756,99942,,99942,2013-01-19 22:22:15.168000+00:00,122.74346,-18.61244,15.3,R,071,USNOB1,CCD
2757,99942,,99942,2013-01-19 22:23:32.064000+00:00,122.74221,-18.61186,15.2,R,071,USNOB1,CCD
2758,99942,,99942,2013-01-19 22:24:36.864000+00:00,122.74104,-18.61136,15.2,R,071,USNOB1,CCD
2759,99942,,99942,2013-01-19 22:25:52.896000+00:00,122.73987,-18.61067,15.2,R,071,USNOB1,CCD
2760,99942,,99942,2013-01-19 22:26:57.696000+00:00,122.73883,-18.61014,15.4,R,071,USNOB1,CCD
2761,99942,,99942,2013-01-19 22:28:13.728000+00:00,122.7375,-18.60947,15.3,R,071,USNOB1,CCD
2762,99942,,99942,2013-01-19 22:29:18.528000+00:00,122.73642,-18.609,15.5,R,071,USNOB1,CCD
2763,99942,,99942,2013-01-19 22:30:33.696000+00:00,122.73508,-18.60833,15.7,R,071,USNOB1,CCD
2764,99942,,99942,2013-01-19 22:31:39.360000+00:00,122.73383,-18.60781,15.4,R,071,USNOB1,CCD
2765,99942,,99942,2013-01-19 22:32:55.392000+00:00,122.73296,-18.60725,15.2,R,071,USNOB1,CCD
2766,99942,,99942,2013-01-19 22:35:16.224000+00:00,122.73012,-18.60608,14.9,R,071,USNOB1,CCD
2767,99942,,99942,2013-01-19 22:36:24.480000+00:00,122.72954,-18.60542,15.4,R,071,USNOB1,CCD
2768,99942,,99942,2013-01-19 22:37:41.376000+00:00,122.72808,-18.60469,15.3,R,071,USNOB1,CCD
2769,99942,,99942,2013-01-19 22:38:46.176000+00:00,122.72733,-18.60431,15.5,R,071,USNOB1,CCD
2770,99942,,99942,2013-01-19 22:40:02.208000+00:00,122.72592,-18.60369,15.4,R,071,USNOB1,CCD
2771,99942,,99942,2013-01-19 22:42:23.040000+00:00,122.72329,-18.60236,15.2,R,071,USNOB1,CCD
2772,99942,,99942,2013-01-19 22:43:28.704000+00:00,122.72217,-18.60181,15.5,R,071,USNOB1,CCD
2773,99942,,99942,2013-01-19 22:44:43.872000+00:00,122.721,-18.60114,15.2,R,071,USNOB1,CCD
2774,99942,,99942,2013-01-19 22:45:49.536000+00:00,122.71992,-18.60064,15.4,R,071,USNOB1,CCD
2775,99942,,99942,2013-01-19 22:47:04.704000+00:00,122.71871,-18.6,15.2,R,071,USNOB1,CCD
2776,99942,,99942,2013-01-19 22:48:10.368000+00:00,122.71758,-18.59944,15.5,R,071,USNOB1,CCD
2777,99942,,99942,2013-01-19 22:49:27.264000+00:00,122.71637,-18.59881,15.2,R,071,USNOB1,CCD
2778,99942,,99942,2013-01-19 22:50:31.200000+00:00,122.71533,-18.59831,15.3,R,071,USNOB1,CCD
2779,99942,,99942,2013-01-19 22:51:48.096000+00:00,122.71404,-18.59758,15.2,R,071,USNOB1,CCD
2780,99942,,99942,2013-01-19 22:52:52.896000+00:00,122.713,-18.59714,15.4,R,071,USNOB1,CCD
2781,99942,,99942,2013-01-19 22:54:08.928000+00:00,122.71167,-18.59642,15.3,R,071,USNOB1,CCD
2782,99942,,99942,2013-01-19 22:55:13.728000+00:00,122.71063,-18.59578,15.4,R,071,USNOB1,CCD
2783,99942,,99942,2013-01-19 22:56:29.760000+00:00,122.7095,-18.59475,15.0,R,071,USNOB1,CCD
2784,99942,,99942,2013-01-19 22:57:34.560000+00:00,122.70833,-18.59492,15.6,R,071,USNOB1,CCD
2785,99942,,99942,2013-01-19 22:58:52.320000+00:00,122.70708,-18.59408,15.2,R,071,USNOB1,CCD
2786,99942,,99942,2013-01-19 23:00:14.400000+00:00,122.70588,-18.59339,15.6,R,071,USNOB1,CCD
2787,99942,,99942,2013-01-19 23:01:30.432000+00:00,122.70433,-18.59267,15.3,R,071,USNOB1,CCD
2788,99942,,99942,2013-01-19 23:02:35.232000+00:00,122.70358,-18.59244,15.6,R,071,USNOB1,CCD
2789,99942,,99942,2013-01-19 23:03:51.264000+00:00,122.70208,-18.59158,15.3,R,071,USNOB1,CCD
2790,99942,,99942,2013-01-19 23:04:56.928000+00:00,122.70092,-18.59103,15.6,R,071,USNOB1,CCD
2791,99942,,99942,2013-01-19 23:06:12.096000+00:00,122.69962,-18.59031,15.3,R,071,USNOB1,CCD
2792,99942,,99942,2013-01-19 23:07:17.760000+00:00,122.69883,-18.58983,15.6,R,071,USNOB1,CCD
2793,99942,,99942,2013-01-19 23:08:32.928000+00:00,122.69729,-18.58908,15.3,R,071,USNOB1,CCD
2794,99942,,99942,2013-01-19 23:09:38.592000+00:00,122.69633,-18.58842,15.7,R,071,USNOB1,CCD
2795,99942,,99942,2013-01-19 23:10:53.760000+00:00,122.69504,-18.58792,15.3,R,071,USNOB1,CCD
2796,99942,,99942,2013-01-19 23:11:59.424000+00:00,122.69371,-18.58736,15.5,R,071,USNOB1,CCD
2797,99942,,99942,2013-01-19 23:13:14.592000+00:00,122.69262,-18.58675,15.2,R,071,USNOB1,CCD
2798,99942,,99942,2013-01-19 23:14:20.256000+00:00,122.6915,-18.58633,15.4,R,071,USNOB1,CCD
2799,99942,,99942,2013-01-19 23:15:36.288000+00:00,122.69029,-18.58556,15.2,R,071,USNOB1,CCD
2800,99942,,99942,2013-01-19 23:16:40.224000+00:00,122.68921,-18.58497,15.4,R,071,USNOB1,CCD
2801,99942,,99942,2013-01-19 23:17:57.120000+00:00,122.68796,-18.58431,15.2,R,071,USNOB1,CCD
2802,99942,,99942,2013-01-19 23:19:02.784000+00:00,122.68692,-18.58381,15.4,R,071,USNOB1,CCD
2803,99942,,99942,2013-01-19 23:20:17.952000+00:00,122.68558,-18.58314,15.3,R,071,USNOB1,CCD
2804,99942,,99942,2013-01-19 23:21:23.616000+00:00,122.68462,-18.58258,15.5,R,071,USNOB1,CCD
2805,99942,,99942,2013-01-19 23:26:57.120000+00:00,122.67908,-18.57981,15.6,R,071,USNOB1,CCD
2806,99942,,99942,2013-01-19 23:28:14.016000+00:00,122.678,-18.57925,15.5,R,071,USNOB1,CCD
2807,99942,,99942,2013-01-19 23:30:34.848000+00:00,122.67546,-18.57792,15.1,R,071,USNOB1,CCD
2808,99942,,TDBK06,2013-01-20 08:05:58.272000+00:00,122.20925,-18.31481,16.2,R,926,USNOB1,CCD
2809,99942,,TDBK06,2013-01-20 08:26:19.968000+00:00,122.18892,-18.30428,16.2,R,926,USNOB1,CCD
2810,99942,,TDBK06,2013-01-20 08:46:39.936000+00:00,122.16871,-18.29375,16.0,R,926,USNOB1,CCD
2811,99942,,99942,2013-01-20 12:55:22.080000+00:00,121.96871,-18.14089,14.8,R,D20,UCAC3,CCD
2812,99942,,99942,2013-01-20 12:55:48+00:00,121.96825,-18.14069,14.8,R,D20,UCAC3,CCD
2813,99942,,99942,2013-01-20 12:56:09.600000+00:00,121.96792,-18.14053,14.8,R,D20,UCAC3,CCD
2814,99942,,99942,2013-01-20 13:58:45.408000+00:00,121.9075,-18.10978,15.1,R,D20,UCAC3,CCD
2815,99942,,99942,2013-01-20 13:59:11.328000+00:00,121.90708,-18.10956,15.1,R,D20,UCAC3,CCD
2816,99942,,99942,2013-01-20 13:59:38.112000+00:00,121.90663,-18.10933,15.0,R,D20,UCAC3,CCD
2817,99942,,99942,2013-01-20 14:56:00.672000+00:00,121.85138,-18.08128,15.2,R,D20,UCAC3,CCD
2818,99942,,99942,2013-01-20 14:56:28.320000+00:00,121.85092,-18.081,15.2,R,D20,UCAC3,CCD
2819,99942,,99942,2013-01-20 14:56:54.240000+00:00,121.8505,-18.08078,15.1,R,D20,UCAC3,CCD
2820,99942,,99942,2013-01-20 15:59:00.672000+00:00,121.78917,-18.04942,15.2,R,D20,UCAC3,CCD
2821,99942,,99942,2013-01-20 15:59:26.592000+00:00,121.78867,-18.04914,15.2,R,D20,UCAC3,CCD
2822,99942,,99942,2013-01-20 16:59:15.648000+00:00,121.72946,-18.01847,15.2,R,D20,UCAC3,CCD
2823,99942,,99942,2013-01-20 16:59:41.568000+00:00,121.72908,-18.01828,15.3,R,D20,UCAC3,CCD
2824,99942,,99942,2013-01-20 17:00:09.216000+00:00,121.72862,-18.01803,15.3,R,D20,UCAC3,CCD
2825,99942,,99942,2013-01-20 17:59:26.304000+00:00,121.67021,-17.98708,15.1,R,D20,UCAC3,CCD
2826,99942,,99942,2013-01-20 17:59:52.224000+00:00,121.66979,-17.98686,15.2,R,D20,UCAC3,CCD
2827,99942,,99942,2013-01-20 18:00:19.872000+00:00,121.66933,-17.98664,15.1,R,D20,UCAC3,CCD
2828,99942,,99942,2013-01-20 18:59:43.872000+00:00,121.6115,-17.95522,15.0,R,D20,UCAC3,CCD
2829,99942,,99942,2013-01-20 19:00:09.792000+00:00,121.61113,-17.955,15.0,R,D20,UCAC3,CCD
2830,99942,,99942,2013-01-20 19:00:38.304000+00:00,121.61067,-17.95475,15.0,R,D20,UCAC3,CCD
2831,99942,,99942,2013-01-20 20:06:20.736000+00:00,121.54783,-17.91958,14.9,R,D20,UCAC3,CCD
2832,99942,,99942,2013-01-20 20:06:46.656000+00:00,121.54742,-17.91936,14.8,R,D20,UCAC3,CCD
2833,99942,,99942,2013-01-20 20:07:14.304000+00:00,121.547,-17.91908,14.8,R,D20,UCAC3,CCD
2834,99942,,99942,2013-01-20 23:54:31.680000+00:00,121.35167,-17.83031,15.2,R,C40,UCAC3,CCD
2835,99942,,99942,2013-01-20 23:55:33.024000+00:00,121.35075,-17.82972,15.4,R,C40,UCAC3,CCD
2836,99942,,99942,2013-01-20 23:57:35.712000+00:00,121.34883,-17.82861,15.5,R,C40,UCAC3,CCD
2837,99942,,99942,2013-01-20 23:58:37.056000+00:00,121.34783,-17.82808,15.3,R,C40,UCAC3,CCD
2838,99942,,99942,2013-01-21 00:34:03.360000+00:00,121.31471,-17.80953,15.3,R,C40,UCAC3,CCD
2839,99942,,99942,2013-01-21 00:35:34.944000+00:00,121.31329,-17.80867,15.1,R,C40,UCAC3,CCD
2840,99942,,99942,2013-01-21 00:40:08.832000+00:00,121.309,-17.80631,15.2,R,C40,UCAC3,CCD
2841,99942,,99942,2013-01-21 00:43:11.136000+00:00,121.30613,-17.80464,15.1,R,C40,UCAC3,CCD
2842,99942,,99942,2013-01-21 00:46:01.344000+00:00,121.30346,-17.80314,15.2,R,C40,UCAC3,CCD
2843,99942,,99942,2013-01-21 00:47:32.928000+00:00,121.30208,-17.80233,15.4,R,C40,UCAC3,CCD
2844,99942,,99942,2013-01-21 10:35:17.952000+00:00,120.81383,-17.46897,15.5,V,E23,USNOB1,CCD
2845,99942,,99942,2013-01-21 10:40:17.760000+00:00,120.80904,-17.46642,15.5,V,E23,USNOB1,CCD
2846,99942,,99942,2013-01-21 10:45:18.432000+00:00,120.80446,-17.46392,15.5,V,E23,USNOB1,CCD
2847,99942,,99942,2013-01-21 11:08:40.704000+00:00,120.78242,-17.45214,15.5,V,E23,USNOB1,CCD
2848,99942,,99942,2013-01-21 11:13:41.376000+00:00,120.77779,-17.44967,15.5,V,E23,USNOB1,CCD
2849,99942,,99942,2013-01-21 11:18:41.184000+00:00,120.77296,-17.44708,15.4,V,E23,USNOB1,CCD
2850,99942,,99942,2013-01-21 11:23:40.992000+00:00,120.76825,-17.44458,15.5,V,E23,USNOB1,CCD
2851,99942,,99942,2013-01-21 11:38:13.632000+00:00,120.75442,-17.43725,15.4,V,E23,USNOB1,CCD
2852,99942,,99942,2013-01-21 11:48:14.112000+00:00,120.74492,-17.43214,15.5,V,E23,USNOB1,CCD
2853,99942,,99942,2013-01-21 11:53:13.920000+00:00,120.74013,-17.42958,15.4,V,E23,USNOB1,CCD
2854,99942,,99942,2013-01-21 11:58:13.728000+00:00,120.73533,-17.42703,15.4,V,E23,USNOB1,CCD
2855,99942,,99942,2013-01-21 12:00:11.232000+00:00,120.7335,-17.42606,15.4,V,E23,USNOB1,CCD
2856,99942,,99942,2013-01-21 12:01:34.435000+00:00,120.712592,-17.446772,15.0,R,F65,PPMXL,CCD
2857,99942,,99942,2013-01-21 12:02:34.397000+00:00,120.711608,-17.446203,15.0,R,F65,PPMXL,CCD
2858,99942,,99942,2013-01-21 12:03:38.246000+00:00,120.710558,-17.445653,15.0,R,F65,PPMXL,CCD
2859,99942,,99942,2013-01-21 12:05:11.040000+00:00,120.72875,-17.4235,15.4,V,E23,USNOB1,CCD
2860,99942,,99942,2013-01-21 12:10:10.848000+00:00,120.72396,-17.42094,15.4,V,E23,USNOB1,CCD
2861,99942,,99942,2013-01-21 12:58:15.744000+00:00,120.68892,-17.39517,14.7,R,D20,UCAC3,CCD
2862,99942,,99942,2013-01-21 12:58:41.664000+00:00,120.6885,-17.39494,14.8,R,D20,UCAC3,CCD
2863,99942,,99942,2013-01-21 12:59:09.312000+00:00,120.68808,-17.39472,14.8,R,D20,UCAC3,CCD
2864,99942,,99942,2013-01-21 13:59:38.112000+00:00,120.63104,-17.36417,14.7,R,D20,UCAC3,CCD
2865,99942,,99942,2013-01-21 14:00:04.032000+00:00,120.63062,-17.36394,14.6,R,D20,UCAC3,CCD
2866,99942,,99942,2013-01-21 14:00:30.816000+00:00,120.63021,-17.36372,14.6,R,D20,UCAC3,CCD
2867,99942,,99942,2013-01-21 14:59:36.672000+00:00,120.57371,-17.33347,14.6,R,D20,UCAC3,CCD
2868,99942,,99942,2013-01-21 15:00:04.320000+00:00,120.57329,-17.33328,14.6,R,D20,UCAC3,CCD
2869,99942,,99942,2013-01-21 15:00:30.240000+00:00,120.57283,-17.33303,14.6,R,D20,UCAC3,CCD
2870,99942,,99942,2013-01-21 15:59:02.400000+00:00,120.5165,-17.30267,14.6,R,D20,UCAC3,CCD
2871,99942,,99942,2013-01-21 15:59:28.320000+00:00,120.51604,-17.30244,14.6,R,D20,UCAC3,CCD
2872,99942,,99942,2013-01-21 15:59:55.104000+00:00,120.51567,-17.30222,14.6,R,D20,UCAC3,CCD
2873,99942,,99942,2013-01-21 16:59:38.112000+00:00,120.45817,-17.27081,14.6,R,D20,UCAC3,CCD
2874,99942,,99942,2013-01-21 17:00:04.032000+00:00,120.45771,-17.27058,14.6,R,D20,UCAC3,CCD
2875,99942,,99942,2013-01-21 17:00:31.680000+00:00,120.45729,-17.27033,14.6,R,D20,UCAC3,CCD
2876,99942,,99942,2013-01-21 17:59:21.120000+00:00,120.40096,-17.23897,14.6,R,D20,UCAC3,CCD
2877,99942,,99942,2013-01-21 17:59:47.040000+00:00,120.40054,-17.23872,14.7,R,D20,UCAC3,CCD
2878,99942,,99942,2013-01-21 18:00:13.824000+00:00,120.40004,-17.23842,14.7,R,D20,UCAC3,CCD
2879,99942,,99942,2013-01-21 18:58:52.032000+00:00,120.34471,-17.20683,14.8,R,D20,UCAC3,CCD
2880,99942,,99942,2013-01-21 18:59:17.952000+00:00,120.34429,-17.20658,14.8,R,D20,UCAC3,CCD
2881,99942,,99942,2013-01-21 18:59:44.736000+00:00,120.34388,-17.20636,14.8,R,D20,UCAC3,CCD
2882,99942,,99942,2013-01-21 19:49:19.488000+00:00,120.32183,-17.20817,15.4,R,C40,UCAC3,CCD
2883,99942,,99942,2013-01-21 19:52:21.792000+00:00,120.31892,-17.20661,15.6,R,C40,UCAC3,CCD
2884,99942,,99942,2013-01-21 19:56:55.680000+00:00,120.31467,-17.20422,15.4,R,C40,UCAC3,CCD
2885,99942,,99942,2013-01-21 19:59:32.064000+00:00,120.28846,-17.17372,15.0,R,D20,UCAC3,CCD
2886,99942,,99942,2013-01-21 19:59:58.848000+00:00,120.31183,-17.20275,15.6,R,C40,UCAC3,CCD
2887,99942,,99942,2013-01-21 19:59:58.848000+00:00,120.288,-17.1735,15.0,R,D20,UCAC3,CCD
2888,99942,,99942,2013-01-21 20:00:25.632000+00:00,120.28758,-17.17325,15.1,R,D20,UCAC3,CCD
2889,99942,,99942,2013-01-21 20:01:30.432000+00:00,120.31042,-17.20189,15.5,R,C40,UCAC3,CCD
2890,99942,,99942,2013-01-21 20:03:02.016000+00:00,120.30892,-17.20108,15.5,R,C40,UCAC3,CCD
2891,99942,,99942,2013-01-21 20:04:33.600000+00:00,120.3075,-17.20033,15.5,R,C40,UCAC3,CCD
2892,99942,,99942,2013-01-21 20:06:05.184000+00:00,120.30608,-17.19958,15.6,R,C40,UCAC3,CCD
2893,99942,,99942,2013-01-21 20:09:07.488000+00:00,120.30325,-17.19803,15.5,R,C40,UCAC3,CCD
2894,99942,,99942,2013-01-21 20:10:39.072000+00:00,120.30179,-17.19725,15.5,R,C40,UCAC3,CCD
2895,99942,,99942,2013-01-21 20:12:10.656000+00:00,120.30033,-17.19639,15.6,R,C40,UCAC3,CCD
2896,99942,,99942,2013-01-21 20:13:42.240000+00:00,120.29892,-17.19561,15.6,R,C40,UCAC3,CCD
2897,99942,,99942,2013-01-21 20:16:44.544000+00:00,120.29604,-17.194,15.7,R,C40,UCAC3,CCD
2898,99942,,99942,2013-01-21 20:21:33.120000+00:00,120.29154,-17.19153,15.5,R,C40,UCAC3,CCD
2899,99942,,T13005,2013-01-21 21:08:48.768000+00:00,120.25833,-17.16472,15.4,R,C27,UCAC4,CCD
2900,99942,,T13005,2013-01-21 21:13:22.656000+00:00,120.25413,-17.1625,15.5,R,C27,UCAC4,CCD
2901,99942,,T13005,2013-01-21 21:57:03.168000+00:00,120.21342,-17.14,15.5,R,C27,UCAC4,CCD
2902,99942,,T13005,2013-01-21 22:13:37.632000+00:00,120.19787,-17.13139,15.7,R,C27,UCAC4,CCD
2903,99942,,99942,2013-01-22 05:50:16.800000+00:00,119.79,-16.88022,15.0,R,303,USNOB1,CCD
2904,99942,,99942,2013-01-22 06:54:13.824000+00:00,119.72896,-16.8455,15.0,R,303,USNOB1,CCD
2905,99942,,99942,2013-01-22 12:58:16.608000+00:00,119.44888,-16.63525,15.4,R,D20,UCAC3,CCD
2906,99942,,99942,2013-01-22 12:58:44.256000+00:00,119.44842,-16.63497,15.4,R,D20,UCAC3,CCD
2907,99942,,99942,2013-01-22 12:59:07.584000+00:00,119.44804,-16.63481,15.4,R,D20,UCAC3,CCD
2908,99942,,99942,2013-01-22 13:58:34.176000+00:00,119.39354,-16.60408,15.2,R,D20,UCAC3,CCD
2909,99942,,99942,2013-01-22 13:59:00.096000+00:00,119.39312,-16.60386,15.4,R,D20,UCAC3,CCD
2910,99942,,99942,2013-01-22 13:59:26.880000+00:00,119.39267,-16.60364,15.5,R,D20,UCAC3,CCD
2911,99942,,99942,2013-01-22 14:59:40.128000+00:00,119.33671,-16.57217,15.3,R,D20,UCAC3,CCD
2912,99942,,99942,2013-01-22 15:00:06.048000+00:00,119.33629,-16.57192,15.3,R,D20,UCAC3,CCD
2913,99942,,99942,2013-01-22 15:00:31.104000+00:00,119.33592,-16.57175,15.3,R,D20,UCAC3,CCD
2914,99942,,99942,2013-01-22 15:59:36.096000+00:00,119.28063,-16.54044,15.2,R,D20,UCAC3,CCD
2915,99942,,99942,2013-01-22 16:00:02.016000+00:00,119.28021,-16.54019,15.2,R,D20,UCAC3,CCD
2916,99942,,99942,2013-01-22 16:00:28.800000+00:00,119.27975,-16.53997,15.2,R,D20,UCAC3,CCD
2917,99942,,99942,2013-01-22 16:59:21.696000+00:00,119.22471,-16.50836,15.1,R,D20,UCAC3,CCD
2918,99942,,99942,2013-01-22 16:59:49.344000+00:00,119.22433,-16.50814,15.1,R,D20,UCAC3,CCD
2919,99942,,99942,2013-01-22 17:00:16.128000+00:00,119.22392,-16.50789,15.0,R,D20,UCAC3,CCD
2920,99942,,99942,2013-01-22 17:59:40.992000+00:00,119.16871,-16.47558,14.9,R,D20,UCAC3,CCD
2921,99942,,99942,2013-01-22 18:00:06.912000+00:00,119.16833,-16.47536,14.9,R,D20,UCAC3,CCD
2922,99942,,99942,2013-01-22 18:00:31.968000+00:00,119.16792,-16.47514,14.9,R,D20,UCAC3,CCD
2923,99942,,99942,2013-01-22 18:55:18.624000+00:00,119.14312,-16.47208,14.2,R,B17,UCAC3,CCD
2924,99942,,99942,2013-01-22 18:59:38.688000+00:00,119.11383,-16.44264,14.8,R,D20,UCAC3,CCD
2925,99942,,99942,2013-01-22 19:00:06.336000+00:00,119.11342,-16.44239,14.9,R,D20,UCAC3,CCD
2926,99942,,99942,2013-01-22 19:00:32.256000+00:00,119.11296,-16.44197,14.8,R,D20,UCAC3,CCD
2927,99942,,99942,2013-01-22 19:27:09.792000+00:00,119.1145,-16.45544,14.2,R,B17,UCAC3,CCD
2928,99942,,99942,2013-01-22 19:30:10.368000+00:00,119.11175,-16.45386,14.4,R,B17,UCAC3,CCD
2929,99942,,99942,2013-01-22 19:33:10.080000+00:00,119.10904,-16.45231,14.4,R,B17,UCAC3,CCD
2930,99942,,99942,2013-01-22 19:36:09.792000+00:00,119.10637,-16.45075,14.4,R,B17,UCAC3,CCD
2931,99942,,99942,2013-01-22 19:39:10.368000+00:00,119.10363,-16.44917,14.4,R,B17,UCAC3,CCD
2932,99942,,99942,2013-01-22 19:58:29.856000+00:00,119.061,-16.41,14.6,R,D20,UCAC3,CCD
2933,99942,,99942,2013-01-22 19:58:55.776000+00:00,119.06063,-16.40978,14.7,R,D20,UCAC3,CCD
2934,99942,,99942,2013-01-22 19:59:17.376000+00:00,119.06033,-16.40958,14.7,R,D20,UCAC3,CCD
2935,99942,,99942,2013-01-22 20:00:02.304000+00:00,119.08471,-16.43822,14.1,R,B17,UCAC3,CCD
2936,99942,,99942,2013-01-22 20:03:02.016000+00:00,119.08196,-16.43661,14.3,R,B17,UCAC3,CCD
2937,99942,,99942,2013-01-22 20:06:01.728000+00:00,119.07925,-16.43506,14.3,R,B17,UCAC3,CCD
2938,99942,,99942,2013-01-22 20:09:02.304000+00:00,119.0765,-16.43342,14.3,R,B17,UCAC3,CCD
2939,99942,,99942,2013-01-22 20:33:11.232000+00:00,119.0545,-16.42067,14.3,R,B17,UCAC3,CCD
2940,99942,,99942,2013-01-22 20:36:10.944000+00:00,119.05179,-16.41908,14.2,R,B17,UCAC3,CCD
2941,99942,,99942,2013-01-22 20:39:10.656000+00:00,119.049,-16.4175,14.3,R,B17,UCAC3,CCD
2942,99942,,99942,2013-01-22 20:42:11.232000+00:00,119.04625,-16.41592,14.2,R,B17,UCAC3,CCD
2943,99942,,99942,2013-01-22 20:45:10.944000+00:00,119.0435,-16.41428,14.2,R,B17,UCAC3,CCD
2944,99942,,99942,2013-01-22 20:46:05.376000+00:00,119.049,-16.41286,14.5,R,104,UCAC3,CCD
2945,99942,,99942,2013-01-22 20:48:44.352000+00:00,119.04663,-16.41144,14.4,R,104,UCAC3,CCD
2946,99942,,99942,2013-01-22 20:54:03.168000+00:00,119.04183,-16.40869,14.5,R,104,UCAC3,CCD
2947,99942,,99942,2013-01-22 21:00:13.824000+00:00,119.02979,-16.40631,14.3,R,B17,UCAC3,CCD
2948,99942,,99942,2013-01-22 21:03:14.400000+00:00,119.02704,-16.40469,14.3,R,B17,UCAC3,CCD
2949,99942,,99942,2013-01-22 21:09:13.824000+00:00,119.02154,-16.4015,14.3,R,B17,UCAC3,CCD
2950,99942,,99942,2013-01-22 21:12:14.400000+00:00,119.01883,-16.39989,14.2,R,B17,UCAC3,CCD
2951,99942,,99942,2013-01-22 21:32:52.512000+00:00,119.00792,-16.38875,14.7,R,B04,UCAC3,CCD
2952,99942,,99942,2013-01-22 21:38:01.824000+00:00,118.99525,-16.38611,14.3,R,B17,UCAC3,CCD
2953,99942,,99942,2013-01-22 21:41:02.400000+00:00,118.99246,-16.38447,14.3,R,B17,UCAC3,CCD
2954,99942,,99942,2013-01-22 21:41:30.912000+00:00,119.00017,-16.38433,14.4,R,B04,UCAC3,CCD
2955,99942,,99942,2013-01-22 21:53:16.800000+00:00,118.9895,-16.37811,14.7,R,B04,UCAC3,CCD
2956,99942,,99942,2013-01-22 22:15:49.824000+00:00,118.969,-16.36617,14.7,R,B04,UCAC3,CCD
2957,99942,,99942,2013-01-22 22:21:49.248000+00:00,118.96358,-16.363,14.6,R,B04,UCAC3,CCD
2958,99942,,99942,2013-01-23 07:27:25.344000+00:00,118.488,-16.05658,15.4,R,303,USNOB1,CCD
2959,99942,,99942,2013-01-23 07:30:25.056000+00:00,118.48521,-16.05492,15.6,R,303,USNOB1,CCD
2960,99942,,99942,2013-01-23 12:59:40.416000+00:00,118.24638,-15.86167,14.6,R,D20,UCAC3,CCD
2961,99942,,99942,2013-01-23 13:00:07.200000+00:00,118.24596,-15.86144,14.6,R,D20,UCAC3,CCD
2962,99942,,99942,2013-01-23 13:00:33.984000+00:00,118.24558,-15.86119,14.7,R,D20,UCAC3,CCD
2963,99942,,99942,2013-01-23 15:59:55.104000+00:00,118.08404,-15.76575,15.0,R,D20,UCAC3,CCD
2964,99942,,99942,2013-01-23 16:00:21.888000+00:00,118.08367,-15.7655,15.0,R,D20,UCAC3,CCD
2965,99942,,99942,2013-01-23 16:00:48.672000+00:00,118.08325,-15.76525,15.0,R,D20,UCAC3,CCD
2966,99942,,99942,2013-01-23 16:59:38.976000+00:00,118.02996,-15.73317,14.9,R,D20,UCAC3,CCD
2967,99942,,99942,2013-01-23 17:00:05.760000+00:00,118.02954,-15.73292,14.7,R,D20,UCAC3,CCD
2968,99942,,99942,2013-01-23 17:00:31.680000+00:00,118.02921,-15.73267,14.7,R,D20,UCAC3,CCD
2969,99942,,99942,2013-01-23 17:59:24.576000+00:00,117.97629,-15.70022,15.2,R,D20,UCAC3,CCD
2970,99942,,99942,2013-01-23 17:59:52.224000+00:00,117.97587,-15.7,15.2,R,D20,UCAC3,CCD
2971,99942,,99942,2013-01-23 18:00:17.280000+00:00,117.97554,-15.69978,15.2,R,D20,UCAC3,CCD
2972,99942,,99942,2013-01-23 18:59:36.960000+00:00,117.92308,-15.66669,15.3,R,D20,UCAC3,CCD
2973,99942,,99942,2013-01-23 19:00:02.880000+00:00,117.92267,-15.66647,15.2,R,D20,UCAC3,CCD
2974,99942,,99942,2013-01-23 19:00:29.664000+00:00,117.92229,-15.66619,15.3,R,D20,UCAC3,CCD
2975,99942,,99942,2013-01-23 19:59:38.112000+00:00,117.87108,-15.63303,15.3,R,D20,UCAC3,CCD
2976,99942,,99942,2013-01-23 20:00:04.032000+00:00,117.87071,-15.63278,15.4,R,D20,UCAC3,CCD
2977,99942,,99942,2013-01-23 20:00:29.952000+00:00,117.87029,-15.6325,15.4,R,D20,UCAC3,CCD
2978,99942,,99942,2013-01-24 14:59:34.944000+00:00,116.98137,-15.01422,14.9,R,D20,UCAC3,CCD
2979,99942,,99942,2013-01-24 15:00:00.864000+00:00,116.98096,-15.01397,15.0,R,D20,UCAC3,CCD
2980,99942,,99942,2013-01-24 15:00:27.648000+00:00,116.98058,-15.01375,14.9,R,D20,UCAC3,CCD
2981,99942,,99942,2013-01-24 15:59:35.232000+00:00,116.92875,-14.9815,15.0,R,D20,UCAC3,CCD
2982,99942,,99942,2013-01-24 16:00:02.016000+00:00,116.92833,-14.98125,15.0,R,D20,UCAC3,CCD
2983,99942,,99942,2013-01-24 16:00:27.936000+00:00,116.92796,-14.981,15.0,R,D20,UCAC3,CCD
2984,99942,,99942,2013-01-24 16:59:36.384000+00:00,116.87621,-14.94836,14.8,R,D20,UCAC3,CCD
2985,99942,,99942,2013-01-24 17:00:02.304000+00:00,116.87583,-14.94811,14.8,R,D20,UCAC3,CCD
2986,99942,,99942,2013-01-24 17:00:29.088000+00:00,116.87546,-14.94792,14.8,R,D20,UCAC3,CCD
2987,99942,,99942,2013-01-24 17:59:22.848000+00:00,116.82438,-14.91508,14.9,R,D20,UCAC3,CCD
2988,99942,,99942,2013-01-24 17:59:49.632000+00:00,116.824,-14.91481,14.9,R,D20,UCAC3,CCD
2989,99942,,99942,2013-01-24 18:00:16.416000+00:00,116.82363,-14.91456,14.8,R,D20,UCAC3,CCD
2990,99942,,99942,2013-01-24 18:43:10.445000+00:00,116.81158,-14.91781,15.0,R,089,UCAC3,CCD
2991,99942,,99942,2013-01-24 18:46:00.566000+00:00,116.80921,-14.91639,15.1,R,089,UCAC3,CCD
2992,99942,,99942,2013-01-24 18:48:51.552000+00:00,116.80687,-14.91467,15.0,R,089,UCAC3,CCD
2993,99942,,99942,2013-01-24 18:51:42.538000+00:00,116.80446,-14.91317,15.0,R,089,UCAC3,CCD
2994,99942,,99942,2013-01-24 18:54:33.523000+00:00,116.80212,-14.91156,14.9,R,089,UCAC3,CCD
2995,99942,,99942,2013-01-24 18:57:24.595000+00:00,116.79962,-14.91011,15.0,R,089,UCAC3,CCD
2996,99942,,99942,2013-01-24 18:59:31.776000+00:00,116.77312,-14.88125,14.8,R,D20,UCAC3,CCD
2997,99942,,99942,2013-01-24 18:59:57.696000+00:00,116.77275,-14.881,14.7,R,D20,UCAC3,CCD
2998,99942,,99942,2013-01-24 19:00:15.581000+00:00,116.79725,-14.90856,15.1,R,089,UCAC3,CCD
2999,99942,,99942,2013-01-24 19:00:23.616000+00:00,116.77242,-14.88072,14.7,R,D20,UCAC3,CCD
3000,99942,,99942,2013-01-24 19:11:39.523000+00:00,116.78775,-14.90258,14.8,R,089,UCAC3,CCD
3001,99942,,99942,2013-01-24 19:14:30.595000+00:00,116.78517,-14.90089,14.8,R,089,UCAC3,CCD
3002,99942,,99942,2013-01-24 19:17:21.581000+00:00,116.78287,-14.89942,15.0,R,089,UCAC3,CCD
3003,99942,,99942,2013-01-24 19:20:12.566000+00:00,116.7805,-14.89786,14.8,R,089,UCAC3,CCD
3004,99942,,99942,2013-01-24 19:23:03.552000+00:00,116.77808,-14.89633,14.7,R,089,UCAC3,CCD
3005,99942,,99942,2013-01-24 19:25:54.624000+00:00,116.77558,-14.89475,14.9,R,089,UCAC3,CCD
3006,99942,,99942,2013-01-24 19:31:36.595000+00:00,116.77071,-14.89167,14.8,R,089,UCAC3,CCD
3007,99942,,99942,2013-01-24 19:34:27.581000+00:00,116.76837,-14.89008,14.8,R,089,UCAC3,CCD
3008,99942,,99942,2013-01-24 19:37:18.566000+00:00,116.76596,-14.88861,14.8,R,089,UCAC3,CCD
3009,99942,,99942,2013-01-24 19:40:09.638000+00:00,116.7635,-14.88708,14.8,R,089,UCAC3,CCD
3010,99942,,99942,2013-01-24 19:43:00.624000+00:00,116.76108,-14.88558,14.7,R,089,UCAC3,CCD
3011,99942,,99942,2013-01-24 19:45:51.610000+00:00,116.75867,-14.88389,14.8,R,089,UCAC3,CCD
3012,99942,,99942,2013-01-24 19:48:42.595000+00:00,116.75625,-14.88239,14.9,R,089,UCAC3,CCD
3013,99942,,99942,2013-01-24 19:51:33.581000+00:00,116.75392,-14.88086,14.8,R,089,UCAC3,CCD
3014,99942,,99942,2013-01-24 19:54:24.566000+00:00,116.75146,-14.87942,14.7,R,089,UCAC3,CCD
3015,99942,,99942,2013-01-24 19:57:15.638000+00:00,116.749,-14.87783,14.8,R,089,UCAC3,CCD
3016,99942,,99942,2013-01-24 19:58:58.368000+00:00,116.7235,-14.84758,14.7,R,D20,UCAC3,CCD
3017,99942,,99942,2013-01-24 19:59:24.288000+00:00,116.72321,-14.84731,14.7,R,D20,UCAC3,CCD
3018,99942,,99942,2013-01-24 19:59:51.072000+00:00,116.72288,-14.84706,14.7,R,D20,UCAC3,CCD
3019,99942,,99942,2013-01-24 20:00:06.538000+00:00,116.74658,-14.87633,14.8,R,089,UCAC3,CCD
3020,99942,,99942,2013-01-24 20:00:54.144000+00:00,116.74583,-14.87536,14.4,R,B17,UCAC4,CCD
3021,99942,,99942,2013-01-24 20:02:57.696000+00:00,116.74421,-14.87478,14.8,R,089,UCAC3,CCD
3022,99942,,99942,2013-01-24 20:03:53.856000+00:00,116.74325,-14.87375,14.4,R,B17,UCAC4,CCD
3023,99942,,99942,2013-01-24 20:05:48.682000+00:00,116.74175,-14.87322,14.8,R,089,UCAC3,CCD
3024,99942,,99942,2013-01-24 20:06:53.568000+00:00,116.74075,-14.87211,14.3,R,B17,UCAC4,CCD
3025,99942,,99942,2013-01-24 20:09:54.144000+00:00,116.73817,-14.8705,14.3,R,B17,UCAC4,CCD
3026,99942,,99942,2013-01-24 20:12:53.856000+00:00,116.73554,-14.86886,14.4,R,B17,UCAC4,CCD
3027,99942,,99942,2013-01-24 20:44:25.152000+00:00,116.70862,-14.85164,14.4,R,B17,UCAC4,CCD
3028,99942,,99942,2013-01-24 20:47:24.864000+00:00,116.70617,-14.85006,14.2,R,B17,UCAC4,CCD
3029,99942,,99942,2013-01-24 20:50:24.576000+00:00,116.70354,-14.84839,14.2,R,B17,UCAC4,CCD
3030,99942,,99942,2013-01-24 20:53:25.152000+00:00,116.701,-14.84675,14.3,R,B17,UCAC4,CCD
3031,99942,,99942,2013-01-24 20:56:24.864000+00:00,116.69842,-14.84508,14.2,R,B17,UCAC4,CCD
3032,99942,,99942,2013-01-24 21:20:45.024000+00:00,116.67592,-14.83169,15.5,R,C40,UCAC3,CCD
3033,99942,,99942,2013-01-24 21:21:49.824000+00:00,116.67492,-14.83117,15.4,R,C40,UCAC3,CCD
3034,99942,,99942,2013-01-24 21:23:21.408000+00:00,116.67362,-14.83044,15.6,R,C40,UCAC3,CCD
3035,99942,,99942,2013-01-24 21:24:52.128000+00:00,116.67225,-14.82953,15.5,R,C40,UCAC3,CCD
3036,99942,,99942,2013-01-24 21:26:23.712000+00:00,116.671,-14.82864,15.4,R,C40,UCAC3,CCD
3037,99942,,99942,2013-01-24 21:27:38.016000+00:00,116.67171,-14.82797,14.3,R,B17,UCAC4,CCD
3038,99942,,99942,2013-01-24 21:27:55.296000+00:00,116.66975,-14.82781,15.4,R,C40,UCAC3,CCD
3039,99942,,99942,2013-01-24 21:29:26.880000+00:00,116.66846,-14.82703,15.4,R,C40,UCAC3,CCD
3040,99942,,99942,2013-01-24 21:30:37.728000+00:00,116.66913,-14.82639,14.5,R,B17,UCAC4,CCD
3041,99942,,99942,2013-01-24 21:33:39.168000+00:00,116.66646,-14.82464,14.3,R,B17,UCAC4,CCD
3042,99942,,99942,2013-01-24 21:34:00.768000+00:00,116.66463,-14.82436,15.2,R,C40,UCAC3,CCD
3043,99942,,99942,2013-01-24 21:39:38.592000+00:00,116.66154,-14.82142,14.4,R,B17,UCAC4,CCD
3044,99942,,99942,2013-01-24 22:10:35.328000+00:00,116.635,-14.80425,14.7,R,B17,UCAC4,CCD
3045,99942,,99942,2013-01-25 12:58:33.024000+00:00,115.96738,-14.28839,14.9,R,D20,UCAC3,CCD
3046,99942,,99942,2013-01-25 12:58:59.808000+00:00,115.96704,-14.28814,14.9,R,D20,UCAC3,CCD
3047,99942,,99942,2013-01-25 12:59:26.592000+00:00,115.96667,-14.28767,14.9,R,D20,UCAC3,CCD
3048,99942,,99942,2013-01-25 13:58:41.088000+00:00,115.91717,-14.25592,14.8,R,D20,UCAC3,CCD
3049,99942,,99942,2013-01-25 13:59:07.872000+00:00,115.91679,-14.25572,14.8,R,D20,UCAC3,CCD
3050,99942,,99942,2013-01-25 13:59:34.656000+00:00,115.91642,-14.25547,14.7,R,D20,UCAC3,CCD
3051,99942,,99942,2013-01-25 15:00:10.368000+00:00,115.86529,-14.22242,14.9,R,D20,UCAC3,CCD
3052,99942,,99942,2013-01-25 15:00:36.288000+00:00,115.86492,-14.22219,14.9,R,D20,UCAC3,CCD
3053,99942,,99942,2013-01-25 15:00:57.024000+00:00,115.86462,-14.222,14.8,R,D20,UCAC3,CCD
3054,99942,,99942,2013-01-25 16:59:51.936000+00:00,115.76413,-14.15619,15.1,R,D20,UCAC3,CCD
3055,99942,,99942,2013-01-25 17:59:28.032000+00:00,115.71442,-14.12269,15.6,R,D20,UCAC3,CCD
3056,99942,,99942,2013-01-25 17:59:54.816000+00:00,115.71404,-14.12244,15.4,R,D20,UCAC3,CCD
3057,99942,,99942,2013-01-25 18:00:20.736000+00:00,115.71363,-14.12222,15.5,R,D20,UCAC3,CCD
3058,99942,,99942,2013-01-25 18:59:07.584000+00:00,115.66546,-14.08894,15.5,R,D20,UCAC3,CCD
3059,99942,,99942,2013-01-25 18:59:35.232000+00:00,115.66508,-14.08872,15.5,R,D20,UCAC3,CCD
3060,99942,,99942,2013-01-25 19:00:02.016000+00:00,115.66467,-14.08853,15.5,R,D20,UCAC3,CCD
3061,99942,,99942,2013-01-25 19:51:23.040000+00:00,115.62354,-14.05914,15.5,R,D20,UCAC3,CCD
3062,99942,,99942,2013-01-25 19:51:49.824000+00:00,115.62321,-14.05903,15.5,R,D20,UCAC3,CCD
3063,99942,,99942,2013-01-26 05:14:04.358000+00:00,115.22054,-13.77553,15.6,V,H21,UCAC3,CCD
3064,99942,,99942,2013-01-26 05:17:58.762000+00:00,115.21733,-13.77336,15.6,V,H21,UCAC3,CCD
3065,99942,,99942,2013-01-26 05:21:42.710000+00:00,115.21429,-13.77128,15.6,V,H21,UCAC3,CCD
3066,99942,,99942,2013-01-26 05:25:26.486000+00:00,115.21121,-13.76922,15.6,V,H21,UCAC3,CCD
3067,99942,,99942,2013-01-26 05:29:10.435000+00:00,115.20817,-13.76714,15.6,V,H21,UCAC3,CCD
3068,99942,,99942,2013-01-26 05:33:22.205000+00:00,115.20471,-13.76481,15.6,V,H21,UCAC3,CCD
3069,99942,,99942,2013-01-26 05:38:05.165000+00:00,115.20083,-13.76219,15.6,V,H21,UCAC3,CCD
3070,99942,,99942,2013-01-26 12:58:21.792000+00:00,114.89108,-13.49253,15.2,R,D20,UCAC3,CCD
3071,99942,,99942,2013-01-26 12:58:48.576000+00:00,114.89075,-13.49228,15.2,R,D20,UCAC3,CCD
3072,99942,,99942,2013-01-26 12:59:15.360000+00:00,114.89029,-13.49197,15.3,R,D20,UCAC3,CCD
3073,99942,,99942,2013-01-26 13:58:46.272000+00:00,114.84238,-13.45967,14.9,R,D20,UCAC3,CCD
3074,99942,,99942,2013-01-26 13:59:12.192000+00:00,114.84208,-13.45942,14.8,R,D20,UCAC3,CCD
3075,99942,,99942,2013-01-26 13:59:33.792000+00:00,114.84179,-13.45925,14.8,R,D20,UCAC3,CCD
3076,99942,,99942,2013-01-26 14:59:35.808000+00:00,114.79292,-13.42628,14.8,R,D20,UCAC3,CCD
3077,99942,,99942,2013-01-26 15:00:02.592000+00:00,114.79254,-13.42606,14.9,R,D20,UCAC3,CCD
3078,99942,,99942,2013-01-26 15:00:29.376000+00:00,114.79217,-13.42583,14.9,R,D20,UCAC3,CCD
3079,99942,,99942,2013-01-26 15:59:36.960000+00:00,114.74396,-13.39303,14.7,R,D20,UCAC3,CCD
3080,99942,,99942,2013-01-26 16:00:03.744000+00:00,114.74358,-13.39281,14.7,R,D20,UCAC3,CCD
3081,99942,,99942,2013-01-26 16:00:31.392000+00:00,114.74325,-13.39253,14.7,R,D20,UCAC3,CCD
3082,99942,,99942,2013-01-26 16:58:59.232000+00:00,114.69583,-13.35986,14.9,R,D20,UCAC3,CCD
3083,99942,,99942,2013-01-26 16:59:26.016000+00:00,114.69542,-13.35958,14.9,R,D20,UCAC3,CCD
3084,99942,,99942,2013-01-26 16:59:51.936000+00:00,114.69508,-13.35933,14.9,R,D20,UCAC3,CCD
3085,99942,,99942,2013-01-26 17:59:24.576000+00:00,114.64733,-13.32578,14.8,R,D20,UCAC3,CCD
3086,99942,,99942,2013-01-26 17:59:52.224000+00:00,114.64696,-13.32553,14.8,R,D20,UCAC3,CCD
3087,99942,,99942,2013-01-26 18:00:18.144000+00:00,114.64658,-13.32522,14.9,R,D20,UCAC3,CCD
3088,99942,,99942,2013-01-26 18:59:11.040000+00:00,114.60029,-13.29183,15.0,R,D20,UCAC3,CCD
3089,99942,,99942,2013-01-26 18:59:37.824000+00:00,114.59992,-13.29156,14.9,R,D20,UCAC3,CCD
3090,99942,,99942,2013-01-26 19:00:03.744000+00:00,114.59958,-13.29133,14.9,R,D20,UCAC3,CCD
3091,99942,,99942,2013-01-27 04:50:20.314000+00:00,114.19229,-12.99017,15.6,V,H21,UCAC3,CCD
3092,99942,,99942,2013-01-27 04:55:23.059000+00:00,114.18829,-12.98739,15.6,V,H21,UCAC3,CCD
3093,99942,,99942,2013-01-27 05:00:48.010000+00:00,114.18404,-12.98436,15.5,V,H21,UCAC3,CCD
3094,99942,,99942,2013-01-27 05:06:12.614000+00:00,114.17975,-12.98139,15.6,V,H21,UCAC3,CCD
3095,99942,,99942,2013-01-27 05:11:36.874000+00:00,114.1755,-12.97836,15.6,V,H21,UCAC3,CCD
3096,99942,,99942,2013-01-27 05:17:01.133000+00:00,114.17121,-12.97533,15.6,V,H21,UCAC3,CCD
3097,99942,,99942,2013-01-27 05:22:20.381000+00:00,114.167,-12.97239,15.5,V,H21,UCAC3,CCD
3098,99942,,99942,2013-01-27 05:25:50.765000+00:00,114.16425,-12.97044,15.6,V,H21,UCAC3,CCD
3099,99942,,99942,2013-01-27 13:58:53.184000+00:00,113.81108,-12.66061,15.2,R,D20,UCAC3,CCD
3100,99942,,99942,2013-01-27 13:59:19.104000+00:00,113.81071,-12.66039,15.2,R,D20,UCAC3,CCD
3101,99942,,99942,2013-01-27 13:59:45.888000+00:00,113.81038,-12.66017,15.2,R,D20,UCAC3,CCD
3102,99942,,99942,2013-01-27 14:59:39.264000+00:00,113.7635,-12.62714,15.7,R,D20,UCAC3,CCD
3103,99942,,99942,2013-01-27 15:00:06.048000+00:00,113.76317,-12.62689,15.5,R,D20,UCAC3,CCD
3104,99942,,99942,2013-01-27 15:00:31.968000+00:00,113.76283,-12.62667,15.5,R,D20,UCAC3,CCD
3105,99942,,99942,2013-01-27 17:59:03.840000+00:00,113.62404,-12.52664,15.8,R,D20,UCAC3,CCD
3106,99942,,99942,2013-01-27 17:59:29.760000+00:00,113.62375,-12.52639,15.9,R,D20,UCAC3,CCD
3107,99942,,99942,2013-01-27 17:59:57.408000+00:00,113.62342,-12.52614,15.9,R,D20,UCAC3,CCD
3108,99942,,99942,2013-01-27 18:59:36.960000+00:00,113.57846,-12.49222,15.3,R,D20,UCAC3,CCD
3109,99942,,99942,2013-01-27 19:00:03.744000+00:00,113.57812,-12.49192,15.4,R,D20,UCAC3,CCD
3110,99942,,99942,2013-01-27 19:00:29.664000+00:00,113.57779,-12.49175,15.3,R,D20,UCAC3,CCD
3111,99942,,99942,2013-01-27 20:04:32.390000+00:00,113.55958,-12.48372,15.5,V,J84,UCAC4,CCD
3112,99942,,99942,2013-01-27 20:11:41.626000+00:00,113.55442,-12.47994,15.7,V,J84,UCAC4,CCD
3113,99942,,99942,2013-01-27 20:31:04.829000+00:00,113.54,-12.46933,15.7,V,J84,UCAC4,CCD
3114,99942,,99942,2013-01-27 20:39:54.029000+00:00,113.53346,-12.4645,15.6,V,J84,UCAC4,CCD
3115,99942,,99942,2013-01-27 20:48:42.970000+00:00,113.52687,-12.45961,15.6,V,J84,UCAC4,CCD
3116,99942,,99942,2013-01-27 21:19:11.021000+00:00,113.50333,-12.44306,15.6,V,J84,UCAC4,CCD
3117,99942,,99942,2013-01-28 13:58:37.632000+00:00,112.82388,-11.86128,14.8,R,D20,UCAC3,CCD
3118,99942,,99942,2013-01-28 13:59:06.144000+00:00,112.82358,-11.86103,14.8,R,D20,UCAC3,CCD
3119,99942,,99942,2013-01-28 13:59:32.064000+00:00,112.82321,-11.86078,14.8,R,D20,UCAC3,CCD
3120,99942,,99942,2013-01-28 16:59:33.792000+00:00,112.68821,-11.76064,14.6,R,D20,UCAC3,CCD
3121,99942,,99942,2013-01-28 17:00:00.576000+00:00,112.68796,-11.76042,14.6,R,D20,UCAC3,CCD
3122,99942,,99942,2013-01-28 17:00:28.224000+00:00,112.68762,-11.76017,14.6,R,D20,UCAC3,CCD
3123,99942,,99942,2013-01-28 17:59:23.712000+00:00,112.64421,-11.727,15.2,R,D20,UCAC3,CCD
3124,99942,,99942,2013-01-28 17:59:51.360000+00:00,112.64392,-11.72678,15.2,R,D20,UCAC3,CCD
3125,99942,,99942,2013-01-28 18:00:18.144000+00:00,112.64354,-11.7265,15.3,R,D20,UCAC3,CCD
3126,99942,,99942,2013-01-28 18:59:29.184000+00:00,112.60096,-11.69294,15.1,R,D20,UCAC3,CCD
3127,99942,,99942,2013-01-28 18:59:55.968000+00:00,112.60062,-11.69275,15.0,R,D20,UCAC3,CCD
3128,99942,,99942,2013-01-28 19:00:22.752000+00:00,112.60033,-11.69239,15.0,R,D20,UCAC3,CCD
3129,99942,,99942,2013-01-28 22:07:39.936000+00:00,112.49533,-11.61528,15.51,R,A05,USNOA2,CCD
3130,99942,,99942,2013-01-28 22:09:12.384000+00:00,112.49425,-11.61439,15.46,R,A05,USNOA2,CCD
3131,99942,,99942,2013-01-28 22:14:12.192000+00:00,112.49062,-11.61169,15.43,R,A05,USNOA2,CCD
3132,99942,,99942,2013-01-28 22:15:16.128000+00:00,112.48979,-11.61108,15.4,R,A05,USNOA2,CCD
3133,99942,,99942,2013-01-28 22:16:19.200000+00:00,112.489,-11.6105,15.51,R,A05,USNOA2,CCD
3134,99942,,99942,2013-01-28 22:17:22.272000+00:00,112.48825,-11.60992,15.43,R,A05,USNOA2,CCD
3135,99942,,99942,2013-01-28 22:18:25.344000+00:00,112.4875,-11.60933,15.46,R,A05,USNOA2,CCD
3136,99942,,99942,2013-01-28 22:19:28.416000+00:00,112.48675,-11.60878,15.54,R,A05,USNOA2,CCD
3137,99942,,99942,2013-01-28 22:20:30.624000+00:00,112.48596,-11.60819,15.55,R,A05,USNOA2,CCD
3138,99942,,99942,2013-01-28 22:21:33.696000+00:00,112.48521,-11.60764,15.47,R,A05,USNOA2,CCD
3139,99942,,99942,2013-01-28 22:22:37.632000+00:00,112.48442,-11.607,15.43,R,A05,USNOA2,CCD
3140,99942,,99942,2013-01-29 13:58:41.952000+00:00,111.8805,-11.06322,15.5,R,D20,UCAC3,CCD
3141,99942,,99942,2013-01-29 13:59:08.736000+00:00,111.88017,-11.063,15.3,R,D20,UCAC3,CCD
3142,99942,,99942,2013-01-29 13:59:36.384000+00:00,111.87983,-11.06278,15.5,R,D20,UCAC3,CCD
3143,99942,,99942,2013-01-29 14:59:10.752000+00:00,111.83692,-11.02997,15.6,R,D20,UCAC3,CCD
3144,99942,,99942,2013-01-29 14:59:38.400000+00:00,111.83662,-11.02972,15.4,R,D20,UCAC3,CCD
3145,99942,,99942,2013-01-29 15:00:04.320000+00:00,111.83633,-11.02947,15.4,R,D20,UCAC3,CCD
3146,99942,,99942,2013-01-29 15:59:49.056000+00:00,111.79333,-10.99633,15.2,R,D20,UCAC3,CCD
3147,99942,,99942,2013-01-29 16:00:14.976000+00:00,111.793,-10.99608,15.2,R,D20,UCAC3,CCD
3148,99942,,99942,2013-01-29 16:00:42.624000+00:00,111.79267,-10.99583,15.3,R,D20,UCAC3,CCD
3149,99942,,99942,2013-01-29 16:59:38.976000+00:00,111.75067,-10.96292,15.2,R,D20,UCAC3,CCD
3150,99942,,99942,2013-01-29 17:00:05.760000+00:00,111.75033,-10.96269,15.2,R,D20,UCAC3,CCD
3151,99942,,99942,2013-01-29 17:00:33.408000+00:00,111.75004,-10.96244,15.2,R,D20,UCAC3,CCD
3152,99942,,99942,2013-01-29 18:59:24+00:00,111.66754,-10.8955,15.2,R,D20,UCAC3,CCD
3153,99942,,99942,2013-01-29 18:59:50.784000+00:00,111.66729,-10.89531,15.1,R,D20,UCAC3,CCD
3154,99942,,99942,2013-01-29 19:00:18.432000+00:00,111.66696,-10.895,15.1,R,D20,UCAC3,CCD
3155,99942,,99942,2013-01-29 20:22:55.200000+00:00,111.63808,-10.87569,15.3,R,B88,UCAC4,CCD
3156,99942,,99942,2013-01-29 20:38:24+00:00,111.62725,-10.86733,15.7,R,B88,UCAC4,CCD
3157,99942,,99942,2013-01-29 20:53:56.256000+00:00,111.61658,-10.85858,15.9,R,B88,UCAC4,CCD
3158,99942,,99942,2013-01-29 21:22:14.880000+00:00,111.59875,-10.84294,14.93,R,A05,USNOA2,CCD
3159,99942,,99942,2013-01-29 21:25:32.736000+00:00,111.59646,-10.84111,14.98,R,A05,USNOA2,CCD
3160,99942,,99942,2013-01-29 21:33:46.944000+00:00,111.59075,-10.83664,14.89,R,A05,USNOA2,CCD
3161,99942,,99942,2013-01-29 21:35:36.672000+00:00,111.5895,-10.83558,15.07,R,A05,USNOA2,CCD
3162,99942,,99942,2013-01-29 21:38:55.392000+00:00,111.58721,-10.83381,14.87,R,A05,USNOA2,CCD
3163,99942,,99942,2013-01-29 21:42:10.656000+00:00,111.58492,-10.832,15.02,R,A05,USNOA2,CCD
3164,99942,,99942,2013-01-29 21:45:27.648000+00:00,111.58263,-10.83022,14.95,R,A05,USNOA2,CCD
3165,99942,,99942,2013-01-29 21:48:28.224000+00:00,111.58054,-10.82856,15.01,R,A05,USNOA2,CCD
3166,99942,,99942,2013-01-30 12:58:31.296000+00:00,111.02242,-10.30139,14.9,R,D20,UCAC3,CCD
3167,99942,,99942,2013-01-30 12:58:58.080000+00:00,111.02208,-10.30117,14.9,R,D20,UCAC3,CCD
3168,99942,,99942,2013-01-30 12:59:24+00:00,111.02179,-10.30092,14.9,R,D20,UCAC3,CCD
3169,99942,,99942,2013-01-30 13:58:48+00:00,110.98117,-10.26858,14.8,R,D20,UCAC3,CCD
3170,99942,,99942,2013-01-30 13:59:13.920000+00:00,110.98092,-10.26836,14.8,R,D20,UCAC3,CCD
3171,99942,,99942,2013-01-30 13:59:38.112000+00:00,110.98058,-10.26811,14.8,R,D20,UCAC3,CCD
3172,99942,,99942,2013-01-30 14:59:36.672000+00:00,110.93929,-10.23525,14.9,R,D20,UCAC3,CCD
3173,99942,,99942,2013-01-30 15:00:04.320000+00:00,110.93904,-10.235,14.9,R,D20,UCAC3,CCD
3174,99942,,99942,2013-01-30 15:00:31.104000+00:00,110.93871,-10.23478,14.9,R,D20,UCAC3,CCD
3175,99942,,99942,2013-01-30 15:59:36.960000+00:00,110.89808,-10.20214,14.9,R,D20,UCAC3,CCD
3176,99942,,99942,2013-01-30 16:00:02.880000+00:00,110.89779,-10.20194,14.9,R,D20,UCAC3,CCD
3177,99942,,99942,2013-01-30 16:00:29.664000+00:00,110.8975,-10.20167,14.9,R,D20,UCAC3,CCD
3178,99942,,99942,2013-01-30 16:59:38.112000+00:00,110.85725,-10.16883,15.0,R,D20,UCAC3,CCD
3179,99942,,99942,2013-01-30 17:00:04.896000+00:00,110.85696,-10.16856,14.9,R,D20,UCAC3,CCD
3180,99942,,99942,2013-01-30 17:00:31.680000+00:00,110.85667,-10.16831,15.0,R,D20,UCAC3,CCD
3181,99942,,99942,2013-01-30 20:36:46.368000+00:00,110.73521,-10.07503,14.9,R,B17,UCAC4,CCD
3182,99942,,99942,2013-01-30 20:40:05.952000+00:00,110.733,-10.07311,14.8,R,B17,UCAC4,CCD
3183,99942,,99942,2013-01-30 20:43:26.400000+00:00,110.73075,-10.07133,14.6,R,B17,UCAC4,CCD
3184,99942,,99942,2013-01-30 20:46:45.984000+00:00,110.7285,-10.06947,15.3,R,B17,UCAC4,CCD
3185,99942,,99942,2013-01-30 20:50:06.432000+00:00,110.72633,-10.06767,15.0,R,B17,UCAC4,CCD
3186,99942,,99942,2013-01-30 21:27:46.656000+00:00,110.70129,-10.04689,15.0,R,B17,UCAC4,CCD
3187,99942,,99942,2013-01-30 21:31:07.104000+00:00,110.69912,-10.04506,15.0,R,B17,UCAC4,CCD
3188,99942,,99942,2013-01-30 21:34:26.688000+00:00,110.69683,-10.04317,14.9,R,B17,UCAC4,CCD
3189,99942,,99942,2013-01-30 21:37:48+00:00,110.6945,-10.04133,15.1,R,B17,UCAC4,CCD
3190,99942,,99942,2013-01-30 21:41:07.584000+00:00,110.69242,-10.0395,14.9,R,B17,UCAC4,CCD
3191,99942,,99942,2013-01-30 22:16:13.152000+00:00,110.66925,-10.02008,14.7,R,B17,UCAC4,CCD
3192,99942,,99942,2013-01-30 22:22:53.184000+00:00,110.66475,-10.01642,14.6,R,B17,UCAC4,CCD
3193,99942,,99942,2013-01-30 22:29:33.216000+00:00,110.6605,-10.01256,14.8,R,B17,UCAC4,CCD
3194,99942,,99942,2013-01-30 22:59:34.656000+00:00,110.64079,-9.99594,15.4,R,B17,UCAC4,CCD
3195,99942,,99942,2013-01-30 23:06:14.688000+00:00,110.63658,-9.99228,15.0,R,B17,UCAC4,CCD
3196,99942,,99942,2013-01-30 23:09:35.136000+00:00,110.63433,-9.9905,14.9,R,B17,UCAC4,CCD
3197,99942,,99942,2013-01-30 23:12:54.720000+00:00,110.63225,-9.98858,14.9,R,B17,UCAC4,CCD
3198,99942,,99942,2013-01-31 07:13:14.304000+00:00,110.34758,-9.72297,15.8,R,H45,UCAC4,CCD
3199,99942,,99942,2013-01-31 07:15:33.408000+00:00,110.34612,-9.72164,15.7,R,H45,UCAC4,CCD
3200,99942,,99942,2013-01-31 07:16:36.480000+00:00,110.3455,-9.72108,15.5,R,H45,UCAC4,CCD
3201,99942,,99942,2013-01-31 07:18:10.656000+00:00,110.3445,-9.72019,15.6,R,H45,UCAC4,CCD
3202,99942,,99942,2013-01-31 07:20:02.112000+00:00,110.34325,-9.71917,15.6,R,H45,UCAC4,CCD
3203,99942,,99942,2013-01-31 07:21:44.928000+00:00,110.34212,-9.71822,15.7,R,H45,UCAC4,CCD
3204,99942,,99942,2013-01-31 07:23:10.464000+00:00,110.34142,-9.71728,15.7,R,H45,UCAC4,CCD
3205,99942,,99942,2013-01-31 07:27:20.160000+00:00,110.33854,-9.71511,15.7,R,H45,UCAC4,CCD
3206,99942,,99942,2013-01-31 17:59:24.576000+00:00,109.96983,-9.34703,15.0,R,D20,UCAC3,CCD
3207,99942,,99942,2013-01-31 17:59:52.224000+00:00,109.96962,-9.34678,15.0,R,D20,UCAC3,CCD
3208,99942,,99942,2013-01-31 18:00:19.008000+00:00,109.96929,-9.34656,15.0,R,D20,UCAC3,CCD
3209,99942,,99942,2013-02-01 07:09:59.904000+00:00,109.52617,-8.93967,15.9,R,H45,UCAC4,CCD
3210,99942,,99942,2013-02-01 07:11:34.080000+00:00,109.52525,-8.93875,15.9,R,H45,UCAC4,CCD
3211,99942,,99942,2013-02-01 07:13:08.256000+00:00,109.52421,-8.93806,15.8,R,H45,UCAC4,CCD
3212,99942,,99942,2013-02-01 07:14:07.872000+00:00,109.52362,-8.93736,15.9,R,H45,UCAC4,CCD
3213,99942,,99942,2013-02-01 07:15:16.992000+00:00,109.52296,-8.93672,16.0,R,H45,UCAC4,CCD
3214,99942,,99942,2013-02-01 07:16:14.880000+00:00,109.52237,-8.93617,16.0,R,H45,UCAC4,CCD
3215,99942,,99942,2013-02-01 07:17:36.960000+00:00,109.52158,-8.93536,16.0,R,H45,UCAC4,CCD
3216,99942,,99942,2013-02-01 07:18:55.584000+00:00,109.52071,-8.93472,15.9,R,H45,UCAC4,CCD
3217,99942,,99942,2013-02-01 12:58:43.392000+00:00,109.35179,-8.72867,15.1,R,D20,UCAC3,CCD
3218,99942,,99942,2013-02-01 12:59:09.312000+00:00,109.35154,-8.72842,15.1,R,D20,UCAC3,CCD
3219,99942,,99942,2013-02-01 12:59:32.640000+00:00,109.35129,-8.72822,15.1,R,D20,UCAC3,CCD
3220,99942,,99942,2013-02-01 14:59:39.264000+00:00,109.27638,-8.66356,15.0,R,D20,UCAC3,CCD
3221,99942,,99942,2013-02-01 15:00:06.048000+00:00,109.27608,-8.66333,15.1,R,D20,UCAC3,CCD
3222,99942,,99942,2013-02-01 15:00:32.832000+00:00,109.27583,-8.66306,15.1,R,D20,UCAC3,CCD
3223,99942,,99942,2013-02-01 15:59:35.232000+00:00,109.23904,-8.631,15.3,R,D20,UCAC3,CCD
3224,99942,,99942,2013-02-01 16:00:01.152000+00:00,109.23875,-8.63081,15.3,R,D20,UCAC3,CCD
3225,99942,,99942,2013-02-01 16:00:22.752000+00:00,109.23854,-8.63061,15.3,R,D20,UCAC3,CCD
3226,99942,,99942,2013-02-01 16:59:47.616000+00:00,109.202,-8.59817,15.2,R,D20,UCAC3,CCD
3227,99942,,99942,2013-02-01 17:00:14.400000+00:00,109.20171,-8.59794,15.3,R,D20,UCAC3,CCD
3228,99942,,99942,2013-02-01 17:00:42.048000+00:00,109.20146,-8.59772,15.4,R,D20,UCAC3,CCD
3229,99942,,99942,2013-02-01 17:59:22.848000+00:00,109.16608,-8.56553,15.4,R,D20,UCAC3,CCD
3230,99942,,99942,2013-02-01 17:59:48.768000+00:00,109.16579,-8.56533,15.4,R,D20,UCAC3,CCD
3231,99942,,99942,2013-02-01 18:00:16.416000+00:00,109.16558,-8.56511,15.4,R,D20,UCAC3,CCD
3232,99942,,99942,2013-02-01 21:03:48.096000+00:00,109.08554,-8.48956,15.5,R,I57,CMC14,CCD
3233,99942,,99942,2013-02-01 22:15:35.136000+00:00,109.03229,-8.45219,16.1,R,C40,UCAC3,CCD
3234,99942,,99942,2013-02-01 22:50:33.792000+00:00,109.01175,-8.43311,15.6,R,C40,UCAC3,CCD
3235,99942,,99942,2013-02-01 22:52:55.488000+00:00,109.01921,-8.43089,15.4,R,I57,CMC14,CCD
3236,99942,,99942,2013-02-01 23:02:24+00:00,109.00492,-8.42664,15.9,R,C40,UCAC3,CCD
3237,99942,,99942,2013-02-01 23:12:32.256000+00:00,108.99896,-8.42106,15.5,R,C40,UCAC3,CCD
3238,99942,,99942,2013-02-01 23:19:19.200000+00:00,108.99504,-8.41742,15.5,R,C40,UCAC3,CCD
3239,99942,,99942,2013-02-01 23:21:00.288000+00:00,108.99417,-8.41653,15.5,R,C40,UCAC3,CCD
3240,99942,,99942,2013-02-01 23:30:14.112000+00:00,108.98896,-8.41139,15.5,R,C40,UCAC3,CCD
3241,99942,,99942,2013-02-02 00:15:48.672000+00:00,108.96921,-8.38603,14.9,R,I57,CMC14,CCD
3242,99942,,99942,2013-02-02 12:58:38.208000+00:00,108.58179,-7.95372,15.5,R,D20,UCAC3,CCD
3243,99942,,99942,2013-02-02 12:59:04.992000+00:00,108.5815,-7.9535,15.5,R,D20,UCAC3,CCD
3244,99942,,99942,2013-02-02 12:59:30.912000+00:00,108.58125,-7.95325,15.5,R,D20,UCAC3,CCD
3245,99942,,99942,2013-02-02 13:59:36.384000+00:00,108.54571,-7.92133,15.4,R,D20,UCAC3,CCD
3246,99942,,99942,2013-02-02 14:00:03.168000+00:00,108.54542,-7.92106,15.4,R,D20,UCAC3,CCD
3247,99942,,99942,2013-02-02 14:00:29.088000+00:00,108.54517,-7.92086,15.4,R,D20,UCAC3,CCD
3248,99942,,99942,2013-02-02 14:59:47.040000+00:00,108.50996,-7.88917,15.4,R,D20,UCAC3,CCD
3249,99942,,99942,2013-02-02 15:00:13.824000+00:00,108.50971,-7.88892,15.3,R,D20,UCAC3,CCD
3250,99942,,99942,2013-02-02 15:00:42.336000+00:00,108.50938,-7.88869,15.3,R,D20,UCAC3,CCD
3251,99942,,99942,2013-02-02 16:59:45.024000+00:00,108.43954,-7.82467,15.3,R,D20,UCAC3,CCD
3252,99942,,99942,2013-02-02 17:00:10.944000+00:00,108.43929,-7.82442,15.3,R,D20,UCAC3,CCD
3253,99942,,99942,2013-02-02 17:00:37.728000+00:00,108.43904,-7.82417,15.3,R,D20,UCAC3,CCD
3254,99942,,99942,2013-02-02 18:36:07.776000+00:00,108.40442,-7.79758,15.7,R,C40,UCAC3,CCD
3255,99942,,99942,2013-02-02 18:38:49.344000+00:00,108.40292,-7.79619,15.7,R,C40,UCAC3,CCD
3256,99942,,99942,2013-02-02 18:40:20.928000+00:00,108.40204,-7.79536,15.8,R,C40,UCAC3,CCD
3257,99942,,99942,2013-02-02 18:41:51.648000+00:00,108.40117,-7.79456,15.8,R,C40,UCAC3,CCD
3258,99942,,99942,2013-02-02 18:44:34.944000+00:00,108.39958,-7.79308,15.9,R,C40,UCAC3,CCD
3259,99942,,99942,2013-02-02 18:46:06.528000+00:00,108.39871,-7.79233,15.8,R,C40,UCAC3,CCD
3260,99942,,99942,2013-02-02 18:47:38.112000+00:00,108.39779,-7.79147,15.8,R,C40,UCAC3,CCD
3261,99942,,99942,2013-02-02 18:49:48.576000+00:00,108.39658,-7.79033,15.8,R,C40,UCAC3,CCD
3262,99942,,99942,2013-02-02 18:51:19.296000+00:00,108.39571,-7.78953,15.8,R,C40,UCAC3,CCD
3263,99942,,99942,2013-02-02 18:52:50.880000+00:00,108.39483,-7.78869,15.7,R,C40,UCAC3,CCD
3264,99942,,99942,2013-02-02 18:54:22.464000+00:00,108.394,-7.78789,15.7,R,C40,UCAC3,CCD
3265,99942,,99942,2013-02-02 18:55:54.048000+00:00,108.39308,-7.78708,15.7,R,C40,UCAC3,CCD
3266,99942,,99942,2013-02-02 18:57:25.632000+00:00,108.39225,-7.78628,15.7,R,C40,UCAC3,CCD
3267,99942,,99942,2013-02-02 18:58:57.216000+00:00,108.39133,-7.7855,15.7,R,C40,UCAC3,CCD
3268,99942,,99942,2013-02-02 19:00:27.936000+00:00,108.39042,-7.78467,15.9,R,C40,UCAC3,CCD
3269,99942,,99942,2013-02-02 19:01:59.520000+00:00,108.38962,-7.78383,15.8,R,C40,UCAC3,CCD
3270,99942,,99942,2013-02-02 19:03:31.104000+00:00,108.38875,-7.78303,15.9,R,C40,UCAC3,CCD
3271,99942,,99942,2013-02-02 19:05:02.688000+00:00,108.38783,-7.78219,15.6,R,C40,UCAC3,CCD
3272,99942,,99942,2013-02-02 19:06:34.272000+00:00,108.38692,-7.78139,15.6,R,C40,UCAC3,CCD
3273,99942,,99942,2013-02-02 19:08:05.856000+00:00,108.38613,-7.78069,15.6,R,C40,UCAC3,CCD
3274,99942,,99942,2013-02-02 19:15:42.912000+00:00,108.38171,-7.77656,15.7,R,C40,UCAC3,CCD
3275,99942,,99942,2013-02-02 19:17:13.632000+00:00,108.38088,-7.77581,15.7,R,C40,UCAC3,CCD
3276,99942,,99942,2013-02-02 19:18:45.216000+00:00,108.38,-7.77494,15.8,R,C40,UCAC3,CCD
3277,99942,,99942,2013-02-02 21:47:48.480000+00:00,108.29479,-7.69514,16.0,R,C40,UCAC3,CCD
3278,99942,,99942,2013-02-02 21:49:20.064000+00:00,108.29396,-7.69442,15.4,R,C40,UCAC3,CCD
3279,99942,,99942,2013-02-02 21:50:51.648000+00:00,108.29321,-7.69358,15.5,R,C40,UCAC3,CCD
3280,99942,,99942,2013-02-02 21:52:22.368000+00:00,108.29221,-7.69275,15.5,R,C40,UCAC3,CCD
3281,99942,,99942,2013-02-02 21:53:42.720000+00:00,108.301,-7.69353,15.9,V,J84,UCAC4,CCD
3282,99942,,99942,2013-02-02 21:55:25.536000+00:00,108.29054,-7.69114,15.7,R,C40,UCAC3,CCD
3283,99942,,99942,2013-02-02 22:02:32.352000+00:00,108.29608,-7.68889,15.9,V,J84,UCAC4,CCD
3284,99942,,99942,2013-02-02 22:11:21.120000+00:00,108.29108,-7.68422,15.9,V,J84,UCAC4,CCD
3285,99942,,99942,2013-02-02 22:15:15.264000+00:00,108.27958,-7.68042,15.5,R,C40,UCAC3,CCD
3286,99942,,99942,2013-02-02 22:20:10.752000+00:00,108.28617,-7.67944,16.0,V,J84,UCAC4,CCD
3287,99942,,99942,2013-02-03 03:29:01.824000+00:00,108.13442,-7.51156,15.9,R,H45,UCAC4,CCD
3288,99942,,99942,2013-02-03 03:33:36.576000+00:00,108.13208,-7.50942,15.7,R,H45,UCAC4,CCD
3289,99942,,99942,2013-02-03 03:34:50.880000+00:00,108.13104,-7.50847,16.0,R,H45,UCAC4,CCD
3290,99942,,99942,2013-02-03 03:36:12.096000+00:00,108.13029,-7.50772,16.0,R,H45,UCAC4,CCD
3291,99942,,99942,2013-02-03 03:37:31.584000+00:00,108.12954,-7.50703,16.1,R,H45,UCAC4,CCD
3292,99942,,99942,2013-02-03 03:38:39.840000+00:00,108.12892,-7.50644,16.0,R,H45,UCAC4,CCD
3293,99942,,99942,2013-02-03 03:39:57.600000+00:00,108.12821,-7.50572,16.0,R,H45,UCAC4,CCD
3294,99942,,99942,2013-02-03 03:40:40.800000+00:00,108.12783,-7.50547,16.0,R,H45,UCAC4,CCD
3295,99942,,99942,2013-02-03 12:58:39.936000+00:00,107.85458,-7.18806,15.4,R,D20,UCAC3,CCD
3296,99942,,99942,2013-02-03 12:59:05.856000+00:00,107.85438,-7.18783,15.4,R,D20,UCAC3,CCD
3297,99942,,99942,2013-02-03 12:59:32.640000+00:00,107.85413,-7.18761,15.4,R,D20,UCAC3,CCD
3298,99942,,99942,2013-02-03 14:00:00.576000+00:00,107.82021,-7.15583,15.6,R,D20,UCAC3,CCD
3299,99942,,99942,2013-02-03 14:00:28.224000+00:00,107.81996,-7.15558,15.5,R,D20,UCAC3,CCD
3300,99942,,99942,2013-02-03 14:00:54.144000+00:00,107.81967,-7.15536,15.5,R,D20,UCAC3,CCD
3301,99942,,T13008,2013-02-03 19:00:21.024000+00:00,107.68283,-7.02,15.7,R,C27,UCAC4,CCD
3302,99942,,T13008,2013-02-03 19:03:57.888000+00:00,107.68071,-7.01819,15.6,R,C27,UCAC4,CCD
3303,99942,,T13008,2013-02-03 19:57:24.192000+00:00,107.65254,-6.99014,15.8,R,C27,UCAC4,CCD
3304,99942,,T13008,2013-02-03 19:59:41.568000+00:00,107.65117,-6.98908,15.5,R,C27,UCAC4,CCD
3305,99942,,99942,2013-02-03 21:05:25.728000+00:00,107.61542,-6.95453,15.8,R,B49,UCAC3,CCD
3306,99942,,99942,2013-02-03 21:07:52.608000+00:00,107.6125,-6.95408,16.3,R,B88,UCAC4,CCD
3307,99942,,99942,2013-02-03 21:08:02.112000+00:00,107.61417,-6.95328,15.6,R,B49,UCAC3,CCD
3308,99942,,99942,2013-02-03 21:09:58.752000+00:00,107.61321,-6.95239,15.8,R,B49,UCAC3,CCD
3309,99942,,99942,2013-02-03 21:54:03.456000+00:00,107.59038,-6.92833,16.0,V,I89,UCAC4,CCD
3310,99942,,99942,2013-02-03 21:56:35.520000+00:00,107.58904,-6.927,15.5,V,I89,UCAC4,CCD
3311,99942,,99942,2013-02-03 21:56:58.848000+00:00,107.58579,-6.92819,15.5,R,B88,UCAC4,CCD
3312,99942,,99942,2013-02-03 21:59:09.312000+00:00,107.58754,-6.92567,16.0,V,I89,UCAC4,CCD
3313,99942,,99942,2013-02-03 22:05:31.200000+00:00,107.584,-6.92228,16.1,V,I89,UCAC4,CCD
3314,99942,,99942,2013-02-03 22:08:03.264000+00:00,107.58271,-6.921,15.1,V,I89,UCAC4,CCD
3315,99942,,99942,2013-02-03 22:09:29.664000+00:00,107.58196,-6.92022,15.9,V,I89,UCAC4,CCD
3316,99942,,99942,2013-02-03 22:12:00+00:00,107.577,-6.92033,16.2,V,C91,GSC1.1,CCD
3317,99942,,99942,2013-02-03 22:12:35.424000+00:00,107.58021,-6.91858,15.1,V,I89,UCAC4,CCD
3318,99942,,99942,2013-02-03 22:15:41.184000+00:00,107.57854,-6.91703,15.9,V,I89,UCAC4,CCD
3319,99942,,99942,2013-02-03 22:17:40.416000+00:00,107.57467,-6.91731,15.4,R,B88,UCAC4,CCD
3320,99942,,99942,2013-02-03 22:20:15.936000+00:00,107.57604,-6.91458,15.3,V,I89,UCAC4,CCD
3321,99942,,99942,2013-02-03 22:23:00.096000+00:00,107.57108,-6.91428,16.2,V,C91,GSC1.1,CCD
3322,99942,,99942,2013-02-03 22:23:19.968000+00:00,107.57433,-6.91292,15.4,V,I89,UCAC4,CCD
3323,99942,,99942,2013-02-03 22:26:24+00:00,107.57263,-6.91133,15.3,V,I89,UCAC4,CCD
3324,99942,,99942,2013-02-03 22:30:59.616000+00:00,107.56658,-6.91028,16.2,V,C91,GSC1.1,CCD
3325,99942,,99942,2013-02-04 12:58:38.208000+00:00,107.16979,-6.43283,15.5,R,D20,UCAC3,CCD
3326,99942,,99942,2013-02-04 12:59:04.992000+00:00,107.16954,-6.43258,15.5,R,D20,UCAC3,CCD
3327,99942,,99942,2013-02-04 12:59:31.776000+00:00,107.16929,-6.43233,15.6,R,D20,UCAC3,CCD
3328,99942,,99942,2013-02-04 13:59:34.656000+00:00,107.13738,-6.40125,15.4,R,D20,UCAC3,CCD
3329,99942,,99942,2013-02-04 14:00:00.576000+00:00,107.13712,-6.40103,15.4,R,D20,UCAC3,CCD
3330,99942,,99942,2013-02-04 14:00:29.088000+00:00,107.13692,-6.40078,15.4,R,D20,UCAC3,CCD
3331,99942,,99942,2013-02-04 14:59:34.944000+00:00,107.10546,-6.37003,15.4,R,D20,UCAC3,CCD
3332,99942,,99942,2013-02-04 15:00:01.728000+00:00,107.10517,-6.36978,15.4,R,D20,UCAC3,CCD
3333,99942,,99942,2013-02-04 15:00:29.376000+00:00,107.105,-6.3695,15.5,R,D20,UCAC3,CCD
3334,99942,,99942,2013-02-04 15:33:20.074000+00:00,107.092075,-6.371403,,,O44,UCAC4,CCD
3335,99942,,99942,2013-02-04 15:35:16.109000+00:00,107.091037,-6.3704,,,O44,UCAC4,CCD
3336,99942,,99942,2013-02-04 15:39:36.086000+00:00,107.088729,-6.368153,,,O44,UCAC4,CCD
3337,99942,,99942,2013-02-04 15:40:10.387000+00:00,107.088417,-6.367844,,,O44,UCAC4,CCD
3338,99942,,99942,2013-02-04 15:40:44.774000+00:00,107.088117,-6.367547,,,O44,UCAC4,CCD
3339,99942,,99942,2013-02-04 15:41:19.075000+00:00,107.087804,-6.367256,,,O44,UCAC4,CCD
3340,99942,,99942,2013-02-04 15:41:53.376000+00:00,107.0875,-6.36695,,,O44,UCAC4,CCD
3341,99942,,99942,2013-02-04 15:43:13.642000+00:00,107.086788,-6.366261,,,O44,UCAC4,CCD
3342,99942,,99942,2013-02-04 15:44:22.416000+00:00,107.086179,-6.365658,,,O44,UCAC4,CCD
3343,99942,,99942,2013-02-04 15:44:57.754000+00:00,107.085867,-6.365353,,,O44,UCAC4,CCD
3344,99942,,99942,2013-02-04 15:46:54.480000+00:00,107.084817,-6.364342,,,O44,UCAC4,CCD
3345,99942,,99942,2013-02-04 15:47:29.040000+00:00,107.084504,-6.364031,,,O44,UCAC4,CCD
3346,99942,,99942,2013-02-04 15:48:03.773000+00:00,107.084204,-6.363744,,,O44,UCAC4,CCD
3347,99942,,99942,2013-02-04 15:48:38.419000+00:00,107.083892,-6.363436,,,O44,UCAC4,CCD
3348,99942,,99942,2013-02-04 15:49:13.066000+00:00,107.083583,-6.363128,,,O44,UCAC4,CCD
3349,99942,,99942,2013-02-04 15:50:17.779000+00:00,107.083013,-6.362572,,,O44,UCAC4,CCD
3350,99942,,99942,2013-02-04 15:50:52.426000+00:00,107.082704,-6.362269,,,O44,UCAC4,CCD
3351,99942,,99942,2013-02-04 15:51:27.072000+00:00,107.082404,-6.361983,,,O44,UCAC4,CCD
3352,99942,,99942,2013-02-04 15:52:01.632000+00:00,107.082096,-6.361681,,,O44,UCAC4,CCD
3353,99942,,99942,2013-02-04 15:52:36.278000+00:00,107.081783,-6.361367,,,O44,UCAC4,CCD
3354,99942,,99942,2013-02-04 15:53:16.282000+00:00,107.081433,-6.361033,,,O44,UCAC4,CCD
3355,99942,,99942,2013-02-04 15:53:51.014000+00:00,107.081121,-6.360719,,,O44,UCAC4,CCD
3356,99942,,99942,2013-02-04 15:54:25.661000+00:00,107.080808,-6.360425,,,O44,UCAC4,CCD
3357,99942,,99942,2013-02-04 15:55:00.394000+00:00,107.080504,-6.360125,,,O44,UCAC4,CCD
3358,99942,,99942,2013-02-04 15:55:35.126000+00:00,107.080192,-6.359828,,,O44,UCAC4,CCD
3359,99942,,99942,2013-02-04 15:56:16.080000+00:00,107.079829,-6.359475,,,O44,UCAC4,CCD
3360,99942,,99942,2013-02-04 15:56:50.726000+00:00,107.079508,-6.359161,,,O44,UCAC4,CCD
3361,99942,,99942,2013-02-04 15:57:25.373000+00:00,107.079212,-6.358867,,,O44,UCAC4,CCD
3362,99942,,99942,2013-02-04 15:58:00.019000+00:00,107.0789,-6.358564,,,O44,UCAC4,CCD
3363,99942,,99942,2013-02-04 16:00:03.830000+00:00,107.077796,-6.357489,,,O44,UCAC4,CCD
3364,99942,,99942,2013-02-04 16:01:14.246000+00:00,107.077171,-6.356881,,,O44,UCAC4,CCD
3365,99942,,99942,2013-02-04 16:03:16.762000+00:00,107.076075,-6.355814,,,O44,UCAC4,CCD
3366,99942,,99942,2013-02-04 16:03:56.419000+00:00,107.075729,-6.355478,,,O44,UCAC4,CCD
3367,99942,,99942,2013-02-04 16:04:35.731000+00:00,107.075379,-6.355131,,,O44,UCAC4,CCD
3368,99942,,99942,2013-02-04 16:05:15.389000+00:00,107.075021,-6.354783,,,O44,UCAC4,CCD
3369,99942,,99942,2013-02-04 16:05:55.046000+00:00,107.074671,-6.354447,,,O44,UCAC4,CCD
3370,99942,,99942,2013-02-04 16:06:40.493000+00:00,107.074275,-6.354053,,,O44,UCAC4,CCD
3371,99942,,99942,2013-02-04 16:07:20.150000+00:00,107.073917,-6.353708,,,O44,UCAC4,CCD
3372,99942,,99942,2013-02-04 16:07:59.462000+00:00,107.073563,-6.353361,,,O44,UCAC4,CCD
3373,99942,,99942,2013-02-04 16:08:39.120000+00:00,107.073212,-6.353017,,,O44,UCAC4,CCD
3374,99942,,99942,2013-02-04 16:09:18.864000+00:00,107.072858,-6.352683,,,O44,UCAC4,CCD
3375,99942,,99942,2013-02-04 16:10:03.792000+00:00,107.072458,-6.352281,,,O44,UCAC4,CCD
3376,99942,,99942,2013-02-04 16:10:43.190000+00:00,107.072117,-6.351942,,,O44,UCAC4,CCD
3377,99942,,99942,2013-02-04 16:11:23.280000+00:00,107.071754,-6.351578,,,O44,UCAC4,CCD
3378,99942,,99942,2013-02-04 16:12:03.024000+00:00,107.071413,-6.351258,,,O44,UCAC4,CCD
3379,99942,,99942,2013-02-04 16:12:42.509000+00:00,107.07105,-6.350903,,,O44,UCAC4,CCD
3380,99942,,99942,2013-02-04 16:15:22.954000+00:00,107.069629,-6.349506,,,O44,UCAC4,CCD
3381,99942,,99942,2013-02-04 16:16:02.352000+00:00,107.069283,-6.349164,,,O44,UCAC4,CCD
3382,99942,,99942,2013-02-04 16:16:49.613000+00:00,107.068863,-6.348758,,,O44,UCAC4,CCD
3383,99942,,99942,2013-02-04 16:17:29.443000+00:00,107.068513,-6.348403,,,O44,UCAC4,CCD
3384,99942,,99942,2013-02-04 16:18:09.187000+00:00,107.068154,-6.348061,,,O44,UCAC4,CCD
3385,99942,,99942,2013-02-04 16:18:48.931000+00:00,107.0678,-6.347717,,,O44,UCAC4,CCD
3386,99942,,99942,2013-02-04 16:19:28.502000+00:00,107.067446,-6.347369,,,O44,UCAC4,CCD
3387,99942,,99942,2013-02-04 16:20:10.320000+00:00,107.067083,-6.347014,,,O44,UCAC4,CCD
3388,99942,,99942,2013-02-04 16:20:50.064000+00:00,107.066725,-6.346664,,,O44,UCAC4,CCD
3389,99942,,99942,2013-02-04 16:21:29.462000+00:00,107.066379,-6.346325,,,O44,UCAC4,CCD
3390,99942,,99942,2013-02-04 16:22:09.120000+00:00,107.066025,-6.345975,,,O44,UCAC4,CCD
3391,99942,,99942,2013-02-04 16:23:31.114000+00:00,107.0653,-6.345264,,,O44,UCAC4,CCD
3392,99942,,99942,2013-02-04 16:24:10.771000+00:00,107.06495,-6.344925,,,O44,UCAC4,CCD
3393,99942,,99942,2013-02-04 16:24:50.170000+00:00,107.0646,-6.344583,,,O44,UCAC4,CCD
3394,99942,,99942,2013-02-04 16:25:29.741000+00:00,107.064254,-6.344233,,,O44,UCAC4,CCD
3395,99942,,99942,2013-02-04 16:26:09.139000+00:00,107.063904,-6.343889,,,O44,UCAC4,CCD
3396,99942,,99942,2013-02-04 16:26:50.957000+00:00,107.063529,-6.343531,,,O44,UCAC4,CCD
3397,99942,,99942,2013-02-04 16:27:30.701000+00:00,107.063171,-6.343189,,,O44,UCAC4,CCD
3398,99942,,99942,2013-02-04 16:28:10.445000+00:00,107.062825,-6.342844,,,O44,UCAC4,CCD
3399,99942,,99942,2013-02-04 16:29:29.587000+00:00,107.062121,-6.342147,,,O44,UCAC4,CCD
3400,99942,,99942,2013-02-04 16:59:33.792000+00:00,107.0425,-6.30728,15.5,R,D20,UCAC3,CCD
3401,99942,,99942,2013-02-04 17:00:00.576000+00:00,107.04229,-6.30708,15.5,R,D20,UCAC3,CCD
3402,99942,,99942,2013-02-04 17:00:27.360000+00:00,107.04208,-6.30683,15.4,R,D20,UCAC3,CCD
3403,99942,,99942,2013-02-04 17:59:20.256000+00:00,107.01229,-6.27589,15.4,R,D20,UCAC3,CCD
3404,99942,,99942,2013-02-04 17:59:47.040000+00:00,107.01204,-6.27569,15.3,R,D20,UCAC3,CCD
3405,99942,,99942,2013-02-04 18:00:12.960000+00:00,107.01183,-6.27547,15.4,R,D20,UCAC3,CCD
3406,99942,,99942,2013-02-05 12:58:33.888000+00:00,106.52671,-5.689,16.0,R,D20,UCAC3,CCD
3407,99942,,99942,2013-02-05 12:59:02.400000+00:00,106.52646,-5.68878,16.0,R,D20,UCAC3,CCD
3408,99942,,99942,2013-02-05 12:59:28.320000+00:00,106.52625,-5.68856,15.9,R,D20,UCAC3,CCD
3409,99942,,99942,2013-02-05 13:59:36.384000+00:00,106.49608,-5.65786,15.9,R,D20,UCAC3,CCD
3410,99942,,99942,2013-02-05 14:00:03.168000+00:00,106.49583,-5.65764,15.9,R,D20,UCAC3,CCD
3411,99942,,99942,2013-02-05 14:00:29.088000+00:00,106.49562,-5.65739,15.9,R,D20,UCAC3,CCD
3412,99942,,99942,2013-02-05 14:28:59.117000+00:00,106.485946,-5.661392,,,O44,UCAC4,CCD
3413,99942,,99942,2013-02-05 14:34:06.528000+00:00,106.483379,-5.658792,,,O44,UCAC4,CCD
3414,99942,,99942,2013-02-05 14:34:54.826000+00:00,106.482967,-5.658369,,,O44,UCAC4,CCD
3415,99942,,99942,2013-02-05 14:35:40.531000+00:00,106.482583,-5.657972,,,O44,UCAC4,CCD
3416,99942,,99942,2013-02-05 14:42:04.752000+00:00,106.479354,-5.654703,,,O44,UCAC4,CCD
3417,99942,,99942,2013-02-05 14:43:49.037000+00:00,106.478475,-5.653825,,,O44,UCAC4,CCD
3418,99942,,99942,2013-02-05 14:44:35.174000+00:00,106.478075,-5.653422,,,O44,UCAC4,CCD
3419,99942,,99942,2013-02-05 14:45:20.707000+00:00,106.477704,-5.653056,,,O44,UCAC4,CCD
3420,99942,,99942,2013-02-05 14:46:09.523000+00:00,106.477292,-5.652617,,,O44,UCAC4,CCD
3421,99942,,99942,2013-02-05 14:46:55.747000+00:00,106.476896,-5.652228,,,O44,UCAC4,CCD
3422,99942,,99942,2013-02-05 14:51:39.571000+00:00,106.474533,-5.649839,,,O44,UCAC4,CCD
3423,99942,,99942,2013-02-05 14:53:34.397000+00:00,106.473537,-5.648828,,,O44,UCAC4,CCD
3424,99942,,99942,2013-02-05 14:54:21.830000+00:00,106.473133,-5.648431,,,O44,UCAC4,CCD
3425,99942,,99942,2013-02-05 14:55:08.227000+00:00,106.472762,-5.648044,,,O44,UCAC4,CCD
3426,99942,,99942,2013-02-05 15:04:02.784000+00:00,106.46825,-5.643492,,,O44,UCAC4,CCD
3427,99942,,99942,2013-02-05 15:04:48.576000+00:00,106.467867,-5.643097,,,O44,UCAC4,CCD
3428,99942,,99942,2013-02-05 15:05:37.219000+00:00,106.467446,-5.642678,,,O44,UCAC4,CCD
3429,99942,,99942,2013-02-05 15:06:24.912000+00:00,106.46705,-5.642269,,,O44,UCAC4,CCD
3430,99942,,99942,2013-02-05 15:07:10.963000+00:00,106.466687,-5.641897,,,O44,UCAC4,CCD
3431,99942,,99942,2013-02-05 15:12:04.118000+00:00,106.4642,-5.639378,,,O44,UCAC4,CCD
3432,99942,,99942,2013-02-05 15:17:55.334000+00:00,106.461233,-5.636394,,,O44,UCAC4,CCD
3433,99942,,99942,2013-02-05 15:19:41.520000+00:00,106.460346,-5.635475,,,O44,UCAC4,CCD
3434,99942,,99942,2013-02-05 15:21:25.632000+00:00,106.459471,-5.634603,,,O44,UCAC4,CCD
3435,99942,,99942,2013-02-05 15:23:09.571000+00:00,106.458592,-5.633714,,,O44,UCAC4,CCD
3436,99942,,99942,2013-02-05 15:32:27.629000+00:00,106.453887,-5.628942,,,O44,UCAC4,CCD
3437,99942,,99942,2013-02-05 15:33:55.757000+00:00,106.453162,-5.628197,,,O44,UCAC4,CCD
3438,99942,,99942,2013-02-05 15:34:47.510000+00:00,106.452721,-5.627756,,,O44,UCAC4,CCD
3439,99942,,99942,2013-02-05 15:35:39.955000+00:00,106.452283,-5.627303,,,O44,UCAC4,CCD
3440,99942,,99942,2013-02-05 15:36:39.485000+00:00,106.451779,-5.626794,,,O44,UCAC4,CCD
3441,99942,,99942,2013-02-05 15:37:27.696000+00:00,106.451387,-5.626406,,,O44,UCAC4,CCD
3442,99942,,99942,2013-02-05 15:43:02.410000+00:00,106.448562,-5.623533,,,O44,UCAC4,CCD
3443,99942,,99942,2013-02-05 15:44:32.179000+00:00,106.447804,-5.622761,,,O44,UCAC4,CCD
3444,99942,,99942,2013-02-05 15:45:28.253000+00:00,106.447346,-5.622294,,,O44,UCAC4,CCD
3445,99942,,99942,2013-02-05 15:46:14.218000+00:00,106.446946,-5.621889,,,O44,UCAC4,CCD
3446,99942,,99942,2013-02-05 15:54:03.802000+00:00,106.443,-5.617881,,,O44,UCAC4,CCD
3447,99942,,99942,2013-02-05 15:56:33.533000+00:00,106.441729,-5.616597,,,O44,UCAC4,CCD
3448,99942,,99942,2013-02-05 15:57:32.371000+00:00,106.441254,-5.616111,,,O44,UCAC4,CCD
3449,99942,,99942,2013-02-05 15:58:32.678000+00:00,106.440746,-5.615586,,,O44,UCAC4,CCD
3450,99942,,99942,2013-02-05 15:59:25.987000+00:00,106.440283,-5.615117,,,O44,UCAC4,CCD
3451,99942,,99942,2013-02-05 16:05:26.275000+00:00,106.437283,-5.612053,,,O44,UCAC4,CCD
3452,99942,,99942,2013-02-05 16:07:23.174000+00:00,106.436296,-5.611044,,,O44,UCAC4,CCD
3453,99942,,99942,2013-02-05 16:11:35.894000+00:00,106.434187,-5.608894,,,O44,UCAC4,CCD
3454,99942,,99942,2013-02-05 16:12:34.560000+00:00,106.4337,-5.608403,,,O44,UCAC4,CCD
3455,99942,,99942,2013-02-05 16:13:22.166000+00:00,106.433283,-5.607972,,,O44,UCAC4,CCD
3456,99942,,99942,2013-02-05 16:14:08.131000+00:00,106.432917,-5.607597,,,O44,UCAC4,CCD
3457,99942,,99942,2013-02-05 16:20:24.317000+00:00,106.429775,-5.604383,,,O44,UCAC4,CCD
3458,99942,,99942,2013-02-05 16:21:54.950000+00:00,106.429008,-5.603592,,,O44,UCAC4,CCD
3459,99942,,99942,2013-02-05 16:22:48.086000+00:00,106.428567,-5.60315,,,O44,UCAC4,CCD
3460,99942,,99942,2013-02-05 16:23:38.112000+00:00,106.428138,-5.602717,,,O44,UCAC4,CCD
3461,99942,,99942,2013-02-05 16:24:25.805000+00:00,106.42775,-5.602314,,,O44,UCAC4,CCD
3462,99942,,99942,2013-02-05 16:30:19.526000+00:00,106.424808,-5.599294,,,O44,UCAC4,CCD
3463,99942,,99942,2013-02-05 16:32:16.080000+00:00,106.423821,-5.598283,,,O44,UCAC4,CCD
3464,99942,,99942,2013-02-05 16:39:25.056000+00:00,106.43612,-5.59886,15.5,R,B17,UCAC4,CCD
3465,99942,,99942,2013-02-05 16:41:58.589000+00:00,106.418975,-5.593306,,,O44,UCAC4,CCD
3466,99942,,99942,2013-02-05 16:43:36.221000+00:00,106.418162,-5.592464,,,O44,UCAC4,CCD
3467,99942,,99942,2013-02-05 16:44:29.616000+00:00,106.417729,-5.592011,,,O44,UCAC4,CCD
3468,99942,,99942,2013-02-05 16:46:10.790000+00:00,106.416883,-5.591147,,,O44,UCAC4,CCD
3469,99942,,99942,2013-02-05 16:47:00.211000+00:00,106.416462,-5.590714,,,O44,UCAC4,CCD
3470,99942,,99942,2013-02-05 16:47:47.040000+00:00,106.416083,-5.590325,,,O44,UCAC4,CCD
3471,99942,,99942,2013-02-05 16:59:25.152000+00:00,106.40683,-5.56553,15.9,R,D20,UCAC3,CCD
3472,99942,,99942,2013-02-05 16:59:51.072000+00:00,106.40663,-5.56533,15.8,R,D20,UCAC3,CCD
3473,99942,,99942,2013-02-05 17:00:17.856000+00:00,106.40637,-5.56508,15.8,R,D20,UCAC3,CCD
3474,99942,,99942,2013-02-05 17:01:50.304000+00:00,106.42558,-5.5875,15.3,R,B17,UCAC4,CCD
3475,99942,,99942,2013-02-05 17:30:21.024000+00:00,106.41204,-5.573,15.3,R,B17,UCAC4,CCD
3476,99942,,99942,2013-02-05 17:42:29.376000+00:00,106.40504,-5.56689,16.0,R,C40,UCAC3,CCD
3477,99942,,99942,2013-02-05 17:44:00.960000+00:00,106.40433,-5.56611,16.0,R,C40,UCAC3,CCD
3478,99942,,99942,2013-02-05 17:45:32.544000+00:00,106.40358,-5.56533,15.9,R,C40,UCAC3,CCD
3479,99942,,99942,2013-02-05 17:47:03.264000+00:00,106.40283,-5.56456,16.0,R,C40,UCAC3,CCD
3480,99942,,99942,2013-02-05 17:47:56.832000+00:00,106.40367,-5.56444,15.52,R,089,UCAC4,CCD
3481,99942,,99942,2013-02-05 17:50:01.248000+00:00,106.40263,-5.56339,15.68,R,089,UCAC4,CCD
3482,99942,,99942,2013-02-05 17:56:12.768000+00:00,106.39971,-5.56022,15.61,R,089,UCAC4,CCD
3483,99942,,99942,2013-02-05 17:58:17.184000+00:00,106.39871,-5.55922,15.04,R,089,UCAC4,CCD
3484,99942,,99942,2013-02-05 17:59:19.392000+00:00,106.37833,-5.53461,15.6,R,D20,UCAC3,CCD
3485,99942,,99942,2013-02-05 17:59:46.176000+00:00,106.37808,-5.53442,15.6,R,D20,UCAC3,CCD
3486,99942,,99942,2013-02-05 18:00:12.960000+00:00,106.37792,-5.53419,15.6,R,D20,UCAC3,CCD
3487,99942,,99942,2013-02-05 18:02:18.240000+00:00,106.39546,-5.55675,16.2,R,C40,UCAC3,CCD
3488,99942,,99942,2013-02-05 18:02:25.152000+00:00,106.39675,-5.55714,15.39,R,089,UCAC4,CCD
3489,99942,,99942,2013-02-05 18:03:48.960000+00:00,106.39475,-5.55606,16.0,R,C40,UCAC3,CCD
3490,99942,,99942,2013-02-05 18:04:28.704000+00:00,106.39579,-5.556,15.88,R,089,UCAC4,CCD
3491,99942,,99942,2013-02-05 18:05:20.544000+00:00,106.39404,-5.55525,16.0,R,C40,UCAC3,CCD
3492,99942,,99942,2013-02-05 18:06:33.120000+00:00,106.39479,-5.555,15.65,R,089,UCAC4,CCD
3493,99942,,99942,2013-02-05 18:06:52.128000+00:00,106.39329,-5.55442,16.0,R,C40,UCAC3,CCD
3494,99942,,99942,2013-02-05 18:08:22.848000+00:00,106.39262,-5.55372,15.9,R,C40,UCAC3,CCD
3495,99942,,99942,2013-02-05 18:08:36.672000+00:00,106.39383,-5.55397,15.53,R,089,UCAC4,CCD
3496,99942,,99942,2013-02-05 18:09:54.432000+00:00,106.39179,-5.55286,16.0,R,C40,UCAC3,CCD
3497,99942,,99942,2013-02-05 18:10:41.088000+00:00,106.39279,-5.55289,15.63,R,089,UCAC4,CCD
3498,99942,,99942,2013-02-05 18:11:26.016000+00:00,106.39108,-5.55219,16.0,R,C40,UCAC3,CCD
3499,99942,,99942,2013-02-05 18:12:44.640000+00:00,106.39187,-5.55192,15.92,R,089,UCAC4,CCD
3500,99942,,99942,2013-02-05 18:14:49.056000+00:00,106.39083,-5.55081,15.67,R,089,UCAC4,CCD
3501,99942,,99942,2013-02-05 18:15:04.608000+00:00,106.39062,-5.55025,15.5,R,B17,UCAC4,CCD
3502,99942,,99942,2013-02-05 18:25:05.952000+00:00,106.38442,-5.54517,16.0,R,C40,UCAC3,CCD
3503,99942,,99942,2013-02-05 18:25:08.544000+00:00,106.38592,-5.54564,15.46,R,089,UCAC4,CCD
3504,99942,,99942,2013-02-05 18:26:37.536000+00:00,106.38375,-5.54436,16.0,R,C40,UCAC3,CCD
3505,99942,,99942,2013-02-05 18:27:12.960000+00:00,106.38487,-5.5445,15.43,R,089,UCAC4,CCD
3506,99942,,99942,2013-02-05 18:35:46.176000+00:00,106.37933,-5.53978,15.4,R,C40,UCAC3,CCD
3507,99942,,99942,2013-02-05 18:37:16.896000+00:00,106.37862,-5.539,16.2,R,C40,UCAC3,CCD
3508,99942,,99942,2013-02-05 18:38:48.480000+00:00,106.37787,-5.53822,16.0,R,C40,UCAC3,CCD
3509,99942,,99942,2013-02-05 18:39:08.352000+00:00,106.37904,-5.53806,15.4,R,B17,UCAC4,CCD
3510,99942,,99942,2013-02-05 18:39:36.864000+00:00,106.37892,-5.53819,15.5,R,089,UCAC4,CCD
3511,99942,,99942,2013-02-05 18:40:20.064000+00:00,106.37721,-5.53744,16.3,R,C40,UCAC3,CCD
3512,99942,,99942,2013-02-05 18:41:41.280000+00:00,106.37792,-5.53711,15.44,R,089,UCAC4,CCD
3513,99942,,99942,2013-02-05 18:41:51.648000+00:00,106.37633,-5.53658,16.0,R,C40,UCAC3,CCD
3514,99942,,99942,2013-02-05 18:43:23.232000+00:00,106.37562,-5.53592,16.2,R,C40,UCAC3,CCD
3515,99942,,99942,2013-02-05 18:43:44.832000+00:00,106.377,-5.53611,15.43,R,089,UCAC4,CCD
3516,99942,,99942,2013-02-05 18:44:54.816000+00:00,106.37483,-5.53511,16.1,R,C40,UCAC3,CCD
3517,99942,,99942,2013-02-05 18:45:49.248000+00:00,106.376,-5.53506,15.48,R,089,UCAC4,CCD
3518,99942,,99942,2013-02-05 18:46:25.536000+00:00,106.37417,-5.53436,16.2,R,C40,UCAC3,CCD
3519,99942,,99942,2013-02-05 18:48:27.360000+00:00,106.37321,-5.53331,16.4,R,C40,UCAC3,CCD
3520,99942,,99942,2013-02-05 18:49:58.944000+00:00,106.37237,-5.53253,16.4,R,C40,UCAC3,CCD
3521,99942,,99942,2013-02-05 18:51:30.528000+00:00,106.37167,-5.53169,16.0,R,C40,UCAC3,CCD
3522,99942,,99942,2013-02-05 18:52:00.768000+00:00,106.373,-5.53186,15.33,R,089,UCAC4,CCD
3523,99942,,99942,2013-02-05 18:53:02.112000+00:00,106.371,-5.53094,15.8,R,C40,UCAC3,CCD
3524,99942,,99942,2013-02-05 18:54:05.184000+00:00,106.37192,-5.53081,14.97,R,089,UCAC4,CCD
3525,99942,,99942,2013-02-05 18:54:33.696000+00:00,106.37021,-5.53022,15.9,R,C40,UCAC3,CCD
3526,99942,,99942,2013-02-05 18:56:05.280000+00:00,106.3695,-5.52944,16.0,R,C40,UCAC3,CCD
3527,99942,,99942,2013-02-05 18:57:36+00:00,106.36879,-5.52864,15.8,R,C40,UCAC3,CCD
3528,99942,,99942,2013-02-05 18:58:13.152000+00:00,106.36992,-5.52872,15.41,R,089,UCAC4,CCD
3529,99942,,99942,2013-02-05 18:59:07.584000+00:00,106.36808,-5.528,15.9,R,C40,UCAC3,CCD
3530,99942,,99942,2013-02-05 19:00:16.704000+00:00,106.36904,-5.52772,15.48,R,089,UCAC4,CCD
3531,99942,,99942,2013-02-05 19:02:10.752000+00:00,106.3665,-5.52633,15.8,R,C40,UCAC3,CCD
3532,99942,,99942,2013-02-05 19:02:21.120000+00:00,106.368,-5.52669,15.5,R,089,UCAC4,CCD
3533,99942,,99942,2013-02-05 19:03:42.336000+00:00,106.36575,-5.52558,15.8,R,C40,UCAC3,CCD
3534,99942,,99942,2013-02-05 19:04:24.672000+00:00,106.36704,-5.52564,15.6,R,089,UCAC4,CCD
3535,99942,,99942,2013-02-05 19:05:13.920000+00:00,106.36496,-5.52481,15.7,R,C40,UCAC3,CCD
3536,99942,,99942,2013-02-05 19:06:29.088000+00:00,106.366,-5.52447,15.54,R,089,UCAC4,CCD
3537,99942,,99942,2013-02-05 19:06:44.640000+00:00,106.36425,-5.52411,15.8,R,C40,UCAC3,CCD
3538,99942,,99942,2013-02-05 19:08:16.224000+00:00,106.36358,-5.52331,15.7,R,C40,UCAC3,CCD
3539,99942,,99942,2013-02-05 19:09:47.808000+00:00,106.36288,-5.52247,15.8,R,C40,UCAC3,CCD
3540,99942,,99942,2013-02-05 19:11:19.392000+00:00,106.36208,-5.52167,15.8,R,C40,UCAC3,CCD
3541,99942,,99942,2013-02-05 19:12:50.112000+00:00,106.36142,-5.52092,15.9,R,C40,UCAC3,CCD
3542,99942,,99942,2013-02-05 19:14:21.696000+00:00,106.36071,-5.52014,15.9,R,C40,UCAC3,CCD
3543,99942,,99942,2013-02-05 19:15:53.280000+00:00,106.35987,-5.51933,15.8,R,C40,UCAC3,CCD
3544,99942,,99942,2013-02-05 19:17:24.864000+00:00,106.35925,-5.51867,15.7,R,C40,UCAC3,CCD
3545,99942,,99942,2013-02-05 19:18:21.024000+00:00,106.36029,-5.51844,15.19,R,089,UCAC4,CCD
3546,99942,,99942,2013-02-05 19:20:24.576000+00:00,106.35929,-5.5175,15.36,R,089,UCAC4,CCD
3547,99942,,99942,2013-02-05 19:25:08.832000+00:00,106.35704,-5.51492,15.54,R,089,UCAC4,CCD
3548,99942,,99942,2013-02-05 19:27:13.248000+00:00,106.35604,-5.51397,15.27,R,089,UCAC4,CCD
3549,99942,,99942,2013-02-05 19:29:16.800000+00:00,106.35504,-5.51289,15.54,R,089,UCAC4,CCD
3550,99942,,99942,2013-02-05 20:00:29.088000+00:00,106.33975,-5.49661,15.4,R,B17,UCAC4,CCD
3551,99942,,99942,2013-02-05 20:27:47.232000+00:00,106.32667,-5.48275,15.1,R,B17,UCAC4,CCD
3552,99942,,99942,2013-02-06 05:09:20.448000+00:00,106.10688,-5.21514,16.1,R,H45,UCAC4,CCD
3553,99942,,99942,2013-02-06 05:10:34.752000+00:00,106.10625,-5.2145,16.2,R,H45,UCAC4,CCD
3554,99942,,99942,2013-02-06 05:12:29.664000+00:00,106.10533,-5.21356,16.1,R,H45,UCAC4,CCD
3555,99942,,99942,2013-02-06 05:13:47.424000+00:00,106.10471,-5.21286,16.1,R,H45,UCAC4,CCD
3556,99942,,99942,2013-02-06 05:15:16.416000+00:00,106.104,-5.21211,16.2,R,H45,UCAC4,CCD
3557,99942,,99942,2013-02-06 05:16:21.216000+00:00,106.1035,-5.21161,16.1,R,H45,UCAC4,CCD
3558,99942,,99942,2013-02-06 05:17:56.256000+00:00,106.10271,-5.21078,16.2,R,H45,UCAC4,CCD
3559,99942,,99942,2013-02-06 05:30:30.528000+00:00,106.09671,-5.20439,16.3,R,H45,UCAC4,CCD
3560,99942,,99942,2013-02-06 14:53:53.923000+00:00,105.874625,-4.917764,,,O44,UCAC4,CCD
3561,99942,,99942,2013-02-06 14:54:57.946000+00:00,105.874121,-4.917228,,,O44,UCAC4,CCD
3562,99942,,99942,2013-02-06 14:57:18.173000+00:00,105.872987,-4.916056,,,O44,UCAC4,CCD
3563,99942,,99942,2013-02-06 14:58:18.912000+00:00,105.872529,-4.915542,,,O44,UCAC4,CCD
3564,99942,,99942,2013-02-06 15:05:53.462000+00:00,105.868908,-4.911731,,,O44,UCAC4,CCD
3565,99942,,99942,2013-02-06 15:07:17.011000+00:00,105.868254,-4.911033,,,O44,UCAC4,CCD
3566,99942,,99942,2013-02-06 15:08:18.269000+00:00,105.867762,-4.910514,,,O44,UCAC4,CCD
3567,99942,,99942,2013-02-06 15:09:12.269000+00:00,105.867342,-4.910075,,,O44,UCAC4,CCD
3568,99942,,99942,2013-02-06 15:10:15.168000+00:00,105.866842,-4.909547,,,O44,UCAC4,CCD
3569,99942,,99942,2013-02-06 15:16:01.805000+00:00,105.864092,-4.906639,,,O44,UCAC4,CCD
3570,99942,,99942,2013-02-06 15:17:10.838000+00:00,105.863546,-4.906064,,,O44,UCAC4,CCD
3571,99942,,99942,2013-02-06 15:17:59.482000+00:00,105.863158,-4.905647,,,O44,UCAC4,CCD
3572,99942,,99942,2013-02-06 15:18:47.520000+00:00,105.862783,-4.905244,,,O44,UCAC4,CCD
3573,99942,,99942,2013-02-06 15:19:33.917000+00:00,105.862417,-4.904858,,,O44,UCAC4,CCD
3574,99942,,99942,2013-02-06 15:25:37.142000+00:00,105.859525,-4.901808,,,O44,UCAC4,CCD
3575,99942,,99942,2013-02-06 15:26:38.659000+00:00,105.859046,-4.901286,,,O44,UCAC4,CCD
3576,99942,,99942,2013-02-06 15:27:31.968000+00:00,105.858625,-4.90085,,,O44,UCAC4,CCD
3577,99942,,99942,2013-02-06 15:28:25.536000+00:00,105.8582,-4.900414,,,O44,UCAC4,CCD
3578,99942,,99942,2013-02-06 15:29:14.179000+00:00,105.857825,-4.900011,,,O44,UCAC4,CCD
3579,99942,,99942,2013-02-06 15:30:08.957000+00:00,105.857375,-4.899528,,,O44,UCAC4,CCD
3580,99942,,99942,2013-02-06 15:35:58.704000+00:00,105.854604,-4.896603,,,O44,UCAC4,CCD
3581,99942,,99942,2013-02-06 15:39:37.642000+00:00,105.852883,-4.894775,,,O44,UCAC4,CCD
3582,99942,,99942,2013-02-06 15:40:49.786000+00:00,105.8523,-4.894158,,,O44,UCAC4,CCD
3583,99942,,99942,2013-02-06 15:42:00.979000+00:00,105.851737,-4.893558,,,O44,UCAC4,CCD
3584,99942,,99942,2013-02-06 15:42:58.090000+00:00,105.851287,-4.893069,,,O44,UCAC4,CCD
3585,99942,,99942,2013-02-06 15:49:43.824000+00:00,105.848071,-4.889669,,,O44,UCAC4,CCD
3586,99942,,99942,2013-02-06 15:50:54.931000+00:00,105.847508,-4.889075,,,O44,UCAC4,CCD
3587,99942,,99942,2013-02-06 15:51:42.883000+00:00,105.847129,-4.888669,,,O44,UCAC4,CCD
3588,99942,,99942,2013-02-06 15:52:39.043000+00:00,105.846692,-4.888214,,,O44,UCAC4,CCD
3589,99942,,99942,2013-02-06 15:53:26.822000+00:00,105.846325,-4.887825,,,O44,UCAC4,CCD
3590,99942,,99942,2013-02-06 15:54:15.466000+00:00,105.845937,-4.887397,,,O44,UCAC4,CCD
3591,99942,,99942,2013-02-06 15:55:02.381000+00:00,105.845571,-4.887008,,,O44,UCAC4,CCD
3592,99942,,99942,2013-02-06 15:59:48.710000+00:00,105.843292,-4.884586,,,O44,UCAC4,CCD
3593,99942,,99942,2013-02-06 16:00:47.117000+00:00,105.842842,-4.884097,,,O44,UCAC4,CCD
3594,99942,,99942,2013-02-06 16:01:45.264000+00:00,105.842383,-4.883622,,,O44,UCAC4,CCD
3595,99942,,99942,2013-02-06 16:02:34.771000+00:00,105.842021,-4.883208,,,O44,UCAC4,CCD
3596,99942,,99942,2013-02-06 16:09:32.429000+00:00,105.838712,-4.879689,,,O44,UCAC4,CCD
3597,99942,,99942,2013-02-06 16:10:32.995000+00:00,105.838242,-4.879186,,,O44,UCAC4,CCD
3598,99942,,99942,2013-02-06 16:11:29.242000+00:00,105.837783,-4.878725,,,O44,UCAC4,CCD
3599,99942,,99942,2013-02-06 16:12:17.885000+00:00,105.837388,-4.878297,,,O44,UCAC4,CCD
3600,99942,,99942,2013-02-06 16:13:05.578000+00:00,105.837029,-4.877919,,,O44,UCAC4,CCD
3601,99942,,99942,2013-02-06 16:13:56.726000+00:00,105.836633,-4.877464,,,O44,UCAC4,CCD
3602,99942,,99942,2013-02-06 16:19:00.250000+00:00,105.83425,-4.874944,,,O44,UCAC4,CCD
3603,99942,,99942,2013-02-06 17:20:26.851000+00:00,105.805537,-4.843914,,,O44,UCAC4,CCD
3604,99942,,99942,2013-02-06 17:21:36.835000+00:00,105.805,-4.843322,,,O44,UCAC4,CCD
3605,99942,,99942,2013-02-06 17:23:44.880000+00:00,105.804021,-4.842253,,,O44,UCAC4,CCD
3606,99942,,99942,2013-02-06 17:24:38.534000+00:00,105.8036,-4.841794,,,O44,UCAC4,CCD
3607,99942,,99942,2013-02-06 17:25:33.312000+00:00,105.803187,-4.84135,,,O44,UCAC4,CCD
3608,99942,,99942,2013-02-06 17:26:20.486000+00:00,105.802804,-4.840917,,,O44,UCAC4,CCD
3609,99942,,99942,2013-02-06 17:33:07.776000+00:00,105.799687,-4.837489,,,O44,UCAC4,CCD
3610,99942,,99942,2013-02-06 17:34:06.960000+00:00,105.799229,-4.836997,,,O44,UCAC4,CCD
3611,99942,,99942,2013-02-06 17:34:57.590000+00:00,105.798833,-4.836575,,,O44,UCAC4,CCD
3612,99942,,99942,2013-02-06 17:35:47.962000+00:00,105.798446,-4.83615,,,O44,UCAC4,CCD
3613,99942,,99942,2013-02-06 17:36:34.186000+00:00,105.798117,-4.835769,,,O44,UCAC4,CCD
3614,99942,,99942,2013-02-06 17:42:25.834000+00:00,105.795438,-4.832806,,,O44,UCAC4,CCD
3615,99942,,99942,2013-02-06 17:43:17.674000+00:00,105.795029,-4.832364,,,O44,UCAC4,CCD
3616,99942,,99942,2013-02-06 17:44:13.229000+00:00,105.794588,-4.831914,,,O44,UCAC4,CCD
3617,99942,,99942,2013-02-06 17:52:22.426000+00:00,105.790896,-4.827783,,,O44,UCAC4,CCD
3618,99942,,99942,2013-02-06 17:53:21.350000+00:00,105.790433,-4.827278,,,O44,UCAC4,CCD
3619,99942,,99942,2013-02-06 17:54:16.214000+00:00,105.790037,-4.826806,,,O44,UCAC4,CCD
3620,99942,,99942,2013-02-06 17:55:04.080000+00:00,105.789662,-4.826422,,,O44,UCAC4,CCD
3621,99942,,99942,2013-02-06 17:56:06.461000+00:00,105.789183,-4.825875,,,O44,UCAC4,CCD
3622,99942,,99942,2013-02-06 17:56:53.635000+00:00,105.78885,-4.825467,,,O44,UCAC4,CCD
3623,99942,,99942,2013-02-06 17:57:46.339000+00:00,105.78845,-4.825014,,,O44,UCAC4,CCD
3624,99942,,99942,2013-02-06 17:59:21.120000+00:00,105.78529,-4.80572,15.8,R,D20,UCAC3,CCD
3625,99942,,99942,2013-02-06 17:59:47.904000+00:00,105.78508,-4.80547,15.7,R,D20,UCAC3,CCD
3626,99942,,99942,2013-02-06 18:00:14.688000+00:00,105.78492,-4.80525,15.6,R,D20,UCAC3,CCD
3627,99942,,99942,2013-02-06 18:07:16.320000+00:00,105.80125,-4.82506,15.6,R,B17,UCAC4,CCD
3628,99942,,99942,2013-02-06 18:17:11.616000+00:00,105.7995,-4.82086,,,557,UCAC3,CCD
3629,99942,,99942,2013-02-06 18:27:25.056000+00:00,105.79504,-4.81603,15.8,V,639,USNOB1,CCD
3630,99942,,99942,2013-02-06 18:30:56.736000+00:00,105.79046,-4.81328,15.4,R,B17,UCAC4,CCD
3631,99942,,99942,2013-02-06 18:44:45.312000+00:00,105.7875,-4.80733,15.8,V,639,USNOB1,CCD
3632,99942,,99942,2013-02-06 18:59:50.784000+00:00,105.77733,-4.79878,15.6,R,B17,UCAC4,CCD
3633,99942,,99942,2013-02-06 19:22:03.936000+00:00,105.76725,-4.78764,15.6,R,B17,UCAC4,CCD
3634,99942,,99942,2013-02-06 19:31:59.232000+00:00,105.76637,-4.7835,,,557,UCAC3,CCD
3635,99942,,99942,2013-02-06 19:42:23.904000+00:00,105.76192,-4.77856,16.0,V,639,USNOB1,CCD
3636,99942,,99942,2013-02-06 19:48:36.288000+00:00,105.75912,-4.77547,16.1,V,639,USNOB1,CCD
3637,99942,,99942,2013-02-06 19:53:30.912000+00:00,105.753,-4.77183,15.5,R,B17,UCAC4,CCD
3638,99942,,99942,2013-02-06 20:17:30.336000+00:00,105.74204,-4.75989,15.5,R,B17,UCAC4,CCD
3639,99942,,99942,2013-02-06 20:49:17.184000+00:00,105.73179,-4.74486,,,557,UCAC3,CCD
3640,99942,,99942,2013-02-06 21:16:41.376000+00:00,105.71963,-4.73122,,,557,UCAC3,CCD
3641,99942,,99942,2013-02-06 22:49:22.080000+00:00,105.67854,-4.68472,,,557,UCAC3,CCD
3642,99942,,99942,2013-02-06 23:32:00.384000+00:00,105.65987,-4.66333,,,557,UCAC3,CCD
3643,99942,,99942,2013-02-07 13:54:27.677000+00:00,105.342671,-4.229211,,,O44,UCAC4,CCD
3644,99942,,99942,2013-02-07 13:55:41.462000+00:00,105.342129,-4.228606,,,O44,UCAC4,CCD
3645,99942,,99942,2013-02-07 13:58:30.634000+00:00,105.340871,-4.227228,,,O44,UCAC4,CCD
3646,99942,,99942,2013-02-07 13:59:22.301000+00:00,105.3405,-4.226825,,,O44,UCAC4,CCD
3647,99942,,99942,2013-02-07 13:59:38.112000+00:00,105.33588,-4.20875,15.9,R,D20,UCAC3,CCD
3648,99942,,99942,2013-02-07 14:00:04.896000+00:00,105.33563,-4.20856,15.9,R,D20,UCAC3,CCD
3649,99942,,99942,2013-02-07 14:00:14.054000+00:00,105.3401,-4.226369,,,O44,UCAC4,CCD
3650,99942,,99942,2013-02-07 14:00:31.680000+00:00,105.33546,-4.20833,15.9,R,D20,UCAC3,CCD
3651,99942,,99942,2013-02-07 14:01:00.970000+00:00,105.339771,-4.226003,,,O44,UCAC4,CCD
3652,99942,,99942,2013-02-07 14:07:25.450000+00:00,105.336917,-4.222839,,,O44,UCAC4,CCD
3653,99942,,99942,2013-02-07 14:08:44.419000+00:00,105.336329,-4.222194,,,O44,UCAC4,CCD
3654,99942,,99942,2013-02-07 14:09:41.184000+00:00,105.335908,-4.221722,,,O44,UCAC4,CCD
3655,99942,,99942,2013-02-07 14:10:28.358000+00:00,105.33555,-4.221336,,,O44,UCAC4,CCD
3656,99942,,99942,2013-02-07 14:11:18.384000+00:00,105.335179,-4.220922,,,O44,UCAC4,CCD
3657,99942,,99942,2013-02-07 14:17:15.475000+00:00,105.332521,-4.217989,,,O44,UCAC4,CCD
3658,99942,,99942,2013-02-07 14:19:01.056000+00:00,105.331746,-4.217142,,,O44,UCAC4,CCD
3659,99942,,99942,2013-02-07 14:20:02.659000+00:00,105.331292,-4.216628,,,O44,UCAC4,CCD
3660,99942,,99942,2013-02-07 14:20:52.426000+00:00,105.330929,-4.21625,,,O44,UCAC4,CCD
3661,99942,,99942,2013-02-07 14:21:38.563000+00:00,105.330575,-4.215808,,,O44,UCAC4,CCD
3662,99942,,99942,2013-02-07 14:27:11.549000+00:00,105.328108,-4.213108,,,O44,UCAC4,CCD
3663,99942,,99942,2013-02-07 14:28:17.213000+00:00,105.327621,-4.21255,,,O44,UCAC4,CCD
3664,99942,,99942,2013-02-07 14:29:21.235000+00:00,105.327137,-4.212039,,,O44,UCAC4,CCD
3665,99942,,99942,2013-02-07 14:30:15.408000+00:00,105.326733,-4.211583,,,O44,UCAC4,CCD
3666,99942,,99942,2013-02-07 14:31:05.174000+00:00,105.326375,-4.211194,,,O44,UCAC4,CCD
3667,99942,,99942,2013-02-07 14:38:20.458000+00:00,105.323129,-4.207617,,,O44,UCAC4,CCD
3668,99942,,99942,2013-02-07 14:39:20.160000+00:00,105.322679,-4.207114,,,O44,UCAC4,CCD
3669,99942,,99942,2013-02-07 14:40:17.616000+00:00,105.322242,-4.206636,,,O44,UCAC4,CCD
3670,99942,,99942,2013-02-07 14:41:07.123000+00:00,105.321883,-4.206231,,,O44,UCAC4,CCD
3671,99942,,99942,2013-02-07 14:47:47.328000+00:00,105.318912,-4.202947,,,O44,UCAC4,CCD
3672,99942,,99942,2013-02-07 14:48:49.536000+00:00,105.318454,-4.202456,,,O44,UCAC4,CCD
3673,99942,,99942,2013-02-07 14:49:41.808000+00:00,105.318062,-4.202017,,,O44,UCAC4,CCD
3674,99942,,99942,2013-02-07 14:50:31.488000+00:00,105.317679,-4.201586,,,O44,UCAC4,CCD
3675,99942,,99942,2013-02-07 14:51:18.403000+00:00,105.317329,-4.201217,,,O44,UCAC4,CCD
3676,99942,,99942,2013-02-07 14:59:38.400000+00:00,105.30925,-4.17911,15.7,R,D20,UCAC3,CCD
3677,99942,,99942,2013-02-07 15:00:04.320000+00:00,105.30904,-4.17889,15.7,R,D20,UCAC3,CCD
3678,99942,,99942,2013-02-07 15:00:31.104000+00:00,105.30883,-4.17867,15.7,R,D20,UCAC3,CCD
3679,99942,,99942,2013-02-07 15:59:18.816000+00:00,105.28304,-4.14956,15.5,R,D20,UCAC3,CCD
3680,99942,,99942,2013-02-07 15:59:45.600000+00:00,105.28288,-4.14933,15.5,R,D20,UCAC3,CCD
3681,99942,,99942,2013-02-07 16:00:13.248000+00:00,105.28271,-4.14911,15.6,R,D20,UCAC3,CCD
3682,99942,,99942,2013-02-07 17:54:38.592000+00:00,105.23438,-4.09236,15.4,R,D20,UCAC3,CCD
3683,99942,,99942,2013-02-07 17:55:05.376000+00:00,105.23421,-4.09211,15.3,R,D20,UCAC3,CCD
3684,99942,,99942,2013-02-07 17:55:32.160000+00:00,105.23396,-4.09192,15.4,R,D20,UCAC3,CCD
3685,99942,,99942,2013-02-07 18:08:36.672000+00:00,105.24625,-4.10836,15.9,R,C40,UCAC3,CCD
3686,99942,,99942,2013-02-07 18:10:08.256000+00:00,105.24571,-4.10756,15.9,R,C40,UCAC3,CCD
3687,99942,,99942,2013-02-07 18:11:38.976000+00:00,105.24492,-4.10692,15.9,R,C40,UCAC3,CCD
3688,99942,,99942,2013-02-07 18:13:10.560000+00:00,105.24433,-4.10606,15.8,R,C40,UCAC3,CCD
3689,99942,,99942,2013-02-07 18:14:42.144000+00:00,105.24367,-4.10539,15.8,R,C40,UCAC3,CCD
3690,99942,,99942,2013-02-07 18:16:13.728000+00:00,105.243,-4.10467,15.8,R,C40,UCAC3,CCD
3691,99942,,99942,2013-02-07 18:17:45.312000+00:00,105.24233,-4.10386,15.9,R,C40,UCAC3,CCD
3692,99942,,99942,2013-02-07 18:23:50.784000+00:00,105.23979,-4.10092,15.7,R,C40,UCAC3,CCD
3693,99942,,99942,2013-02-07 18:25:22.368000+00:00,105.23908,-4.10014,15.6,R,C40,UCAC3,CCD
3694,99942,,99942,2013-02-07 18:26:53.088000+00:00,105.2385,-4.09939,15.7,R,C40,UCAC3,CCD
3695,99942,,99942,2013-02-07 18:28:24.672000+00:00,105.23783,-4.09869,15.6,R,C40,UCAC3,CCD
3696,99942,,99942,2013-02-07 18:29:56.256000+00:00,105.23717,-4.09792,15.8,R,C40,UCAC3,CCD
3697,99942,,99942,2013-02-07 18:31:27.840000+00:00,105.2365,-4.09714,15.9,R,C40,UCAC3,CCD
3698,99942,,99942,2013-02-07 18:32:59.424000+00:00,105.23583,-4.09644,15.8,R,C40,UCAC3,CCD
3699,99942,,99942,2013-02-07 18:34:31.008000+00:00,105.23521,-4.09567,15.8,R,C40,UCAC3,CCD
3700,99942,,99942,2013-02-07 18:36:02.592000+00:00,105.2345,-4.09486,15.7,R,C40,UCAC3,CCD
3701,99942,,99942,2013-02-07 18:37:34.176000+00:00,105.23387,-4.09414,15.8,R,C40,UCAC3,CCD
3702,99942,,99942,2013-02-07 18:39:05.760000+00:00,105.23317,-4.09339,15.6,R,C40,UCAC3,CCD
3703,99942,,99942,2013-02-07 18:50:55.104000+00:00,105.22825,-4.08756,15.9,R,C40,UCAC3,CCD
3704,99942,,99942,2013-02-07 18:52:26.688000+00:00,105.22758,-4.08686,15.8,R,C40,UCAC3,CCD
3705,99942,,99942,2013-02-07 18:53:57.408000+00:00,105.22692,-4.08608,15.9,R,C40,UCAC3,CCD
3706,99942,,99942,2013-02-07 18:55:28.992000+00:00,105.22629,-4.08531,16.0,R,C40,UCAC3,CCD
3707,99942,,99942,2013-02-07 18:57:00.576000+00:00,105.22558,-4.08456,15.7,R,C40,UCAC3,CCD
3708,99942,,99942,2013-02-07 18:58:32.160000+00:00,105.225,-4.08389,15.7,R,C40,UCAC3,CCD
3709,99942,,99942,2013-02-07 19:00:03.744000+00:00,105.22433,-4.08308,15.7,R,C40,UCAC3,CCD
3710,99942,,99942,2013-02-07 19:01:34.464000+00:00,105.22367,-4.08231,15.8,R,C40,UCAC3,CCD
3711,99942,,99942,2013-02-07 19:03:06.048000+00:00,105.22304,-4.08156,15.7,R,C40,UCAC3,CCD
3712,99942,,99942,2013-02-07 19:04:37.632000+00:00,105.22237,-4.08081,15.6,R,C40,UCAC3,CCD
3713,99942,,99942,2013-02-07 19:06:09.216000+00:00,105.22171,-4.08003,15.6,R,C40,UCAC3,CCD
3714,99942,,99942,2013-02-07 19:07:40.800000+00:00,105.22108,-4.07936,15.8,R,C40,UCAC3,CCD
3715,99942,,99942,2013-02-07 19:09:12.384000+00:00,105.22042,-4.07858,15.9,R,C40,UCAC3,CCD
3716,99942,,99942,2013-02-07 19:10:43.104000+00:00,105.21979,-4.07781,16.2,R,C40,UCAC3,CCD
3717,99942,,99942,2013-02-07 19:12:14.688000+00:00,105.21913,-4.07711,16.3,R,C40,UCAC3,CCD
3718,99942,,99942,2013-02-07 19:13:46.272000+00:00,105.21842,-4.07633,16.0,R,C40,UCAC3,CCD
3719,99942,,99942,2013-02-07 19:15:17.856000+00:00,105.21779,-4.07558,16.0,R,C40,UCAC3,CCD
3720,99942,,99942,2013-02-07 19:16:49.440000+00:00,105.21717,-4.07486,15.7,R,C40,UCAC3,CCD
3721,99942,,99942,2013-02-07 19:18:21.024000+00:00,105.2165,-4.07408,15.8,R,C40,UCAC3,CCD
3722,99942,,99942,2013-02-07 19:19:52.608000+00:00,105.21583,-4.07333,15.6,R,C40,UCAC3,CCD
3723,99942,,99942,2013-02-07 19:24:03.168000+00:00,105.21908,-4.07219,,,557,UCAC3,CCD
3724,99942,,99942,2013-02-07 19:25:58.080000+00:00,105.21333,-4.07039,15.7,R,C40,UCAC3,CCD
3725,99942,,99942,2013-02-07 19:27:29.664000+00:00,105.21267,-4.06958,15.6,R,C40,UCAC3,CCD
3726,99942,,99942,2013-02-07 19:29:01.248000+00:00,105.21196,-4.06881,15.8,R,C40,UCAC3,CCD
3727,99942,,99942,2013-02-07 19:30:31.968000+00:00,105.21133,-4.06811,16.0,R,C40,UCAC3,CCD
3728,99942,,99942,2013-02-07 20:11:21.408000+00:00,105.20087,-4.04775,15.6,R,B88,UCAC4,CCD
3729,99942,,99942,2013-02-07 20:25:28.128000+00:00,105.18804,-4.04103,15.9,R,C40,UCAC3,CCD
3730,99942,,99942,2013-02-07 20:26:58.848000+00:00,105.18742,-4.04025,15.8,R,C40,UCAC3,CCD
3731,99942,,99942,2013-02-07 20:29:17.088000+00:00,105.19187,-4.04028,,,557,UCAC3,CCD
3732,99942,,99942,2013-02-07 20:33:05.184000+00:00,105.18479,-4.03733,15.8,R,C40,UCAC3,CCD
3733,99942,,99942,2013-02-07 20:34:36.768000+00:00,105.18421,-4.03647,15.9,R,C40,UCAC3,CCD
3734,99942,,99942,2013-02-07 20:36:07.488000+00:00,105.1835,-4.03578,16.0,R,C40,UCAC3,CCD
3735,99942,,99942,2013-02-07 20:37:39.072000+00:00,105.18292,-4.03497,15.8,R,C40,UCAC3,CCD
3736,99942,,99942,2013-02-07 20:39:10.656000+00:00,105.18225,-4.03428,15.9,R,C40,UCAC3,CCD
3737,99942,,99942,2013-02-07 20:40:24.960000+00:00,105.18858,-4.03353,15.4,R,B88,UCAC4,CCD
3738,99942,,99942,2013-02-07 20:40:42.240000+00:00,105.18162,-4.0335,16.0,R,C40,UCAC3,CCD
3739,99942,,99942,2013-02-07 20:42:13.824000+00:00,105.18096,-4.03275,16.0,R,C40,UCAC3,CCD
3740,99942,,99942,2013-02-07 20:43:45.408000+00:00,105.18033,-4.032,15.9,R,C40,UCAC3,CCD
3741,99942,,99942,2013-02-07 20:45:16.128000+00:00,105.17971,-4.03125,15.9,R,C40,UCAC3,CCD
3742,99942,,99942,2013-02-07 20:46:47.712000+00:00,105.17908,-4.03053,16.0,R,C40,UCAC3,CCD
3743,99942,,99942,2013-02-07 20:48:19.296000+00:00,105.17838,-4.02969,15.6,R,C40,UCAC3,CCD
3744,99942,,99942,2013-02-07 20:55:56.352000+00:00,105.17525,-4.02597,15.7,R,C40,UCAC3,CCD
3745,99942,,99942,2013-02-07 20:57:27.936000+00:00,105.17458,-4.02519,15.6,R,C40,UCAC3,CCD
3746,99942,,99942,2013-02-07 21:00:31.104000+00:00,105.17337,-4.02372,15.5,R,C40,UCAC3,CCD
3747,99942,,99942,2013-02-07 21:03:33.408000+00:00,105.17204,-4.02222,15.7,R,C40,UCAC3,CCD
3748,99942,,99942,2013-02-07 21:05:04.992000+00:00,105.17137,-4.0215,15.7,R,C40,UCAC3,CCD
3749,99942,,99942,2013-02-07 21:06:36.576000+00:00,105.17071,-4.02072,15.8,R,C40,UCAC3,CCD
3750,99942,,99942,2013-02-07 21:08:08.160000+00:00,105.17017,-4.01997,15.8,R,C40,UCAC3,CCD
3751,99942,,99942,2013-02-07 21:09:39.744000+00:00,105.1695,-4.01922,16.0,R,C40,UCAC3,CCD
3752,99942,,99942,2013-02-07 21:14:28.320000+00:00,105.16746,-4.01678,15.9,R,C40,UCAC3,CCD
3753,99942,,99942,2013-02-07 21:15:16.704000+00:00,105.17379,-4.01636,15.7,R,B88,UCAC4,CCD
3754,99942,,99942,2013-02-07 21:15:59.904000+00:00,105.16683,-4.01611,16.1,R,C40,UCAC3,CCD
3755,99942,,99942,2013-02-07 21:17:30.624000+00:00,105.16625,-4.01533,16.0,R,C40,UCAC3,CCD
3756,99942,,99942,2013-02-07 21:19:02.208000+00:00,105.16558,-4.01461,15.9,R,C40,UCAC3,CCD
3757,99942,,99942,2013-02-07 21:20:33.792000+00:00,105.16492,-4.01381,16.1,R,C40,UCAC3,CCD
3758,99942,,99942,2013-02-07 21:22:05.376000+00:00,105.16442,-4.01308,16.1,R,C40,UCAC3,CCD
3759,99942,,99942,2013-02-07 21:23:36.960000+00:00,105.16367,-4.01231,16.0,R,C40,UCAC3,CCD
3760,99942,,99942,2013-02-07 21:24:47.808000+00:00,105.16979,-4.01206,15.7,R,147,UCAC2,CCD
3761,99942,,99942,2013-02-07 21:25:07.680000+00:00,105.16304,-4.01161,16.0,R,C40,UCAC3,CCD
3762,99942,,99942,2013-02-07 21:26:39.264000+00:00,105.16246,-4.01086,15.9,R,C40,UCAC3,CCD
3763,99942,,99942,2013-02-07 21:28:10.848000+00:00,105.16179,-4.01014,15.9,R,C40,UCAC3,CCD
3764,99942,,99942,2013-02-07 21:29:42.432000+00:00,105.16117,-4.00939,15.9,R,C40,UCAC3,CCD
3765,99942,,99942,2013-02-07 21:31:14.016000+00:00,105.16054,-4.00858,15.8,R,C40,UCAC3,CCD
3766,99942,,99942,2013-02-07 21:32:44.736000+00:00,105.15992,-4.00786,15.9,R,C40,UCAC3,CCD
3767,99942,,99942,2013-02-07 21:34:16.320000+00:00,105.15933,-4.00711,15.9,R,C40,UCAC3,CCD
3768,99942,,99942,2013-02-07 21:35:47.904000+00:00,105.15871,-4.00639,15.9,R,C40,UCAC3,CCD
3769,99942,,99942,2013-02-07 21:38:50.208000+00:00,105.15733,-4.00481,15.9,R,C40,UCAC3,CCD
3770,99942,,99942,2013-02-07 21:40:21.792000+00:00,105.15675,-4.00408,15.7,R,C40,UCAC3,CCD
3771,99942,,99942,2013-02-07 21:41:53.376000+00:00,105.15613,-4.00339,15.9,R,C40,UCAC3,CCD
3772,99942,,99942,2013-02-07 21:43:24.960000+00:00,105.1555,-4.00256,15.9,R,C40,UCAC3,CCD
3773,99942,,99942,2013-02-07 21:44:56.544000+00:00,105.15496,-4.00181,15.9,R,C40,UCAC3,CCD
3774,99942,,99942,2013-02-07 21:46:27.264000+00:00,105.15429,-4.00108,15.9,R,C40,UCAC3,CCD
3775,99942,,99942,2013-02-07 21:47:58.848000+00:00,105.15362,-4.00033,16.0,R,C40,UCAC3,CCD
3776,99942,,99942,2013-02-07 21:49:18.336000+00:00,105.15942,-4.00003,15.6,R,147,UCAC2,CCD
3777,99942,,99942,2013-02-07 21:49:30.432000+00:00,105.15296,-3.99958,16.0,R,C40,UCAC3,CCD
3778,99942,,99942,2013-02-07 21:51:02.016000+00:00,105.15237,-3.99881,15.9,R,C40,UCAC3,CCD
3779,99942,,99942,2013-02-07 21:52:32.736000+00:00,105.15175,-3.99808,15.8,R,C40,UCAC3,CCD
3780,99942,,99942,2013-02-07 22:02:28.896000+00:00,105.14775,-3.99325,15.9,R,C40,UCAC3,CCD
3781,99942,,99942,2013-02-07 22:02:48.768000+00:00,105.15375,-3.99342,15.6,R,147,UCAC2,CCD
3782,99942,,99942,2013-02-07 22:04:00.480000+00:00,105.14704,-3.99236,15.8,R,C40,UCAC3,CCD
3783,99942,,99942,2013-02-07 22:05:32.064000+00:00,105.14642,-3.99167,16.0,R,C40,UCAC3,CCD
3784,99942,,99942,2013-02-07 22:07:03.648000+00:00,105.14583,-3.99092,15.9,R,C40,UCAC3,CCD
3785,99942,,99942,2013-02-07 22:08:34.368000+00:00,105.14521,-3.99017,16.0,R,C40,UCAC3,CCD
3786,99942,,99942,2013-02-07 22:10:05.952000+00:00,105.14458,-3.98933,16.2,R,C40,UCAC3,CCD
3787,99942,,99942,2013-02-07 22:11:37.536000+00:00,105.14396,-3.98861,16.1,R,C40,UCAC3,CCD
3788,99942,,99942,2013-02-07 22:20:46.176000+00:00,105.14029,-3.98417,16.1,R,C40,UCAC3,CCD
3789,99942,,99942,2013-02-07 22:22:17.760000+00:00,105.13971,-3.98339,16.2,R,C40,UCAC3,CCD
3790,99942,,99942,2013-02-07 22:25:20.064000+00:00,105.13846,-3.982,15.9,R,C40,UCAC3,CCD
3791,99942,,99942,2013-02-07 22:26:51.648000+00:00,105.13775,-3.98111,16.0,R,C40,UCAC3,CCD
3792,99942,,99942,2013-02-07 22:28:23.232000+00:00,105.13725,-3.98039,16.0,R,C40,UCAC3,CCD
3793,99942,,99942,2013-02-08 16:06:04.896000+00:00,104.78096,-3.46511,15.9,R,C40,UCAC3,CCD
3794,99942,,99942,2013-02-08 16:07:35.616000+00:00,104.78033,-3.46447,16.2,R,C40,UCAC3,CCD
3795,99942,,99942,2013-02-08 16:18:15.840000+00:00,104.77613,-3.45922,15.8,R,C40,UCAC3,CCD
3796,99942,,99942,2013-02-08 16:21:18.144000+00:00,104.77496,-3.45767,16.0,R,C40,UCAC3,CCD
3797,99942,,99942,2013-02-08 16:22:49.728000+00:00,104.77442,-3.45706,16.0,R,C40,UCAC3,CCD
3798,99942,,99942,2013-02-08 16:24:21.312000+00:00,104.77383,-3.45625,16.1,R,C40,UCAC3,CCD
3799,99942,,99942,2013-02-08 16:26:07.584000+00:00,104.77308,-3.45544,15.6,R,C40,UCAC3,CCD
3800,99942,,99942,2013-02-08 16:27:38.304000+00:00,104.77258,-3.45478,15.9,R,C40,UCAC3,CCD
3801,99942,,99942,2013-02-08 16:29:09.888000+00:00,104.77196,-3.45394,16.2,R,C40,UCAC3,CCD
3802,99942,,99942,2013-02-08 16:30:41.472000+00:00,104.77129,-3.45333,16.1,R,C40,UCAC3,CCD
3803,99942,,99942,2013-02-08 17:01:18.336000+00:00,104.75942,-3.43853,16.1,R,C40,UCAC3,CCD
3804,99942,,99942,2013-02-08 17:05:20.256000+00:00,104.75783,-3.43661,15.8,R,C40,UCAC3,CCD
3805,99942,,99942,2013-02-08 17:17:28.608000+00:00,104.753,-3.43075,16.4,R,C40,UCAC3,CCD
3806,99942,,99942,2013-02-08 17:19:30.432000+00:00,104.75217,-3.42986,15.9,R,C40,UCAC3,CCD
3807,99942,,99942,2013-02-08 17:23:33.216000+00:00,104.75067,-3.42778,15.7,R,C40,UCAC3,CCD
3808,99942,,99942,2013-02-08 17:29:37.824000+00:00,104.74821,-3.42494,16.1,R,C40,UCAC3,CCD
3809,99942,,99942,2013-02-08 17:31:38.784000+00:00,104.74733,-3.42397,16.2,R,C40,UCAC3,CCD
3810,99942,,99942,2013-02-08 17:33:40.608000+00:00,104.74658,-3.423,16.1,R,C40,UCAC3,CCD
3811,99942,,99942,2013-02-08 18:14:36.960000+00:00,104.73454,-3.40408,,,557,UCAC3,CCD
3812,99942,,99942,2013-02-08 19:16:41.664000+00:00,104.71058,-3.37431,,,557,UCAC3,CCD
3813,99942,,99942,2013-02-08 19:54:19.296000+00:00,104.69208,-3.35519,15.7,R,B17,UCAC4,CCD
3814,99942,,99942,2013-02-08 20:24:46.656000+00:00,104.68013,-3.3405,15.5,R,B17,UCAC4,CCD
3815,99942,,99942,2013-02-08 20:51:53.568000+00:00,104.67842,-3.32672,,,I61,UCAC3,CCD
3816,99942,,99942,2013-02-08 20:53:19.968000+00:00,104.67725,-3.325,15.6,R,I88,CMC14,CCD
3817,99942,,99942,2013-02-08 20:54:30.816000+00:00,104.66825,-3.32614,15.4,R,B17,UCAC4,CCD
3818,99942,,99942,2013-02-08 20:59:15.936000+00:00,104.67488,-3.32214,15.7,R,I88,CMC14,CCD
3819,99942,,99942,2013-02-08 21:03:29.088000+00:00,104.67329,-3.32019,15.7,R,I88,CMC14,CCD
3820,99942,,99942,2013-02-08 21:27:39.744000+00:00,104.65933,-3.31125,,,557,UCAC3,CCD
3821,99942,,99942,2013-02-08 21:58:26.112000+00:00,104.65204,-3.29478,,,I61,UCAC3,CCD
3822,99942,,99942,2013-02-08 22:19:45.696000+00:00,104.63429,-3.28481,15.8,R,C40,UCAC3,CCD
3823,99942,,99942,2013-02-08 22:21:46.656000+00:00,104.6335,-3.28389,16.1,R,C40,UCAC3,CCD
3824,99942,,99942,2013-02-08 22:23:47.616000+00:00,104.63279,-3.28289,15.9,R,C40,UCAC3,CCD
3825,99942,,99942,2013-02-08 22:25:49.440000+00:00,104.632,-3.28197,16.0,R,C40,UCAC3,CCD
3826,99942,,99942,2013-02-08 22:27:50.400000+00:00,104.63121,-3.28094,16.0,R,C40,UCAC3,CCD
3827,99942,,99942,2013-02-08 22:37:56.928000+00:00,104.62746,-3.27606,16.2,R,C40,UCAC3,CCD
3828,99942,,99942,2013-02-08 22:47:02.112000+00:00,104.62863,-3.27292,,,557,UCAC3,CCD
3829,99942,,99942,2013-02-09 18:48:29.088000+00:00,104.25163,-2.69792,15.6,R,J08,USNOA2,CCD
3830,99942,,T13011,2013-02-09 18:51:08.928000+00:00,104.25017,-2.69717,15.6,R,C27,UCAC4,CCD
3831,99942,,T13011,2013-02-09 18:57:04.032000+00:00,104.24804,-2.69436,15.6,R,C27,UCAC4,CCD
3832,99942,,99942,2013-02-09 19:17:01.536000+00:00,104.24133,-2.68464,15.5,R,J08,USNOA2,CCD
3833,99942,,T13011,2013-02-09 20:16:48.864000+00:00,104.21879,-2.65683,15.7,R,C27,UCAC4,CCD
3834,99942,,T13011,2013-02-09 21:05:03.264000+00:00,104.20096,-2.63414,15.8,R,C27,UCAC4,CCD
3835,99942,,T13011,2013-02-09 21:12:02.304000+00:00,104.19838,-2.63086,15.7,R,C27,UCAC4,CCD
3836,99942,,T13011,2013-02-09 21:50:11.040000+00:00,104.18417,-2.61292,15.8,R,C27,UCAC4,CCD
3837,99942,,T13011,2013-02-09 21:55:39.360000+00:00,104.18217,-2.61031,15.8,R,C27,UCAC4,CCD
3838,99942,,99942,2013-02-09 22:55:28.416000+00:00,104.16067,-2.58092,16.1,V,I56,UCAC3,CCD
3839,99942,,99942,2013-02-09 23:02:21.408000+00:00,104.15796,-2.57786,16.2,V,I56,UCAC3,CCD
3840,99942,,99942,2013-02-09 23:08:42.432000+00:00,104.156,-2.57481,16.3,V,I56,UCAC3,CCD
3841,99942,,99942,2013-02-10 20:41:54.816000+00:00,103.77346,-1.97533,16.7,V,639,USNOB1,CCD
3842,99942,,99942,2013-02-10 20:48:04.608000+00:00,103.77138,-1.97239,16.4,V,639,USNOB1,CCD
3843,99942,,99942,2013-02-10 20:53:00.096000+00:00,103.77017,-1.96889,16.6,V,C91,GSC1.1,CCD
3844,99942,,99942,2013-02-10 20:55:59.808000+00:00,103.76913,-1.96758,16.6,V,C91,GSC1.1,CCD
3845,99942,,99942,2013-02-10 20:57:45.216000+00:00,103.76813,-1.968,16.4,V,639,USNOB1,CCD
3846,99942,,99942,2013-02-10 21:00:00+00:00,103.76779,-1.96567,16.6,V,C91,GSC1.1,CCD
3847,99942,,99942,2013-02-10 21:02:59.712000+00:00,103.76671,-1.96422,16.6,V,C91,GSC1.1,CCD
3848,99942,,99942,2013-02-10 21:04:14.880000+00:00,103.76596,-1.965,16.6,V,639,USNOB1,CCD
3849,99942,,99942,2013-02-10 22:34:20.064000+00:00,103.73563,-1.92325,,,557,UCAC3,CCD
3850,99942,,99942,2013-02-10 23:02:57.696000+00:00,103.72638,-1.91022,,,557,UCAC3,CCD
3851,99942,,99942,2013-02-11 04:15:11.808000+00:00,103.643,-1.76339,16.0,R,H45,UCAC4,CCD
3852,99942,,99942,2013-02-11 04:19:35.328000+00:00,103.64154,-1.7615,16.1,R,H45,UCAC4,CCD
3853,99942,,99942,2013-02-11 04:21:03.456000+00:00,103.64104,-1.76086,16.1,R,H45,UCAC4,CCD
3854,99942,,99942,2013-02-11 04:22:58.368000+00:00,103.64042,-1.75997,16.1,R,H45,UCAC4,CCD
3855,99942,,99942,2013-02-11 04:24:57.600000+00:00,103.63971,-1.75906,16.1,R,H45,UCAC4,CCD
3856,99942,,99942,2013-02-11 04:26:42.144000+00:00,103.63913,-1.75825,16.1,R,H45,UCAC4,CCD
3857,99942,,99942,2013-02-11 04:28:20.640000+00:00,103.63854,-1.75753,16.0,R,H45,UCAC4,CCD
3858,99942,,99942,2013-02-11 04:30:27.648000+00:00,103.63783,-1.75653,16.1,R,H45,UCAC4,CCD
3859,99942,,99942,2013-02-11 17:16:55.776000+00:00,103.4365,-1.41003,15.9,R,C40,UCAC3,CCD
3860,99942,,99942,2013-02-11 17:18:27.360000+00:00,103.43596,-1.40928,15.8,R,C40,UCAC3,CCD
3861,99942,,99942,2013-02-11 17:36:49.824000+00:00,103.43029,-1.401,16.5,R,C40,UCAC3,CCD
3862,99942,,99942,2013-02-11 17:41:23.712000+00:00,103.42883,-1.39903,16.2,R,C40,UCAC3,CCD
3863,99942,,99942,2013-02-11 17:50:32.352000+00:00,103.426,-1.39489,15.8,R,C40,UCAC3,CCD
3864,99942,,99942,2013-02-11 17:52:03.072000+00:00,103.42537,-1.39422,15.9,R,C40,UCAC3,CCD
3865,99942,,99942,2013-02-11 18:13:54.624000+00:00,103.4185,-1.38419,16.4,R,C40,UCAC3,CCD
3866,99942,,99942,2013-02-11 18:16:57.792000+00:00,103.41754,-1.38289,16.6,R,C40,UCAC3,CCD
3867,99942,,99942,2013-02-11 18:29:08.736000+00:00,103.41358,-1.37739,16.4,R,C40,UCAC3,CCD
3868,99942,,99942,2013-02-11 18:32:11.904000+00:00,103.41267,-1.37608,16.4,R,C40,UCAC3,CCD
3869,99942,,99942,2013-02-11 18:36:45.792000+00:00,103.41125,-1.37397,16.6,R,C40,UCAC3,CCD
3870,99942,,99942,2013-02-11 20:12:55.584000+00:00,103.38071,-1.33058,16.7,R,C40,UCAC3,CCD
3871,99942,,99942,2013-02-11 20:17:30.336000+00:00,103.37942,-1.32847,16.3,R,C40,UCAC3,CCD
3872,99942,,99942,2013-02-11 20:23:00.384000+00:00,103.37758,-1.32586,16.5,R,C40,UCAC3,CCD
3873,99942,,99942,2013-02-11 20:24:31.968000+00:00,103.37712,-1.32533,16.9,R,C40,UCAC3,CCD
3874,99942,,99942,2013-02-11 20:41:17.664000+00:00,103.37208,-1.31767,16.7,R,C40,UCAC3,CCD
3875,99942,,99942,2013-02-12 04:46:39.648000+00:00,103.24792,-1.09764,16.1,R,H45,UCAC4,CCD
3876,99942,,99942,2013-02-12 04:47:57.408000+00:00,103.2475,-1.09703,16.2,R,H45,UCAC4,CCD
3877,99942,,99942,2013-02-12 04:49:52.320000+00:00,103.24696,-1.09622,16.2,R,H45,UCAC4,CCD
3878,99942,,99942,2013-02-12 04:51:34.272000+00:00,103.24638,-1.09542,16.0,R,H45,UCAC4,CCD
3879,99942,,99942,2013-02-12 04:52:50.304000+00:00,103.24604,-1.09489,16.0,R,H45,UCAC4,CCD
3880,99942,,99942,2013-02-12 04:54:20.160000+00:00,103.2455,-1.09422,16.1,R,H45,UCAC4,CCD
3881,99942,,99942,2013-02-12 17:18:55.008000+00:00,103.07121,-0.76561,15.6,R,B17,UCAC4,CCD
3882,99942,,99942,2013-02-12 17:59:21.120000+00:00,103.05946,-0.74764,15.7,R,B17,UCAC4,CCD
3883,99942,,99942,2013-02-12 18:38:21.696000+00:00,103.04812,-0.73067,15.7,R,B17,UCAC4,CCD
3884,99942,,99942,2013-02-12 18:57:08.352000+00:00,103.04246,-0.72217,15.6,R,B17,UCAC4,CCD
3885,99942,,99942,2013-02-12 19:15:31.680000+00:00,103.03713,-0.71411,15.9,R,B17,UCAC4,CCD
3886,99942,,99942,2013-02-12 19:23:38.112000+00:00,103.035,-0.71089,16.0,R,089,UCAC4,CCD
3887,99942,,99942,2013-02-12 19:25:41.664000+00:00,103.03437,-0.71,16.0,R,089,UCAC4,CCD
3888,99942,,99942,2013-02-12 19:27:46.080000+00:00,103.03383,-0.70908,16.0,R,089,UCAC4,CCD
3889,99942,,99942,2013-02-12 19:29:49.632000+00:00,103.03321,-0.70817,16.0,R,089,UCAC4,CCD
3890,99942,,99942,2013-02-12 19:31:54.048000+00:00,103.03258,-0.70725,16.0,R,089,UCAC4,CCD
3891,99942,,99942,2013-02-12 19:33:57.600000+00:00,103.032,-0.70633,15.9,R,089,UCAC4,CCD
3892,99942,,99942,2013-02-12 19:36:02.016000+00:00,103.03146,-0.70547,16.2,R,089,UCAC4,CCD
3893,99942,,99942,2013-02-12 19:36:35.712000+00:00,103.031,-0.70483,16.2,R,B17,UCAC4,CCD
3894,99942,,99942,2013-02-12 19:38:05.568000+00:00,103.03083,-0.7045,15.8,R,089,UCAC4,CCD
3895,99942,,99942,2013-02-12 19:40:09.984000+00:00,103.03021,-0.70364,15.9,R,089,UCAC4,CCD
3896,99942,,99942,2013-02-12 19:42:13.536000+00:00,103.02963,-0.70269,16.4,R,089,UCAC4,CCD
3897,99942,,99942,2013-02-12 19:44:17.952000+00:00,103.029,-0.70178,15.9,R,089,UCAC4,CCD
3898,99942,,99942,2013-02-12 19:46:21.504000+00:00,103.02842,-0.70086,15.8,R,089,UCAC4,CCD
3899,99942,,99942,2013-02-12 19:48:25.920000+00:00,103.02779,-0.7,16.0,R,089,UCAC4,CCD
3900,99942,,99942,2013-02-12 19:50:29.472000+00:00,103.02721,-0.69906,15.9,R,089,UCAC4,CCD
3901,99942,,99942,2013-02-12 19:52:33.888000+00:00,103.02663,-0.69814,15.9,R,089,UCAC4,CCD
3902,99942,,99942,2013-02-12 19:54:38.304000+00:00,103.026,-0.69728,16.0,R,089,UCAC4,CCD
3903,99942,,99942,2013-02-12 19:54:47.808000+00:00,103.02583,-0.69686,15.2,R,B17,UCAC4,CCD
3904,99942,,99942,2013-02-12 19:56:41.856000+00:00,103.02542,-0.69633,15.9,R,089,UCAC4,CCD
3905,99942,,99942,2013-02-12 19:58:46.272000+00:00,103.02483,-0.69544,15.8,R,089,UCAC4,CCD
3906,99942,,99942,2013-02-12 20:00:49.824000+00:00,103.02421,-0.6945,15.9,R,089,UCAC4,CCD
3907,99942,,99942,2013-02-12 20:02:54.240000+00:00,103.02363,-0.69361,15.9,R,089,UCAC4,CCD
3908,99942,,99942,2013-02-12 20:04:57.792000+00:00,103.02304,-0.69272,15.9,R,089,UCAC4,CCD
3909,99942,,99942,2013-02-12 20:07:02.208000+00:00,103.02242,-0.69181,15.9,R,089,UCAC4,CCD
3910,99942,,99942,2013-02-12 20:09:05.760000+00:00,103.02183,-0.69089,15.9,R,089,UCAC4,CCD
3911,99942,,99942,2013-02-12 20:11:10.176000+00:00,103.02129,-0.68997,15.9,R,089,UCAC4,CCD
3912,99942,,99942,2013-02-12 20:14:45.312000+00:00,103.01992,-0.68808,15.4,R,B17,UCAC4,CCD
3913,99942,,99942,2013-02-12 20:50:38.400000+00:00,103.00962,-0.67228,15.5,R,B17,UCAC4,CCD
3914,99942,,99942,2013-02-12 21:08:29.760000+00:00,103.00454,-0.66436,15.9,R,B17,UCAC4,CCD
3915,99942,,99942,2013-02-12 21:15:08.064000+00:00,103.00871,-0.66072,15.9,R,B70,CMC14,CCD
3916,99942,,99942,2013-02-12 21:21:22.176000+00:00,103.00688,-0.65803,15.7,R,B70,CMC14,CCD
3917,99942,,99942,2013-02-12 21:27:38.016000+00:00,103.005,-0.65531,15.8,R,B70,CMC14,CCD
3918,99942,,99942,2013-02-12 21:54:29.376000+00:00,102.99162,-0.64411,15.8,R,B17,UCAC4,CCD
3919,99942,,99942,2013-02-12 22:12:38.016000+00:00,102.98667,-0.63617,15.5,R,B17,UCAC4,CCD
3920,99942,,99942,2013-02-12 22:30:25.920000+00:00,102.98183,-0.62833,15.6,R,B17,UCAC4,CCD
3921,99942,,99942,2013-02-12 22:50:38.112000+00:00,102.97642,-0.6195,15.5,R,B17,UCAC4,CCD
3922,99942,,99942,2013-02-13 06:19:46.272000+00:00,102.86671,-0.41353,16.3,R,303,USNOB1,CCD
3923,99942,,99942,2013-02-13 06:36:39.744000+00:00,102.86217,-0.40642,16.4,R,303,USNOB1,CCD
3924,99942,,99942,2013-02-13 18:17:28.896000+00:00,102.72433,-0.11247,16.4,R,089,UCAC4,CCD
3925,99942,,99942,2013-02-13 18:19:33.312000+00:00,102.72379,-0.11158,16.2,R,089,UCAC4,CCD
3926,99942,,99942,2013-02-13 18:21:36.864000+00:00,102.72325,-0.11075,16.1,R,089,UCAC4,CCD
3927,99942,,99942,2013-02-13 18:31:57.216000+00:00,102.7205,-0.10628,16.3,R,089,UCAC4,CCD
3928,99942,,99942,2013-02-13 18:34:00.768000+00:00,102.71996,-0.10533,16.2,R,089,UCAC4,CCD
3929,99942,,99942,2013-02-13 18:36:05.184000+00:00,102.71937,-0.10444,16.2,R,089,UCAC4,CCD
3930,99942,,99942,2013-02-13 18:38:08.736000+00:00,102.71883,-0.10358,16.3,R,089,UCAC4,CCD
3931,99942,,99942,2013-02-13 18:40:13.152000+00:00,102.71829,-0.10267,16.3,R,089,UCAC4,CCD
3932,99942,,99942,2013-02-13 18:42:16.704000+00:00,102.71775,-0.10178,16.4,R,089,UCAC4,CCD
3933,99942,,99942,2013-02-13 18:44:21.120000+00:00,102.71717,-0.10092,16.3,R,089,UCAC4,CCD
3934,99942,,99942,2013-02-13 18:46:24.672000+00:00,102.71662,-0.09997,16.4,R,089,UCAC4,CCD
3935,99942,,99942,2013-02-13 18:52:37.056000+00:00,102.715,-0.09736,16.3,R,089,UCAC4,CCD
3936,99942,,99942,2013-02-13 18:54:40.608000+00:00,102.71442,-0.09647,16.4,R,089,UCAC4,CCD
3937,99942,,99942,2013-02-13 19:00:52.992000+00:00,102.71279,-0.09372,16.5,R,089,UCAC4,CCD
3938,99942,,99942,2013-02-13 19:02:56.544000+00:00,102.71225,-0.09292,16.3,R,089,UCAC4,CCD
3939,99942,,99942,2013-02-13 19:05:00.960000+00:00,102.71162,-0.09197,16.3,R,089,UCAC4,CCD
3940,99942,,99942,2013-02-13 19:07:04.512000+00:00,102.71117,-0.09111,16.4,R,089,UCAC4,CCD
3941,99942,,99942,2013-02-13 19:09:08.928000+00:00,102.71058,-0.09022,16.3,R,089,UCAC4,CCD
3942,99942,,99942,2013-02-13 19:11:23.712000+00:00,102.716,-0.08822,16.2,R,B70,CMC14,CCD
3943,99942,,99942,2013-02-13 19:15:21.312000+00:00,102.70892,-0.08758,16.4,R,089,UCAC4,CCD
3944,99942,,99942,2013-02-13 19:17:24.864000+00:00,102.70833,-0.08664,16.5,R,089,UCAC4,CCD
3945,99942,,99942,2013-02-13 19:49:04.800000+00:00,102.70625,-0.072,15.7,R,B70,CMC14,CCD
3946,99942,,99942,2013-02-13 20:05:39.264000+00:00,102.69563,-0.06592,16.5,R,089,UCAC4,CCD
3947,99942,,99942,2013-02-13 20:07:42.816000+00:00,102.69504,-0.06508,16.6,R,089,UCAC4,CCD
3948,99942,,99942,2013-02-13 20:11:50.784000+00:00,102.69396,-0.06328,16.6,R,089,UCAC4,CCD
3949,99942,,99942,2013-02-13 20:15:58.752000+00:00,102.69287,-0.0615,16.7,R,089,UCAC4,CCD
3950,99942,,99942,2013-02-13 20:18:13.536000+00:00,102.69229,-0.06058,16.3,R,089,UCAC4,CCD
3951,99942,,99942,2013-02-13 20:20:17.952000+00:00,102.69175,-0.05972,16.5,R,089,UCAC4,CCD
3952,99942,,99942,2013-02-13 20:22:21.504000+00:00,102.69125,-0.05878,16.5,R,089,UCAC4,CCD
3953,99942,,99942,2013-02-13 20:24:25.920000+00:00,102.69067,-0.05789,16.5,R,089,UCAC4,CCD
3954,99942,,99942,2013-02-13 20:26:30.336000+00:00,102.69008,-0.05703,16.5,R,089,UCAC4,CCD
3955,99942,,99942,2013-02-13 20:28:37.344000+00:00,102.69554,-0.05497,16.5,R,B70,CMC14,CCD
3956,99942,,T0024D,2013-02-13 20:28:48.576000+00:00,102.69546,-0.05475,,,006,UCAC2,CCD
3957,99942,,T0024D,2013-02-13 20:32:26.304000+00:00,102.69454,-0.05333,,,006,UCAC2,CCD
3958,99942,,T0024D,2013-02-13 20:49:34.464000+00:00,102.68988,-0.04592,,,006,UCAC2,CCD
3959,99942,,99942,2013-02-14 00:30:07.488000+00:00,102.63287,0.04678,15.6,R,B04,UCAC3,CCD
3960,99942,,99942,2013-02-14 00:33:29.664000+00:00,102.63225,0.04853,16.0,R,B04,UCAC3,CCD
3961,99942,,99942,2013-02-14 00:40:26.112000+00:00,102.63033,0.05125,15.0,R,B04,UCAC3,CCD
3962,99942,,99942,2013-02-14 00:43:52.608000+00:00,102.62942,0.05264,14.9,R,B04,UCAC3,CCD
3963,99942,,99942,2013-02-14 00:49:54.624000+00:00,102.62833,0.05511,16.0,R,B04,UCAC3,CCD
3964,99942,,99942,2013-02-14 05:19:25.248000+00:00,102.57517,0.17339,16.1,R,H45,UCAC4,CCD
3965,99942,,99942,2013-02-14 05:22:03.360000+00:00,102.57446,0.1745,16.2,R,H45,UCAC4,CCD
3966,99942,,99942,2013-02-14 05:23:13.344000+00:00,102.57421,0.17503,16.2,R,H45,UCAC4,CCD
3967,99942,,99942,2013-02-14 05:24:00.864000+00:00,102.574,0.17539,16.1,R,H45,UCAC4,CCD
3968,99942,,99942,2013-02-14 05:25:37.632000+00:00,102.57358,0.17606,16.2,R,H45,UCAC4,CCD
3969,99942,,99942,2013-02-14 05:36:42.912000+00:00,102.57062,0.18078,16.2,R,H45,UCAC4,CCD
3970,99942,,99942,2013-02-14 05:38:44.736000+00:00,102.57021,0.18161,16.2,R,H45,UCAC4,CCD
3971,99942,,99942,2013-02-14 20:16:45.408000+00:00,102.40308,0.55019,16.2,R,233,USNOA1,CCD
3972,99942,,99942,2013-02-14 20:21:51.264000+00:00,102.40196,0.55222,16.0,R,233,USNOA1,CCD
3973,99942,,99942,2013-02-14 20:32:22.848000+00:00,102.39933,0.55672,15.9,R,233,USNOA1,CCD
3974,99942,,99942,2013-02-14 20:36:42.048000+00:00,102.39842,0.5585,16.1,R,233,USNOA1,CCD
3975,99942,,99942,2013-02-14 20:42:57.888000+00:00,102.39642,0.56117,16.0,R,233,USNOA1,CCD
3976,99942,,99942,2013-02-14 21:24:00.288000+00:00,102.38658,0.5785,16.9,V,C91,GSC1.1,CCD
3977,99942,,99942,2013-02-14 21:27:00+00:00,102.38604,0.57969,16.9,V,C91,GSC1.1,CCD
3978,99942,,99942,2013-02-14 21:35:00.384000+00:00,102.38408,0.583,16.9,V,C91,GSC1.1,CCD
3979,99942,,99942,2013-02-14 21:40:59.808000+00:00,102.38279,0.58569,16.9,V,C91,GSC1.1,CCD
3980,99942,,T13015,2013-02-15 18:49:32.160000+00:00,102.163,1.11075,16.6,R,C27,UCAC4,CCD
3981,99942,,T13015,2013-02-15 19:15:14.400000+00:00,102.15742,1.12131,16.7,R,C27,UCAC4,CCD
3982,99942,,T13015,2013-02-15 19:40:41.088000+00:00,102.15179,1.13172,16.7,R,C27,UCAC4,CCD
3983,99942,,99942,2013-02-15 19:55:44.832000+00:00,102.14829,1.1375,,,A05,USNOA2,CCD
3984,99942,,99942,2013-02-15 20:06:36.288000+00:00,102.14588,1.14197,,,A05,USNOA2,CCD
3985,99942,,99942,2013-02-15 20:10:54.624000+00:00,102.14496,1.14369,,,A05,USNOA2,CCD
3986,99942,,99942,2013-02-15 20:21:04.608000+00:00,102.14267,1.14786,16.67,R,A05,USNOA2,CCD
3987,99942,,99942,2013-02-16 03:43:37.920000+00:00,102.06525,1.32956,16.3,R,H45,UCAC4,CCD
3988,99942,,99942,2013-02-16 03:50:23.136000+00:00,102.06383,1.33233,16.2,R,H45,UCAC4,CCD
3989,99942,,99942,2013-02-16 03:57:57.600000+00:00,102.06212,1.33539,16.4,R,H45,UCAC4,CCD
3990,99942,,99942,2013-02-16 20:23:50.496000+00:00,101.90346,1.72697,,,168,UNK,CCD
3991,99942,,99942,2013-02-16 20:25:50.592000+00:00,101.90325,1.72744,,,168,UNK,CCD
3992,99942,,99942,2013-02-17 18:43:25.824000+00:00,101.71983,2.25294,17.1,V,168,UCAC2,CCD
3993,99942,,99942,2013-02-17 18:46:16.032000+00:00,101.71917,2.25408,16.8,V,168,UNK,CCD
3994,99942,,99942,2013-02-18 03:20:02.688000+00:00,101.65746,2.45675,16.5,R,H45,UCAC4,CCD
3995,99942,,99942,2013-02-18 03:22:07.104000+00:00,101.657,2.45758,16.5,R,H45,UCAC4,CCD
3996,99942,,99942,2013-02-18 03:23:57.696000+00:00,101.65667,2.45831,16.6,R,H45,UCAC4,CCD
3997,99942,,99942,2013-02-18 03:24:53.856000+00:00,101.65646,2.45867,16.5,R,H45,UCAC4,CCD
3998,99942,,99942,2013-02-18 03:26:15.072000+00:00,101.65625,2.45919,16.7,R,H45,UCAC4,CCD
3999,99942,,99942,2013-02-18 03:27:46.656000+00:00,101.65596,2.45975,16.7,R,H45,UCAC4,CCD
4000,99942,,99942,2013-02-18 12:06:37.008000+00:00,101.602458,2.660047,,,O44,UCAC4,CCD
4001,99942,,99942,2013-02-18 12:35:46.003000+00:00,101.597546,2.671147,,,O44,UCAC4,CCD
4002,99942,,99942,2013-02-18 12:38:01.997000+00:00,101.59715,2.67205,,,O44,UCAC4,CCD
4003,99942,,99942,2013-02-18 12:42:33.034000+00:00,101.596375,2.673733,,,O44,UCAC4,CCD
4004,99942,,99942,2013-02-18 12:44:47.990000+00:00,101.595983,2.674597,,,O44,UCAC4,CCD
4005,99942,,99942,2013-02-18 18:29:09.600000+00:00,101.54858,2.79903,16.7,V,168,UNK,CCD
4006,99942,,99942,2013-02-18 18:30:15.264000+00:00,101.54837,2.79939,16.6,V,168,UNK,CCD
4007,99942,,99942,2013-02-18 18:31:21.792000+00:00,101.54833,2.79969,16.4,V,168,UNK,CCD
4008,99942,,99942,2013-02-18 18:36:50.112000+00:00,101.54746,2.80211,16.4,V,168,UNK,CCD
4009,99942,,99942,2013-02-18 18:43:30.144000+00:00,101.54658,2.80442,16.9,V,168,UNK,CCD
4010,99942,,99942,2013-02-18 18:52:01.632000+00:00,101.54529,2.80769,16.6,R,168,UNK,CCD
4011,99942,,99942,2013-02-18 18:52:03.360000+00:00,101.54529,2.80753,16.6,V,168,UNK,CCD
4012,99942,,99942,2013-02-18 18:55:53.184000+00:00,101.54479,2.80906,16.6,R,168,UNK,CCD
4013,99942,,99942,2013-02-18 19:02:55.680000+00:00,101.54367,2.81175,16.8,R,168,UNK,CCD
4014,99942,,99942,2013-02-18 19:02:57.408000+00:00,101.54379,2.81167,17.2,V,168,UNK,CCD
4015,99942,,99942,2013-02-18 19:06:48.960000+00:00,101.54325,2.81317,17.2,V,168,UNK,CCD
4016,99942,,99942,2013-02-18 19:19:22.368000+00:00,101.54917,2.82031,16.4,R,B88,UCAC4,CCD
4017,99942,,99942,2013-02-18 19:32:13.056000+00:00,101.54713,2.82517,16.5,R,B88,UCAC4,CCD
4018,99942,,99942,2013-02-18 19:45:01.152000+00:00,101.54508,2.82997,16.5,R,B88,UCAC4,CCD
4019,99942,,99942,2013-02-18 19:55:49.152000+00:00,101.54304,2.83408,16.7,R,233,USNOA1,CCD
4020,99942,,99942,2013-02-18 19:57:46.656000+00:00,101.53625,2.83239,16.6,V,168,UNK,CCD
4021,99942,,99942,2013-02-18 19:59:07.872000+00:00,101.53604,2.83289,17.1,V,168,UNK,CCD
4022,99942,,99942,2013-02-18 20:00:13.536000+00:00,101.53592,2.83317,17.0,V,168,UNK,CCD
4023,99942,,99942,2013-02-18 20:02:09.312000+00:00,101.54204,2.83653,16.6,R,233,USNOA1,CCD
4024,99942,,99942,2013-02-18 20:02:38.688000+00:00,101.53554,2.83419,17.0,V,168,UNK,CCD
4025,99942,,99942,2013-02-18 20:09:37.728000+00:00,101.54096,2.83931,16.6,R,233,USNOA1,CCD
4026,99942,,99942,2013-02-18 20:15:00+00:00,101.53992,2.84131,17.1,V,C91,GSC1.1,CCD
4027,99942,,99942,2013-02-18 20:19:59.808000+00:00,101.53921,2.84314,17.1,V,C91,GSC1.1,CCD
4028,99942,,99942,2013-02-18 20:21:31.392000+00:00,101.53908,2.84383,16.8,R,233,USNOA1,CCD
4029,99942,,99942,2013-02-18 20:41:00.384000+00:00,101.53579,2.85114,17.1,V,C91,GSC1.1,CCD
4030,99942,,99942,2013-02-19 05:21:13.248000+00:00,101.47554,3.04797,16.5,R,H45,UCAC4,CCD
4031,99942,,99942,2013-02-19 05:22:35.328000+00:00,101.47529,3.04847,16.5,R,H45,UCAC4,CCD
4032,99942,,99942,2013-02-19 05:23:46.176000+00:00,101.47517,3.04894,16.4,R,H45,UCAC4,CCD
4033,99942,,99942,2013-02-19 05:26:00.096000+00:00,101.47487,3.04975,16.4,R,H45,UCAC4,CCD
4034,99942,,99942,2013-02-19 05:27:50.688000+00:00,101.47463,3.05044,16.3,R,H45,UCAC4,CCD
4035,99942,,99942,2013-02-19 05:29:26.592000+00:00,101.47437,3.05103,16.4,R,H45,UCAC4,CCD
4036,99942,,99942,2013-02-19 05:30:37.440000+00:00,101.47417,3.0515,16.3,R,H45,UCAC4,CCD
4037,99942,,99942,2013-02-19 05:31:56.928000+00:00,101.474,3.05197,16.3,R,H45,UCAC4,CCD
4038,99942,,,2013-02-19 20:08:30.336000+00:00,101.39912,3.375,16.9,R,586,USNOSA2,CCD
4039,99942,,,2013-02-19 20:39:14.112000+00:00,101.39492,3.38625,16.7,R,586,USNOSA2,CCD
4040,99942,,,2013-02-19 21:09:57.888000+00:00,101.39062,3.39764,16.9,R,586,USNOSA2,CCD
4041,99942,,99942,2013-02-20 15:26:45.312000+00:00,101.30358,3.79319,16.7,V,168,UNK,CCD
4042,99942,,99942,2013-02-20 15:34:45.696000+00:00,101.30271,3.79619,,,168,UNK,CCD
4043,99942,,99942,2013-02-20 16:23:05.280000+00:00,101.2975,3.81336,17.6,V,168,UNK,CCD
4044,99942,,99942,2013-02-20 17:20:05.856000+00:00,101.29113,3.83389,17.2,V,168,UNK,CCD
4045,99942,,99942,2013-02-20 17:21:21.024000+00:00,101.29113,3.83436,18.1,V,168,UNK,CCD
4046,99942,,99942,2013-02-20 17:22:35.328000+00:00,101.29104,3.83481,,,168,UNK,CCD
4047,99942,,99942,2013-02-24 03:12:25.632000+00:00,101.06771,5.51842,16.9,R,H45,UCAC4,CCD
4048,99942,,99942,2013-02-24 03:15:48.672000+00:00,101.06762,5.51953,17.0,R,H45,UCAC4,CCD
4049,99942,,99942,2013-02-24 03:19:02.208000+00:00,101.06721,5.52042,17.0,R,H45,UCAC4,CCD
4050,99942,,99942,2013-02-24 03:20:33.792000+00:00,101.06704,5.52086,17.0,R,H45,UCAC4,CCD
4051,99942,,99942,2013-02-24 03:24:47.808000+00:00,101.06687,5.52233,17.0,R,H45,UCAC4,CCD
4052,99942,,99942,2013-02-24 03:28:33.312000+00:00,101.06663,5.52344,16.9,R,H45,UCAC4,CCD
4053,99942,,99942,2013-02-24 03:43:25.824000+00:00,101.06483,5.52747,17.4,V,H21,UCAC3,CCD
4054,99942,,99942,2013-02-24 03:48:12.672000+00:00,101.06454,5.52903,17.4,V,H21,UCAC3,CCD
4055,99942,,99942,2013-02-24 03:58:36.480000+00:00,101.064,5.53239,17.4,V,H21,UCAC3,CCD
4056,99942,,99942,2013-02-25 03:10:29.165000+00:00,101.05208,5.98014,16.9,V,H21,UCAC2,CCD
4057,99942,,99942,2013-02-25 03:18:34.733000+00:00,101.05171,5.98269,17.0,V,H21,UCAC2,CCD
4058,99942,,99942,2013-02-25 03:28:26.918000+00:00,101.05125,5.98583,17.0,V,H21,UCAC2,CCD
4059,99942,,99942,2013-02-25 13:02:02.976000+00:00,101.056958,6.169536,,,O44,UCAC4,CCD
4060,99942,,99942,2013-02-25 13:04:18.019000+00:00,101.05685,6.170256,,,O44,UCAC4,CCD
4061,99942,,99942,2013-02-25 13:06:32.976000+00:00,101.056737,6.170953,,,O44,UCAC4,CCD
4062,99942,,99942,2013-02-25 13:08:48.019000+00:00,101.056625,6.171667,,,O44,UCAC4,CCD
4063,99942,,99942,2013-02-25 13:11:02.976000+00:00,101.056513,6.172383,,,O44,UCAC4,CCD
4064,99942,,99942,2013-02-25 13:13:18.970000+00:00,101.0564,6.173086,,,O44,UCAC4,CCD
4065,99942,,99942,2013-02-25 13:15:34.013000+00:00,101.056287,6.173792,,,O44,UCAC4,CCD
4066,99942,,99942,2013-02-25 13:17:48.970000+00:00,101.056179,6.1745,,,O44,UCAC4,CCD
4067,99942,,99942,2013-02-25 13:20:04.963000+00:00,101.056067,6.175208,,,O44,UCAC4,CCD
4068,99942,,99942,2013-02-25 13:22:20.006000+00:00,101.05595,6.175919,,,O44,UCAC4,CCD
4069,99942,,99942,2013-02-25 13:24:34.963000+00:00,101.05585,6.176633,,,O44,UCAC4,CCD
4070,99942,,99942,2013-02-25 13:26:51.043000+00:00,101.055729,6.177336,,,O44,UCAC4,CCD
4071,99942,,99942,2013-02-25 13:29:06+00:00,101.055621,6.178047,,,O44,UCAC4,CCD
4072,99942,,99942,2013-02-25 13:31:21.994000+00:00,101.055508,6.17875,,,O44,UCAC4,CCD
4073,99942,,99942,2013-02-26 12:10:42.038000+00:00,101.07365,6.599433,,,O44,UCAC4,CCD
4074,99942,,99942,2013-02-26 12:12:56.995000+00:00,101.073575,6.600119,,,O44,UCAC4,CCD
4075,99942,,99942,2013-02-26 12:15:12.989000+00:00,101.073504,6.600817,,,O44,UCAC4,CCD
4076,99942,,99942,2013-02-26 12:17:28.982000+00:00,101.073433,6.601506,,,O44,UCAC4,CCD
4077,99942,,99942,2013-02-26 12:19:44.976000+00:00,101.073358,6.602217,,,O44,UCAC4,CCD
4078,99942,,99942,2013-02-26 12:22:02.006000+00:00,101.073288,6.602911,,,O44,UCAC4,CCD
4079,99942,,99942,2013-02-26 12:24:16.963000+00:00,101.073217,6.603603,,,O44,UCAC4,CCD
4080,99942,,99942,2013-02-26 12:26:33.043000+00:00,101.073142,6.604297,,,O44,UCAC4,CCD
4081,99942,,99942,2013-02-26 12:28:48+00:00,101.073067,6.604992,,,O44,UCAC4,CCD
4082,99942,,99942,2013-02-26 12:31:03.994000+00:00,101.072988,6.605692,,,O44,UCAC4,CCD
4083,99942,,99942,2013-02-26 12:33:19.987000+00:00,101.072917,6.606386,,,O44,UCAC4,CCD
4084,99942,,99942,2013-02-26 12:35:35.981000+00:00,101.072842,6.607086,,,O44,UCAC4,CCD
4085,99942,,99942,2013-02-26 12:37:51.024000+00:00,101.072771,6.607781,,,O44,UCAC4,CCD
4086,99942,,99942,2013-02-26 17:34:46.358000+00:00,101.07658,6.69425,16.3,R,089,UCAC3,CCD
4087,99942,,99942,2013-02-26 17:37:25.421000+00:00,101.07654,6.69497,16.5,R,089,UCAC3,CCD
4088,99942,,99942,2013-02-26 17:40:04.397000+00:00,101.07646,6.69583,16.3,R,089,UCAC3,CCD
4089,99942,,99942,2013-02-26 17:42:43.373000+00:00,101.0765,6.69667,16.3,R,089,UCAC3,CCD
4090,99942,,99942,2013-02-26 17:45:22.435000+00:00,101.07646,6.69742,16.9,R,089,UCAC3,CCD
4091,99942,,99942,2013-02-26 17:48:01.411000+00:00,101.07633,6.69825,17.0,R,089,UCAC3,CCD
4092,99942,,99942,2013-02-26 17:50:40.474000+00:00,101.07625,6.69903,16.5,R,089,UCAC3,CCD
4093,99942,,99942,2013-02-26 17:53:19.450000+00:00,101.07625,6.69989,17.0,R,089,UCAC3,CCD
4094,99942,,99942,2013-02-26 17:55:58.426000+00:00,101.07617,6.70061,16.2,R,089,UCAC3,CCD
4095,99942,,99942,2013-02-26 17:58:37.488000+00:00,101.07612,6.70144,16.7,R,089,UCAC3,CCD
4096,99942,,99942,2013-02-26 18:01:16.464000+00:00,101.07612,6.70222,16.4,R,089,UCAC3,CCD
4097,99942,,99942,2013-02-26 18:03:55.440000+00:00,101.07608,6.70308,16.9,R,089,UCAC3,CCD
4098,99942,,99942,2013-02-26 18:06:34.416000+00:00,101.076,6.70389,16.6,R,089,UCAC3,CCD
4099,99942,,99942,2013-02-26 18:09:13.478000+00:00,101.07596,6.70469,16.7,R,089,UCAC3,CCD
4100,99942,,99942,2013-02-26 18:11:52.454000+00:00,101.07592,6.70547,16.2,R,089,UCAC3,CCD
4101,99942,,99942,2013-02-26 18:14:31.430000+00:00,101.07583,6.70631,16.4,R,089,UCAC3,CCD
4102,99942,,99942,2013-02-26 18:17:10.406000+00:00,101.07579,6.70708,15.9,R,089,UCAC3,CCD
4103,99942,,99942,2013-02-26 18:19:49.469000+00:00,101.07575,6.70797,16.3,R,089,UCAC3,CCD
4104,99942,,99942,2013-02-26 18:22:28.445000+00:00,101.07567,6.70867,16.4,R,089,UCAC3,CCD
4105,99942,,99942,2013-02-26 18:25:07.507000+00:00,101.07563,6.70947,16.7,R,089,UCAC3,CCD
4106,99942,,99942,2013-02-26 18:27:46.483000+00:00,101.07554,6.71025,16.5,R,089,UCAC3,CCD
4107,99942,,99942,2013-02-26 18:30:25.459000+00:00,101.07554,6.71106,16.4,R,089,UCAC3,CCD
4108,99942,,99942,2013-02-26 18:33:04.435000+00:00,101.07546,6.71192,16.3,R,089,UCAC3,CCD
4109,99942,,99942,2013-02-26 18:35:43.498000+00:00,101.07546,6.71272,16.3,R,089,UCAC3,CCD
4110,99942,,99942,2013-02-26 18:38:22.474000+00:00,101.07533,6.7135,16.9,R,089,UCAC3,CCD
4111,99942,,99942,2013-02-26 18:41:01.450000+00:00,101.07533,6.71428,16.2,R,089,UCAC3,CCD
4112,99942,,99942,2013-02-26 18:43:40.426000+00:00,101.07529,6.71519,16.4,R,089,UCAC3,CCD
4113,99942,,99942,2013-02-26 18:46:19.488000+00:00,101.07525,6.71592,16.6,R,089,UCAC3,CCD
4114,99942,,99942,2013-02-26 18:48:58.464000+00:00,101.07517,6.71672,16.1,R,089,UCAC3,CCD
4115,99942,,99942,2013-02-26 18:51:37.440000+00:00,101.07512,6.71756,16.3,R,089,UCAC3,CCD
4116,99942,,99942,2013-02-26 19:31:28.128000+00:00,101.07788,6.73036,17.3,R,233,USNOA1,CCD
4117,99942,,99942,2013-02-26 19:37:25.824000+00:00,101.07771,6.73214,17.3,R,233,USNOA1,CCD
4118,99942,,99942,2013-02-26 19:46:54.336000+00:00,101.07754,6.735,17.3,R,233,USNOA1,CCD
4119,99942,,99942,2013-02-26 19:55:23.232000+00:00,101.07738,6.73744,17.1,R,233,USNOA1,CCD
4120,99942,,99942,2013-02-26 20:08:07.872000+00:00,101.07708,6.74153,17.0,R,233,USNOA1,CCD
4121,99942,,99942,2013-02-27 12:05:32.986000+00:00,101.108171,7.031781,,,O44,UCAC4,CCD
4122,99942,,99942,2013-02-27 12:06:47.981000+00:00,101.108142,7.032175,,,O44,UCAC4,CCD
4123,99942,,99942,2013-02-27 12:07:13.987000+00:00,101.108142,7.032308,,,O44,UCAC4,CCD
4124,99942,,99942,2013-02-27 12:07:39.994000+00:00,101.108133,7.032436,,,O44,UCAC4,CCD
4125,99942,,99942,2013-02-27 12:08:07.037000+00:00,101.108125,7.032569,,,O44,UCAC4,CCD
4126,99942,,99942,2013-02-27 12:08:33.043000+00:00,101.108117,7.032686,,,O44,UCAC4,CCD
4127,99942,,99942,2013-02-27 12:08:58.963000+00:00,101.108113,7.032828,,,O44,UCAC4,CCD
4128,99942,,99942,2013-02-27 12:09:26.006000+00:00,101.108096,7.032961,,,O44,UCAC4,CCD
4129,99942,,99942,2013-02-27 12:11:12.019000+00:00,101.108067,7.033503,,,O44,UCAC4,CCD
4130,99942,,99942,2013-02-27 12:13:28.013000+00:00,101.108021,7.034183,,,O44,UCAC4,CCD
4131,99942,,99942,2013-02-27 12:15:45.994000+00:00,101.107988,7.034872,,,O44,UCAC4,CCD
4132,99942,,99942,2013-02-27 12:18:03.974000+00:00,101.107942,7.035561,,,O44,UCAC4,CCD
4133,99942,,99942,2013-02-27 12:20:19.968000+00:00,101.107904,7.036219,,,O44,UCAC4,CCD
4134,99942,,99942,2013-02-27 12:22:36.998000+00:00,101.107863,7.036917,,,O44,UCAC4,CCD
4135,99942,,99942,2013-02-27 12:24:54.029000+00:00,101.107825,7.037586,,,O44,UCAC4,CCD
4136,99942,,99942,2013-02-27 12:27:10.973000+00:00,101.107771,7.038269,,,O44,UCAC4,CCD
4137,99942,,99942,2013-02-27 12:29:26.966000+00:00,101.107742,7.038967,,,O44,UCAC4,CCD
4138,99942,,99942,2013-02-27 12:31:43.997000+00:00,101.107688,7.039639,,,O44,UCAC4,CCD
4139,99942,,99942,2013-02-27 12:33:59.990000+00:00,101.10765,7.040319,,,O44,UCAC4,CCD
4140,99942,,99942,2013-02-27 12:36:17.021000+00:00,101.107604,7.041008,,,O44,UCAC4,CCD
4141,99942,,99942,2013-02-27 12:38:33.965000+00:00,101.107571,7.041681,,,O44,UCAC4,CCD
4142,99942,,99942,2013-02-27 20:54:31.680000+00:00,101.11929,7.18494,17.35,R,A05,USNOA2,CCD
4143,99942,,99942,2013-02-27 21:00:44.928000+00:00,101.11925,7.18669,17.63,R,A05,USNOA2,CCD
4144,99942,,99942,2013-02-27 21:05:44.736000+00:00,101.11925,7.18822,18.01,R,A05,USNOA2,CCD
4145,99942,,99942,2013-02-27 21:11:18.240000+00:00,101.11917,7.18981,17.82,R,A05,USNOA2,CCD
4146,99942,,99942,2013-02-27 21:25:44.832000+00:00,101.11917,7.19406,18.02,R,A05,USNOA2,CCD
4147,99942,,99942,2013-02-28 02:44:14.784000+00:00,101.1335,7.28922,17.0,R,H45,UCAC4,CCD
4148,99942,,99942,2013-02-28 02:45:59.328000+00:00,101.1335,7.28964,17.0,R,H45,UCAC4,CCD
4149,99942,,99942,2013-02-28 02:48:46.080000+00:00,101.13346,7.29047,17.0,R,H45,UCAC4,CCD
4150,99942,,99942,2013-02-28 03:04:41.664000+00:00,101.13333,7.29511,17.0,R,H45,UCAC4,CCD
4151,99942,,99942,2013-02-28 03:06:52.128000+00:00,101.13329,7.29575,17.0,R,H45,UCAC4,CCD
4152,99942,,99942,2013-02-28 03:09:08.640000+00:00,101.13325,7.29642,17.0,R,H45,UCAC4,CCD
4153,99942,,99942,2013-02-28 18:24:59.904000+00:00,101.1745,7.55886,16.9,R,585,UCAC3,CCD
4154,99942,,99942,2013-02-28 18:29:09.600000+00:00,101.17446,7.56006,16.8,R,585,UCAC3,CCD
4155,99942,,99942,2013-02-28 18:31:11.424000+00:00,101.1745,7.56058,16.8,R,585,UCAC3,CCD
4156,99942,,99942,2013-02-28 18:33:12.384000+00:00,101.1745,7.56122,16.8,R,585,UCAC3,CCD
4157,99942,,99942,2013-02-28 18:35:13.344000+00:00,101.17454,7.56178,16.8,R,585,UCAC3,CCD
4158,99942,,99942,2013-02-28 18:37:43.680000+00:00,101.17454,7.56253,16.8,R,585,UCAC3,CCD
4159,99942,,99942,2013-02-28 18:39:44.640000+00:00,101.17463,7.56306,16.8,R,585,UCAC3,CCD
4160,99942,,99942,2013-02-28 18:41:45.600000+00:00,101.17463,7.56367,16.9,R,585,UCAC3,CCD
4161,99942,,99942,2013-02-28 18:43:47.424000+00:00,101.17463,7.56422,16.7,R,585,UCAC3,CCD
4162,99942,,99942,2013-03-01 03:01:26.400000+00:00,101.19888,7.70917,17.7,R,H45,UCAC4,CCD
4163,99942,,99942,2013-03-01 03:03:14.400000+00:00,101.19888,7.70964,17.8,R,H45,UCAC4,CCD
4164,99942,,99942,2013-03-01 03:05:34.368000+00:00,101.19888,7.71028,17.8,R,H45,UCAC4,CCD
4165,99942,,99942,2013-03-01 03:16:25.824000+00:00,101.19896,7.71336,17.8,R,H45,UCAC4,CCD
4166,99942,,99942,2013-03-01 03:19:01.344000+00:00,101.199,7.71411,17.8,R,H45,UCAC4,CCD
4167,99942,,99942,2013-03-01 03:20:42.432000+00:00,101.199,7.71456,17.6,R,H45,UCAC4,CCD
4168,99942,,99942,2013-03-01 12:03:16.042000+00:00,101.234329,7.863931,,,O44,UCAC4,CCD
4169,99942,,99942,2013-03-01 12:05:29.962000+00:00,101.234354,7.864547,,,O44,UCAC4,CCD
4170,99942,,99942,2013-03-01 12:07:46.042000+00:00,101.234375,7.865169,,,O44,UCAC4,CCD
4171,99942,,99942,2013-03-01 12:09:59.962000+00:00,101.234404,7.865825,,,O44,UCAC4,CCD
4172,99942,,99942,2013-03-01 12:12:13.968000+00:00,101.234417,7.866467,,,O44,UCAC4,CCD
4173,99942,,99942,2013-03-01 12:14:29.011000+00:00,101.234437,7.867117,,,O44,UCAC4,CCD
4174,99942,,99942,2013-03-01 12:16:43.968000+00:00,101.234467,7.86775,,,O44,UCAC4,CCD
4175,99942,,99942,2013-03-01 12:18:57.974000+00:00,101.234488,7.868356,,,O44,UCAC4,CCD
4176,99942,,99942,2013-03-01 12:21:13.018000+00:00,101.234517,7.868994,,,O44,UCAC4,CCD
4177,99942,,99942,2013-03-01 12:23:27.974000+00:00,101.234533,7.869681,,,O44,UCAC4,CCD
4178,99942,,99942,2013-03-01 12:25:41.981000+00:00,101.23455,7.870292,,,O44,UCAC4,CCD
4179,99942,,99942,2013-03-01 12:27:57.024000+00:00,101.234575,7.870889,,,O44,UCAC4,CCD
4180,99942,,99942,2013-03-01 12:30:11.981000+00:00,101.234592,7.87155,,,O44,UCAC4,CCD
4181,99942,,99942,2013-03-01 12:32:25.987000+00:00,101.234596,7.872181,,,O44,UCAC4,CCD
4182,99942,,99942,2013-03-01 21:59:39.552000+00:00,101.26042,8.02686,17.3,V,B04,UCAC3,CCD
4183,99942,,99942,2013-03-01 22:02:42.720000+00:00,101.26046,8.02772,17.2,V,B04,UCAC3,CCD
4184,99942,,99942,2013-03-01 22:05:46.752000+00:00,101.26063,8.02853,17.2,V,B04,UCAC3,CCD
4185,99942,,99942,2013-03-01 22:08:49.920000+00:00,101.26067,8.02933,17.1,V,B04,UCAC3,CCD
4186,99942,,99942,2013-03-02 12:07:38.006000+00:00,101.324867,8.264592,,,O44,UCAC4,CCD
4187,99942,,99942,2013-03-02 12:09:52.013000+00:00,101.324913,8.265219,,,O44,UCAC4,CCD
4188,99942,,99942,2013-03-02 12:12:06.970000+00:00,101.324971,8.265828,,,O44,UCAC4,CCD
4189,99942,,99942,2013-03-02 12:14:22.013000+00:00,101.325021,8.266439,,,O44,UCAC4,CCD
4190,99942,,99942,2013-03-02 12:16:36.970000+00:00,101.325075,8.267075,,,O44,UCAC4,CCD
4191,99942,,99942,2013-03-02 12:18:50.976000+00:00,101.325112,8.267672,,,O44,UCAC4,CCD
4192,99942,,99942,2013-03-02 12:21:06.019000+00:00,101.325171,8.268317,,,O44,UCAC4,CCD
4193,99942,,99942,2013-03-02 12:23:20.976000+00:00,101.325208,8.268886,,,O44,UCAC4,CCD
4194,99942,,99942,2013-03-02 12:25:34.982000+00:00,101.325258,8.26955,,,O44,UCAC4,CCD
4195,99942,,99942,2013-03-02 12:27:50.026000+00:00,101.325317,8.270153,,,O44,UCAC4,CCD
4196,99942,,99942,2013-03-02 12:30:04.032000+00:00,101.325375,8.270786,,,O44,UCAC4,CCD
4197,99942,,99942,2013-03-02 12:32:18.989000+00:00,101.325412,8.271392,,,O44,UCAC4,CCD
4198,99942,,99942,2013-03-02 12:34:32.995000+00:00,101.325454,8.271992,,,O44,UCAC4,CCD
4199,99942,,99942,2013-03-03 03:06:19.296000+00:00,101.38429,8.50669,17.7,R,H45,UCAC4,CCD
4200,99942,,99942,2013-03-03 03:08:13.344000+00:00,101.38433,8.50719,17.6,R,H45,UCAC4,CCD
4201,99942,,99942,2013-03-03 03:10:15.168000+00:00,101.38442,8.50769,17.6,R,H45,UCAC4,CCD
4202,99942,,99942,2013-03-03 03:11:56.256000+00:00,101.3845,8.50822,17.6,R,H45,UCAC4,CCD
4203,99942,,99942,2013-03-03 03:13:28.704000+00:00,101.38454,8.50864,17.7,R,H45,UCAC4,CCD
4204,99942,,99942,2013-03-03 18:41:11.040000+00:00,101.46292,8.75417,17.5,R,A24,USNOA2,CCD
4205,99942,,99942,2013-03-03 18:42:13.248000+00:00,101.46333,8.75406,17.2,R,A24,USNOA2,CCD
4206,99942,,99942,2013-03-04 07:32:09.686000+00:00,101.525483,8.960769,17.2,R,F65,PPMXL,CCD
4207,99942,,99942,2013-03-04 07:33:25.891000+00:00,101.52555,8.961111,17.1,R,F65,PPMXL,CCD
4208,99942,,99942,2013-03-04 07:34:43.478000+00:00,101.525579,8.961461,17.2,R,F65,PPMXL,CCD
4209,99942,,99942,2013-03-04 07:35:56.918000+00:00,101.525658,8.961739,17.2,R,F65,PPMXL,CCD
4210,99942,,99942,2013-03-04 07:37:10.531000+00:00,101.52575,8.962086,17.2,R,F65,PPMXL,CCD
4211,99942,,99942,2013-03-04 12:53:05.568000+00:00,101.55388,9.041,17.3,R,300,USNOB1,CCD
4212,99942,,99942,2013-03-04 12:56:26.016000+00:00,101.55379,9.04194,17.6,R,300,USNOB1,CCD
4213,99942,,99942,2013-03-04 12:59:46.464000+00:00,101.55404,9.04289,17.6,R,300,USNOB1,CCD
4214,99942,,99942,2013-03-04 13:03:07.776000+00:00,101.55429,9.04367,17.6,R,300,USNOB1,CCD
4215,99942,,99942,2013-03-04 13:06:28.224000+00:00,101.55442,9.04453,17.5,R,300,USNOB1,CCD
4216,99942,,99942,2013-03-04 13:09:48.672000+00:00,101.55471,9.04544,17.6,R,300,USNOB1,CCD
4217,99942,,99942,2013-03-04 13:13:08.256000+00:00,101.55483,9.04622,17.5,R,300,USNOB1,CCD
4218,99942,,99942,2013-03-04 13:16:28.704000+00:00,101.55504,9.04708,17.4,R,300,USNOB1,CCD
4219,99942,,99942,2013-03-04 13:19:49.152000+00:00,101.55542,9.04806,17.3,R,300,USNOB1,CCD
4220,99942,,99942,2013-03-04 18:26:09.974000+00:00,101.59079,9.12431,16.6,R,C01,UCAC3,CCD
4221,99942,,99942,2013-03-04 18:31:35.011000+00:00,101.59108,9.12556,16.6,R,C01,UCAC3,CCD
4222,99942,,99942,2013-03-04 18:36:59.011000+00:00,101.59146,9.12714,16.7,R,C01,UCAC3,CCD
4223,99942,,99942,2013-03-04 18:42:21.974000+00:00,101.59175,9.12858,16.7,R,C01,UCAC3,CCD
4224,99942,,99942,2013-03-04 18:47:45.024000+00:00,101.59212,9.12994,16.7,R,C01,UCAC3,CCD
4225,99942,,99942,2013-03-04 19:25:58.944000+00:00,101.595,9.14117,16.9,R,233,USNOA1,CCD
4226,99942,,99942,2013-03-04 19:33:52.416000+00:00,101.59562,9.14328,17.4,R,233,USNOA1,CCD
4227,99942,,99942,2013-03-04 19:41:55.392000+00:00,101.59587,9.14517,16.9,R,233,USNOA1,CCD
4228,99942,,99942,2013-03-04 19:47:16.800000+00:00,101.59646,9.14608,17.0,R,A24,USNOA2,CCD
4229,99942,,99942,2013-03-04 19:48:19.872000+00:00,101.59654,9.14642,17.0,R,A24,USNOA2,CCD
4230,99942,,99942,2013-03-04 20:07:04.800000+00:00,101.59763,9.15119,17.1,R,A24,USNOA2,CCD
4231,99942,,99942,2013-03-04 20:11:34.022000+00:00,101.59742,9.15131,17.0,R,C01,UCAC3,CCD
4232,99942,,99942,2013-03-04 20:16:58.973000+00:00,101.59775,9.15283,17.1,R,C01,UCAC3,CCD
4233,99942,,99942,2013-03-04 20:22:20.986000+00:00,101.598,9.15403,17.2,R,C01,UCAC3,CCD
4234,99942,,99942,2013-03-04 20:26:52.800000+00:00,101.59879,9.15628,17.7,R,A24,USNOA2,CCD
4235,99942,,99942,2013-03-04 20:26:59.712000+00:00,101.59858,9.15653,17.9,V,C91,GSC1.1,CCD
4236,99942,,99942,2013-03-04 20:27:44.986000+00:00,101.59833,9.15533,17.2,R,C01,UCAC3,CCD
4237,99942,,99942,2013-03-04 20:32:00.384000+00:00,101.59888,9.15775,17.9,V,C91,GSC1.1,CCD
4238,99942,,99942,2013-03-04 20:37:59.808000+00:00,101.59913,9.159,17.9,V,C91,GSC1.1,CCD
4239,99942,,99942,2013-03-04 20:45:38.592000+00:00,101.59975,9.16103,16.8,R,A24,USNOA2,CCD
4240,99942,,99942,2013-03-04 20:46:40.800000+00:00,101.59996,9.16139,17.5,R,A24,USNOA2,CCD
4241,99942,,99942,2013-03-04 21:06:27.072000+00:00,101.60096,9.16625,17.6,V,A48,USNOA2,CCD
4242,99942,,99942,2013-03-04 21:10:34.176000+00:00,101.60125,9.16733,17.4,V,A48,USNOA2,CCD
4243,99942,,99942,2013-03-04 21:14:40.416000+00:00,101.6015,9.16828,17.5,V,A48,USNOA2,CCD
4244,99942,,99942,2013-03-04 21:18:46.656000+00:00,101.60171,9.16936,17.7,V,A48,USNOA2,CCD
4245,99942,,99942,2013-03-05 03:08:05.568000+00:00,101.63787,9.26053,17.2,R,H45,UCAC4,CCD
4246,99942,,99942,2013-03-05 03:11:45.888000+00:00,101.63804,9.26142,17.3,R,H45,UCAC4,CCD
4247,99942,,99942,2013-03-05 03:18:05.184000+00:00,101.6385,9.263,17.4,R,H45,UCAC4,CCD
4248,99942,,99942,2013-03-05 03:22:24.384000+00:00,101.63867,9.26417,17.3,R,H45,UCAC4,CCD
4249,99942,,99942,2013-03-05 03:25:18.912000+00:00,101.63887,9.26475,17.3,R,H45,UCAC4,CCD
4250,99942,,99942,2013-03-05 03:28:26.400000+00:00,101.639,9.26558,17.5,R,H45,UCAC4,CCD
4251,99942,,99942,2013-03-05 06:02:54.182000+00:00,101.658804,9.307758,17.0,R,F65,PPMXL,CCD
4252,99942,,99942,2013-03-05 06:05:29.702000+00:00,101.658954,9.308411,16.9,R,F65,PPMXL,CCD
4253,99942,,99942,2013-03-05 10:54:14.976000+00:00,101.68796,9.37867,17.5,R,300,USNOB1,CCD
4254,99942,,99942,2013-03-05 10:56:42.720000+00:00,101.68808,9.37931,17.5,R,300,USNOB1,CCD
4255,99942,,99942,2013-03-05 10:59:02.688000+00:00,101.68825,9.37994,17.5,R,300,USNOB1,CCD
4256,99942,,99942,2013-03-05 11:01:22.656000+00:00,101.68838,9.38039,17.5,R,300,USNOB1,CCD
4257,99942,,99942,2013-03-05 11:21:24.480000+00:00,101.6895,9.38547,17.3,R,300,USNOB1,CCD
4258,99942,,99942,2013-03-05 11:23:45.312000+00:00,101.68967,9.38597,17.3,R,300,USNOB1,CCD
4259,99942,,99942,2013-03-05 11:26:05.280000+00:00,101.68983,9.38664,17.5,R,300,USNOB1,CCD
4260,99942,,99942,2013-03-05 11:28:25.248000+00:00,101.69,9.38725,17.5,R,300,USNOB1,CCD
4261,99942,,99942,2013-03-05 11:30:46.080000+00:00,101.69012,9.38783,17.5,R,300,USNOB1,CCD
4262,99942,,99942,2013-03-05 11:33:06.912000+00:00,101.69029,9.38847,17.5,R,300,USNOB1,CCD
4263,99942,,99942,2013-03-05 11:35:27.744000+00:00,101.69038,9.38903,17.5,R,300,USNOB1,CCD
4264,99942,,99942,2013-03-05 11:37:47.712000+00:00,101.69058,9.38964,17.5,R,300,USNOB1,CCD
4265,99942,,99942,2013-03-05 11:40:08.544000+00:00,101.69067,9.39025,17.4,R,300,USNOB1,CCD
4266,99942,,99942,2013-03-05 11:42:28.512000+00:00,101.69087,9.39089,17.4,R,300,USNOB1,CCD
4267,99942,,99942,2013-03-05 20:41:39.005000+00:00,101.74617,9.52297,16.6,R,C01,UCAC3,CCD
4268,99942,,99942,2013-03-05 20:47:03.005000+00:00,101.74662,9.52428,16.7,R,C01,UCAC3,CCD
4269,99942,,99942,2013-03-05 20:52:25.968000+00:00,101.747,9.52553,16.7,R,C01,UCAC3,CCD
4270,99942,,99942,2013-03-05 20:57:49.968000+00:00,101.74746,9.52689,16.7,R,C01,UCAC3,CCD
4271,99942,,99942,2013-03-05 21:03:13.018000+00:00,101.74779,9.52825,16.7,R,C01,UCAC3,CCD
4272,99942,,99942,2013-03-05 21:29:13.056000+00:00,101.74842,9.53461,17.0,R,585,UCAC3,CCD
4273,99942,,99942,2013-03-05 21:31:14.016000+00:00,101.7485,9.53494,17.0,R,585,UCAC3,CCD
4274,99942,,99942,2013-03-05 21:37:41.952000+00:00,101.74908,9.53661,17.1,R,585,UCAC3,CCD
4275,99942,,99942,2013-03-05 21:39:43.776000+00:00,101.74925,9.53703,17.3,R,585,UCAC3,CCD
4276,99942,,99942,2013-03-05 21:41:44.736000+00:00,101.74942,9.53761,17.1,R,585,UCAC3,CCD
4277,99942,,99942,2013-03-05 21:43:45.696000+00:00,101.74962,9.53808,17.1,R,585,UCAC3,CCD
4278,99942,,99942,2013-03-05 21:45:46.656000+00:00,101.74975,9.53867,17.0,R,585,UCAC3,CCD
4279,99942,,99942,2013-03-05 21:51:51.264000+00:00,101.75029,9.54008,17.0,R,585,UCAC3,CCD
4280,99942,,99942,2013-03-05 21:53:52.224000+00:00,101.75046,9.54058,17.2,R,585,UCAC3,CCD
4281,99942,,99942,2013-03-05 21:55:53.184000+00:00,101.75071,9.54097,17.1,R,585,UCAC3,CCD
4282,99942,,99942,2013-03-05 21:59:55.968000+00:00,101.75117,9.54217,16.8,R,585,UCAC3,CCD
4283,99942,,99942,2013-03-05 22:01:56.928000+00:00,101.75138,9.54258,16.7,R,585,UCAC3,CCD
4284,99942,,99942,2013-03-05 22:03:57.888000+00:00,101.75158,9.54303,16.8,R,585,UCAC3,CCD
4285,99942,,99942,2013-03-06 17:52:40.224000+00:00,101.892,9.83622,17.1,R,585,UCAC3,CCD
4286,99942,,99942,2013-03-06 17:54:41.184000+00:00,101.892,9.83669,17.2,R,585,UCAC3,CCD
4287,99942,,99942,2013-03-06 17:56:42.144000+00:00,101.89225,9.83717,17.0,R,585,UCAC3,CCD
4288,99942,,99942,2013-03-06 18:00:44.064000+00:00,101.89258,9.83814,17.0,R,585,UCAC3,CCD
4289,99942,,99942,2013-03-06 18:02:45.888000+00:00,101.89271,9.83869,17.1,R,585,UCAC3,CCD
4290,99942,,99942,2013-03-06 18:04:46.848000+00:00,101.89288,9.83914,17.0,R,585,UCAC3,CCD
4291,99942,,99942,2013-03-06 18:08:48.768000+00:00,101.89321,9.84019,17.2,R,585,UCAC3,CCD
4292,99942,,99942,2013-03-06 18:10:50.592000+00:00,101.89338,9.84067,16.7,R,585,UCAC3,CCD
4293,99942,,99942,2013-03-06 18:19:22.080000+00:00,101.89408,9.84269,16.8,R,585,UCAC3,CCD
4294,99942,,99942,2013-03-06 18:21:23.040000+00:00,101.89429,9.84314,16.8,R,585,UCAC3,CCD
4295,99942,,99942,2013-03-06 18:23:24+00:00,101.8945,9.84372,17.0,R,585,UCAC3,CCD
4296,99942,,99942,2013-03-07 05:33:35.338000+00:00,101.977671,10.010917,16.8,R,F65,PPMXL,CCD
4297,99942,,99942,2013-03-07 05:36:08.698000+00:00,101.977867,10.011528,16.8,R,F65,PPMXL,CCD
4298,99942,,99942,2013-03-08 03:29:06.144000+00:00,102.13858,10.31961,18.0,R,H45,UCAC4,CCD
4299,99942,,99942,2013-03-08 03:31:32.160000+00:00,102.13887,10.32019,17.9,R,H45,UCAC4,CCD
4300,99942,,99942,2013-03-08 03:33:20.160000+00:00,102.139,10.32067,18.0,R,H45,UCAC4,CCD
4301,99942,,99942,2013-03-08 03:35:10.752000+00:00,102.13917,10.32103,17.9,R,H45,UCAC4,CCD
4302,99942,,99942,2013-03-08 03:36:52.704000+00:00,102.13933,10.32142,17.9,R,H45,UCAC4,CCD
4303,99942,,99942,2013-03-08 03:38:43.296000+00:00,102.13958,10.32189,17.9,R,H45,UCAC4,CCD
4304,99942,,99942,2013-03-08 07:03:27.130000+00:00,102.168175,10.372517,17.4,R,F65,PPMXL,CCD
4305,99942,,99942,2013-03-08 07:06:06.883000+00:00,102.1684,10.373133,17.4,R,F65,PPMXL,CCD
4306,99942,,99942,2013-03-10 19:20:39.264000+00:00,102.69504,11.18144,17.1,R,A24,USNOA2,CCD
4307,99942,,99942,2013-03-10 19:22:43.680000+00:00,102.69537,11.18197,17.2,R,A24,USNOA2,CCD
4308,99942,,99942,2013-03-10 19:41:25.152000+00:00,102.69767,11.18594,17.2,R,A24,USNOA2,CCD
4309,99942,,99942,2013-03-10 20:03:23.616000+00:00,102.70037,11.19075,17.4,R,A24,USNOA2,CCD
4310,99942,,99942,2013-03-10 20:21:23.616000+00:00,102.70258,11.19458,17.2,R,A24,USNOA2,CCD
4311,99942,,99942,2013-03-10 20:23:15.936000+00:00,102.70054,11.19539,17.6,R,071,USNOB1,CCD
4312,99942,,99942,2013-03-10 20:23:28.896000+00:00,102.70287,11.19506,17.4,R,A24,USNOA2,CCD
4313,99942,,99942,2013-03-10 20:26:17.376000+00:00,102.70087,11.19606,17.4,R,071,USNOB1,CCD
4314,99942,,99942,2013-03-10 20:29:17.952000+00:00,102.70133,11.19672,17.3,R,071,USNOB1,CCD
4315,99942,,99942,2013-03-10 20:32:20.256000+00:00,102.70163,11.19731,17.5,R,071,USNOB1,CCD
4316,99942,,99942,2013-03-10 20:35:20.832000+00:00,102.70208,11.19803,17.6,R,071,USNOB1,CCD
4317,99942,,99942,2013-03-12 22:36:29.664000+00:00,103.201,11.82867,17.3,R,071,USNOB1,CCD
4318,99942,,99942,2013-03-12 22:39:43.200000+00:00,103.20154,11.82928,17.3,R,071,USNOB1,CCD
4319,99942,,99942,2013-03-12 22:46:17.184000+00:00,103.20258,11.83072,17.8,R,071,USNOB1,CCD
4320,99942,,99942,2013-03-12 22:49:28.128000+00:00,103.20321,11.83144,17.3,R,071,USNOB1,CCD
4321,99942,,99942,2013-03-12 22:55:51.744000+00:00,103.20404,11.83242,17.2,R,071,USNOB1,CCD
4322,99942,,99942,2013-03-12 23:02:17.952000+00:00,103.20542,11.83392,17.5,R,071,USNOB1,CCD
4323,99942,,99942,2013-03-13 18:35:36.672000+00:00,103.42242,12.07175,17.4,R,071,USNOB1,CCD
4324,99942,,99942,2013-03-13 18:38:49.344000+00:00,103.42312,12.07247,17.7,R,071,USNOB1,CCD
4325,99942,,99942,2013-03-13 18:42:00.288000+00:00,103.42367,12.07286,18.1,R,071,USNOB1,CCD
4326,99942,,99942,2013-03-13 18:45:20.736000+00:00,103.42412,12.07358,17.8,R,071,USNOB1,CCD
4327,99942,,99942,2013-03-13 18:48:35.136000+00:00,103.42454,12.07425,18.6,R,071,USNOB1,CCD
4328,99942,,99942,2013-03-13 18:55:03.936000+00:00,103.42554,12.07547,17.7,R,071,USNOB1,CCD
4329,99942,,99942,2013-03-13 18:58:14.880000+00:00,103.42604,12.07622,17.7,R,071,USNOB1,CCD
4330,99942,,99942,2013-03-13 19:11:15.936000+00:00,103.42808,12.07897,17.8,R,071,USNOB1,CCD
4331,99942,,99942,2013-03-13 19:14:26.880000+00:00,103.42858,12.0795,18.1,R,071,USNOB1,CCD
4332,99942,,99942,2013-03-13 19:17:37.824000+00:00,103.429,12.08003,17.9,R,071,USNOB1,CCD
4333,99942,,99942,2013-03-13 19:20:48.768000+00:00,103.42992,12.08075,18.2,R,071,USNOB1,CCD
4334,99942,,99942,2013-03-13 19:23:59.712000+00:00,103.43008,12.08128,18.1,R,071,USNOB1,CCD
4335,99942,,99942,2013-03-13 19:40:40.224000+00:00,103.43246,12.08458,18.1,R,071,USNOB1,CCD
4336,99942,,99942,2013-03-13 19:53:15.360000+00:00,103.43442,12.08703,18.1,R,071,USNOB1,CCD
4337,99942,,99942,2013-03-13 19:56:27.168000+00:00,103.43492,12.08764,18.2,R,071,USNOB1,CCD
4338,99942,,99942,2013-03-13 19:59:38.976000+00:00,103.43537,12.08833,18.1,R,071,USNOB1,CCD
4339,99942,,99942,2013-03-13 20:02:49.920000+00:00,103.43571,12.08869,18.0,R,071,USNOB1,CCD
4340,99942,,99942,2013-03-13 20:06:00.864000+00:00,103.43637,12.0895,18.1,R,071,USNOB1,CCD
4341,99942,,99942,2013-03-13 20:07:20.352000+00:00,103.43537,12.08692,,,168,UNK,CCD
4342,99942,,99942,2013-03-14 06:30:43.776000+00:00,103.54829,12.21311,18.0,R,H45,UCAC4,CCD
4343,99942,,99942,2013-03-14 06:32:16.224000+00:00,103.54879,12.21333,18.3,R,H45,UCAC4,CCD
4344,99942,,99942,2013-03-14 06:34:29.280000+00:00,103.54913,12.21375,18.0,R,H45,UCAC4,CCD
4345,99942,,99942,2013-03-14 06:36:20.736000+00:00,103.54942,12.21422,18.2,R,H45,UCAC4,CCD
4346,99942,,99942,2013-03-14 06:38:12.192000+00:00,103.54988,12.21447,18.1,R,H45,UCAC4,CCD
4347,99942,,99942,2013-03-14 06:39:28.224000+00:00,103.54996,12.21475,18.2,R,H45,UCAC4,CCD
4348,99942,,99942,2013-03-14 17:21:35.712000+00:00,103.67717,12.33822,17.9,V,168,UNK,CCD
4349,99942,,99942,2013-03-14 18:43:40.512000+00:00,103.69133,12.35369,17.9,V,168,UNK,CCD
4350,99942,,99942,2013-03-14 18:48:50.688000+00:00,103.69221,12.35464,17.9,V,168,UNK,CCD
4351,99942,,99942,2013-03-14 19:27:35.712000+00:00,103.70304,12.36447,17.3,R,B88,UCAC4,CCD
4352,99942,,99942,2013-03-14 19:58:30.720000+00:00,103.70458,12.36772,,,168,UNK,CCD
4353,99942,,99942,2013-03-14 20:09:37.728000+00:00,103.70975,12.37253,18.0,R,B88,UCAC4,CCD
4354,99942,,99942,2013-03-14 20:41:06.432000+00:00,103.71496,12.37842,17.1,R,B88,UCAC4,CCD
4355,99942,,99942,2013-03-15 20:30:05.472000+00:00,103.99525,12.65081,18.8,R,B88,UCAC4,CCD
4356,99942,,99942,2013-03-15 20:41:09.024000+00:00,103.99729,12.65286,18.6,R,B88,UCAC4,CCD
4357,99942,,99942,2013-03-15 21:20:39.840000+00:00,104.00367,12.66006,18.8,R,B88,UCAC4,CCD
4358,99942,,99942,2013-03-16 11:19:02.784000+00:00,104.176,12.81783,18.3,R,300,USNOB1,CCD
4359,99942,,99942,2013-03-16 11:21:36.576000+00:00,104.17663,12.81842,18.2,R,300,USNOB1,CCD
4360,99942,,99942,2013-03-16 11:23:58.272000+00:00,104.177,12.81894,18.3,R,300,USNOB1,CCD
4361,99942,,99942,2013-03-16 11:26:20.832000+00:00,104.1775,12.81933,18.4,R,300,USNOB1,CCD
4362,99942,,99942,2013-03-16 11:28:44.256000+00:00,104.17783,12.81964,18.2,R,300,USNOB1,CCD
4363,99942,,99942,2013-03-16 11:31:06.816000+00:00,104.17829,12.82025,18.1,R,300,USNOB1,CCD
4364,99942,,99942,2013-03-16 11:33:29.376000+00:00,104.17867,12.82064,18.1,R,300,USNOB1,CCD
4365,99942,,99942,2013-03-16 11:35:51.936000+00:00,104.17908,12.821,18.1,R,300,USNOB1,CCD
4366,99942,,99942,2013-03-17 02:04:49.152000+00:00,104.36008,12.97989,18.8,R,H45,UCAC4,CCD
4367,99942,,99942,2013-03-17 02:07:33.312000+00:00,104.36062,12.98036,18.7,R,H45,UCAC4,CCD
4368,99942,,99942,2013-03-17 02:09:21.312000+00:00,104.36075,12.98081,18.7,R,H45,UCAC4,CCD
4369,99942,,99942,2013-03-17 02:10:34.752000+00:00,104.36104,12.98092,18.5,R,H45,UCAC4,CCD
4370,99942,,99942,2013-03-17 02:12:03.744000+00:00,104.36133,12.98125,18.6,R,H45,UCAC4,CCD
4371,99942,,99942,2013-03-17 02:13:45.696000+00:00,104.36163,12.98156,18.7,R,H45,UCAC4,CCD
4372,99942,,99942,2013-03-18 08:04:07.680000+00:00,104.7398,13.302378,18.4,R,F65,PPMXL,CCD
4373,99942,,99942,2013-03-18 08:07:08.083000+00:00,104.740342,13.302878,18.3,R,F65,PPMXL,CCD
4374,99942,,99942,2013-03-20 02:18:53.280000+00:00,105.31012,13.73167,18.5,V,H21,UCAC3,CCD
4375,99942,,99942,2013-03-20 02:31:39.648000+00:00,105.31262,13.73369,18.6,V,H21,UCAC3,CCD
4376,99942,,99942,2013-03-20 02:38:07.584000+00:00,105.31392,13.73478,18.5,V,H21,UCAC3,CCD
4377,99942,,99942,2013-03-20 02:44:35.520000+00:00,105.31521,13.73583,18.6,V,H21,UCAC3,CCD
4378,99942,,99942,2013-03-22 02:57:32.688000+00:00,105.99683,14.20244,18.8,V,H21,UCAC3,CCD
4379,99942,,99942,2013-03-22 03:10:13.440000+00:00,105.9995,14.20431,18.7,V,H21,UCAC3,CCD
4380,99942,,99942,2013-03-22 03:16:32.650000+00:00,106.00087,14.20533,18.7,V,H21,UCAC3,CCD
4381,99942,,99942,2013-03-22 03:22:51.946000+00:00,106.00225,14.20628,18.7,V,H21,UCAC3,CCD
4382,99942,,99942,2013-03-28 01:50:21.350000+00:00,108.20513,15.43519,18.5,V,H21,UCAC3,CCD
4383,99942,,99942,2013-03-28 01:56:29.587000+00:00,108.20663,15.43592,18.4,V,H21,UCAC3,CCD
4384,99942,,99942,2013-03-28 02:02:50.784000+00:00,108.20812,15.43678,18.2,V,H21,UCAC3,CCD
4385,99942,,99942,2013-03-28 02:08:58.762000+00:00,108.20963,15.43753,18.4,V,H21,UCAC3,CCD
4386,99942,,kapophi,2013-03-31 01:09:32.256000+00:00,109.393,15.97311,,,924,USNOB1,CCD
4387,99942,,kapophi,2013-03-31 01:10:47.424000+00:00,109.3935,15.97339,,,924,USNOB1,CCD
4388,99942,,kapophi,2013-03-31 01:12:01.728000+00:00,109.39363,15.97356,,,924,USNOB1,CCD
4389,99942,,kapophi,2013-03-31 01:15:46.368000+00:00,109.39479,15.97408,,,924,USNOB1,CCD
4390,99942,,kapophi,2013-03-31 01:19:32.736000+00:00,109.39562,15.97428,,,924,USNOB1,CCD
4391,99942,,kapophi,2013-03-31 01:22:02.208000+00:00,109.39646,15.97489,,,924,USNOB1,CCD
4392,99942,,kapophi,2013-03-31 01:23:18.240000+00:00,109.39658,15.97481,,,924,USNOB1,CCD
4393,99942,,kapophi,2013-03-31 01:27:02.016000+00:00,109.39762,15.97561,,,924,USNOB1,CCD
4394,99942,,99942,2013-04-01 02:41:04.704000+00:00,109.82983,16.15628,18.6,R,H45,UCAC4,CCD
4395,99942,,99942,2013-04-01 02:43:18.624000+00:00,109.83038,16.15653,18.6,R,H45,UCAC4,CCD
4396,99942,,99942,2013-04-01 02:45:09.216000+00:00,109.83096,16.15667,18.8,R,H45,UCAC4,CCD
4397,99942,,99942,2013-04-01 02:46:39.072000+00:00,109.8315,16.15697,18.6,R,H45,UCAC4,CCD
4398,99942,,99942,2013-04-01 02:49:01.632000+00:00,109.83183,16.15711,18.7,R,H45,UCAC4,CCD
4399,99942,,99942,2013-04-01 02:50:06.432000+00:00,109.83221,16.15731,18.8,R,H45,UCAC4,CCD
4400,99942,,99942,2013-04-01 02:51:35.424000+00:00,109.83262,16.15747,18.8,R,H45,UCAC4,CCD
4401,99942,,99942,2013-04-01 02:52:44.544000+00:00,109.83292,16.15764,18.8,R,H45,UCAC4,CCD
4402,99942,,99942,2013-04-04 07:04:52.061000+00:00,111.173567,16.668056,18.1,R,F65,PPMXL,CCD
4403,99942,,99942,2013-04-04 07:08:23.482000+00:00,111.174508,16.668403,18.1,R,F65,PPMXL,CCD
4404,99942,,99942,2013-04-05 07:05:21.610000+00:00,111.606354,16.818156,18.7,R,F65,PPMXL,CCD
4405,99942,,99942,2013-04-05 07:08:34.800000+00:00,111.607221,16.818464,18.6,R,F65,PPMXL,CCD
4406,99942,,99942,2013-04-05 20:38:42.144000+00:00,111.85537,16.9,18.6,R,950,UCAC4,CCD
4407,99942,,99942,2013-04-05 20:40:29.280000+00:00,111.85583,16.90017,18.6,R,950,UCAC4,CCD
4408,99942,,99942,2013-04-05 20:42:16.416000+00:00,111.85629,16.90033,18.6,R,950,UCAC4,CCD
4409,99942,,99942,2013-04-05 20:44:02.688000+00:00,111.85679,16.90053,18.6,R,950,UCAC4,CCD
4410,99942,,99942,2013-04-05 20:45:50.688000+00:00,111.85729,16.90069,18.6,R,950,UCAC4,CCD
4411,99942,,99942,2013-04-05 20:47:36.960000+00:00,111.85775,16.90086,18.6,R,950,UCAC4,CCD
4412,99942,,99942,2013-04-05 20:49:24.096000+00:00,111.85825,16.90106,18.6,R,950,UCAC4,CCD
4413,99942,,99942,2013-04-08 06:06:58.349000+00:00,112.915196,17.235931,19.2,R,F65,PPMXL,CCD
4414,99942,,99942,2013-04-08 06:08:39.350000+00:00,112.915721,17.235903,18.8,R,F65,PPMXL,CCD
4415,99942,,99942,2013-04-10 20:13:58.656000+00:00,114.08679,17.56622,19.5,R,B04,NOMAD,CCD
4416,99942,,99942,2013-04-10 20:31:51.744000+00:00,114.09217,17.568,18.1,R,B04,NOMAD,CCD
4417,99942,,99942,2013-04-10 20:44:41.568000+00:00,114.096,17.56872,19.6,R,B04,NOMAD,CCD
4418,99942,,99942,2013-04-10 21:02:33.792000+00:00,114.10154,17.57011,19.7,R,B04,NOMAD,CCD
4419,99942,,99942,2013-04-12 07:04:35.213000+00:00,114.753975,17.744964,18.5,R,F65,PPMXL,CCD
4420,99942,,99942,2013-04-12 07:07:38.381000+00:00,114.754867,17.745172,18.4,R,F65,PPMXL,CCD
4421,99942,,99942,2013-04-12 19:41:57.984000+00:00,114.99942,17.80358,19.1,R,B88,UCAC3,CCD
4422,99942,,99942,2013-04-12 20:18:01.440000+00:00,115.01042,17.80611,18.8,R,B88,UCAC3,CCD
4423,99942,,99942,2013-04-12 21:05:21.408000+00:00,115.02421,17.80956,17.8,R,B88,UCAC3,CCD
4424,99942,,99942,2013-04-14 19:43:02.784000+00:00,115.934,18.02814,17.8,R,B88,UCAC3,CCD
4425,99942,,99942,2013-04-14 20:17:36.384000+00:00,115.94463,18.03056,18.3,R,B88,UCAC3,CCD
4426,99942,,99942,2013-04-14 20:28:20.064000+00:00,115.94979,18.03372,18.5,R,950,UCAC4,CCD
4427,99942,,99942,2013-04-14 20:30:06.336000+00:00,115.95033,18.03386,18.4,R,950,UCAC4,CCD
4428,99942,,99942,2013-04-14 20:31:51.744000+00:00,115.95083,18.03403,18.4,R,950,UCAC4,CCD
4429,99942,,99942,2013-04-14 20:52:09.120000+00:00,115.9555,18.03306,17.8,R,B88,UCAC3,CCD
4430,99942,,UG0002C,2013-04-15 03:15:00.288000+00:00,116.08183,18.06361,19.3,V,703,UCAC3,CCD
4431,99942,,UG0002C,2013-04-15 03:35:58.272000+00:00,116.088,18.06531,19.2,V,703,UCAC3,CCD
4432,99942,,UG0002C,2013-04-15 03:46:29.856000+00:00,116.09129,18.06589,19.0,V,703,UCAC3,CCD
4433,99942,,99942,2013-04-19 07:03:37.670000+00:00,118.055625,18.483133,19.1,R,F65,PPMXL,CCD
4434,99942,,99942,2013-04-19 07:06:33.840000+00:00,118.056633,18.483175,19.2,R,F65,PPMXL,CCD
4435,99942,,99942,2013-04-26 01:46:48.288000+00:00,121.32067,19.056,19.9,V,H21,UCAC3,CCD
4436,99942,,99942,2013-04-26 01:52:43.392000+00:00,121.32258,19.05625,20.0,V,H21,UCAC3,CCD
4437,99942,,99942,2013-04-26 01:58:24.672000+00:00,121.32442,19.0565,20.1,V,H21,UCAC3,CCD
4438,99942,,UH05FB3,2013-04-30 03:30:48.960000+00:00,123.2775,19.35269,19.4,V,703,UCAC3,CCD
4439,99942,,UH05FB3,2013-04-30 03:39:44.640000+00:00,123.28033,19.35333,18.9,V,703,UCAC3,CCD
4440,99942,,UH05FB3,2013-04-30 03:48:37.728000+00:00,123.28317,19.35311,19.2,V,703,UCAC3,CCD
4441,99942,,UJ0A9ED,2013-05-07 03:10:35.904000+00:00,126.588,19.79989,19.1,V,703,UCAC3,CCD
4442,99942,,UJ0A9ED,2013-05-07 03:18:39.744000+00:00,126.59025,19.80025,19.3,V,703,UCAC3,CCD
4443,99942,,UJ0A9ED,2013-05-07 03:26:46.176000+00:00,126.59279,19.80075,19.1,V,703,UCAC3,CCD
4444,99942,,UJ0A9ED,2013-05-07 03:34:50.016000+00:00,126.59533,19.80086,19.2,V,703,UCAC3,CCD
4445,99942,,P10795N,2013-05-09 06:47:31.200000+00:00,127.583858,19.929381,19.0,w,F51,2MASS,CCD
4446,99942,,P10795N,2013-05-09 06:53:12.480000+00:00,127.585546,19.929569,19.1,w,F51,2MASS,CCD
4447,99942,,P10795N,2013-05-09 06:58:54.624000+00:00,127.587258,19.929761,19.0,w,F51,2MASS,CCD
4448,99942,,P10795N,2013-05-09 07:04:35.904000+00:00,127.588963,19.929947,19.1,w,F51,2MASS,CCD
4449,99942,,99942,2013-05-27 06:13:33.197000+00:00,134.955062,21.132719,19.2,R,F65,PPMXL,CCD
4450,99942,,99942,2013-05-27 06:15:22.061000+00:00,134.955262,21.132792,19.7,R,F65,PPMXL,CCD
4451,99942,,99942,2014-01-13 08:00:25.632000+00:00,206.97796,-16.17544,21.2,V,807,UCAC3,CCD
4452,99942,,99942,2014-01-13 08:10:16.608000+00:00,206.98325,-16.17736,20.9,V,807,UCAC3,CCD
4453,99942,,99942,2014-01-13 08:20:23.136000+00:00,206.98871,-16.17933,21.2,V,807,UCAC3,CCD
4454,99942,,P10agpF,2014-02-26 15:13:08.832000+00:00,249.958533,-24.991864,19.5,z,F51,2MASS,CCD
4455,99942,,P10agpF,2014-02-26 15:19:10.848000+00:00,249.963475,-24.992208,19.4,z,F51,2MASS,CCD
4456,99942,,P10agpF,2014-02-26 15:25:12.864000+00:00,249.96845,-24.992506,19.4,z,F51,2MASS,CCD
4457,99942,,P10agpF,2014-02-26 15:31:14.880000+00:00,249.973433,-24.992736,19.4,z,F51,2MASS,CCD
4458,99942,,99942,2015-01-03 05:37:07.104000+00:00,220.755,-17.46022,21.6,R,586,UCAC4,CCD
4459,99942,,99942,2015-01-03 05:46:16.608000+00:00,220.76096,-17.46172,21.5,R,586,UCAC4,CCD
4460,99942,,99942,2015-01-03 05:53:57.120000+00:00,220.76592,-17.46308,21.5,R,586,UCAC4,CCD
4461,99942,,99942,2015-01-03 06:02:52.800000+00:00,220.77175,-17.46469,21.7,R,586,UCAC4,CCD
4462,99942,,99942,2015-01-03 06:11:09.600000+00:00,220.77717,-17.46617,21.3,R,586,UCAC4,CCD
4463,99942,,99942,2015-01-03 06:18:50.112000+00:00,220.78217,-17.46756,21.3,R,586,UCAC4,CCD
4464,99942,,99942,2019-02-04 20:37:00.883000+00:00,7.123033,1.067572,21.0,G,J04,Gaia2,CCD
4465,99942,,99942,2019-02-04 21:00:05.184000+00:00,7.141242,1.074539,21.3,G,J04,Gaia2,CCD
4466,99942,,99942,2020-01-08 18:41:42.749000+00:00,2.67667,-5.32397,19.7,G,C95,UCAC4,CCD
4467,99942,,99942,2020-01-08 19:11:52.397000+00:00,2.70412,-5.31311,19.4,G,C95,UCAC4,CCD
4468,99942,,99942,2020-01-22 18:13:40.800000+00:00,20.54821,1.41069,19.6,R,511,Gaia2,CCD
4469,99942,,99942,2020-01-22 18:17:20.256000+00:00,20.55138,1.41192,19.5,R,511,Gaia2,CCD
4470,99942,,99942,2020-01-22 18:20:43.296000+00:00,20.55413,1.41303,20.5,R,511,Gaia2,CCD
4471,99942,,99942,2020-01-22 18:24:05.472000+00:00,20.55679,1.41408,19.4,R,511,Gaia2,CCD
4472,99942,,99942,2020-01-22 18:33:33.984000+00:00,20.56467,1.41706,19.5,R,511,Gaia2,CCD
4473,99942,,99942,2020-01-22 18:36:57.024000+00:00,20.56771,1.41825,19.3,R,511,Gaia2,CCD
4474,99942,,99942,2020-01-22 18:40:20.064000+00:00,20.57029,1.41919,19.4,R,511,Gaia2,CCD
4475,99942,,99942,2020-01-22 18:43:42.240000+00:00,20.57313,1.42036,19.5,R,511,Gaia2,CCD
4476,99942,,99942,2020-01-22 18:47:05.280000+00:00,20.57596,1.42147,19.4,R,511,Gaia2,CCD
4477,99942,,99942,2020-02-07 18:58:27.840000+00:00,38.87075,8.12308,19.5,R,586,Gaia2,CCD
4478,99942,,99942,2020-02-07 19:14:43.296000+00:00,38.88279,8.12733,19.4,R,586,Gaia2,CCD
4479,99942,,99942,2020-02-07 19:32:43.296000+00:00,38.896,8.13194,20.2,R,586,Gaia2,CCD
4480,99942,,99942,2020-02-07 19:44:32.640000+00:00,38.90475,8.13492,19.4,R,586,Gaia2,CCD
4481,99942,,99942,2020-02-07 19:58:03.072000+00:00,38.91458,8.13839,19.7,R,586,Gaia2,CCD
4482,99942,,99942,2020-02-07 20:07:09.120000+00:00,38.92108,8.14075,20.1,R,586,Gaia2,CCD
4483,99942,,99942,2020-02-07 20:13:18.048000+00:00,38.92571,8.14236,19.8,R,586,Gaia2,CCD
4484,99942,,99942,2020-02-07 20:17:39.840000+00:00,38.929,8.14344,19.5,R,586,Gaia2,CCD
4485,99942,,99942,2020-02-07 20:22:43.104000+00:00,38.93279,8.14472,19.5,R,586,Gaia2,CCD
4486,99942,,99942,2020-02-18 19:30:18.144000+00:00,50.31354,11.82842,18.8,R,586,Gaia2,CCD
4487,99942,,99942,2020-02-18 19:34:25.248000+00:00,50.31638,11.82928,18.8,R,586,Gaia2,CCD
4488,99942,,99942,2020-02-18 19:38:30.624000+00:00,50.31921,11.83014,18.6,R,586,Gaia2,CCD
4489,99942,,99942,2020-02-18 19:42:36.864000+00:00,50.322,11.83097,18.6,R,586,Gaia2,CCD
4490,99942,,99942,2020-02-18 19:46:43.104000+00:00,50.32475,11.83178,18.6,R,586,Gaia2,CCD
4491,99942,,99942,2020-02-18 19:50:49.344000+00:00,50.32762,11.83269,18.7,R,586,Gaia2,CCD
4492,99942,,99942,2020-02-18 19:55:50.016000+00:00,50.331,11.83372,18.7,R,586,Gaia2,CCD
4493,99942,,99942,2020-02-18 20:01:43.392000+00:00,50.33508,11.83494,18.7,R,586,Gaia2,CCD
4494,99942,,99942,2020-02-18 20:05:48.768000+00:00,50.33792,11.83583,18.7,R,586,Gaia2,CCD
4495,99942,,99942,2020-02-18 20:14:02.112000+00:00,50.3435,11.8375,18.7,R,586,Gaia2,CCD
4496,99942,,99942,2020-02-18 20:19:30.432000+00:00,50.34733,11.83867,18.6,R,586,Gaia2,CCD
4497,99942,,99942,2020-02-20 20:04:20.640000+00:00,52.33171,12.42536,19.6,R,511,Gaia2,CCD
4498,99942,,99942,2020-02-20 20:09:23.904000+00:00,52.33504,12.42628,19.7,R,511,Gaia2,CCD
4499,99942,,99942,2020-02-20 20:14:26.304000+00:00,52.33854,12.42733,19.7,R,511,Gaia2,CCD
4500,99942,,99942,2020-02-22 18:46:28.128000+00:00,54.25275,12.976,19.9,R,511,Gaia1,CCD
4501,99942,,99942,2020-02-22 18:51:31.392000+00:00,54.25604,12.97633,19.9,R,511,Gaia1,CCD
4502,99942,,99942,2020-02-22 18:56:33.792000+00:00,54.25962,12.97775,19.5,R,511,Gaia1,CCD
4503,99942,,99942,2020-02-22 19:01:37.056000+00:00,54.26292,12.97858,19.9,R,511,Gaia1,CCD
4504,99942,,99942,2020-02-22 19:06:39.456000+00:00,54.26654,12.97967,19.9,R,511,Gaia1,CCD
4505,99942,,99942,2020-02-22 19:11:42.720000+00:00,54.26975,12.98058,19.9,R,511,Gaia1,CCD
4506,99942,,99942,2020-02-22 19:16:45.120000+00:00,54.27296,12.98156,19.8,R,511,Gaia1,CCD
4507,99942,,99942,2020-02-22 19:21:48.384000+00:00,54.27629,12.9825,19.9,R,511,Gaia1,CCD
4508,99942,,99942,2020-02-22 19:26:50.784000+00:00,54.27979,12.98344,20.3,R,511,Gaia1,CCD
4509,99942,,99942,2020-02-22 19:31:54.048000+00:00,54.28317,12.98447,19.7,R,511,Gaia1,CCD
4510,99942,,C2WR9V2,2020-06-08 04:03:43.200000+00:00,143.79625,14.648,20.8,G,G96,Gaia2,CCD
4511,99942,,C2WR9V2,2020-06-08 04:15:55.008000+00:00,143.803,14.64675,21.5,G,G96,Gaia2,CCD
4512,99942,,C2WR9V2,2020-06-08 04:21:59.616000+00:00,143.80642,14.64586,20.9,G,G96,Gaia2,CCD
4513,99942,,99942,2020-10-31 04:11:15.072000+00:00,167.13583,-0.21986,20.0,G,204,Gaia2,CCD
4514,99942,,99942,2020-10-31 04:31:17.760000+00:00,167.1315,-0.22147,,,204,Gaia2,CCD
4515,99942,,99942,2020-11-15 03:51:35.712000+00:00,165.88575,-2.71831,,,204,Gaia2,CCD
4516,99942,,99942,2020-11-15 04:05:42.432000+00:00,165.88608,-2.72022,20.1,G,204,Gaia2,CCD
4517,99942,,K04M04N,2020-11-20 10:52:19.200000+00:00,166.45183,-3.8405,18.6,R,H36,UCAC4,CCD
4518,99942,,K04M04N,2020-11-20 11:12:01.152000+00:00,166.45317,-3.84353,18.9,R,H36,UCAC4,CCD
4519,99942,,K04M04N,2020-11-20 11:51:08.640000+00:00,166.45596,-3.84967,19.0,R,H36,UCAC4,CCD
4520,99942,,99942,2020-11-30 03:23:56.832000+00:00,168.20112,-6.07906,19.0,G,094,Gaia2,CCD
4521,99942,,99942,2020-11-30 03:30:13.536000+00:00,168.20187,-6.08011,19.1,G,094,Gaia2,CCD
4522,99942,,99942,2020-11-30 03:36:20.736000+00:00,168.20254,-6.08111,18.9,G,094,Gaia2,CCD
4523,99942,,99942,2020-11-30 03:42:27.936000+00:00,168.20329,-6.08211,18.9,G,094,Gaia2,CCD
4524,99942,,99942,2020-11-30 04:21:11.232000+00:00,168.21071,-6.08869,19.3,G,204,Gaia2,CCD
4525,99942,,99942,2020-11-30 04:34:29.568000+00:00,168.21237,-6.09089,,,204,Gaia2,CCD
4526,99942,,99942,2020-11-30 04:47:47.904000+00:00,168.214,-6.09317,,,204,Gaia2,CCD
4527,99942,,99942,2020-12-04 03:22:49.440000+00:00,169.09092,-7.05233,19.6,G,094,Gaia2,CCD
4528,99942,,99942,2020-12-04 03:27:56.160000+00:00,169.09163,-7.05317,20.1,G,094,Gaia2,CCD
4529,99942,,99942,2020-12-04 03:33:02.016000+00:00,169.09242,-7.05411,19.7,G,094,Gaia2,CCD
4530,99942,,99942,2020-12-04 03:38:07.872000+00:00,169.09296,-7.05492,19.2,G,094,Gaia2,CCD
4531,99942,,99942,2020-12-04 03:43:14.592000+00:00,169.09367,-7.05575,19.6,G,094,Gaia2,CCD
4532,99942,,99942,2020-12-04 03:48:19.584000+00:00,169.09442,-7.05697,19.7,G,094,Gaia2,CCD
4533,99942,,99942,2020-12-04 03:53:26.304000+00:00,169.09529,-7.0575,19.3,G,094,Gaia2,CCD
4534,99942,,C1MXX91,2020-12-04 10:41:43.230000+00:00,169.165455,-7.12591,19.35,G,703,Gaia2,CCD
4535,99942,,C1MXX91,2020-12-04 10:49:25.417000+00:00,169.166535,-7.12718,18.31,G,703,Gaia2,CCD
4536,99942,,C1MXX91,2020-12-04 10:57:07.797000+00:00,169.167465,-7.12867,18.45,G,703,Gaia2,CCD
4537,99942,,C1MXX91,2020-12-04 11:04:50.306000+00:00,169.167915,-7.12975,18.33,G,703,Gaia2,CCD
4538,99942,,A10taYX,2020-12-07 13:56:31.280000+00:00,169.90101,-7.90301,18.56,Ao,T05,Gaia2,CCD
4539,99942,,A10taYX,2020-12-07 14:01:09.640000+00:00,169.90163,-7.90373,18.57,Ao,T05,Gaia2,CCD
4540,99942,,A10taYX,2020-12-07 14:10:26.760000+00:00,169.90299,-7.90537,18.36,Ao,T05,Gaia2,CCD
4541,99942,,A10taYX,2020-12-07 14:29:03.390000+00:00,169.9053,-7.90864,18.5,Ao,T05,Gaia2,CCD
4542,99942,,99942,2020-12-08 03:36:00.864000+00:00,170.03129,-8.04839,18.5,G,094,Gaia2,CCD
4543,99942,,99942,2020-12-08 03:43:10.272000+00:00,170.03217,-8.04967,19.1,G,094,Gaia2,CCD
4544,99942,,A10tmjc,2020-12-09 13:35:24.250000+00:00,170.37473,-8.40049,18.46,Ao,T08,Gaia2,CCD
4545,99942,,A10tmjc,2020-12-09 13:54:34+00:00,170.37725,-8.40385,18.26,Ao,T08,Gaia2,CCD
4546,99942,,A10tmjc,2020-12-09 14:06:32.550000+00:00,170.3789,-8.4061,18.36,Ao,T08,Gaia2,CCD
4547,99942,,A10tmjc,2020-12-09 14:13:12.700000+00:00,170.37981,-8.40729,18.53,Ao,T08,Gaia2,CCD
4548,99942,,A10trXZ,2020-12-10 15:15:15.100000+00:00,170.62722,-8.67041,18.24,Ao,T05,Gaia2,CCD
4549,99942,,A10trXZ,2020-12-10 15:24:32.070000+00:00,170.62839,-8.67202,18.25,Ao,T05,Gaia2,CCD
4550,99942,,A10trXZ,2020-12-10 15:50:27.150000+00:00,170.63167,-8.67654,18.28,Ao,T05,Gaia2,CCD
4551,99942,,A10trXZ,2020-12-10 15:57:02.460000+00:00,170.63251,-8.67762,17.79,Ao,T05,Gaia2,CCD
4552,99942,,A10tv81,2020-12-11 14:56:18.050000+00:00,170.86368,-8.91994,19.04,Ac,T05,Gaia2,CCD
4553,99942,,A10tv81,2020-12-11 15:00:55.280000+00:00,170.86406,-8.92023,19.45,Ac,T05,Gaia2,CCD
4554,99942,,A10tv81,2020-12-11 15:13:26.820000+00:00,170.8658,-8.92261,19.41,Ac,T05,Gaia2,CCD
4555,99942,,A10tv81,2020-12-11 15:43:02.930000+00:00,170.86941,-8.92788,19.3,Ac,T05,Gaia2,CCD
4556,99942,,P11aQ67,2020-12-12 14:25:30.400000+00:00,171.097675,-9.16682,19.1,Pw,F51,Gaia1,CCD
4557,99942,,P11aQ67,2020-12-12 14:42:47+00:00,171.099946,-9.169905,18.9,Pw,F51,Gaia1,CCD
4558,99942,,99942,2020-12-14 05:05:20.256000+00:00,171.47512,-9.57772,19.3,G,204,Gaia2,CCD
4559,99942,,99942,2020-12-14 05:14:07.296000+00:00,171.47633,-9.57928,,,204,Gaia2,CCD
4560,99942,,99942,2020-12-14 05:22:53.472000+00:00,171.47754,-9.58086,,,204,Gaia2,CCD
4561,99942,,N00hp15,2020-12-15 10:23:45.888000+00:00,171.76604,-9.88525,18.7,G,703,Gaia2,CCD
4562,99942,,N00hp15,2020-12-15 10:31:26.400000+00:00,171.76729,-9.88667,19.9,G,703,Gaia2,CCD
4563,99942,,P11aXpc,2020-12-15 13:53:31.800000+00:00,171.799759,-9.920743,19.45,Pw,F51,Gaia1,CCD
4564,99942,,P11aXpc,2020-12-15 14:29:07.900000+00:00,171.804358,-9.927124,19.36,Pw,F51,Gaia1,CCD
4565,99942,,P11aXpc,2020-12-15 14:46:46.400000+00:00,171.806595,-9.930284,19.34,Pw,F51,Gaia1,CCD
4566,99942,,C1NZ481,2020-12-16 09:59:02.250000+00:00,171.994455,-10.13406,18.83,G,703,Gaia2,CCD
4567,99942,,C1NZ481,2020-12-16 10:07:00.090000+00:00,171.99558,-10.13546,18.71,G,703,Gaia2,CCD
4568,99942,,C1NZ481,2020-12-16 10:14:58.189000+00:00,171.996795,-10.13697,18.69,G,703,Gaia2,CCD
4569,99942,,C1NZ481,2020-12-16 10:22:56.288000+00:00,171.997755,-10.13834,18.9,G,703,Gaia2,CCD
4570,99942,,99942,2020-12-17 10:37:43.968000+00:00,172.22946,-10.39411,19.1,G,I41,Gaia2,CCD
4571,99942,,99942,2020-12-17 12:29:26.880000+00:00,172.24379,-10.41408,18.6,R,I41,Gaia2,CCD
4572,99942,,N00hp15,2020-12-18 23:26:24.288000+00:00,172.56471,-10.77228,19.0,R,C51,2MASS,CCD
4573,99942,,N00hp15,2020-12-19 02:34:32.448000+00:00,172.59379,-10.80556,,,C51,2MASS,CCD
4574,99942,,N00hp15,2020-12-19 05:42:51.840000+00:00,172.62292,-10.83878,,,C51,2MASS,CCD
4575,99942,,N00hp15,2020-12-19 05:43:02.208000+00:00,172.62321,-10.83867,,,C51,2MASS,CCD
4576,99942,,C1PKHN1,2020-12-19 10:15:32.636000+00:00,172.675095,-10.89528,18.76,G,703,Gaia2,CCD
4577,99942,,C1PKHN1,2020-12-19 10:23:36.495000+00:00,172.676175,-10.89672,18.96,G,703,Gaia2,CCD
4578,99942,,C1PKHN1,2020-12-19 10:39:43.392000+00:00,172.678185,-10.89978,18.9,G,703,Gaia2,CCD
4579,99942,,N00hp15,2020-12-19 15:07:48.288000+00:00,172.70946,-10.93747,,,C51,2MASS,CCD
4580,99942,,99942,2020-12-19 15:07:59.600000+00:00,172.70973,-10.93704,,,C51,2MASS,CCD
4581,99942,,N00hp15,2020-12-19 16:42:04.032000+00:00,172.724,-10.95403,,,C51,2MASS,CCD
4582,99942,,N00hp15,2020-12-19 18:16:07.680000+00:00,172.73842,-10.97033,,,C51,2MASS,CCD
4583,99942,,N00hp15,2020-12-19 19:50:22.560000+00:00,172.75308,-10.98681,,,C51,2MASS,CCD
4584,99942,,N00hp15,2020-12-19 21:24:27.072000+00:00,172.76738,-11.00353,,,C51,2MASS,CCD
4585,99942,,99942,2020-12-19 22:48:33.696000+00:00,172.78783,-11.02739,19.3,w,N56,UNK,CCD
4586,99942,,N00hp15,2020-12-19 22:58:41.952000+00:00,172.78167,-11.01997,,,C51,2MASS,CCD
4587,99942,,99942,2020-12-19 23:24:04.320000+00:00,172.79213,-11.03381,18.7,w,N56,UNK,CCD
4588,99942,,99942,2020-12-19 23:59:40.992000+00:00,172.79617,-11.03989,19.1,w,N56,UNK,CCD
4589,99942,,99942,2020-12-20 08:23:38.900000+00:00,172.86713,-11.11863,,,C51,2MASS,CCD
4590,99942,,99942,2020-12-21 10:03:52.704000+00:00,173.109,-11.39661,18.3,R,I41,Gaia2,CCD
4591,99942,,99942,2020-12-21 11:08:29.472000+00:00,173.11687,-11.40822,18.8,G,I41,Gaia2,CCD
4592,99942,,P11b0Md,2020-12-21 14:20:13.700000+00:00,173.144497,-11.440114,18.52,Pw,F51,Gaia1,CCD
4593,99942,,P11b0Md,2020-12-21 14:39:19.800000+00:00,173.146616,-11.443501,18.55,Pw,F51,Gaia1,CCD
4594,99942,,A10tKrL,2020-12-21 14:46:26.730000+00:00,173.14729,-11.44455,18.45,Ac,T08,Gaia2,CCD
4595,99942,,A10tKrL,2020-12-21 14:49:07.370000+00:00,173.14772,-11.44515,18.51,Ac,T08,Gaia2,CCD
4596,99942,,A10tKrL,2020-12-21 15:01:43.500000+00:00,173.14908,-11.44742,18.36,Ac,T08,Gaia2,CCD
4597,99942,,P11b0Md,2020-12-21 15:17:21.600000+00:00,173.150768,-11.450204,18.42,Pw,F51,Gaia1,CCD
4598,99942,,A10tKrL,2020-12-21 15:34:19.510000+00:00,173.15243,-11.45306,18.4,Ac,T08,Gaia2,CCD
4599,99942,,N00hp15,2020-12-22 09:34:15.456000+00:00,173.31321,-11.64358,19.0,V,H21,UCAC3,CCD
4600,99942,,SW40zG,2020-12-22 09:43:07.680000+00:00,173.31725,-11.64372,18.1,R,691,USNOB1,CCD
4601,99942,,SW40zG,2020-12-22 09:54:50.976000+00:00,173.31867,-11.64589,18.2,R,691,USNOB1,CCD
4602,99942,,SW40zG,2020-12-22 10:06:34.272000+00:00,173.32025,-11.64803,17.9,R,691,USNOB1,CCD
4603,99942,,N00hp15,2020-12-22 10:15:24.336000+00:00,173.31783,-11.65075,18.6,V,H21,UCAC3,CCD
4604,99942,,C1QEZP1,2020-12-22 10:25:46.893000+00:00,173.322165,-11.65165,18.37,G,703,Gaia2,CCD
4605,99942,,C1QEZP1,2020-12-22 10:33:57.832000+00:00,173.322945,-11.65275,18.48,G,703,Gaia2,CCD
4606,99942,,N00hp15,2020-12-22 10:35:59.424000+00:00,173.32133,-11.65414,17.9,R,734,UCAC4,CCD
4607,99942,,C1QEZP1,2020-12-22 10:42:09.090000+00:00,173.324055,-11.65448,18.52,G,703,Gaia2,CCD
4608,99942,,N00hp15,2020-12-22 10:47:47.040000+00:00,173.32263,-11.65631,17.6,R,734,UCAC4,CCD
4609,99942,,C1QEZP1,2020-12-22 10:50:20.320000+00:00,173.325105,-11.65593,18.42,G,703,Gaia2,CCD
4610,99942,,N00hp15,2020-12-22 11:11:11.904000+00:00,173.32525,-11.66044,18.2,R,734,UCAC4,CCD
4611,99942,,N00hp15,2020-12-22 11:13:56.736000+00:00,173.327655,-11.6601,18.51,G,I52,Gaia2,CCD
4612,99942,,N00hp15,2020-12-22 11:21:06.660000+00:00,173.32848,-11.66134,18.32,G,I52,Gaia2,CCD
4613,99942,,N00hp15,2020-12-22 11:28:16.713000+00:00,173.329305,-11.66261,18.4,G,I52,Gaia2,CCD
4614,99942,,N00hp15,2020-12-22 11:35:26.705000+00:00,173.3301,-11.66387,18.44,G,I52,Gaia2,CCD
4615,99942,,N00hp15,2020-12-22 12:09:38.425000+00:00,173.333865,-11.66986,18.7,G,G96,Gaia2,CCD
4616,99942,,N00hp15,2020-12-22 12:17:03.987000+00:00,173.334675,-11.67115,18.65,G,G96,Gaia2,CCD
4617,99942,,N00hp15,2020-12-22 12:24:29.663000+00:00,173.335485,-11.67244,18.72,G,G96,Gaia2,CCD
4618,99942,,N00hp15,2020-12-22 12:31:55.851000+00:00,173.33631,-11.67373,18.75,G,G96,Gaia2,CCD
4619,99942,,P11b34J,2020-12-22 14:14:20.300000+00:00,173.354242,-11.689848,19.28,Pw,F51,Gaia1,CCD
4620,99942,,P11b34J,2020-12-22 14:32:01.300000+00:00,173.356152,-11.692984,19.28,Pw,F51,Gaia1,CCD
4621,99942,,P21b34Y,2020-12-22 14:49:32.100000+00:00,173.35802,-11.696084,19.31,Pw,F52,Gaia1,CCD
4622,99942,,P11b34J,2020-12-22 14:49:42.400000+00:00,173.358035,-11.696103,19.39,Pw,F51,Gaia1,CCD
4623,99942,,P21b34Y,2020-12-22 15:06:12.900000+00:00,173.35979,-11.699021,19.48,Pw,F52,Gaia1,CCD
4624,99942,,P21b34Y,2020-12-22 15:22:55.400000+00:00,173.361551,-11.701952,19.51,Pw,F52,Gaia1,CCD
4625,99942,,P21b34Y,2020-12-22 15:39:37.200000+00:00,173.363305,-11.70486,19.49,Pw,F52,Gaia1,CCD
4626,99942,,A10tS17,2020-12-23 13:50:55.130000+00:00,173.55757,-11.93587,18.21,Ac,T05,Gaia2,CCD
4627,99942,,A10tS17,2020-12-23 13:54:13.330000+00:00,173.55781,-11.93636,18.49,Ac,T05,Gaia2,CCD
4628,99942,,A10tS17,2020-12-23 13:58:50.570000+00:00,173.55848,-11.93718,18.61,Ac,T05,Gaia2,CCD
4629,99942,,A10tS17,2020-12-23 14:06:06.800000+00:00,173.55923,-11.93867,18.51,Ac,T05,Gaia2,CCD
4630,99942,,99942,2020-12-24 00:05:15.014000+00:00,173.646438,-12.033231,18.6,G,K91,Gaia2,CCD
4631,99942,,99942,2020-12-24 00:06:41.933000+00:00,173.646617,-12.033494,18.6,G,K91,Gaia2,CCD
4632,99942,,99942,2020-12-24 00:08:08.938000+00:00,173.646783,-12.033753,18.7,G,K91,Gaia2,CCD
4633,99942,,99942,2020-12-24 00:09:35.510000+00:00,173.646979,-12.034,18.7,G,K91,Gaia2,CCD
4634,99942,,99942,2020-12-24 00:11:02.342000+00:00,173.647137,-12.034275,18.6,G,K91,Gaia2,CCD
4635,99942,,99942,2020-12-24 00:12:29.002000+00:00,173.647308,-12.034539,18.7,G,K91,Gaia2,CCD
4636,99942,,A10tSfa,2020-12-24 14:56:14.380000+00:00,173.76487,-12.19659,18.59,Ac,T08,Gaia2,CCD
4637,99942,,A10tSfa,2020-12-24 15:00:55.340000+00:00,173.76534,-12.1974,18.66,Ac,T08,Gaia2,CCD
4638,99942,,A10tSfa,2020-12-24 15:13:45.530000+00:00,173.76663,-12.1996,18.43,Ac,T08,Gaia2,CCD
4639,99942,,A10tSfa,2020-12-24 15:44:25.900000+00:00,173.76941,-12.20492,18.44,Ac,T08,Gaia2,CCD
4640,99942,,A10tYin,2020-12-25 14:30:47.910000+00:00,173.95762,-12.44054,19.01,Ac,T08,Gaia2,CCD
4641,99942,,A10tYin,2020-12-25 14:33:27.250000+00:00,173.95802,-12.44124,19.0,Ac,T08,Gaia2,CCD
4642,99942,,A10tYin,2020-12-25 14:37:26.210000+00:00,173.95837,-12.44173,18.93,Ac,T08,Gaia2,CCD
4643,99942,,A10tYin,2020-12-25 14:44:50.200000+00:00,173.95908,-12.44291,19.06,Ac,T08,Gaia2,CCD
4644,99942,,99942,2020-12-27 13:02:30.624000+00:00,174.31538,-12.92178,17.9,R,H06,Gaia2,CCD
4645,99942,,99942,2020-12-27 13:07:15.744000+00:00,174.31583,-12.92253,18.4,R,H06,Gaia2,CCD
4646,99942,,99942,2020-12-27 13:12:00.864000+00:00,174.31621,-12.92317,18.1,R,H06,Gaia2,CCD
4647,99942,,99942,2020-12-28 17:36:20.448000+00:00,174.53242,-13.21439,18.4,V,Q21,UCAC4,CCD
4648,99942,,99942,2020-12-28 17:51:27.648000+00:00,174.53375,-13.21656,18.2,V,Q21,UCAC4,CCD
4649,99942,,99942,2020-12-28 18:06:34.848000+00:00,174.53492,-13.21964,19.0,V,Q21,UCAC4,CCD
4650,99942,,99942,2020-12-28 18:21:42.048000+00:00,174.53633,-13.22208,18.4,V,Q21,UCAC4,CCD
4651,99942,,99942,2020-12-28 18:36:49.248000+00:00,174.53717,-13.22503,18.9,V,Q21,UCAC4,CCD
4652,99942,,99942,2020-12-28 18:51:55.584000+00:00,174.53917,-13.22708,18.4,V,Q21,UCAC4,CCD
4653,99942,,99942,2020-12-31 03:22:21.792000+00:00,174.92446,-13.80147,,,204,Gaia2,CCD
4654,99942,,99942,2020-12-31 03:35:42.720000+00:00,174.92546,-13.80372,,,204,Gaia2,CCD
4655,99942,,99942,2020-12-31 03:49:05.376000+00:00,174.92646,-13.806,18.0,G,204,Gaia2,CCD
4656,99942,,K04M04N,2021-01-02 11:17:39.840000+00:00,175.26246,-14.35958,18.2,G,291,Gaia2,CCD
4657,99942,,K04M04N,2021-01-02 11:26:22.560000+00:00,175.26292,-14.36108,18.2,G,291,Gaia2,CCD
4658,99942,,K04M04N,2021-01-02 11:35:08.736000+00:00,175.26346,-14.36256,18.1,G,291,Gaia2,CCD
4659,99942,,99942,2021-01-02 13:14:02.688000+00:00,175.26783,-14.37894,17.7,R,H06,Gaia2,CCD
4660,99942,,99942,2021-01-02 13:17:17.088000+00:00,175.26808,-14.37953,17.2,R,H06,Gaia2,CCD
4661,99942,,99942,2021-01-02 13:20:30.624000+00:00,175.26829,-14.38011,17.8,R,H06,Gaia2,CCD
4662,99942,,A10udqL,2021-01-06 13:29:54.180000+00:00,175.72962,-15.31684,17.55,Ao,T08,Gaia2,CCD
4663,99942,,A10udqL,2021-01-06 13:33:53.760000+00:00,175.72976,-15.31752,17.6,Ao,T08,Gaia2,CCD
4664,99942,,A10udqL,2021-01-06 13:40:32.950000+00:00,175.72987,-15.31866,17.59,Ao,T08,Gaia2,CCD
4665,99942,,A10udqL,2021-01-06 14:09:51.230000+00:00,175.73038,-15.32339,17.68,Ao,T08,Gaia2,CCD
4666,99942,,A10uedT,2021-01-07 15:29:21.470000+00:00,175.81599,-15.56473,17.54,Ao,T05,Gaia2,CCD
4667,99942,,A10uedT,2021-01-07 15:49:19.500000+00:00,175.81621,-15.56783,17.59,Ao,T05,Gaia2,CCD
4668,99942,,A10uedT,2021-01-07 15:57:18.720000+00:00,175.81623,-15.56902,17.48,Ao,T05,Gaia2,CCD
4669,99942,,A10uedT,2021-01-07 16:02:40.590000+00:00,175.81639,-15.5699,17.5,Ao,T05,Gaia2,CCD
4670,99942,,ZTF0ItF,2021-01-09 09:31:37.300000+00:00,175.94054,-15.95928,18.66,g,I41,Gaia1,CCD
4671,99942,,ZTF0ItF,2021-01-09 11:03:15.800000+00:00,175.94067,-15.97386,17.88,r,I41,Gaia1,CCD
4672,99942,,K04M04N,2021-01-10 12:13:32.160000+00:00,175.98562,-16.2045,17.7,R,291,USNOB1,CCD
4673,99942,,K04M04N,2021-01-10 12:29:18.240000+00:00,175.98546,-16.20683,17.7,R,291,USNOB1,CCD
4674,99942,,K04M04N,2021-01-10 12:45:05.184000+00:00,175.98517,-16.20919,17.8,R,291,USNOB1,CCD
4675,99942,,A10uqwv,2021-01-10 15:17:48.770000+00:00,175.99006,-16.23059,18.44,Ac,T08,Gaia2,CCD
4676,99942,,A10uqwv,2021-01-10 15:21:51.030000+00:00,175.9898,-16.23112,18.3,Ac,T08,Gaia2,CCD
4677,99942,,A10uqwv,2021-01-10 15:59:17.050000+00:00,175.98923,-16.23665,18.22,Ac,T08,Gaia2,CCD
4678,99942,,A10uqwv,2021-01-10 16:05:07.690000+00:00,175.98889,-16.23762,18.1,Ac,T08,Gaia2,CCD
4679,99942,,99942,2021-01-11 03:15:50.400000+00:00,176.00946,-16.34203,,,204,Gaia2,CCD
4680,99942,,99942,2021-01-11 03:21:16.992000+00:00,176.00937,-16.34283,,,204,Gaia2,CCD
4681,99942,,99942,2021-01-11 03:26:41.856000+00:00,176.00929,-16.34369,17.9,G,204,Gaia2,CCD
4682,99942,,C1TKFX1,2021-01-12 09:06:02.071000+00:00,176.04015,-16.6057,17.89,G,703,Gaia2,CCD
4683,99942,,C1TKFX1,2021-01-12 09:13:57.960000+00:00,176.040015,-16.60674,17.62,G,703,Gaia2,CCD
4684,99942,,C1TKFX1,2021-01-12 09:21:54.111000+00:00,176.039685,-16.60766,17.75,G,703,Gaia2,CCD
4685,99942,,C1TKFX1,2021-01-12 09:29:50.033000+00:00,176.03955,-16.60896,17.5,G,703,Gaia2,CCD
4686,99942,,99942,2021-01-13 02:06:38.016000+00:00,176.042937,-16.754592,17.7,G,Z84,Gaia2,CCD
4687,99942,,99942,2021-01-13 02:33:06.739000+00:00,176.041971,-16.758589,17.9,G,Z84,Gaia2,CCD
4688,99942,,99942,2021-01-13 03:00:42.422000+00:00,176.040917,-16.762706,18.0,G,Z84,Gaia2,CCD
4689,99942,,99942,2021-01-13 03:28:20.093000+00:00,176.039787,-16.766794,18.0,G,Z84,Gaia2,CCD
4690,99942,,99942,2021-01-13 03:55:54.826000+00:00,176.038604,-16.770825,18.0,G,Z84,Gaia2,CCD
4691,99942,,99942,2021-01-13 04:23:29.731000+00:00,176.037425,-16.774833,18.2,G,Z84,Gaia2,CCD
4692,99942,,99942,2021-01-13 04:51:04.810000+00:00,176.036233,-16.778767,18.3,G,Z84,Gaia2,CCD
4693,99942,,99942,2021-01-13 05:18:39.715000+00:00,176.035008,-16.782692,18.4,G,Z84,Gaia2,CCD
4694,99942,,99942,2021-01-13 05:46:14.448000+00:00,176.033875,-16.786586,18.4,G,Z84,Gaia2,CCD
4695,99942,,A10utPF,2021-01-13 12:33:17.460000+00:00,176.04164,-16.84231,17.48,Ac,T08,Gaia2,CCD
4696,99942,,A10utPF,2021-01-13 12:39:15.910000+00:00,176.04124,-16.84321,17.44,Ac,T08,Gaia2,CCD
4697,99942,,A10utPF,2021-01-13 12:51:13.630000+00:00,176.04069,-16.84498,17.5,Ac,T08,Gaia2,CCD
4698,99942,,A10utPF,2021-01-13 13:05:49.940000+00:00,176.03993,-16.84708,17.45,Ac,T08,Gaia2,CCD
4699,99942,,A10uyiO,2021-01-15 13:22:42.740000+00:00,175.9885,-17.25247,17.59,Ac,T05,Gaia2,CCD
4700,99942,,A10uyiO,2021-01-15 13:26:40.180000+00:00,175.98818,-17.25301,17.57,Ac,T05,Gaia2,CCD
4701,99942,,A10uyiO,2021-01-15 13:31:56.040000+00:00,175.98774,-17.25371,17.61,Ac,T05,Gaia2,CCD
4702,99942,,A10uyiO,2021-01-15 13:43:18.730000+00:00,175.98688,-17.25534,17.58,Ac,T05,Gaia2,CCD
4703,99942,,Apophis,2021-01-16 08:54:21.017000+00:00,175.95102,-17.41193,17.84,G,703,Gaia2,CCD
4704,99942,,Apophis,2021-01-16 09:02:18.111000+00:00,175.950495,-17.41284,17.74,G,703,Gaia2,CCD
4705,99942,,Apophis,2021-01-16 09:10:15.134000+00:00,175.94976,-17.41398,17.92,G,703,Gaia2,CCD
4706,99942,,Apophis,2021-01-16 09:18:12.238000+00:00,175.94913,-17.41531,18.2,G,703,Gaia2,CCD
4707,99942,,99942,2021-01-16 18:06:27.072000+00:00,175.924875,-17.463611,,,C53,2MASS,CCD
4708,99942,,99942,2021-01-16 18:16:27.552000+00:00,175.918458,-17.465833,,,C53,2MASS,CCD
4709,99942,,99942,2021-01-16 18:26:27.168000+00:00,175.912583,-17.472806,,,C53,2MASS,CCD
4710,99942,,99942,2021-01-16 18:40:27.840000+00:00,175.910833,-17.486139,,,C53,2MASS,CCD
4711,99942,,99942,2021-01-16 21:29:19.104000+00:00,175.914208,-17.490417,,,C53,2MASS,CCD
4712,99942,,99942,2021-01-16 21:39:19.584000+00:00,175.90775,-17.493472,,,C53,2MASS,CCD
4713,99942,,99942,2021-01-16 21:49:19.200000+00:00,175.902583,-17.500722,,,C53,2MASS,CCD
4714,99942,,99942,2021-01-16 21:59:19.680000+00:00,175.901708,-17.510528,,,C53,2MASS,CCD
4715,99942,,99942,2021-01-16 22:09:20.160000+00:00,175.903,-17.518389,,,C53,2MASS,CCD
4716,99942,,99942,2021-01-17 00:48:08.352000+00:00,175.906417,-17.516556,,,C53,2MASS,CCD
4717,99942,,99942,2021-01-17 00:58:07.968000+00:00,175.899792,-17.518694,,,C53,2MASS,CCD
4718,99942,,99942,2021-01-17 01:08:08.448000+00:00,175.893375,-17.524417,,,C53,2MASS,CCD
4719,99942,,A10uDU3,2021-01-17 13:16:58.620000+00:00,175.86683,-17.63374,18.27,Ac,T08,Gaia2,CCD
4720,99942,,A10uDU3,2021-01-17 13:22:17.220000+00:00,175.86629,-17.63444,18.15,Ac,T08,Gaia2,CCD
4721,99942,,A10uDU3,2021-01-17 13:31:26.750000+00:00,175.86523,-17.63564,18.34,Ac,T08,Gaia2,CCD
4722,99942,,A10uDU3,2021-01-17 13:39:24.370000+00:00,175.86435,-17.63666,18.16,Ac,T08,Gaia2,CCD
4723,99942,,99942,2021-01-19 02:02:02.400000+00:00,175.72133,-17.91419,17.9,G,K83,Gaia2,CCD
4724,99942,,99942,2021-01-19 02:05:10.752000+00:00,175.72096,-17.91472,17.9,G,K83,Gaia2,CCD
4725,99942,,99942,2021-01-19 02:09:23.040000+00:00,175.72029,-17.91542,17.7,G,K83,Gaia2,CCD
4726,99942,,99942,2021-01-19 02:31:26.688000+00:00,175.71767,-17.91792,17.4,G,K83,Gaia2,CCD
4727,99942,,99942,2021-01-19 02:37:45.120000+00:00,175.71717,-17.91881,16.8,G,K83,Gaia2,CCD
4728,99942,,99942,2021-01-19 02:44:00.960000+00:00,175.71725,-17.9195,16.9,R,511,Gaia1,CCD
4729,99942,,99942,2021-01-19 02:47:03.264000+00:00,175.71687,-17.91989,16.9,R,511,Gaia1,CCD
4730,99942,,99942,2021-01-19 02:50:06.432000+00:00,175.71646,-17.92025,16.7,R,511,Gaia1,CCD
4731,99942,,99942,2021-01-19 02:59:58.272000+00:00,175.71537,-17.92139,16.8,R,511,Gaia1,CCD
4732,99942,,99942,2021-01-19 03:03:00.576000+00:00,175.71504,-17.92183,16.9,R,511,Gaia1,CCD
4733,99942,,99942,2021-01-19 03:06:03.744000+00:00,175.71467,-17.92222,16.9,R,511,Gaia1,CCD
4734,99942,,99942,2021-01-19 03:09:06.048000+00:00,175.71429,-17.92258,16.9,R,511,Gaia1,CCD
4735,99942,,99942,2021-01-19 03:12:09.216000+00:00,175.71396,-17.92294,16.9,R,511,Gaia1,CCD
4736,99942,,99942,2021-01-19 03:15:31.392000+00:00,175.71354,-17.92339,16.9,R,511,Gaia1,CCD
4737,99942,,99942,2021-01-19 03:18:33.696000+00:00,175.71317,-17.92375,16.9,R,511,Gaia1,CCD
4738,99942,,99942,2021-01-19 03:21:36.864000+00:00,175.71283,-17.92411,16.9,R,511,Gaia1,CCD
4739,99942,,99942,2021-01-19 03:24:39.168000+00:00,175.71246,-17.9245,16.9,R,511,Gaia1,CCD
4740,99942,,99942,2021-01-19 03:27:42.336000+00:00,175.71212,-17.92486,16.9,R,511,Gaia1,CCD
4741,99942,,99942,2021-01-19 08:41:45.312000+00:00,175.678417,-17.960889,,,C53,2MASS,CCD
4742,99942,,99942,2021-01-19 08:51:44.928000+00:00,175.683042,-17.967028,,,C53,2MASS,CCD
4743,99942,,99942,2021-01-19 14:43:37.632000+00:00,175.662208,-17.983806,,,C53,2MASS,CCD
4744,99942,,99942,2021-01-19 14:53:38.112000+00:00,175.654667,-17.984806,,,C53,2MASS,CCD
4745,99942,,99942,2021-01-19 15:03:38.592000+00:00,175.648042,-17.990889,,,C53,2MASS,CCD
4746,99942,,99942,2021-01-20 01:34:48.662000+00:00,175.6071,-18.082983,17.6,G,Z84,Gaia2,CCD
4747,99942,,99942,2021-01-20 01:52:27.667000+00:00,175.604808,-18.085175,17.7,G,Z84,Gaia2,CCD
4748,99942,,99942,2021-01-21 07:35:27.456000+00:00,175.41846,-18.27956,17.5,R,Y00,UCAC4,CCD
4749,99942,,99942,2021-01-21 07:37:23.232000+00:00,175.41808,-18.27978,17.5,R,Y00,UCAC4,CCD
4750,99942,,99942,2021-01-21 07:42:34.272000+00:00,175.41733,-18.28033,17.9,R,Y00,UCAC4,CCD
4751,99942,,99942,2021-01-21 07:46:27.552000+00:00,175.41683,-18.28083,17.7,R,Y00,UCAC4,CCD
4752,99942,,99942,2021-01-21 07:49:27.264000+00:00,175.41621,-18.28106,17.3,R,Y00,UCAC4,CCD
4753,99942,,99942,2021-01-21 07:51:35.136000+00:00,175.41592,-18.28133,17.6,R,Y00,UCAC4,CCD
4754,99942,,A10uK1K,2021-01-21 15:29:25+00:00,175.36375,-18.34029,17.15,Ac,T08,Gaia2,CCD
4755,99942,,A10uK1K,2021-01-21 15:45:27.860000+00:00,175.36109,-18.34193,17.15,Ac,T08,Gaia2,CCD
4756,99942,,A10uK1K,2021-01-21 16:00:46.420000+00:00,175.35857,-18.3435,17.15,Ac,T08,Gaia2,CCD
4757,99942,,A10uK1K,2021-01-21 16:08:44.530000+00:00,175.35726,-18.34429,17.02,Ac,T08,Gaia2,CCD
4758,99942,,99942,2021-01-22 00:14:08.275000+00:00,175.31171,-18.40136,17.1,G,L54,Gaia2,CCD
4759,99942,,99942,2021-01-22 00:50:58.646000+00:00,175.30583,-18.40544,17.4,G,L54,Gaia2,CCD
4760,99942,,99942,2021-01-22 01:28:59.520000+00:00,175.29975,-18.40978,17.3,G,L54,Gaia2,CCD
4761,99942,,99942,2021-01-26 19:50:37.248000+00:00,174.20413,-19.05483,17.0,R,N42,UNK,CCD
4762,99942,,99942,2021-01-26 19:52:54.624000+00:00,174.20362,-19.05506,16.8,R,N42,UNK,CCD
4763,99942,,99942,2021-01-26 19:55:12+00:00,174.20304,-19.05519,16.9,R,N42,UNK,CCD
4764,99942,,99942,2021-01-26 19:57:29.376000+00:00,174.20254,-19.05542,16.9,R,N42,UNK,CCD
4765,99942,,99942,2021-01-26 19:59:46.752000+00:00,174.20192,-19.05564,17.0,R,N42,UNK,CCD
4766,99942,,99942,2021-01-26 20:02:04.128000+00:00,174.20133,-19.05583,16.9,R,N42,UNK,CCD
4767,99942,,99942,2021-01-26 20:04:21.504000+00:00,174.20071,-19.05597,16.5,R,N42,UNK,CCD
4768,99942,,99942,2021-01-26 20:06:38.880000+00:00,174.20021,-19.05622,17.0,R,N42,UNK,CCD
4769,99942,,99942,2021-01-26 20:08:56.256000+00:00,174.19975,-19.05644,16.9,R,N42,UNK,CCD
4770,99942,,99942,2021-01-26 20:13:31.008000+00:00,174.19858,-19.05683,16.8,R,N42,UNK,CCD
4771,99942,,99942,2021-01-26 20:15:47.520000+00:00,174.19796,-19.05694,16.3,R,N42,UNK,CCD
4772,99942,,99942,2021-01-26 20:18:05.760000+00:00,174.1975,-19.05719,16.9,R,N42,UNK,CCD
4773,99942,,99942,2021-01-26 20:22:39.648000+00:00,174.19633,-19.05758,16.9,R,N42,UNK,CCD
4774,99942,,99942,2021-01-26 20:24:57.024000+00:00,174.19579,-19.05778,16.9,R,N42,UNK,CCD
4775,99942,,99942,2021-01-26 20:27:14.400000+00:00,174.19529,-19.05797,16.9,R,N42,UNK,CCD
4776,99942,,99942,2021-01-26 20:29:31.776000+00:00,174.19467,-19.05817,16.9,R,N42,UNK,CCD
4777,99942,,99942,2021-01-26 20:31:49.152000+00:00,174.19396,-19.05828,16.5,R,N42,UNK,CCD
4778,99942,,99942,2021-01-26 20:34:05.664000+00:00,174.19358,-19.05856,16.9,R,N42,UNK,CCD
4779,99942,,99942,2021-01-26 20:36:23.040000+00:00,174.19296,-19.05869,16.4,R,N42,UNK,CCD
4780,99942,,99942,2021-01-26 20:38:40.416000+00:00,174.19246,-19.05894,16.9,R,N42,UNK,CCD
4781,99942,,99942,2021-01-26 22:01:03.360000+00:00,174.17188,-19.06564,17.0,R,N42,UNK,CCD
4782,99942,,99942,2021-01-26 22:03:20.736000+00:00,174.17129,-19.06575,16.6,R,N42,UNK,CCD
4783,99942,,99942,2021-01-26 22:05:38.112000+00:00,174.17079,-19.06592,16.8,R,N42,UNK,CCD
4784,99942,,99942,2021-01-26 22:07:55.488000+00:00,174.17017,-19.06608,16.5,R,N42,UNK,CCD
4785,99942,,99942,2021-01-26 22:12:29.376000+00:00,174.16908,-19.06644,16.6,R,N42,UNK,CCD
4786,99942,,99942,2021-01-26 22:14:46.752000+00:00,174.16846,-19.06664,16.7,R,N42,UNK,CCD
4787,99942,,99942,2021-01-26 22:17:04.128000+00:00,174.16788,-19.06681,16.4,R,N42,UNK,CCD
4788,99942,,99942,2021-01-26 22:19:21.504000+00:00,174.16725,-19.06697,16.6,R,N42,UNK,CCD
4789,99942,,99942,2021-01-26 22:21:38.880000+00:00,174.16671,-19.06717,16.6,R,N42,UNK,CCD
4790,99942,,99942,2021-01-26 22:23:56.256000+00:00,174.16612,-19.06736,16.6,R,N42,UNK,CCD
4791,99942,,99942,2021-01-27 00:12:57.600000+00:00,174.15062,-19.07536,17.1,G,G17,Gaia2,CCD
4792,99942,,99942,2021-01-27 00:18:18.144000+00:00,174.14929,-19.07603,16.7,G,G17,Gaia2,CCD
4793,99942,,99942,2021-01-27 00:23:38.688000+00:00,174.14792,-19.07644,17.2,G,G17,Gaia2,CCD
4794,99942,,99942,2021-01-28 19:57:12.960000+00:00,173.56525,-19.26081,16.5,r,217,Gaia2,CCD
4795,99942,,99942,2021-01-28 19:58:20.352000+00:00,173.56492,-19.26089,16.6,r,217,Gaia2,CCD
4796,99942,,99942,2021-01-28 19:59:27.744000+00:00,173.56458,-19.26094,16.4,r,217,Gaia2,CCD
4797,99942,,99942,2021-01-28 20:00:35.136000+00:00,173.56429,-19.26106,16.6,r,217,Gaia2,CCD
4798,99942,,99942,2021-01-28 20:01:41.664000+00:00,173.564,-19.26108,16.5,r,217,Gaia2,CCD
4799,99942,,99942,2021-01-28 20:02:49.056000+00:00,173.56367,-19.26117,16.5,r,217,Gaia2,CCD
4800,99942,,99942,2021-01-28 20:03:55.584000+00:00,173.56333,-19.26128,16.6,r,217,Gaia2,CCD
4801,99942,,99942,2021-01-28 20:05:02.976000+00:00,173.563,-19.26133,16.5,r,217,Gaia2,CCD
4802,99942,,99942,2021-01-28 20:06:05.184000+00:00,173.56275,-19.26142,16.6,r,217,Gaia2,CCD
4803,99942,,99942,2021-01-28 20:07:07.392000+00:00,173.56246,-19.26147,16.6,r,217,Gaia2,CCD
4804,99942,,99942,2021-01-28 20:08:08.736000+00:00,173.56217,-19.26158,16.5,r,217,Gaia2,CCD
4805,99942,,99942,2021-01-28 20:09:10.944000+00:00,173.56192,-19.26164,16.6,r,217,Gaia2,CCD
4806,99942,,99942,2021-01-28 20:10:14.016000+00:00,173.56146,-19.26169,16.6,r,217,Gaia2,CCD
4807,99942,,99942,2021-01-28 20:11:16.224000+00:00,173.56121,-19.26178,16.5,r,217,Gaia2,CCD
4808,99942,,99942,2021-01-28 20:16:16.032000+00:00,173.55983,-19.26211,16.5,r,217,Gaia2,CCD
4809,99942,,99942,2021-01-28 20:17:23.424000+00:00,173.5595,-19.26219,16.6,r,217,Gaia2,CCD
4810,99942,,99942,2021-01-28 20:18:29.952000+00:00,173.55921,-19.26228,16.5,r,217,Gaia2,CCD
4811,99942,,99942,2021-01-28 20:19:37.344000+00:00,173.55888,-19.26236,16.5,r,217,Gaia2,CCD
4812,99942,,99942,2021-01-28 20:20:44.736000+00:00,173.55854,-19.26242,16.6,r,217,Gaia2,CCD
4813,99942,,99942,2021-01-28 20:21:52.128000+00:00,173.55825,-19.2625,16.6,r,217,Gaia2,CCD
4814,99942,,99942,2021-01-28 20:22:58.656000+00:00,173.55792,-19.26258,16.6,r,217,Gaia2,CCD
4815,99942,,99942,2021-01-28 20:24:06.048000+00:00,173.55758,-19.26264,16.5,r,217,Gaia2,CCD
4816,99942,,99942,2021-01-28 20:25:12.576000+00:00,173.55729,-19.26275,16.5,r,217,Gaia2,CCD
4817,99942,,99942,2021-01-28 20:26:19.968000+00:00,173.55696,-19.26283,16.6,r,217,Gaia2,CCD
4818,99942,,99942,2021-01-28 20:27:27.360000+00:00,173.55662,-19.26292,16.5,r,217,Gaia2,CCD
4819,99942,,99942,2021-01-28 20:28:33.888000+00:00,173.55638,-19.263,16.7,r,217,Gaia2,CCD
4820,99942,,99942,2021-01-28 20:29:41.280000+00:00,173.556,-19.26306,16.6,r,217,Gaia2,CCD
4821,99942,,99942,2021-01-28 20:30:48.672000+00:00,173.55567,-19.26314,16.5,r,217,Gaia2,CCD
4822,99942,,99942,2021-01-28 20:31:56.064000+00:00,173.55537,-19.26319,16.6,r,217,Gaia2,CCD
4823,99942,,99942,2021-01-28 20:33:02.592000+00:00,173.555,-19.26328,16.5,r,217,Gaia2,CCD
4824,99942,,99942,2021-01-28 20:34:09.984000+00:00,173.55471,-19.26339,16.6,r,217,Gaia2,CCD
4825,99942,,99942,2021-01-28 20:35:17.376000+00:00,173.55437,-19.26344,16.6,r,217,Gaia2,CCD
4826,99942,,99942,2021-01-28 20:36:23.904000+00:00,173.55408,-19.2635,16.6,r,217,Gaia2,CCD
4827,99942,,99942,2021-01-28 20:37:31.296000+00:00,173.55375,-19.26358,16.6,r,217,Gaia2,CCD
4828,99942,,99942,2021-01-28 20:38:37.824000+00:00,173.55346,-19.26367,16.6,r,217,Gaia2,CCD
4829,99942,,99942,2021-01-28 20:39:45.216000+00:00,173.55304,-19.26375,16.6,r,217,Gaia2,CCD
4830,99942,,99942,2021-01-28 20:40:52.608000+00:00,173.55279,-19.26381,16.6,r,217,Gaia2,CCD
4831,99942,,99942,2021-01-28 20:42:00+00:00,173.5525,-19.26389,16.6,r,217,Gaia2,CCD
4832,99942,,99942,2021-01-28 20:43:07.392000+00:00,173.55212,-19.264,16.7,r,217,Gaia2,CCD
4833,99942,,99942,2021-01-28 20:44:13.920000+00:00,173.55179,-19.26406,16.5,r,217,Gaia2,CCD
4834,99942,,99942,2021-01-28 20:47:36.960000+00:00,173.55088,-19.26428,16.6,r,217,Gaia2,CCD
4835,99942,,99942,2021-01-28 20:48:44.352000+00:00,173.55054,-19.26433,16.7,r,217,Gaia2,CCD
4836,99942,,99942,2021-01-28 20:49:50.880000+00:00,173.55021,-19.26442,16.6,r,217,Gaia2,CCD
4837,99942,,99942,2021-01-28 20:50:58.272000+00:00,173.54987,-19.26453,16.6,r,217,Gaia2,CCD
4838,99942,,99942,2021-01-28 20:52:04.800000+00:00,173.54954,-19.26461,16.5,r,217,Gaia2,CCD
4839,99942,,99942,2021-01-28 20:53:12.192000+00:00,173.54925,-19.26464,16.6,r,217,Gaia2,CCD
4840,99942,,99942,2021-01-28 20:54:18.720000+00:00,173.54892,-19.26475,16.6,r,217,Gaia2,CCD
4841,99942,,99942,2021-01-28 20:55:26.112000+00:00,173.54862,-19.26478,16.6,r,217,Gaia2,CCD
4842,99942,,99942,2021-01-28 20:56:32.640000+00:00,173.54825,-19.26489,16.7,r,217,Gaia2,CCD
4843,99942,,99942,2021-01-28 20:57:40.032000+00:00,173.54796,-19.26494,16.6,r,217,Gaia2,CCD
4844,99942,,99942,2021-01-28 20:58:47.424000+00:00,173.54763,-19.26503,16.7,r,217,Gaia2,CCD
4845,99942,,99942,2021-01-28 20:59:53.952000+00:00,173.54733,-19.26511,16.6,r,217,Gaia2,CCD
4846,99942,,99942,2021-01-28 21:01:01.344000+00:00,173.547,-19.26517,16.6,r,217,Gaia2,CCD
4847,99942,,99942,2021-01-28 21:02:07.872000+00:00,173.54667,-19.26525,16.7,r,217,Gaia2,CCD
4848,99942,,99942,2021-01-28 21:03:15.264000+00:00,173.54637,-19.26531,16.7,r,217,Gaia2,CCD
4849,99942,,99942,2021-01-28 21:04:21.792000+00:00,173.54604,-19.26539,16.6,r,217,Gaia2,CCD
4850,99942,,99942,2021-01-28 21:05:29.184000+00:00,173.54571,-19.26547,16.6,r,217,Gaia2,CCD
4851,99942,,99942,2021-01-28 21:06:35.712000+00:00,173.54542,-19.26553,16.6,r,217,Gaia2,CCD
4852,99942,,99942,2021-01-28 21:07:43.104000+00:00,173.54504,-19.26561,16.7,r,217,Gaia2,CCD
4853,99942,,99942,2021-01-28 21:08:49.632000+00:00,173.54475,-19.26569,16.6,r,217,Gaia2,CCD
4854,99942,,99942,2021-01-28 21:09:57.888000+00:00,173.54442,-19.26578,16.6,r,217,Gaia2,CCD
4855,99942,,99942,2021-01-28 21:11:05.280000+00:00,173.54408,-19.26586,16.7,r,217,Gaia2,CCD
4856,99942,,99942,2021-01-28 21:12:11.808000+00:00,173.54375,-19.26592,16.6,r,217,Gaia2,CCD
4857,99942,,99942,2021-01-28 21:13:19.200000+00:00,173.54342,-19.266,16.6,r,217,Gaia2,CCD
4858,99942,,99942,2021-01-28 21:14:25.728000+00:00,173.54317,-19.26606,16.7,r,217,Gaia2,CCD
4859,99942,,99942,2021-01-28 21:15:33.120000+00:00,173.54279,-19.26614,16.6,r,217,Gaia2,CCD
4860,99942,,99942,2021-01-28 21:16:39.648000+00:00,173.54246,-19.26622,16.7,r,217,Gaia2,CCD
4861,99942,,99942,2021-01-28 21:17:47.040000+00:00,173.54212,-19.26628,16.7,r,217,Gaia2,CCD
4862,99942,,99942,2021-01-28 21:18:53.568000+00:00,173.54183,-19.26639,16.8,r,217,Gaia2,CCD
4863,99942,,99942,2021-01-28 21:20:00.960000+00:00,173.5415,-19.26642,16.7,r,217,Gaia2,CCD
4864,99942,,99942,2021-01-28 21:21:08.352000+00:00,173.54117,-19.2665,16.7,r,217,Gaia2,CCD
4865,99942,,99942,2021-01-28 21:22:14.880000+00:00,173.54083,-19.26658,16.8,r,217,Gaia2,CCD
4866,99942,,99942,2021-01-28 21:23:22.272000+00:00,173.54054,-19.26667,16.7,r,217,Gaia2,CCD
4867,99942,,99942,2021-01-28 21:24:28.800000+00:00,173.54025,-19.26672,16.7,r,217,Gaia2,CCD
4868,99942,,99942,2021-01-28 21:29:53.664000+00:00,173.53867,-19.26708,16.8,r,217,Gaia2,CCD
4869,99942,,99942,2021-01-28 21:31:01.920000+00:00,173.53829,-19.26714,16.7,r,217,Gaia2,CCD
4870,99942,,99942,2021-01-28 21:32:09.312000+00:00,173.53796,-19.26722,16.7,r,217,Gaia2,CCD
4871,99942,,99942,2021-01-28 21:33:15.840000+00:00,173.53762,-19.26731,16.8,r,217,Gaia2,CCD
4872,99942,,99942,2021-01-28 21:34:23.232000+00:00,173.53733,-19.26736,16.7,r,217,Gaia2,CCD
4873,99942,,99942,2021-01-28 21:35:29.760000+00:00,173.53704,-19.26744,16.8,r,217,Gaia2,CCD
4874,99942,,99942,2021-01-28 21:36:37.152000+00:00,173.53667,-19.2675,16.7,r,217,Gaia2,CCD
4875,99942,,99942,2021-01-28 21:37:43.680000+00:00,173.53633,-19.26756,16.7,r,217,Gaia2,CCD
4876,99942,,99942,2021-01-28 21:38:51.072000+00:00,173.536,-19.26764,16.8,r,217,Gaia2,CCD
4877,99942,,99942,2021-01-28 21:39:59.328000+00:00,173.53571,-19.26772,16.7,r,217,Gaia2,CCD
4878,99942,,99942,2021-01-28 21:41:05.856000+00:00,173.53542,-19.26778,16.8,r,217,Gaia2,CCD
4879,99942,,99942,2021-01-28 21:42:13.248000+00:00,173.53504,-19.26783,16.7,r,217,Gaia2,CCD
4880,99942,,99942,2021-01-28 21:43:19.776000+00:00,173.53475,-19.26792,16.7,r,217,Gaia2,CCD
4881,99942,,99942,2021-01-28 21:44:27.168000+00:00,173.53442,-19.268,16.8,r,217,Gaia2,CCD
4882,99942,,99942,2021-01-28 21:45:33.696000+00:00,173.53408,-19.26808,16.8,r,217,Gaia2,CCD
4883,99942,,99942,2021-01-28 21:46:41.088000+00:00,173.53379,-19.26814,16.8,r,217,Gaia2,CCD
4884,99942,,99942,2021-01-28 21:47:47.616000+00:00,173.53346,-19.26822,16.7,r,217,Gaia2,CCD
4885,99942,,99942,2021-01-28 21:48:55.872000+00:00,173.53313,-19.26828,16.8,r,217,Gaia2,CCD
4886,99942,,99942,2021-01-28 21:50:03.264000+00:00,173.53275,-19.26836,16.8,r,217,Gaia2,CCD
4887,99942,,99942,2021-01-28 21:51:09.792000+00:00,173.53246,-19.26842,16.8,r,217,Gaia2,CCD
4888,99942,,99942,2021-01-28 21:52:17.184000+00:00,173.53217,-19.26847,16.8,r,217,Gaia2,CCD
4889,99942,,99942,2021-01-28 21:53:23.712000+00:00,173.53179,-19.26856,16.8,r,217,Gaia2,CCD
4890,99942,,99942,2021-01-28 21:54:31.104000+00:00,173.5315,-19.26864,16.7,r,217,Gaia2,CCD
4891,99942,,99942,2021-01-28 21:55:37.632000+00:00,173.53117,-19.26869,16.8,r,217,Gaia2,CCD
4892,99942,,99942,2021-01-28 21:56:45.024000+00:00,173.53083,-19.26878,16.8,r,217,Gaia2,CCD
4893,99942,,99942,2021-01-28 21:57:52.416000+00:00,173.5305,-19.26886,16.8,r,217,Gaia2,CCD
4894,99942,,99942,2021-01-28 21:58:58.944000+00:00,173.53021,-19.26892,16.8,r,217,Gaia2,CCD
4895,99942,,99942,2021-01-28 22:00:07.200000+00:00,173.52988,-19.269,16.7,r,217,Gaia2,CCD
4896,99942,,99942,2021-01-28 22:01:13.728000+00:00,173.5295,-19.26906,16.8,r,217,Gaia2,CCD
4897,99942,,99942,2021-01-28 22:02:21.120000+00:00,173.52921,-19.26914,16.7,r,217,Gaia2,CCD
4898,99942,,99942,2021-01-28 22:03:27.648000+00:00,173.52892,-19.26919,16.8,r,217,Gaia2,CCD
4899,99942,,99942,2021-01-28 22:04:35.040000+00:00,173.52858,-19.26928,16.8,r,217,Gaia2,CCD
4900,99942,,99942,2021-01-28 22:05:42.432000+00:00,173.52825,-19.26933,16.8,r,217,Gaia2,CCD
4901,99942,,99942,2021-01-28 22:06:48.960000+00:00,173.52792,-19.26942,16.8,r,217,Gaia2,CCD
4902,99942,,99942,2021-01-28 22:07:56.352000+00:00,173.52758,-19.26947,16.8,r,217,Gaia2,CCD
4903,99942,,99942,2021-01-28 22:09:02.880000+00:00,173.52725,-19.26956,16.9,r,217,Gaia2,CCD
4904,99942,,99942,2021-01-28 22:10:11.136000+00:00,173.52692,-19.26961,16.8,r,217,Gaia2,CCD
4905,99942,,99942,2021-01-28 22:11:17.664000+00:00,173.52662,-19.26967,16.8,r,217,Gaia2,CCD
4906,99942,,99942,2021-01-28 22:12:25.056000+00:00,173.52625,-19.26975,16.8,r,217,Gaia2,CCD
4907,99942,,99942,2021-01-28 22:13:31.584000+00:00,173.52596,-19.26981,16.8,r,217,Gaia2,CCD
4908,99942,,99942,2021-01-28 22:14:38.976000+00:00,173.52562,-19.26989,16.8,r,217,Gaia2,CCD
4909,99942,,99942,2021-01-28 22:15:46.368000+00:00,173.52529,-19.26997,16.8,r,217,Gaia2,CCD
4910,99942,,99942,2021-01-28 22:16:52.896000+00:00,173.525,-19.27003,16.8,r,217,Gaia2,CCD
4911,99942,,99942,2021-01-28 22:18:00.288000+00:00,173.52467,-19.27008,16.9,r,217,Gaia2,CCD
4912,99942,,99942,2021-01-28 22:19:06.816000+00:00,173.52433,-19.27017,16.8,r,217,Gaia2,CCD
4913,99942,,99942,2021-01-28 22:20:15.072000+00:00,173.524,-19.27022,16.8,r,217,Gaia2,CCD
4914,99942,,99942,2021-01-28 22:21:21.600000+00:00,173.52371,-19.27031,16.8,r,217,Gaia2,CCD
4915,99942,,99942,2021-01-28 22:22:28.992000+00:00,173.52337,-19.27036,16.9,r,217,Gaia2,CCD
4916,99942,,99942,2021-01-29 04:16:58.253000+00:00,173.434142,-19.291467,17.1,G,Z84,Gaia2,CCD
4917,99942,,99942,2021-01-29 05:55:10.906000+00:00,173.405213,-19.296575,16.7,G,Z84,Gaia2,CCD
4918,99942,,A10uLPs,2021-01-29 12:13:20.630000+00:00,173.32224,-19.31673,16.62,Ao,T08,Gaia2,CCD
4919,99942,,A10uLPs,2021-01-29 12:16:00.140000+00:00,173.32141,-19.31692,16.45,Ao,T08,Gaia2,CCD
4920,99942,,A10uLPs,2021-01-29 12:20:38.990000+00:00,173.31979,-19.31724,16.54,Ao,T08,Gaia2,CCD
4921,99942,,A10uLPs,2021-01-29 12:27:56.800000+00:00,173.31749,-19.31768,16.61,Ao,T08,Gaia2,CCD
4922,99942,,A10uMTs,2021-01-30 11:12:10.540000+00:00,172.9612,-19.39046,16.61,Ao,T08,Gaia2,CCD
4923,99942,,A10uMTs,2021-01-30 11:14:49.750000+00:00,172.96031,-19.39059,16.63,Ao,T08,Gaia2,CCD
4924,99942,,A10uMTs,2021-01-30 11:20:07.770000+00:00,172.95858,-19.39091,16.65,Ao,T08,Gaia2,CCD
4925,99942,,A10uMTs,2021-01-30 11:27:25.770000+00:00,172.95618,-19.39132,16.57,Ao,T08,Gaia2,CCD
4926,99942,,99942,2021-02-02 03:06:02.880000+00:00,171.789,-19.53625,,,204,Gaia2,CCD
4927,99942,,99942,2021-02-02 03:11:32.928000+00:00,171.78692,-19.53633,,,204,Gaia2,CCD
4928,99942,,99942,2021-02-02 03:17:02.976000+00:00,171.78475,-19.53653,16.4,G,204,Gaia2,CCD
4929,99942,,A10uPnw,2021-02-02 12:20:29.080000+00:00,171.60777,-19.54383,16.69,Ao,T08,Gaia2,CCD
4930,99942,,A10uPnw,2021-02-02 12:24:27.920000+00:00,171.60606,-19.54402,16.71,Ao,T08,Gaia2,CCD
4931,99942,,A10uPnw,2021-02-02 12:25:07.790000+00:00,171.60583,-19.54394,16.7,Ao,T08,Gaia2,CCD
4932,99942,,A10uPnw,2021-02-02 12:33:05.410000+00:00,171.60256,-19.54413,16.72,Ao,T08,Gaia2,CCD
4933,99942,,A10uPnw,2021-02-02 12:37:04.100000+00:00,171.601,-19.54427,16.61,Ao,T08,Gaia2,CCD
4934,99942,,A10uPnw,2021-02-02 12:40:22.900000+00:00,171.59959,-19.54423,16.63,Ao,T08,Gaia2,CCD
4935,99942,,99942,2021-02-02 15:04:54.624000+00:00,171.55437,-19.53383,,,Q62,Gaia2,CCD
4936,99942,,99942,2021-02-02 15:07:22.368000+00:00,171.55342,-19.53392,,,Q62,Gaia2,CCD
4937,99942,,99942,2021-02-02 15:09:50.112000+00:00,171.55246,-19.53392,16.8,G,Q62,Gaia2,CCD
4938,99942,,99942,2021-02-02 22:52:56.900000+00:00,171.39459,-19.55646,16.5,G,L34,Gaia2,CCD
4939,99942,,99942,2021-02-03 00:00:32.400000+00:00,171.36763,-19.55831,16.3,G,L34,Gaia2,CCD
4940,99942,,99942,2021-02-03 00:54:00.300000+00:00,171.34579,-19.55918,16.4,G,L34,Gaia2,CCD
4941,99942,,99942,2021-02-04 22:02:05.568000+00:00,170.32479,-19.56453,16.3,G,186,Gaia2,CCD
4942,99942,,99942,2021-02-04 22:11:22.848000+00:00,170.3205,-19.56442,16.4,G,186,Gaia2,CCD
4943,99942,,99942,2021-02-04 22:16:33.024000+00:00,170.31825,-19.56422,16.3,G,186,Gaia2,CCD
4944,99942,,99942,2021-02-04 22:21:11.232000+00:00,170.31608,-19.56431,16.5,G,186,Gaia2,CCD
4945,99942,,99942,2021-02-05 00:34:05.002000+00:00,170.26525,-19.56369,16.4,G,L54,Gaia2,CCD
4946,99942,,99942,2021-02-05 00:58:59.894000+00:00,170.25396,-19.56344,16.4,G,L54,Gaia2,CCD
4947,99942,,99942,2021-02-05 01:24:30.298000+00:00,170.24242,-19.56314,16.4,G,L54,Gaia2,CCD
4948,99942,,99942,2021-02-05 09:43:04.224000+00:00,170.04179,-19.55419,16.0,R,691,USNOB1,CCD
4949,99942,,99942,2021-02-05 11:38:23.136000+00:00,169.98729,-19.55169,16.1,R,691,USNOB1,CCD
4950,99942,,99942,2021-02-05 13:00:26.208000+00:00,169.94938,-19.54919,16.2,R,691,USNOB1,CCD
4951,99942,,99942,2021-02-05 21:32:03.264000+00:00,169.75262,-19.54172,16.7,G,C40,Gaia2,CCD
4952,99942,,99942,2021-02-05 21:42:51.264000+00:00,169.74754,-19.54153,16.6,G,C40,Gaia2,CCD
4953,99942,,99942,2021-02-05 21:50:32.640000+00:00,169.74375,-19.54131,16.6,G,C40,Gaia2,CCD
4954,99942,,CB21011,2021-02-06 09:11:17.376000+00:00,169.44767,-19.52178,16.7,R,290,USNOB1,CCD
4955,99942,,CB21011,2021-02-06 09:12:16.128000+00:00,169.44717,-19.52183,16.7,R,290,USNOB1,CCD
4956,99942,,CB21011,2021-02-06 09:13:14.016000+00:00,169.44675,-19.52178,16.7,R,290,USNOB1,CCD
4957,99942,,CB21011,2021-02-06 09:44:16.800000+00:00,169.43121,-19.52094,16.6,R,290,USNOB1,CCD
4958,99942,,CB21011,2021-02-06 09:45:14.688000+00:00,169.43071,-19.52086,16.6,R,290,USNOB1,CCD
4959,99942,,CB21011,2021-02-06 09:46:14.304000+00:00,169.43029,-19.52089,16.6,R,290,USNOB1,CCD
4960,99942,,CB21011,2021-02-06 09:47:12.192000+00:00,169.42979,-19.52083,16.6,R,290,USNOB1,CCD
4961,99942,,CB21011,2021-02-06 09:48:10.080000+00:00,169.42929,-19.52072,16.6,R,290,USNOB1,CCD
4962,99942,,CB21011,2021-02-06 09:49:07.968000+00:00,169.42879,-19.52075,16.6,R,290,USNOB1,CCD
4963,99942,,A10uQhB,2021-02-06 11:51:45.750000+00:00,169.37926,-19.51424,16.48,Ac,T08,Gaia2,CCD
4964,99942,,A10uQhB,2021-02-06 11:56:24.520000+00:00,169.37693,-19.51407,16.49,Ac,T08,Gaia2,CCD
4965,99942,,A10uQhB,2021-02-06 12:01:03.200000+00:00,169.37456,-19.51396,16.46,Ac,T08,Gaia2,CCD
4966,99942,,A10uQhB,2021-02-06 12:16:33.230000+00:00,169.36668,-19.51352,16.51,Ac,T08,Gaia2,CCD
4967,99942,,99942,2021-02-06 22:01:52.608000+00:00,169.11742,-19.48033,16.7,G,221,Gaia2,CCD
4968,99942,,99942,2021-02-06 22:03:38.016000+00:00,169.11658,-19.48031,16.7,G,221,Gaia2,CCD
4969,99942,,99942,2021-02-06 22:05:23.424000+00:00,169.11567,-19.48025,16.7,G,221,Gaia2,CCD
4970,99942,,99942,2021-02-06 22:07:07.104000+00:00,169.11479,-19.48022,16.7,G,221,Gaia2,CCD
4971,99942,,99942,2021-02-06 22:08:51.648000+00:00,169.11392,-19.48019,16.8,G,221,Gaia2,CCD
4972,99942,,99942,2021-02-06 22:10:37.056000+00:00,169.11304,-19.48014,16.8,G,221,Gaia2,CCD
4973,99942,,99942,2021-02-06 22:17:51.648000+00:00,169.10946,-19.48,16.7,G,221,Gaia2,CCD
4974,99942,,99942,2021-02-06 22:19:37.056000+00:00,169.10854,-19.47994,16.8,G,221,Gaia2,CCD
4975,99942,,99942,2021-02-06 22:21:31.968000+00:00,169.10754,-19.47989,16.8,G,221,Gaia2,CCD
4976,99942,,99942,2021-02-06 22:23:18.240000+00:00,169.10671,-19.47983,16.8,G,221,Gaia2,CCD
4977,99942,,99942,2021-02-06 22:25:02.784000+00:00,169.10583,-19.47978,16.8,G,221,Gaia2,CCD
4978,99942,,99942,2021-02-06 22:26:48.192000+00:00,169.10492,-19.47975,16.8,G,221,Gaia2,CCD
4979,99942,,99942,2021-02-06 22:28:32.736000+00:00,169.10404,-19.47972,16.7,G,221,Gaia2,CCD
4980,99942,,99942,2021-02-06 22:30:19.008000+00:00,169.10317,-19.47969,16.7,G,221,Gaia2,CCD
4981,99942,,99942,2021-02-06 22:32:04.416000+00:00,169.10229,-19.47961,16.8,G,221,Gaia2,CCD
4982,99942,,99942,2021-02-06 22:33:49.824000+00:00,169.10133,-19.47956,16.8,G,221,Gaia2,CCD
4983,99942,,99942,2021-02-06 22:35:36.096000+00:00,169.10054,-19.47956,16.7,G,221,Gaia2,CCD
4984,99942,,99942,2021-02-06 22:37:26.688000+00:00,169.09958,-19.4795,16.8,G,221,Gaia2,CCD
4985,99942,,99942,2021-02-06 22:39:12.096000+00:00,169.09867,-19.47942,16.7,G,221,Gaia2,CCD
4986,99942,,99942,2021-02-06 22:40:56.640000+00:00,169.09779,-19.47942,16.7,G,221,Gaia2,CCD
4987,99942,,99942,2021-02-06 22:42:48.960000+00:00,169.09688,-19.47936,16.7,G,221,Gaia2,CCD
4988,99942,,99942,2021-02-06 22:44:32.640000+00:00,169.096,-19.47933,16.8,G,221,Gaia2,CCD
4989,99942,,99942,2021-02-06 22:46:23.232000+00:00,169.09504,-19.47925,16.7,G,221,Gaia2,CCD
4990,99942,,99942,2021-02-06 22:48:06.912000+00:00,169.09413,-19.47922,16.8,G,221,Gaia2,CCD
4991,99942,,99942,2021-02-06 22:49:52.320000+00:00,169.09325,-19.47919,16.8,G,221,Gaia2,CCD
4992,99942,,99942,2021-02-06 22:51:36.864000+00:00,169.09238,-19.47911,16.7,G,221,Gaia2,CCD
4993,99942,,99942,2021-02-06 22:53:22.272000+00:00,169.0915,-19.47906,16.7,G,221,Gaia2,CCD
4994,99942,,99942,2021-02-06 22:55:05.952000+00:00,169.09063,-19.47908,16.6,G,221,Gaia2,CCD
4995,99942,,99942,2021-02-06 22:56:51.360000+00:00,169.08967,-19.479,16.7,G,221,Gaia2,CCD
4996,99942,,99942,2021-02-06 22:58:35.904000+00:00,169.08883,-19.479,16.8,G,221,Gaia2,CCD
4997,99942,,99942,2021-02-06 23:00:21.312000+00:00,169.08796,-19.47892,16.7,G,221,Gaia2,CCD
4998,99942,,99942,2021-02-06 23:02:06.720000+00:00,169.08704,-19.47883,16.7,G,221,Gaia2,CCD
4999,99942,,99942,2021-02-06 23:03:51.264000+00:00,169.08613,-19.47881,16.7,G,221,Gaia2,CCD
5000,99942,,99942,2021-02-06 23:05:34.080000+00:00,169.08529,-19.47875,16.7,G,221,Gaia2,CCD
5001,99942,,99942,2021-02-06 23:07:18.624000+00:00,169.08433,-19.47869,16.7,G,221,Gaia2,CCD
5002,99942,,99942,2021-02-06 23:08:59.712000+00:00,169.08354,-19.47869,16.7,G,221,Gaia2,CCD
5003,99942,,99942,2021-02-06 23:10:39.936000+00:00,169.08263,-19.47861,16.7,G,221,Gaia2,CCD
5004,99942,,99942,2021-02-06 23:12:23.616000+00:00,169.08179,-19.47853,16.8,G,221,Gaia2,CCD
5005,99942,,99942,2021-02-06 23:14:03.840000+00:00,169.08092,-19.47853,16.7,G,221,Gaia2,CCD
5006,99942,,99942,2021-02-06 23:15:51.840000+00:00,169.07996,-19.47844,16.6,G,221,Gaia2,CCD
5007,99942,,99942,2021-02-06 23:17:36.384000+00:00,169.07913,-19.47842,16.7,G,221,Gaia2,CCD
5008,99942,,99942,2021-02-06 23:19:15.744000+00:00,169.07829,-19.47839,16.7,G,221,Gaia2,CCD
5009,99942,,99942,2021-02-06 23:20:55.968000+00:00,169.07742,-19.47831,16.6,G,221,Gaia2,CCD
5010,99942,,99942,2021-02-06 23:22:39.648000+00:00,169.07646,-19.47828,16.6,G,221,Gaia2,CCD
5011,99942,,99942,2021-02-06 23:24:20.736000+00:00,169.07571,-19.47822,16.7,G,221,Gaia2,CCD
5012,99942,,99942,2021-02-06 23:26:00.960000+00:00,169.07483,-19.47817,16.7,G,221,Gaia2,CCD
5013,99942,,99942,2021-02-06 23:27:43.776000+00:00,169.07392,-19.47811,16.7,G,221,Gaia2,CCD
5014,99942,,99942,2021-02-06 23:39:33.984000+00:00,169.06779,-19.47769,16.7,G,221,Gaia2,CCD
5015,99942,,99942,2021-02-06 23:41:14.208000+00:00,169.06696,-19.47767,16.6,G,221,Gaia2,CCD
5016,99942,,99942,2021-02-06 23:42:54.432000+00:00,169.06608,-19.47767,16.7,G,221,Gaia2,CCD
5017,99942,,99942,2021-02-06 23:44:33.792000+00:00,169.06525,-19.47761,16.7,G,221,Gaia2,CCD
5018,99942,,C1VURJ1,2021-02-07 08:23:50.841000+00:00,168.827955,-19.47021,15.96,G,703,Gaia2,CCD
5019,99942,,C1VURJ1,2021-02-07 08:31:34.108000+00:00,168.823965,-19.46984,16.11,G,703,Gaia2,CCD
5020,99942,,C1VURJ1,2021-02-07 08:39:17.228000+00:00,168.820065,-19.46944,16.1,G,703,Gaia2,CCD
5021,99942,,C1VURJ1,2021-02-07 08:47:00.560000+00:00,168.815865,-19.46921,16.06,G,703,Gaia2,CCD
5022,99942,,CB21012,2021-02-07 10:26:09.312000+00:00,168.76358,-19.46475,15.9,R,290,USNOB1,CCD
5023,99942,,CB21012,2021-02-07 10:27:07.200000+00:00,168.76313,-19.46469,16.0,R,290,USNOB1,CCD
5024,99942,,CB21012,2021-02-07 10:28:05.952000+00:00,168.76258,-19.46467,15.9,R,290,USNOB1,CCD
5025,99942,,CB21012,2021-02-07 10:29:03.840000+00:00,168.76208,-19.46461,15.9,R,290,USNOB1,CCD
5026,99942,,CB21012,2021-02-07 10:30:01.728000+00:00,168.76158,-19.46456,15.9,R,290,USNOB1,CCD
5027,99942,,CB21012,2021-02-07 10:30:59.616000+00:00,168.76112,-19.46453,15.9,R,290,USNOB1,CCD
5028,99942,,CB21012,2021-02-07 10:49:48.864000+00:00,168.75125,-19.4635,16.0,R,290,USNOB1,CCD
5029,99942,,CB21012,2021-02-07 10:50:46.752000+00:00,168.75075,-19.46347,15.9,R,290,USNOB1,CCD
5030,99942,,CB21012,2021-02-07 10:51:44.640000+00:00,168.75021,-19.46344,16.0,R,290,USNOB1,CCD
5031,99942,,CB21012,2021-02-07 10:52:43.392000+00:00,168.74971,-19.46342,16.0,R,290,USNOB1,CCD
5032,99942,,CB21012,2021-02-07 10:53:41.280000+00:00,168.74921,-19.46333,16.0,R,290,USNOB1,CCD
5033,99942,,CB21012,2021-02-07 10:54:40.032000+00:00,168.74871,-19.46325,15.9,R,290,USNOB1,CCD
5034,99942,,A10uW0t,2021-02-07 12:34:17.450000+00:00,168.70765,-19.45633,16.55,Ac,T08,Gaia2,CCD
5035,99942,,A10uW0t,2021-02-07 12:38:56.310000+00:00,168.70517,-19.45605,16.55,Ac,T08,Gaia2,CCD
5036,99942,,A10uW0t,2021-02-07 12:47:24.010000+00:00,168.70067,-19.4557,16.58,Ac,T08,Gaia2,CCD
5037,99942,,P11cxjm,2021-02-07 13:06:13.700000+00:00,168.69084,-19.454973,16.91,Pw,F51,Gaia1,CCD
5038,99942,,A10uW0t,2021-02-07 13:06:41.880000+00:00,168.69033,-19.4547,16.6,Ac,T08,Gaia2,CCD
5039,99942,,P11cxjm,2021-02-07 13:35:54.700000+00:00,168.674887,-19.453453,16.74,Pw,F51,Gaia1,CCD
5040,99942,,P11cxjm,2021-02-07 13:50:49.100000+00:00,168.666939,-19.452627,16.72,Pw,F51,Gaia1,CCD
5041,99942,,99942,2021-02-07 21:30:23.040000+00:00,168.46988,-19.41617,15.9,G,221,Gaia2,CCD
5042,99942,,99942,2021-02-07 21:32:11.904000+00:00,168.46892,-19.41611,15.9,G,221,Gaia2,CCD
5043,99942,,99942,2021-02-07 21:33:58.176000+00:00,168.468,-19.41608,16.0,G,221,Gaia2,CCD
5044,99942,,99942,2021-02-07 21:35:43.584000+00:00,168.46708,-19.41603,15.9,G,221,Gaia2,CCD
5045,99942,,99942,2021-02-07 21:37:36.768000+00:00,168.46613,-19.41594,16.0,G,221,Gaia2,CCD
5046,99942,,99942,2021-02-07 21:39:23.040000+00:00,168.46521,-19.41586,16.0,G,221,Gaia2,CCD
5047,99942,,99942,2021-02-07 21:41:09.312000+00:00,168.46429,-19.41581,15.9,G,221,Gaia2,CCD
5048,99942,,99942,2021-02-07 21:42:58.176000+00:00,168.46333,-19.41572,15.9,G,221,Gaia2,CCD
5049,99942,,99942,2021-02-07 21:44:45.312000+00:00,168.46242,-19.41567,16.0,G,221,Gaia2,CCD
5050,99942,,99942,2021-02-07 21:46:33.312000+00:00,168.46146,-19.41561,15.9,G,221,Gaia2,CCD
5051,99942,,99942,2021-02-07 21:48:18.720000+00:00,168.46054,-19.41556,15.9,G,221,Gaia2,CCD
5052,99942,,99942,2021-02-07 21:50:05.856000+00:00,168.45963,-19.4155,15.9,G,221,Gaia2,CCD
5053,99942,,99942,2021-02-07 21:51:54.720000+00:00,168.45867,-19.41542,15.9,G,221,Gaia2,CCD
5054,99942,,99942,2021-02-07 21:53:42.720000+00:00,168.45771,-19.41536,15.9,G,221,Gaia2,CCD
5055,99942,,99942,2021-02-07 21:55:28.128000+00:00,168.45675,-19.41528,16.0,G,221,Gaia2,CCD
5056,99942,,Vo7A03,2021-02-08 07:03:32.832000+00:00,168.19192,-19.39942,16.9,V,691,USNOB1,CCD
5057,99942,,Vo7A03,2021-02-08 07:39:31.104000+00:00,168.1725,-19.39769,16.8,V,691,USNOB1,CCD
5058,99942,,F010678,2021-02-08 07:56:16.800000+00:00,168.16487,-19.39706,16.2,R,U71,UCAC4,CCD
5059,99942,,Vo7A03,2021-02-08 08:13:06.816000+00:00,168.15421,-19.39594,16.7,V,691,USNOB1,CCD
5060,99942,,F010678,2021-02-08 08:13:09.408000+00:00,168.15562,-19.39611,16.3,R,U71,UCAC4,CCD
5061,99942,,F010678,2021-02-08 08:29:08.448000+00:00,168.14692,-19.39525,16.4,R,U71,UCAC4,CCD
5062,99942,,A10uXpW,2021-02-08 13:22:14.450000+00:00,167.99452,-19.37469,16.18,Ac,T05,Gaia2,CCD
5063,99942,,A10uXpW,2021-02-08 14:10:29.320000+00:00,167.96756,-19.37124,16.14,Ac,T05,Gaia2,CCD
5064,99942,,A10uXpW,2021-02-08 14:17:00.890000+00:00,167.96373,-19.37066,16.3,Ac,T05,Gaia2,CCD
5065,99942,,A10uXpW,2021-02-08 14:26:54.450000+00:00,167.95847,-19.37001,16.19,Ac,T05,Gaia2,CCD
5066,99942,,Vo8F02,2021-02-09 07:19:59.520000+00:00,167.46821,-19.30183,16.3,V,691,USNOB1,CCD
5067,99942,,Vo8F02,2021-02-09 07:53:28.320000+00:00,167.44913,-19.29967,16.4,V,691,USNOB1,CCD
5068,99942,,Vo8F02,2021-02-09 08:24:44.064000+00:00,167.43117,-19.29747,16.4,V,691,USNOB1,CCD
5069,99942,,99942,2021-02-09 20:52:04.800000+00:00,167.04875,-19.23856,16.6,G,C40,Gaia2,CCD
5070,99942,,99942,2021-02-09 20:58:14.592000+00:00,167.04529,-19.23808,16.5,G,C40,Gaia2,CCD
5071,99942,,99942,2021-02-09 21:01:20.352000+00:00,167.04346,-19.23783,16.0,G,C40,Gaia2,CCD
5072,99942,,99942,2021-02-09 21:36:26.784000+00:00,167.02342,-19.23519,16.4,G,C40,Gaia2,CCD
5073,99942,,99942,2021-02-09 21:48:47.232000+00:00,167.01629,-19.23417,16.4,G,C40,Gaia2,CCD
5074,99942,,99942,2021-02-09 21:51:52.128000+00:00,167.01454,-19.23397,16.2,G,C40,Gaia2,CCD
5075,99942,,99942,2021-02-09 21:59:35.232000+00:00,167.01004,-19.23339,16.2,G,C40,Gaia2,CCD
5076,99942,,99942,2021-02-09 22:07:16.608000+00:00,167.00562,-19.23272,16.3,G,C40,Gaia2,CCD
5077,99942,,99942,2021-02-09 22:11:54.816000+00:00,167.00292,-19.23239,16.4,G,C40,Gaia2,CCD
5078,99942,,99942,2021-02-09 22:14:59.712000+00:00,167.00117,-19.23211,16.4,G,C40,Gaia2,CCD
5079,99942,,99942,2021-02-09 22:16:32.160000+00:00,167.00029,-19.23194,16.2,G,C40,Gaia2,CCD
5080,99942,,99942,2021-02-09 22:21:10.368000+00:00,166.99754,-19.23161,16.3,G,C40,Gaia2,CCD
5081,99942,,A10v2ak,2021-02-10 11:25:19.350000+00:00,166.5809,-19.1554,16.06,Ac,T08,Gaia2,CCD
5082,99942,,A10v2ak,2021-02-10 11:29:17.900000+00:00,166.57846,-19.15504,16.07,Ac,T08,Gaia2,CCD
5083,99942,,A10v2ak,2021-02-10 11:36:35.400000+00:00,166.57398,-19.15439,16.11,Ac,T08,Gaia2,CCD
5084,99942,,99942,2021-02-10 21:27:38.016000+00:00,166.25071,-19.10125,16.2,R,168,UCAC4,CCD
5085,99942,,99942,2021-02-10 21:31:38.208000+00:00,166.24833,-19.10097,16.3,R,168,UCAC4,CCD
5086,99942,,99942,2021-02-10 21:33:37.440000+00:00,166.24721,-19.10086,16.0,R,168,UCAC4,CCD
5087,99942,,99942,2021-02-10 21:37:37.632000+00:00,166.24479,-19.10028,16.2,R,168,UCAC4,CCD
5088,99942,,99942,2021-02-10 21:39:37.728000+00:00,166.24346,-19.10022,16.1,R,168,UCAC4,CCD
5089,99942,,99942,2021-02-10 21:39:40.320000+00:00,166.24183,-19.09814,16.3,G,186,Gaia2,CCD
5090,99942,,99942,2021-02-10 21:45:38.016000+00:00,166.24017,-19.09939,16.0,R,168,UCAC4,CCD
5091,99942,,99942,2021-02-10 21:45:51.840000+00:00,166.23817,-19.09744,16.5,G,186,Gaia2,CCD
5092,99942,,99942,2021-02-10 21:47:38.112000+00:00,166.23892,-19.09925,15.9,R,168,UCAC4,CCD
5093,99942,,99942,2021-02-10 21:49:38.208000+00:00,166.23771,-19.09908,16.0,R,168,UCAC4,CCD
5094,99942,,99942,2021-02-10 21:51:38.304000+00:00,166.23654,-19.099,16.1,R,168,UCAC4,CCD
5095,99942,,99942,2021-02-10 21:52:04.224000+00:00,166.23425,-19.09675,16.4,G,186,Gaia2,CCD
5096,99942,,99942,2021-02-10 21:53:37.536000+00:00,166.23538,-19.09878,15.9,R,168,UCAC4,CCD
5097,99942,,99942,2021-02-10 21:55:37.632000+00:00,166.23417,-19.09867,16.0,R,168,UCAC4,CCD
5098,99942,,99942,2021-02-10 21:58:45.984000+00:00,166.23021,-19.09608,16.1,G,186,Gaia2,CCD
5099,99942,,99942,2021-02-10 22:01:37.920000+00:00,166.23063,-19.09789,15.8,R,168,UCAC4,CCD
5100,99942,,99942,2021-02-10 22:03:38.016000+00:00,166.22946,-19.09764,15.8,R,168,UCAC4,CCD
5101,99942,,99942,2021-02-10 22:07:38.208000+00:00,166.227,-19.09719,15.9,R,168,UCAC4,CCD
5102,99942,,99942,2021-02-10 22:09:38.304000+00:00,166.22592,-19.09711,16.0,R,168,UCAC4,CCD
5103,99942,,99942,2021-02-10 22:11:37.536000+00:00,166.22463,-19.09683,16.0,R,168,UCAC4,CCD
5104,99942,,99942,2021-02-10 22:13:37.632000+00:00,166.22354,-19.09664,16.2,R,168,UCAC4,CCD
5105,99942,,99942,2021-02-10 22:15:37.728000+00:00,166.22229,-19.09653,16.1,R,168,UCAC4,CCD
5106,99942,,99942,2021-02-10 22:17:37.824000+00:00,166.22117,-19.09625,16.0,R,168,UCAC4,CCD
5107,99942,,99942,2021-02-11 00:28:27+00:00,166.15422,-19.08186,15.8,G,Z80,Gaia2,CCD
5108,99942,,99942,2021-02-11 00:35:07.700000+00:00,166.15024,-19.08112,16.0,G,Z80,Gaia2,CCD
5109,99942,,99942,2021-02-11 00:41:47.900000+00:00,166.14615,-19.08056,15.9,G,Z80,Gaia2,CCD
5110,99942,,99942,2021-02-11 00:48:22.200000+00:00,166.14214,-19.07974,15.8,G,Z80,Gaia2,CCD
5111,99942,,99942,2021-02-11 02:09:21.312000+00:00,166.08529,-19.06906,16.5,G,C40,Gaia2,CCD
5112,99942,,99942,2021-02-11 02:21:40.896000+00:00,166.078,-19.06769,16.5,G,C40,Gaia2,CCD
5113,99942,,99942,2021-02-11 02:26:19.104000+00:00,166.07521,-19.06717,16.6,G,C40,Gaia2,CCD
5114,99942,,C4WFRD2,2021-02-11 08:58:02.442000+00:00,165.867075,-19.02394,16.29,G,G96,Gaia2,CCD
5115,99942,,C4WFRD2,2021-02-11 09:12:21.204000+00:00,165.857955,-19.02207,16.29,G,G96,Gaia2,CCD
5116,99942,,C4WFRD2,2021-02-11 09:19:47.208000+00:00,165.853275,-19.02123,16.3,G,G96,Gaia2,CCD
5117,99942,,C4WFRD2,2021-02-11 09:27:12.424000+00:00,165.848595,-19.02039,16.27,G,G96,Gaia2,CCD
5118,99942,,99942,2021-02-11 20:06:27.648000+00:00,165.49642,-18.94625,16.3,G,C40,Gaia2,CCD
5119,99942,,99942,2021-02-11 20:12:38.304000+00:00,165.49283,-18.94531,16.3,G,C40,Gaia2,CCD
5120,99942,,99942,2021-02-11 20:39:50.400000+00:00,165.47692,-18.94206,16.4,G,C40,Gaia2,CCD
5121,99942,,99942,2021-02-11 21:10:03.936000+00:00,165.45246,-18.94114,15.6,R,168,UCAC4,CCD
5122,99942,,99942,2021-02-11 21:15:05.472000+00:00,165.44796,-18.93858,15.8,G,186,Gaia2,CCD
5123,99942,,99942,2021-02-11 21:19:03.936000+00:00,165.44683,-18.94011,16.1,R,168,UCAC4,CCD
5124,99942,,99942,2021-02-11 21:30:18.720000+00:00,165.43821,-18.93664,16.1,G,186,Gaia2,CCD
5125,99942,,99942,2021-02-11 21:31:03.648000+00:00,165.4395,-18.93853,15.8,R,168,UCAC4,CCD
5126,99942,,99942,2021-02-11 21:34:03.360000+00:00,165.43742,-18.93814,15.9,R,168,UCAC4,CCD
5127,99942,,99942,2021-02-11 21:35:28.896000+00:00,165.43488,-18.93597,15.9,G,186,Gaia2,CCD
5128,99942,,99942,2021-02-11 21:40:03.648000+00:00,165.43392,-18.93764,15.8,R,168,UCAC4,CCD
5129,99942,,99942,2021-02-11 21:40:38.208000+00:00,165.4315,-18.93536,16.0,G,186,Gaia2,CCD
5130,99942,,99942,2021-02-11 21:46:03.936000+00:00,165.43008,-18.93681,15.6,R,168,UCAC4,CCD
5131,99942,,99942,2021-02-11 21:49:03.648000+00:00,165.42829,-18.93664,15.9,R,168,UCAC4,CCD
5132,99942,,99942,2021-02-11 21:55:03.936000+00:00,165.42454,-18.93569,16.0,R,168,UCAC4,CCD
5133,99942,,99942,2021-02-11 21:58:03.648000+00:00,165.42258,-18.93522,16.4,R,168,UCAC4,CCD
5134,99942,,C1WH6J1,2021-02-12 07:24:59.250000+00:00,165.101115,-18.86,15.7,G,703,Gaia2,CCD
5135,99942,,C1WH6J1,2021-02-12 07:32:10.709000+00:00,165.09651,-18.85916,15.67,G,703,Gaia2,CCD
5136,99942,,C1WH6J1,2021-02-12 07:39:21.767000+00:00,165.0918,-18.85825,15.69,G,703,Gaia2,CCD
5137,99942,,C1WH6J1,2021-02-12 07:46:33.058000+00:00,165.087135,-18.85738,15.68,G,703,Gaia2,CCD
5138,99942,,A10v8le,2021-02-12 09:32:13.540000+00:00,165.031,-18.84013,15.85,Ac,T05,Gaia2,CCD
5139,99942,,A10v8le,2021-02-12 09:57:23.480000+00:00,165.01459,-18.83715,15.83,Ac,T05,Gaia2,CCD
5140,99942,,A10v8le,2021-02-12 10:05:18.190000+00:00,165.00939,-18.83617,15.86,Ac,T05,Gaia2,CCD
5141,99942,,A10v8le,2021-02-12 10:41:26.790000+00:00,164.98557,-18.83171,15.91,Ac,T05,Gaia2,CCD
5142,99942,,99942,2021-02-12 21:10:28.992000+00:00,164.61025,-18.74692,16.4,V,M47,UCAC4,CCD
5143,99942,,99942,2021-02-12 21:16:51.744000+00:00,164.60596,-18.74561,16.2,V,M47,UCAC4,CCD
5144,99942,,99942,2021-02-12 21:21:28.224000+00:00,164.60229,-18.74492,15.8,V,M47,UCAC4,CCD
5145,99942,,99942,2021-02-12 21:28:17.760000+00:00,164.59704,-18.74436,15.7,V,M47,UCAC4,CCD
5146,99942,,99942,2021-02-12 21:32:56.832000+00:00,164.59413,-18.74339,16.0,V,M47,UCAC4,CCD
5147,99942,,99942,2021-02-12 21:38:47.616000+00:00,164.59062,-18.74256,16.4,V,M47,UCAC4,CCD
5148,99942,,99942,2021-02-12 21:43:31.872000+00:00,164.58725,-18.74192,16.0,V,M47,UCAC4,CCD
5149,99942,,99942,2021-02-13 00:08:52.224000+00:00,164.49812,-18.72486,15.6,G,073,Gaia2,CCD
5150,99942,,99942,2021-02-13 00:30:43.776000+00:00,164.48367,-18.72147,15.5,G,073,Gaia2,CCD
5151,99942,,99942,2021-02-13 00:52:35.328000+00:00,164.46942,-18.71831,15.6,G,073,Gaia2,CCD
5152,99942,,99942,2021-02-13 01:00:26.813000+00:00,164.471104,-18.7162,15.8,G,Z84,Gaia2,CCD
5153,99942,,99942,2021-02-13 01:01:29+00:00,164.46959,-18.71816,16.6,G,Z80,Gaia2,CCD
5154,99942,,99942,2021-02-13 01:06:29+00:00,164.46597,-18.71739,16.0,G,Z80,Gaia2,CCD
5155,99942,,99942,2021-02-13 01:11:29+00:00,164.46302,-18.71673,15.8,G,Z80,Gaia2,CCD
5156,99942,,99942,2021-02-13 01:16:29.300000+00:00,164.45967,-18.71592,16.1,G,Z80,Gaia2,CCD
5157,99942,,99942,2021-02-13 01:47:17.750000+00:00,164.439742,-18.709453,15.7,G,Z84,Gaia2,CCD
5158,99942,,99942,2021-02-13 02:34:08.515000+00:00,164.408392,-18.702497,15.7,G,Z84,Gaia2,CCD
5159,99942,,99942,2021-02-13 02:56:54.240000+00:00,164.40758,-18.67878,,,834,UCAC4,CCD
5160,99942,,99942,2021-02-13 03:21:00.662000+00:00,164.377138,-18.695292,15.8,G,Z84,Gaia2,CCD
5161,99942,,99942,2021-02-13 04:02:14.208000+00:00,164.36408,-18.66964,,,834,UCAC4,CCD
5162,99942,,99942,2021-02-13 04:06:55.786000+00:00,164.346742,-18.688053,15.9,G,Z84,Gaia2,CCD
5163,99942,,99942,2021-02-13 21:14:43.872000+00:00,163.7235,-18.53058,16.4,G,186,Gaia2,CCD
5164,99942,,99942,2021-02-13 21:19:54.048000+00:00,163.72004,-18.52969,16.3,G,186,Gaia2,CCD
5165,99942,,99942,2021-02-13 21:24:58.176000+00:00,163.7165,-18.52889,16.5,G,186,Gaia2,CCD
5166,99942,,99942,2021-02-13 21:30:13.536000+00:00,163.71283,-18.52811,16.3,G,186,Gaia2,CCD
5167,99942,,A10vfks,2021-02-14 11:48:40.010000+00:00,163.17383,-18.37957,16.02,Ac,T08,Gaia2,CCD
5168,99942,,A10vfks,2021-02-14 12:38:56.380000+00:00,163.1378,-18.3706,16.16,Ac,T08,Gaia2,CCD
5169,99942,,A10vfks,2021-02-14 12:43:34.830000+00:00,163.13451,-18.36974,16.13,Ac,T08,Gaia2,CCD
5170,99942,,A10vfks,2021-02-14 12:53:31.710000+00:00,163.12738,-18.36792,16.18,Ac,T08,Gaia2,CCD
5171,99942,,99942,2021-02-14 18:38:07.872000+00:00,162.92504,-18.30683,15.4,G,M44,Gaia2,CCD
5172,99942,,99942,2021-02-14 18:59:17.088000+00:00,162.91033,-18.30311,15.1,G,M44,Gaia2,CCD
5173,99942,,99942,2021-02-14 19:16:35.616000+00:00,162.89812,-18.30019,15.3,G,M44,Gaia2,CCD
5174,99942,,99942,2021-02-14 19:21:47.520000+00:00,162.88746,-18.30383,16.5,R,N42,UNK,CCD
5175,99942,,99942,2021-02-14 19:24:04.896000+00:00,162.88542,-18.30331,16.1,R,N42,UNK,CCD
5176,99942,,99942,2021-02-14 19:26:22.272000+00:00,162.88387,-18.30294,16.1,R,N42,UNK,CCD
5177,99942,,99942,2021-02-14 19:28:39.648000+00:00,162.88233,-18.30256,16.0,R,N42,UNK,CCD
5178,99942,,99942,2021-02-14 19:30:57.024000+00:00,162.88096,-18.30222,16.5,R,N42,UNK,CCD
5179,99942,,99942,2021-02-14 19:33:14.400000+00:00,162.87908,-18.30175,15.8,R,N42,UNK,CCD
5180,99942,,99942,2021-02-14 19:35:30.912000+00:00,162.87737,-18.30128,15.6,R,N42,UNK,CCD
5181,99942,,99942,2021-02-14 19:37:48.288000+00:00,162.87587,-18.30094,15.8,R,N42,UNK,CCD
5182,99942,,99942,2021-02-14 19:40:05.664000+00:00,162.87421,-18.30047,15.8,R,N42,UNK,CCD
5183,99942,,99942,2021-02-14 19:42:23.040000+00:00,162.87258,-18.30011,15.9,R,N42,UNK,CCD
5184,99942,,99942,2021-02-14 19:44:40.416000+00:00,162.87104,-18.29972,15.9,R,N42,UNK,CCD
5185,99942,,99942,2021-02-14 19:46:57.792000+00:00,162.8695,-18.29931,15.9,R,N42,UNK,CCD
5186,99942,,99942,2021-02-14 19:49:15.168000+00:00,162.86787,-18.29892,15.8,R,N42,UNK,CCD
5187,99942,,99942,2021-02-14 19:51:32.544000+00:00,162.86617,-18.29844,15.8,R,N42,UNK,CCD
5188,99942,,99942,2021-02-14 19:53:49.920000+00:00,162.86467,-18.29811,15.8,R,N42,UNK,CCD
5189,99942,,99942,2021-02-14 19:56:07.296000+00:00,162.86296,-18.29764,15.8,R,N42,UNK,CCD
5190,99942,,99942,2021-02-14 19:58:21.216000+00:00,162.86425,-18.29656,15.6,G,186,Gaia2,CCD
5191,99942,,99942,2021-02-14 19:58:24.672000+00:00,162.86129,-18.29722,15.8,R,N42,UNK,CCD
5192,99942,,99942,2021-02-14 20:00:42.048000+00:00,162.85962,-18.29678,16.2,R,N42,UNK,CCD
5193,99942,,99942,2021-02-14 20:02:59.424000+00:00,162.85833,-18.29647,16.4,R,N42,UNK,CCD
5194,99942,,99942,2021-02-14 20:05:16.800000+00:00,162.85658,-18.296,16.0,R,N42,UNK,CCD
5195,99942,,99942,2021-02-14 20:07:34.176000+00:00,162.85525,-18.29569,16.6,R,N42,UNK,CCD
5196,99942,,99942,2021-02-14 20:09:51.552000+00:00,162.85321,-18.29514,15.8,R,N42,UNK,CCD
5197,99942,,99942,2021-02-14 20:12:09.792000+00:00,162.85154,-18.29472,15.8,R,N42,UNK,CCD
5198,99942,,99942,2021-02-14 20:14:27.168000+00:00,162.85008,-18.29433,15.7,R,N42,UNK,CCD
5199,99942,,99942,2021-02-14 20:16:44.544000+00:00,162.84837,-18.29392,15.8,R,N42,UNK,CCD
5200,99942,,99942,2021-02-14 20:19:01.920000+00:00,162.84675,-18.29347,16.5,R,N42,UNK,CCD
5201,99942,,99942,2021-02-14 20:21:19.296000+00:00,162.84533,-18.29314,16.1,R,N42,UNK,CCD
5202,99942,,99942,2021-02-14 20:23:37.536000+00:00,162.84346,-18.29264,16.4,R,N42,UNK,CCD
5203,99942,,99942,2021-02-14 20:25:54.048000+00:00,162.84192,-18.29219,15.9,R,N42,UNK,CCD
5204,99942,,99942,2021-02-14 20:28:12.288000+00:00,162.84021,-18.29181,16.0,R,N42,UNK,CCD
5205,99942,,99942,2021-02-14 20:30:28.800000+00:00,162.83879,-18.29147,16.3,R,N42,UNK,CCD
5206,99942,,99942,2021-02-14 20:32:47.040000+00:00,162.83704,-18.29097,15.9,R,N42,UNK,CCD
5207,99942,,99942,2021-02-14 20:35:04.416000+00:00,162.83546,-18.29056,15.8,R,N42,UNK,CCD
5208,99942,,99942,2021-02-14 20:37:22.656000+00:00,162.83383,-18.29014,15.9,R,N42,UNK,CCD
5209,99942,,99942,2021-02-14 20:39:40.032000+00:00,162.83217,-18.28972,15.9,R,N42,UNK,CCD
5210,99942,,99942,2021-02-14 20:41:57.408000+00:00,162.83058,-18.28931,15.8,R,N42,UNK,CCD
5211,99942,,99942,2021-02-14 20:44:14.784000+00:00,162.82892,-18.28883,15.8,R,N42,UNK,CCD
5212,99942,,99942,2021-02-14 20:46:32.160000+00:00,162.82738,-18.28844,16.2,R,N42,UNK,CCD
5213,99942,,99942,2021-02-14 20:48:49.536000+00:00,162.82575,-18.28803,16.0,R,N42,UNK,CCD
5214,99942,,99942,2021-02-14 20:51:06.912000+00:00,162.82413,-18.28758,15.7,R,N42,UNK,CCD
5215,99942,,99942,2021-02-14 20:53:26.016000+00:00,162.82246,-18.28714,15.8,R,N42,UNK,CCD
5216,99942,,99942,2021-02-14 20:55:42.528000+00:00,162.82092,-18.28672,15.8,R,N42,UNK,CCD
5217,99942,,99942,2021-02-14 20:57:59.904000+00:00,162.819,-18.28625,16.4,R,N42,UNK,CCD
5218,99942,,99942,2021-02-14 21:00:18.144000+00:00,162.81754,-18.28583,15.9,R,N42,UNK,CCD
5219,99942,,99942,2021-02-14 21:02:34.656000+00:00,162.81612,-18.28547,16.0,R,N42,UNK,CCD
5220,99942,,99942,2021-02-14 21:04:52.032000+00:00,162.81471,-18.28514,16.3,R,N42,UNK,CCD
5221,99942,,99942,2021-02-14 21:07:09.408000+00:00,162.81283,-18.28458,15.8,R,N42,UNK,CCD
5222,99942,,99942,2021-02-14 21:09:27.648000+00:00,162.81121,-18.28419,15.8,R,N42,UNK,CCD
5223,99942,,99942,2021-02-14 21:11:45.024000+00:00,162.80954,-18.28372,15.9,R,N42,UNK,CCD
5224,99942,,99942,2021-02-14 21:14:02.400000+00:00,162.80796,-18.28333,15.9,R,N42,UNK,CCD
5225,99942,,99942,2021-02-14 21:16:19.776000+00:00,162.80646,-18.28289,16.2,R,N42,UNK,CCD
5226,99942,,99942,2021-02-14 21:18:37.152000+00:00,162.80462,-18.28242,15.9,R,N42,UNK,CCD
5227,99942,,99942,2021-02-14 21:20:54.528000+00:00,162.80321,-18.28203,16.0,R,N42,UNK,CCD
5228,99942,,99942,2021-02-14 21:23:11.904000+00:00,162.80175,-18.28167,16.6,R,N42,UNK,CCD
5229,99942,,99942,2021-02-14 21:25:09.408000+00:00,162.80229,-18.28072,15.6,G,186,Gaia2,CCD
5230,99942,,99942,2021-02-14 21:25:29.280000+00:00,162.80017,-18.28125,16.2,R,N42,UNK,CCD
5231,99942,,99942,2021-02-14 21:27:46.656000+00:00,162.79837,-18.28075,15.7,R,N42,UNK,CCD
5232,99942,,99942,2021-02-14 21:30:04.032000+00:00,162.79663,-18.28025,15.6,R,N42,UNK,CCD
5233,99942,,99942,2021-02-14 21:32:21.408000+00:00,162.79504,-18.27981,15.7,R,N42,UNK,CCD
5234,99942,,99942,2021-02-14 21:34:38.784000+00:00,162.79342,-18.27942,15.7,R,N42,UNK,CCD
5235,99942,,99942,2021-02-14 21:36:57.024000+00:00,162.79183,-18.27897,15.7,R,N42,UNK,CCD
5236,99942,,99942,2021-02-14 21:59:30.912000+00:00,162.776,-18.27456,15.9,R,N42,UNK,CCD
5237,99942,,99942,2021-02-14 22:01:24.960000+00:00,162.79433,-18.27181,15.7,G,J37,Gaia2,CCD
5238,99942,,99942,2021-02-14 22:01:48.288000+00:00,162.77425,-18.27414,16.0,R,N42,UNK,CCD
5239,99942,,99942,2021-02-14 22:04:05.664000+00:00,162.77275,-18.27375,16.0,R,N42,UNK,CCD
5240,99942,,99942,2021-02-14 22:06:23.040000+00:00,162.771,-18.27325,16.1,R,N42,UNK,CCD
5241,99942,,99942,2021-02-14 22:08:12.768000+00:00,162.78967,-18.27064,15.6,G,J37,Gaia2,CCD
5242,99942,,99942,2021-02-14 22:08:40.416000+00:00,162.76937,-18.27283,15.8,R,N42,UNK,CCD
5243,99942,,99942,2021-02-14 22:10:56.928000+00:00,162.76783,-18.27239,16.0,R,N42,UNK,CCD
5244,99942,,99942,2021-02-14 22:13:14.304000+00:00,162.76625,-18.27197,15.8,R,N42,UNK,CCD
5245,99942,,99942,2021-02-14 22:15:31.680000+00:00,162.76458,-18.27153,16.6,R,N42,UNK,CCD
5246,99942,,99942,2021-02-14 22:17:48.192000+00:00,162.76508,-18.27078,15.6,G,186,Gaia2,CCD
5247,99942,,99942,2021-02-14 22:17:49.056000+00:00,162.76313,-18.27111,15.7,R,N42,UNK,CCD
5248,99942,,99942,2021-02-14 22:20:06.432000+00:00,162.76142,-18.27064,15.7,R,N42,UNK,CCD
5249,99942,,99942,2021-02-14 22:22:23.808000+00:00,162.75975,-18.27019,15.6,R,N42,UNK,CCD
5250,99942,,99942,2021-02-14 22:24:42.048000+00:00,162.75842,-18.26981,15.6,R,N42,UNK,CCD
5251,99942,,99942,2021-02-14 22:26:59.424000+00:00,162.75675,-18.26933,15.6,R,N42,UNK,CCD
5252,99942,,99942,2021-02-14 22:29:16.800000+00:00,162.755,-18.26883,15.7,R,N42,UNK,CCD
5253,99942,,99942,2021-02-14 22:31:34.176000+00:00,162.75342,-18.26839,15.8,R,N42,UNK,CCD
5254,99942,,99942,2021-02-14 22:38:24.576000+00:00,162.76875,-18.26564,15.2,G,J37,Gaia2,CCD
5255,99942,,99942,2021-02-14 22:52:01.920000+00:00,162.75921,-18.26314,15.4,G,J37,Gaia2,CCD
5256,99942,,99942,2021-02-14 23:01:57.216000+00:00,162.75233,-18.2615,15.4,G,J37,Gaia2,CCD
5257,99942,,99942,2021-02-14 23:29:02.400000+00:00,162.71508,-18.25694,15.6,G,186,Gaia2,CCD
5258,99942,,99942,2021-02-15 17:47:46.464000+00:00,162.01129,-18.04603,15.7,R,N42,UNK,CCD
5259,99942,,99942,2021-02-15 17:49:03.360000+00:00,162.01038,-18.04581,15.8,R,N42,UNK,CCD
5260,99942,,99942,2021-02-15 17:50:21.120000+00:00,162.00954,-18.04556,15.7,R,N42,UNK,CCD
5261,99942,,99942,2021-02-15 17:51:38.016000+00:00,162.00854,-18.04531,15.7,R,N42,UNK,CCD
5262,99942,,99942,2021-02-15 17:52:55.776000+00:00,162.00758,-18.04503,15.7,R,N42,UNK,CCD
5263,99942,,99942,2021-02-15 17:54:12.672000+00:00,162.00671,-18.04481,15.8,R,N42,UNK,CCD
5264,99942,,99942,2021-02-15 17:55:30.432000+00:00,162.00579,-18.04456,15.6,R,N42,UNK,CCD
5265,99942,,99942,2021-02-15 17:56:48.192000+00:00,162.00483,-18.04433,15.9,R,N42,UNK,CCD
5266,99942,,99942,2021-02-15 17:59:22.848000+00:00,162.00296,-18.04383,15.6,R,N42,UNK,CCD
5267,99942,,99942,2021-02-15 18:00:39.744000+00:00,162.00213,-18.04361,15.8,R,N42,UNK,CCD
5268,99942,,99942,2021-02-15 18:01:57.504000+00:00,162.00113,-18.04336,15.8,R,N42,UNK,CCD
5269,99942,,99942,2021-02-15 18:03:14.400000+00:00,162.00025,-18.04311,15.7,R,N42,UNK,CCD
5270,99942,,99942,2021-02-15 18:04:32.160000+00:00,161.99929,-18.04286,15.7,R,N42,UNK,CCD
5271,99942,,99942,2021-02-15 18:05:49.056000+00:00,161.99842,-18.04261,15.9,R,N42,UNK,CCD
5272,99942,,99942,2021-02-15 18:07:06.816000+00:00,161.99746,-18.04239,15.8,R,N42,UNK,CCD
5273,99942,,99942,2021-02-15 18:08:23.712000+00:00,161.99654,-18.04208,15.7,R,N42,UNK,CCD
5274,99942,,99942,2021-02-15 18:09:41.472000+00:00,161.99546,-18.04181,16.0,R,N42,UNK,CCD
5275,99942,,99942,2021-02-15 18:10:58.368000+00:00,161.99462,-18.04158,15.8,R,N42,UNK,CCD
5276,99942,,99942,2021-02-15 18:12:16.128000+00:00,161.99362,-18.04136,15.8,R,N42,UNK,CCD
5277,99942,,99942,2021-02-15 18:13:33.024000+00:00,161.99279,-18.04114,15.6,R,N42,UNK,CCD
5278,99942,,99942,2021-02-15 18:14:50.784000+00:00,161.99183,-18.04083,15.9,R,N42,UNK,CCD
5279,99942,,99942,2021-02-15 18:16:07.680000+00:00,161.99087,-18.04058,15.7,R,N42,UNK,CCD
5280,99942,,99942,2021-02-15 18:17:28.032000+00:00,161.98996,-18.04033,15.9,R,N42,UNK,CCD
5281,99942,,99942,2021-02-15 18:18:44.928000+00:00,161.98908,-18.04008,15.9,R,N42,UNK,CCD
5282,99942,,99942,2021-02-15 18:20:08.736000+00:00,161.988,-18.03986,15.8,R,N42,UNK,CCD
5283,99942,,99942,2021-02-15 18:27:03.456000+00:00,161.98317,-18.03858,15.8,R,N42,UNK,CCD
5284,99942,,99942,2021-02-15 18:29:40.704000+00:00,161.98112,-18.03808,17.1,R,N42,UNK,CCD
5285,99942,,99942,2021-02-15 18:30:58.464000+00:00,161.98025,-18.03778,16.0,R,N42,UNK,CCD
5286,99942,,99942,2021-02-15 18:32:17.088000+00:00,161.97933,-18.03756,16.0,R,N42,UNK,CCD
5287,99942,,99942,2021-02-15 18:33:33.984000+00:00,161.97829,-18.03725,16.0,R,N42,UNK,CCD
5288,99942,,99942,2021-02-15 18:34:51.744000+00:00,161.97737,-18.037,16.0,R,N42,UNK,CCD
5289,99942,,99942,2021-02-15 18:36:09.504000+00:00,161.9765,-18.03675,16.0,R,N42,UNK,CCD
5290,99942,,99942,2021-02-15 18:37:26.400000+00:00,161.97554,-18.03656,15.9,R,N42,UNK,CCD
5291,99942,,99942,2021-02-15 18:38:44.160000+00:00,161.97458,-18.03633,16.0,R,N42,UNK,CCD
5292,99942,,99942,2021-02-15 18:40:03.648000+00:00,161.97362,-18.03603,16.0,R,N42,UNK,CCD
5293,99942,,99942,2021-02-15 18:41:21.408000+00:00,161.97275,-18.03575,16.0,R,N42,UNK,CCD
5294,99942,,99942,2021-02-15 18:42:39.168000+00:00,161.97175,-18.03553,16.0,R,N42,UNK,CCD
5295,99942,,99942,2021-02-15 18:43:56.928000+00:00,161.97088,-18.03525,15.8,R,N42,UNK,CCD
5296,99942,,99942,2021-02-15 18:45:13.824000+00:00,161.96983,-18.03497,15.9,R,N42,UNK,CCD
5297,99942,,99942,2021-02-15 18:46:31.584000+00:00,161.969,-18.03475,15.9,R,N42,UNK,CCD
5298,99942,,99942,2021-02-15 18:47:49.344000+00:00,161.968,-18.0345,16.0,R,N42,UNK,CCD
5299,99942,,99942,2021-02-15 18:49:07.104000+00:00,161.96708,-18.03422,16.0,R,N42,UNK,CCD
5300,99942,,99942,2021-02-15 18:50:24.864000+00:00,161.96617,-18.034,16.0,R,N42,UNK,CCD
5301,99942,,99942,2021-02-15 18:51:41.760000+00:00,161.96525,-18.03372,16.0,R,N42,UNK,CCD
5302,99942,,99942,2021-02-15 18:53:00.384000+00:00,161.96425,-18.03344,16.0,R,N42,UNK,CCD
5303,99942,,99942,2021-02-15 18:54:17.280000+00:00,161.96333,-18.03319,15.9,R,N42,UNK,CCD
5304,99942,,99942,2021-02-15 18:55:35.040000+00:00,161.96237,-18.03294,15.9,R,N42,UNK,CCD
5305,99942,,99942,2021-02-15 18:56:52.800000+00:00,161.96138,-18.03267,15.9,R,N42,UNK,CCD
5306,99942,,99942,2021-02-15 18:58:09.696000+00:00,161.96046,-18.03244,15.9,R,N42,UNK,CCD
5307,99942,,99942,2021-02-15 18:59:27.456000+00:00,161.95963,-18.03225,16.4,R,N42,UNK,CCD
5308,99942,,99942,2021-02-15 19:00:45.216000+00:00,161.95871,-18.03197,16.3,R,N42,UNK,CCD
5309,99942,,99942,2021-02-15 19:02:02.112000+00:00,161.95775,-18.03169,16.0,R,N42,UNK,CCD
5310,99942,,99942,2021-02-15 19:03:19.872000+00:00,161.95679,-18.03142,16.0,R,N42,UNK,CCD
5311,99942,,99942,2021-02-15 19:04:37.632000+00:00,161.95579,-18.03117,16.0,R,N42,UNK,CCD
5312,99942,,99942,2021-02-15 19:05:55.392000+00:00,161.95496,-18.03097,16.0,R,N42,UNK,CCD
5313,99942,,99942,2021-02-15 19:07:12.288000+00:00,161.95396,-18.03064,16.0,R,N42,UNK,CCD
5314,99942,,99942,2021-02-15 19:08:30.048000+00:00,161.95304,-18.03042,15.9,R,N42,UNK,CCD
5315,99942,,99942,2021-02-15 19:09:47.808000+00:00,161.95204,-18.03017,16.1,R,N42,UNK,CCD
5316,99942,,99942,2021-02-15 19:11:05.568000+00:00,161.95112,-18.02989,15.9,R,N42,UNK,CCD
5317,99942,,99942,2021-02-15 19:12:23.328000+00:00,161.95017,-18.02964,16.1,R,N42,UNK,CCD
5318,99942,,99942,2021-02-15 19:13:40.224000+00:00,161.94925,-18.02939,16.0,R,N42,UNK,CCD
5319,99942,,99942,2021-02-15 19:14:57.984000+00:00,161.94829,-18.02914,16.0,R,N42,UNK,CCD
5320,99942,,99942,2021-02-15 19:16:15.744000+00:00,161.94733,-18.02886,16.0,R,N42,UNK,CCD
5321,99942,,99942,2021-02-15 19:17:32.640000+00:00,161.94646,-18.02861,16.1,R,N42,UNK,CCD
5322,99942,,99942,2021-02-15 19:18:50.400000+00:00,161.94546,-18.02833,16.1,R,N42,UNK,CCD
5323,99942,,99942,2021-02-15 19:20:08.160000+00:00,161.9445,-18.02811,16.1,R,N42,UNK,CCD
5324,99942,,99942,2021-02-15 19:21:25.920000+00:00,161.94362,-18.02789,16.1,R,N42,UNK,CCD
5325,99942,,99942,2021-02-15 19:22:43.680000+00:00,161.94258,-18.02758,16.1,R,N42,UNK,CCD
5326,99942,,99942,2021-02-15 19:34:26.976000+00:00,161.94104,-18.02094,15.6,G,M44,Gaia2,CCD
5327,99942,,99942,2021-02-15 19:38:59.136000+00:00,161.93354,-18.02353,15.8,G,186,Gaia2,CCD
5328,99942,,99942,2021-02-15 19:49:34.176000+00:00,161.92988,-18.018,15.8,G,M44,Gaia2,CCD
5329,99942,,99942,2021-02-15 20:00:40.320000+00:00,161.91762,-18.01925,15.9,G,186,Gaia2,CCD
5330,99942,,99942,2021-02-15 20:12:41.760000+00:00,161.91275,-18.01331,15.5,G,M44,Gaia2,CCD
5331,99942,,99942,2021-02-15 20:34:20.352000+00:00,161.90696,-17.99303,16.2,G,221,Gaia2,CCD
5332,99942,,99942,2021-02-15 20:36:04.032000+00:00,161.90571,-17.99269,16.2,G,221,Gaia2,CCD
5333,99942,,99942,2021-02-15 20:37:47.712000+00:00,161.90446,-17.99239,16.1,G,221,Gaia2,CCD
5334,99942,,99942,2021-02-15 20:54:21.312000+00:00,161.89254,-17.98928,16.0,G,221,Gaia2,CCD
5335,99942,,99942,2021-02-15 20:56:04.992000+00:00,161.89125,-17.98897,16.0,G,221,Gaia2,CCD
5336,99942,,99942,2021-02-15 20:57:48.672000+00:00,161.89,-17.98864,16.2,G,221,Gaia2,CCD
5337,99942,,99942,2021-02-15 20:59:30.624000+00:00,161.87446,-18.00722,15.9,G,186,Gaia2,CCD
5338,99942,,99942,2021-02-15 21:22:58.944000+00:00,161.87175,-17.98389,16.1,G,221,Gaia2,CCD
5339,99942,,99942,2021-02-15 21:24:44.352000+00:00,161.8705,-17.98356,16.1,G,221,Gaia2,CCD
5340,99942,,99942,2021-02-15 21:26:32.352000+00:00,161.86917,-17.98322,16.1,G,221,Gaia2,CCD
5341,99942,,99942,2021-02-15 21:55:04.800000+00:00,161.84817,-17.97775,16.1,G,221,Gaia2,CCD
5342,99942,,99942,2021-02-15 21:56:53.664000+00:00,161.84687,-17.97739,16.1,G,221,Gaia2,CCD
5343,99942,,99942,2021-02-15 21:58:39.072000+00:00,161.84554,-17.97706,16.1,G,221,Gaia2,CCD
5344,99942,,99942,2021-02-15 22:22:41.952000+00:00,161.82775,-17.97239,16.0,G,221,Gaia2,CCD
5345,99942,,99942,2021-02-15 22:24:25.632000+00:00,161.82646,-17.97206,16.1,G,221,Gaia2,CCD
5346,99942,,99942,2021-02-15 22:26:16.224000+00:00,161.82517,-17.97169,16.1,G,221,Gaia2,CCD
5347,99942,,99942,2021-02-15 23:25:03.936000+00:00,161.76842,-17.97639,15.8,G,186,Gaia2,CCD
5348,99942,,99942,2021-02-15 23:51:07.776000+00:00,161.76233,-17.97244,15.3,R,470,Gaia1,CCD
5349,99942,,99942,2021-02-15 23:52:22.944000+00:00,161.76142,-17.97222,15.1,R,470,Gaia1,CCD
5350,99942,,99942,2021-02-15 23:53:43.296000+00:00,161.76046,-17.97194,15.3,R,470,Gaia1,CCD
5351,99942,,A10vil8,2021-02-16 11:51:25.060000+00:00,161.27231,-17.8152,16.07,Ac,T05,Gaia2,CCD
5352,99942,,A10vil8,2021-02-16 11:56:01.690000+00:00,161.26878,-17.8142,16.07,Ac,T05,Gaia2,CCD
5353,99942,,A10vil8,2021-02-16 12:38:41.150000+00:00,161.23634,-17.80465,16.09,Ac,T05,Gaia2,CCD
5354,99942,,A10vil8,2021-02-16 12:46:05.600000+00:00,161.23067,-17.803,16.18,Ac,T05,Gaia2,CCD
5355,99942,,99942,2021-02-16 17:36:11.808000+00:00,161.05396,-17.73756,14.8,G,M44,Gaia2,CCD
5356,99942,,99942,2021-02-16 17:54:19.584000+00:00,161.04054,-17.73406,14.9,G,M44,Gaia2,CCD
5357,99942,,99942,2021-02-16 18:03:23.904000+00:00,161.03408,-17.73258,15.0,G,M44,Gaia2,CCD
5358,99942,,99942,2021-02-16 18:35:33.216000+00:00,161.00567,-17.72947,15.4,G,186,Gaia2,CCD
5359,99942,,99942,2021-02-16 18:38:38.976000+00:00,161.00333,-17.72892,15.4,G,186,Gaia2,CCD
5360,99942,,99942,2021-02-16 20:05:19.392000+00:00,160.93775,-17.70986,15.4,G,186,Gaia2,CCD
5361,99942,,99942,2021-02-16 20:08:25.152000+00:00,160.93567,-17.70922,15.3,G,186,Gaia2,CCD
5362,99942,,99942,2021-02-16 20:32:15.936000+00:00,160.93187,-17.68431,15.4,G,221,Gaia2,CCD
5363,99942,,99942,2021-02-16 20:34:01.344000+00:00,160.93058,-17.68392,15.4,G,221,Gaia2,CCD
5364,99942,,99942,2021-02-16 20:35:45.888000+00:00,160.92921,-17.68356,15.5,G,221,Gaia2,CCD
5365,99942,,99942,2021-02-16 20:57:38.304000+00:00,160.913,-17.679,15.4,G,221,Gaia2,CCD
5366,99942,,99942,2021-02-16 20:59:22.848000+00:00,160.91171,-17.67864,15.3,G,221,Gaia2,CCD
5367,99942,,99942,2021-02-16 21:01:28.992000+00:00,160.91004,-17.67817,15.4,G,221,Gaia2,CCD
5368,99942,,99942,2021-02-16 21:18:05.184000+00:00,160.89767,-17.67469,15.4,G,221,Gaia2,CCD
5369,99942,,99942,2021-02-16 21:19:48.864000+00:00,160.89633,-17.67431,15.4,G,221,Gaia2,CCD
5370,99942,,99942,2021-02-16 21:21:44.640000+00:00,160.89488,-17.67392,15.4,G,221,Gaia2,CCD
5371,99942,,99942,2021-02-16 21:35:44.016000+00:00,160.88063,-17.69014,15.3,G,L54,Gaia2,CCD
5372,99942,,99942,2021-02-16 21:44:22.762000+00:00,160.87412,-17.68831,15.3,G,L54,Gaia2,CCD
5373,99942,,99942,2021-02-16 21:44:53.952000+00:00,160.87738,-17.66897,15.4,G,221,Gaia2,CCD
5374,99942,,99942,2021-02-16 21:46:53.184000+00:00,160.87592,-17.66853,15.4,G,221,Gaia2,CCD
5375,99942,,99942,2021-02-16 21:48:36.864000+00:00,160.87454,-17.66814,15.4,G,221,Gaia2,CCD
5376,99942,,99942,2021-02-16 21:55:04.282000+00:00,160.86621,-17.68578,15.5,G,L54,Gaia2,CCD
5377,99942,,99942,2021-02-16 22:10:28.416000+00:00,160.85792,-17.66344,15.4,G,221,Gaia2,CCD
5378,99942,,99942,2021-02-16 22:12:21.600000+00:00,160.8565,-17.66303,15.4,G,221,Gaia2,CCD
5379,99942,,99942,2021-02-16 22:14:07.008000+00:00,160.85512,-17.66264,15.5,G,221,Gaia2,CCD
5380,99942,,99942,2021-02-16 23:00:17.165000+00:00,160.824092,-17.669264,15.4,G,Z84,Gaia2,CCD
5381,99942,,99942,2021-02-17 00:00:34.387000+00:00,160.778575,-17.655981,15.5,G,Z84,Gaia2,CCD
5382,99942,,99942,2021-02-17 00:08:16+00:00,160.77133,-17.65653,15.7,G,Z80,Gaia2,CCD
5383,99942,,99942,2021-02-17 00:17:41.200000+00:00,160.76436,-17.65439,16.3,G,Z80,Gaia2,CCD
5384,99942,,99942,2021-02-17 01:00:52.906000+00:00,160.732671,-17.642356,15.7,G,Z84,Gaia2,CCD
5385,99942,,99942,2021-02-17 02:00:35.136000+00:00,160.687167,-17.628475,15.9,G,Z84,Gaia2,CCD
5386,99942,,99942,2021-02-17 03:00:52.186000+00:00,160.641421,-17.6141,16.0,G,Z84,Gaia2,CCD
5387,99942,,K04M04N,2021-02-17 07:17:43.008000+00:00,160.47504,-17.55342,15.5,R,691,USNOB1,CCD
5388,99942,,K04M04N,2021-02-17 07:19:31.008000+00:00,160.47362,-17.553,15.4,R,691,USNOB1,CCD
5389,99942,,K04M04N,2021-02-17 07:21:17.280000+00:00,160.47225,-17.55258,15.4,R,691,USNOB1,CCD
5390,99942,,99942,2021-02-17 18:46:15.168000+00:00,159.99787,-17.38436,15.6,G,M44,Gaia2,CCD
5391,99942,,99942,2021-02-17 19:05:00.960000+00:00,159.97579,-17.38503,16.2,R,N42,UNK,CCD
5392,99942,,99942,2021-02-17 19:06:18.720000+00:00,159.97483,-17.38475,16.1,R,N42,UNK,CCD
5393,99942,,99942,2021-02-17 19:06:21.312000+00:00,159.98288,-17.38036,15.6,G,M44,Gaia2,CCD
5394,99942,,99942,2021-02-17 19:07:35.616000+00:00,159.97396,-17.38442,16.1,R,N42,UNK,CCD
5395,99942,,99942,2021-02-17 19:08:53.376000+00:00,159.97283,-17.38411,17.1,R,N42,UNK,CCD
5396,99942,,99942,2021-02-17 19:10:10.272000+00:00,159.97188,-17.38378,16.1,R,N42,UNK,CCD
5397,99942,,99942,2021-02-17 19:11:27.168000+00:00,159.97088,-17.38347,16.2,R,N42,UNK,CCD
5398,99942,,99942,2021-02-17 19:12:44.928000+00:00,159.96988,-17.38317,16.1,R,N42,UNK,CCD
5399,99942,,99942,2021-02-17 19:14:01.824000+00:00,159.96887,-17.38283,16.2,R,N42,UNK,CCD
5400,99942,,99942,2021-02-17 19:15:19.584000+00:00,159.96788,-17.38256,16.2,R,N42,UNK,CCD
5401,99942,,99942,2021-02-17 19:16:36.480000+00:00,159.96696,-17.38231,16.5,R,N42,UNK,CCD
5402,99942,,99942,2021-02-17 19:17:54.240000+00:00,159.96592,-17.38189,16.2,R,N42,UNK,CCD
5403,99942,,99942,2021-02-17 19:19:11.136000+00:00,159.96488,-17.38158,16.6,R,N42,UNK,CCD
5404,99942,,99942,2021-02-17 19:20:28.896000+00:00,159.96392,-17.38125,16.2,R,N42,UNK,CCD
5405,99942,,99942,2021-02-17 19:21:45.792000+00:00,159.96292,-17.38094,16.2,R,N42,UNK,CCD
5406,99942,,99942,2021-02-17 19:23:02.688000+00:00,159.96192,-17.38064,16.2,R,N42,UNK,CCD
5407,99942,,99942,2021-02-17 19:24:20.448000+00:00,159.96092,-17.38033,16.1,R,N42,UNK,CCD
5408,99942,,99942,2021-02-17 19:25:37.344000+00:00,159.95992,-17.37997,16.2,R,N42,UNK,CCD
5409,99942,,99942,2021-02-17 19:26:25.728000+00:00,159.96683,-17.37561,15.6,G,M44,Gaia2,CCD
5410,99942,,99942,2021-02-17 19:26:55.104000+00:00,159.95892,-17.37967,16.1,R,N42,UNK,CCD
5411,99942,,99942,2021-02-17 19:28:12+00:00,159.95792,-17.37936,16.2,R,N42,UNK,CCD
5412,99942,,99942,2021-02-17 19:29:29.760000+00:00,159.95696,-17.37908,16.2,R,N42,UNK,CCD
5413,99942,,99942,2021-02-17 19:30:46.656000+00:00,159.95596,-17.37872,16.2,R,N42,UNK,CCD
5414,99942,,99942,2021-02-17 19:32:03.552000+00:00,159.95496,-17.37844,16.2,R,N42,UNK,CCD
5415,99942,,99942,2021-02-17 19:33:21.312000+00:00,159.95396,-17.37808,16.2,R,N42,UNK,CCD
5416,99942,,99942,2021-02-17 19:34:38.208000+00:00,159.95296,-17.37781,16.1,R,N42,UNK,CCD
5417,99942,,99942,2021-02-17 19:35:55.968000+00:00,159.952,-17.37747,16.1,R,N42,UNK,CCD
5418,99942,,99942,2021-02-17 19:37:12.864000+00:00,159.95104,-17.37714,16.1,R,N42,UNK,CCD
5419,99942,,99942,2021-02-17 19:38:30.624000+00:00,159.95,-17.37683,16.1,R,N42,UNK,CCD
5420,99942,,99942,2021-02-17 19:39:47.520000+00:00,159.94908,-17.37656,16.1,R,N42,UNK,CCD
5421,99942,,99942,2021-02-17 19:41:04.416000+00:00,159.94808,-17.37622,16.2,R,N42,UNK,CCD
5422,99942,,99942,2021-02-17 19:42:22.176000+00:00,159.947,-17.37589,16.2,R,N42,UNK,CCD
5423,99942,,99942,2021-02-17 19:43:39.072000+00:00,159.94604,-17.37558,16.2,R,N42,UNK,CCD
5424,99942,,99942,2021-02-17 19:44:56.832000+00:00,159.94508,-17.37525,16.2,R,N42,UNK,CCD
5425,99942,,99942,2021-02-17 19:46:13.728000+00:00,159.94408,-17.37489,16.2,R,N42,UNK,CCD
5426,99942,,99942,2021-02-17 19:47:31.488000+00:00,159.94304,-17.37464,16.3,R,N42,UNK,CCD
5427,99942,,99942,2021-02-17 19:48:48.384000+00:00,159.942,-17.37422,16.2,R,N42,UNK,CCD
5428,99942,,99942,2021-02-17 19:50:05.280000+00:00,159.94104,-17.37397,16.2,R,N42,UNK,CCD
5429,99942,,99942,2021-02-17 19:51:23.040000+00:00,159.94012,-17.37367,16.2,R,N42,UNK,CCD
5430,99942,,99942,2021-02-17 19:52:39.936000+00:00,159.939,-17.37331,16.2,R,N42,UNK,CCD
5431,99942,,99942,2021-02-17 19:53:57.696000+00:00,159.93813,-17.37308,16.2,R,N42,UNK,CCD
5432,99942,,99942,2021-02-17 19:55:14.592000+00:00,159.93713,-17.37272,16.3,R,N42,UNK,CCD
5433,99942,,99942,2021-02-17 19:56:32.352000+00:00,159.93608,-17.37239,16.1,R,N42,UNK,CCD
5434,99942,,99942,2021-02-17 19:57:49.248000+00:00,159.935,-17.37211,16.1,R,N42,UNK,CCD
5435,99942,,99942,2021-02-17 19:58:37.632000+00:00,159.938,-17.37356,15.8,R,168,UCAC4,CCD
5436,99942,,99942,2021-02-17 19:59:07.008000+00:00,159.93413,-17.37178,16.1,R,N42,UNK,CCD
5437,99942,,99942,2021-02-17 20:00:23.904000+00:00,159.93313,-17.37144,16.2,R,N42,UNK,CCD
5438,99942,,99942,2021-02-17 20:01:41.664000+00:00,159.93217,-17.37111,16.2,R,N42,UNK,CCD
5439,99942,,99942,2021-02-17 20:02:58.560000+00:00,159.93117,-17.37081,16.1,R,N42,UNK,CCD
5440,99942,,99942,2021-02-17 20:04:16.320000+00:00,159.93021,-17.37053,16.2,R,N42,UNK,CCD
5441,99942,,99942,2021-02-17 20:05:33.216000+00:00,159.92904,-17.37011,16.1,R,N42,UNK,CCD
5442,99942,,99942,2021-02-17 20:06:50.976000+00:00,159.92808,-17.36978,16.1,R,N42,UNK,CCD
5443,99942,,99942,2021-02-17 20:08:07.872000+00:00,159.92721,-17.3695,16.1,R,N42,UNK,CCD
5444,99942,,99942,2021-02-17 20:09:25.632000+00:00,159.92613,-17.36908,16.2,R,N42,UNK,CCD
5445,99942,,99942,2021-02-17 20:10:42.528000+00:00,159.92488,-17.369,15.5,R,N42,UNK,CCD
5446,99942,,99942,2021-02-17 20:12:00.288000+00:00,159.92417,-17.3685,15.4,R,N42,UNK,CCD
5447,99942,,99942,2021-02-17 20:13:17.184000+00:00,159.92304,-17.36844,15.5,R,N42,UNK,CCD
5448,99942,,99942,2021-02-17 20:14:34.944000+00:00,159.92208,-17.36783,16.3,R,N42,UNK,CCD
5449,99942,,99942,2021-02-17 20:15:21.600000+00:00,159.92817,-17.36358,15.8,G,M43,Gaia2,CCD
5450,99942,,99942,2021-02-17 20:15:51.840000+00:00,159.92117,-17.36756,16.2,R,N42,UNK,CCD
5451,99942,,99942,2021-02-17 20:17:09.600000+00:00,159.92021,-17.36725,16.1,R,N42,UNK,CCD
5452,99942,,99942,2021-02-17 20:18:26.496000+00:00,159.91929,-17.36692,16.2,R,N42,UNK,CCD
5453,99942,,99942,2021-02-17 20:19:44.256000+00:00,159.91821,-17.36658,16.0,R,N42,UNK,CCD
5454,99942,,99942,2021-02-17 20:21:01.152000+00:00,159.91721,-17.36625,16.2,R,N42,UNK,CCD
5455,99942,,99942,2021-02-17 20:22:18.912000+00:00,159.91621,-17.36592,16.2,R,N42,UNK,CCD
5456,99942,,99942,2021-02-17 20:22:30.144000+00:00,159.92267,-17.36189,15.9,G,M43,Gaia2,CCD
5457,99942,,99942,2021-02-17 20:23:35.808000+00:00,159.91512,-17.36558,16.1,R,N42,UNK,CCD
5458,99942,,99942,2021-02-17 20:24:53.568000+00:00,159.91417,-17.36528,16.2,R,N42,UNK,CCD
5459,99942,,99942,2021-02-17 20:26:10.464000+00:00,159.91321,-17.36494,16.1,R,N42,UNK,CCD
5460,99942,,99942,2021-02-17 20:27:09.216000+00:00,159.91517,-17.36406,15.9,G,186,Gaia2,CCD
5461,99942,,99942,2021-02-17 20:27:28.224000+00:00,159.91225,-17.36467,16.1,R,N42,UNK,CCD
5462,99942,,99942,2021-02-17 20:28:45.120000+00:00,159.91121,-17.36433,16.1,R,N42,UNK,CCD
5463,99942,,99942,2021-02-17 20:29:19.680000+00:00,159.91708,-17.36019,16.1,G,M43,Gaia2,CCD
5464,99942,,99942,2021-02-17 20:30:02.880000+00:00,159.91025,-17.364,16.1,R,N42,UNK,CCD
5465,99942,,99942,2021-02-17 20:30:14.976000+00:00,159.91271,-17.36333,15.9,G,186,Gaia2,CCD
5466,99942,,99942,2021-02-17 20:31:19.776000+00:00,159.90929,-17.36369,16.1,R,N42,UNK,CCD
5467,99942,,99942,2021-02-17 20:32:17.664000+00:00,159.92558,-17.34311,15.9,G,221,Gaia2,CCD
5468,99942,,99942,2021-02-17 20:32:37.536000+00:00,159.90829,-17.36336,16.1,R,N42,UNK,CCD
5469,99942,,99942,2021-02-17 20:33:54.432000+00:00,159.90733,-17.363,16.1,R,N42,UNK,CCD
5470,99942,,99942,2021-02-17 20:34:02.208000+00:00,159.92425,-17.34269,16.0,G,221,Gaia2,CCD
5471,99942,,99942,2021-02-17 20:35:12.192000+00:00,159.90629,-17.36267,16.2,R,N42,UNK,CCD
5472,99942,,99942,2021-02-17 20:35:45.888000+00:00,159.92296,-17.34233,16.0,G,221,Gaia2,CCD
5473,99942,,99942,2021-02-17 20:36:10.080000+00:00,159.91179,-17.35856,16.0,G,M43,Gaia2,CCD
5474,99942,,99942,2021-02-17 20:36:29.088000+00:00,159.90529,-17.36239,16.1,R,N42,UNK,CCD
5475,99942,,99942,2021-02-17 20:37:46.848000+00:00,159.90421,-17.36203,16.1,R,N42,UNK,CCD
5476,99942,,99942,2021-02-17 20:39:03.744000+00:00,159.90329,-17.36172,16.1,R,N42,UNK,CCD
5477,99942,,99942,2021-02-17 20:40:21.504000+00:00,159.90229,-17.36139,16.2,R,N42,UNK,CCD
5478,99942,,99942,2021-02-17 20:41:38.400000+00:00,159.90138,-17.36108,16.1,R,N42,UNK,CCD
5479,99942,,99942,2021-02-17 20:42:56.160000+00:00,159.90033,-17.36075,16.2,R,N42,UNK,CCD
5480,99942,,99942,2021-02-17 20:42:59.616000+00:00,159.9065,-17.35672,15.9,G,M43,Gaia2,CCD
5481,99942,,99942,2021-02-17 20:44:13.056000+00:00,159.89938,-17.36044,16.1,R,N42,UNK,CCD
5482,99942,,99942,2021-02-17 20:45:29.952000+00:00,159.89833,-17.36011,16.1,R,N42,UNK,CCD
5483,99942,,99942,2021-02-17 20:46:47.712000+00:00,159.89737,-17.35969,16.0,R,N42,UNK,CCD
5484,99942,,99942,2021-02-17 20:48:04.608000+00:00,159.89638,-17.35942,16.1,R,N42,UNK,CCD
5485,99942,,99942,2021-02-17 20:49:22.368000+00:00,159.89533,-17.35908,16.0,R,N42,UNK,CCD
5486,99942,,99942,2021-02-17 20:50:39.264000+00:00,159.89433,-17.35878,16.1,R,N42,UNK,CCD
5487,99942,,99942,2021-02-17 20:51:57.024000+00:00,159.89337,-17.3585,16.0,R,N42,UNK,CCD
5488,99942,,99942,2021-02-17 20:53:14.784000+00:00,159.89242,-17.35814,16.0,R,N42,UNK,CCD
5489,99942,,99942,2021-02-17 20:54:03.168000+00:00,159.90896,-17.33808,15.9,G,221,Gaia2,CCD
5490,99942,,99942,2021-02-17 20:54:31.680000+00:00,159.89142,-17.35775,16.0,R,N42,UNK,CCD
5491,99942,,99942,2021-02-17 20:55:01.056000+00:00,159.89337,-17.35711,15.9,G,186,Gaia2,CCD
5492,99942,,99942,2021-02-17 20:55:47.712000+00:00,159.90754,-17.33767,15.9,G,221,Gaia2,CCD
5493,99942,,99942,2021-02-17 20:55:49.440000+00:00,159.89033,-17.35747,15.9,R,N42,UNK,CCD
5494,99942,,99942,2021-02-17 20:57:32.256000+00:00,159.90621,-17.33728,15.9,G,221,Gaia2,CCD
5495,99942,,99942,2021-02-17 20:58:06.816000+00:00,159.89071,-17.35636,15.7,G,186,Gaia2,CCD
5496,99942,,99942,2021-02-17 21:11:38.112000+00:00,159.88283,-17.35553,15.7,R,168,UCAC4,CCD
5497,99942,,99942,2021-02-17 21:21:55.008000+00:00,159.88742,-17.33156,15.8,G,221,Gaia2,CCD
5498,99942,,99942,2021-02-17 21:23:51.648000+00:00,159.88587,-17.33111,15.9,G,221,Gaia2,CCD
5499,99942,,99942,2021-02-17 21:25:37.920000+00:00,159.88454,-17.33069,15.8,G,221,Gaia2,CCD
5500,99942,,99942,2021-02-17 21:45:38.016000+00:00,159.85704,-17.34694,15.5,R,168,UCAC4,CCD
5501,99942,,99942,2021-02-17 21:57:05.760000+00:00,159.86,-17.32322,15.8,G,221,Gaia2,CCD
5502,99942,,99942,2021-02-17 21:58:50.304000+00:00,159.85863,-17.32278,15.8,G,221,Gaia2,CCD
5503,99942,,99942,2021-02-17 22:00:34.848000+00:00,159.85725,-17.32236,15.8,G,221,Gaia2,CCD
5504,99942,,99942,2021-02-17 22:24:41.184000+00:00,159.83833,-17.31656,15.7,G,221,Gaia2,CCD
5505,99942,,99942,2021-02-17 22:26:48.192000+00:00,159.83667,-17.31606,15.7,G,221,Gaia2,CCD
5506,99942,,99942,2021-02-17 22:28:32.736000+00:00,159.83525,-17.31561,15.7,G,221,Gaia2,CCD
5507,99942,,99942,2021-02-17 22:31:37.632000+00:00,159.82225,-17.33525,15.7,R,168,UCAC4,CCD
5508,99942,,99942,2021-02-17 22:51:42.048000+00:00,159.81783,-17.329,,,204,Gaia2,CCD
5509,99942,,99942,2021-02-17 22:54:02.880000+00:00,159.81613,-17.32844,15.7,G,204,Gaia2,CCD
5510,99942,,99942,2021-02-17 22:59:54.528000+00:00,159.81154,-17.327,,,204,Gaia2,CCD
5511,99942,,K04M04N,2021-02-18 07:08:27.456000+00:00,159.46317,-17.20022,15.3,R,691,USNOB1,CCD
5512,99942,,K04M04N,2021-02-18 07:10:41.376000+00:00,159.46142,-17.19964,15.4,R,691,USNOB1,CCD
5513,99942,,K04M04N,2021-02-18 07:12:55.296000+00:00,159.45963,-17.19911,15.4,R,691,USNOB1,CCD
5514,99942,,99942,2021-02-18 20:32:11.616000+00:00,158.89171,-16.96942,15.5,G,221,Gaia2,CCD
5515,99942,,99942,2021-02-18 20:34:09.120000+00:00,158.89017,-16.96892,15.5,G,221,Gaia2,CCD
5516,99942,,99942,2021-02-18 20:35:55.392000+00:00,158.88875,-16.96847,15.5,G,221,Gaia2,CCD
5517,99942,,99942,2021-02-18 21:02:13.056000+00:00,158.86804,-16.96178,15.6,G,221,Gaia2,CCD
5518,99942,,99942,2021-02-18 21:04:09.696000+00:00,158.86654,-16.96125,15.6,G,221,Gaia2,CCD
5519,99942,,99942,2021-02-18 21:05:55.968000+00:00,158.86504,-16.96078,15.6,G,221,Gaia2,CCD
5520,99942,,99942,2021-02-18 21:32:22.272000+00:00,158.84404,-16.95397,15.7,G,221,Gaia2,CCD
5521,99942,,99942,2021-02-18 21:34:07.680000+00:00,158.84254,-16.95347,15.7,G,221,Gaia2,CCD
5522,99942,,99942,2021-02-18 21:35:54.816000+00:00,158.84121,-16.95303,15.6,G,221,Gaia2,CCD
5523,99942,,99942,2021-02-18 22:07:33.888000+00:00,158.81583,-16.94475,15.7,G,221,Gaia2,CCD
5524,99942,,99942,2021-02-18 22:09:20.160000+00:00,158.81438,-16.94425,15.7,G,221,Gaia2,CCD
5525,99942,,99942,2021-02-18 22:11:06.432000+00:00,158.813,-16.94381,15.7,G,221,Gaia2,CCD
5526,99942,,99942,2021-02-18 22:24:59.328000+00:00,158.79929,-16.96008,15.9,V,056,UCAC4,CCD
5527,99942,,99942,2021-02-18 22:38:40.992000+00:00,158.79067,-16.93647,15.7,G,221,Gaia2,CCD
5528,99942,,99942,2021-02-18 22:40:26.400000+00:00,158.78921,-16.93597,15.8,G,221,Gaia2,CCD
5529,99942,,99942,2021-02-18 22:42:33.408000+00:00,158.78758,-16.93542,15.7,G,221,Gaia2,CCD
5530,99942,,99942,2021-02-18 22:49:16.032000+00:00,158.78021,-16.95367,15.9,V,056,UCAC4,CCD
5531,99942,,99942,2021-02-18 23:12:59.904000+00:00,158.76154,-16.94711,15.8,V,056,UCAC4,CCD
5532,99942,,99942,2021-02-18 23:17:44.160000+00:00,158.75775,-16.94583,15.9,V,056,UCAC4,CCD
5533,99942,,99942,2021-02-19 00:05:42.100000+00:00,158.72471,-16.93304,15.9,G,Z80,Gaia2,CCD
5534,99942,,99942,2021-02-19 00:10:42.200000+00:00,158.72086,-16.93163,16.4,G,Z80,Gaia2,CCD
5535,99942,,99942,2021-02-19 00:15:42+00:00,158.71683,-16.93031,16.8,G,Z80,Gaia2,CCD
5536,99942,,99942,2021-02-19 00:20:42+00:00,158.71299,-16.92889,15.7,G,Z80,Gaia2,CCD
5537,99942,,C1WYR01,2021-02-19 07:14:58.534000+00:00,158.41179,-16.81046,15.4,G,703,Gaia2,CCD
5538,99942,,C1WYR01,2021-02-19 07:22:42.317000+00:00,158.405415,-16.80817,15.42,G,703,Gaia2,CCD
5539,99942,,C1WYR01,2021-02-19 07:38:08.954000+00:00,158.392965,-16.80375,15.35,G,703,Gaia2,CCD
5540,99942,,LT8MC2V,2021-02-19 19:04:05.915000+00:00,158.20525,-16.93383,15.7,G,C57,Gaia2,CCD
5541,99942,,LT8MC2V,2021-02-19 19:14:05.914000+00:00,158.19561,-16.93069,15.6,G,C57,Gaia2,CCD
5542,99942,,LT8MC2V,2021-02-19 19:24:05.914000+00:00,158.18602,-16.92767,15.5,G,C57,Gaia2,CCD
5543,99942,,LT8MC2V,2021-02-19 19:34:05.914000+00:00,158.17653,-16.9243,15.6,G,C57,Gaia2,CCD
5544,99942,,LT8MC2V,2021-02-19 19:44:05.914000+00:00,158.16677,-16.92135,15.5,G,C57,Gaia2,CCD
5545,99942,,99942,2021-02-19 19:47:53.952000+00:00,157.85729,-16.59219,15.3,G,M44,Gaia2,CCD
5546,99942,,LT8MC2V,2021-02-19 19:54:05.913000+00:00,158.15735,-16.91813,15.6,G,C57,Gaia2,CCD
5547,99942,,LT8MC2V,2021-02-19 20:04:05.913000+00:00,158.1476,-16.91508,15.6,G,C57,Gaia2,CCD
5548,99942,,99942,2021-02-19 20:06:00.864000+00:00,157.84208,-16.58714,15.5,G,M44,Gaia2,CCD
5549,99942,,LT8MC2V,2021-02-19 20:14:05.913000+00:00,158.13818,-16.91203,15.6,G,C57,Gaia2,CCD
5550,99942,,LT8MC2V,2021-02-19 20:24:05.913000+00:00,158.12833,-16.90896,15.6,G,C57,Gaia2,CCD
5551,99942,,99942,2021-02-19 20:27:10.944000+00:00,157.82471,-16.58086,15.3,G,M44,Gaia2,CCD
5552,99942,,LT8MC2V,2021-02-19 20:34:05.912000+00:00,158.11876,-16.90596,15.5,G,C57,Gaia2,CCD
5553,99942,,LT8MC2V,2021-02-19 20:44:05.912000+00:00,158.10933,-16.90273,15.5,G,C57,Gaia2,CCD
5554,99942,,LT8MC2V,2021-02-19 20:54:05.912000+00:00,158.10008,-16.89965,15.6,G,C57,Gaia2,CCD
5555,99942,,LT8MC2V,2021-02-19 21:04:05.912000+00:00,158.08993,-16.8964,15.5,G,C57,Gaia2,CCD
5556,99942,,LT8MC2V,2021-02-19 21:14:05.911000+00:00,158.08031,-16.89342,15.4,G,C57,Gaia2,CCD
5557,99942,,LT8MC2V,2021-02-19 21:24:05.911000+00:00,158.07074,-16.89039,15.5,G,C57,Gaia2,CCD
5558,99942,,LT8MC2V,2021-02-19 21:34:05.911000+00:00,158.06117,-16.88731,15.5,G,C57,Gaia2,CCD
5559,99942,,LT8MC2V,2021-02-19 21:44:05.910000+00:00,158.05168,-16.88407,15.5,G,C57,Gaia2,CCD
5560,99942,,LT8MC2V,2021-02-19 21:54:05.910000+00:00,158.04196,-16.88092,15.4,G,C57,Gaia2,CCD
5561,99942,,99942,2021-02-19 22:00:27.936000+00:00,157.754,-16.558,16.4,L,095,USNOA2,CCD
5562,99942,,99942,2021-02-19 22:00:54.720000+00:00,157.7585,-16.55761,15.4,G,L28,UNK,CCD
5563,99942,,99942,2021-02-19 22:01:01.632000+00:00,157.75358,-16.55778,16.3,L,095,USNOA2,CCD
5564,99942,,99942,2021-02-19 22:01:34.464000+00:00,157.75308,-16.55756,16.3,L,095,USNOA2,CCD
5565,99942,,99942,2021-02-19 22:01:51.744000+00:00,157.75292,-16.55742,16.3,L,095,USNOA2,CCD
5566,99942,,99942,2021-02-19 22:01:58.656000+00:00,157.75763,-16.55725,15.4,G,L28,UNK,CCD
5567,99942,,99942,2021-02-19 22:02:08.160000+00:00,157.75271,-16.55733,16.2,L,095,USNOA2,CCD
5568,99942,,99942,2021-02-19 22:02:25.440000+00:00,157.75242,-16.55736,16.3,L,095,USNOA2,CCD
5569,99942,,99942,2021-02-19 22:02:58.272000+00:00,157.75188,-16.55711,16.2,L,095,USNOA2,CCD
5570,99942,,99942,2021-02-19 22:03:15.552000+00:00,157.75167,-16.55694,16.2,L,095,USNOA2,CCD
5571,99942,,LT8MC2V,2021-02-19 22:04:05.910000+00:00,158.03241,-16.87796,15.4,G,C57,Gaia2,CCD
5572,99942,,99942,2021-02-19 22:04:07.392000+00:00,157.756,-16.55644,15.3,G,L28,UNK,CCD
5573,99942,,99942,2021-02-19 22:06:15.264000+00:00,157.75429,-16.55583,15.4,G,L28,UNK,CCD
5574,99942,,99942,2021-02-19 22:08:23.136000+00:00,157.75254,-16.55544,15.4,G,L28,UNK,CCD
5575,99942,,99942,2021-02-19 22:10:17.270000+00:00,157.756075,-16.552547,15.4,G,Z84,Gaia2,CCD
5576,99942,,99942,2021-02-19 22:11:34.944000+00:00,157.74983,-16.55444,15.3,G,L28,UNK,CCD
5577,99942,,99942,2021-02-19 22:13:42.816000+00:00,157.74833,-16.55392,15.4,G,L28,UNK,CCD
5578,99942,,LT8MC2V,2021-02-19 22:14:05.910000+00:00,158.02272,-16.87485,15.4,G,C57,Gaia2,CCD
5579,99942,,99942,2021-02-19 22:14:46.752000+00:00,157.74725,-16.5535,15.4,G,L28,UNK,CCD
5580,99942,,99942,2021-02-19 22:16:54.624000+00:00,157.74562,-16.55294,15.2,G,L28,UNK,CCD
5581,99942,,99942,2021-02-19 22:17:59.424000+00:00,157.74483,-16.5525,15.5,G,L28,UNK,CCD
5582,99942,,LT8MC2V,2021-02-19 22:24:05.909000+00:00,158.01322,-16.87163,15.4,G,C57,Gaia2,CCD
5583,99942,,99942,2021-02-19 22:24:23.040000+00:00,157.73967,-16.55078,15.4,G,L28,UNK,CCD
5584,99942,,99942,2021-02-19 22:26:30.912000+00:00,157.73788,-16.55028,15.3,G,L28,UNK,CCD
5585,99942,,99942,2021-02-19 22:27:34.848000+00:00,157.73683,-16.54978,15.4,G,L28,UNK,CCD
5586,99942,,99942,2021-02-19 22:29:42.720000+00:00,157.73538,-16.54933,15.4,G,L28,UNK,CCD
5587,99942,,LT8MC2V,2021-02-19 22:34:05.909000+00:00,158.00325,-16.86841,15.4,G,C57,Gaia2,CCD
5588,99942,,99942,2021-02-19 22:35:03.264000+00:00,157.73087,-16.54764,15.2,G,L28,UNK,CCD
5589,99942,,99942,2021-02-19 22:37:11.136000+00:00,157.72908,-16.54736,15.4,G,L28,UNK,CCD
5590,99942,,LT8MC2V,2021-02-19 22:44:05.909000+00:00,157.99378,-16.86534,15.3,G,C57,Gaia2,CCD
5591,99942,,99942,2021-02-19 22:44:38.688000+00:00,157.72308,-16.54497,15.3,G,L28,UNK,CCD
5592,99942,,99942,2021-02-19 22:47:51.360000+00:00,157.72062,-16.54408,15.4,G,L28,UNK,CCD
5593,99942,,99942,2021-02-19 22:49:59.232000+00:00,157.71892,-16.54356,15.4,G,L28,UNK,CCD
5594,99942,,99942,2021-02-19 22:52:07.104000+00:00,157.71708,-16.54289,15.5,G,L28,UNK,CCD
5595,99942,,LT8MC2V,2021-02-19 22:54:05.909000+00:00,157.98421,-16.86201,15.4,G,C57,Gaia2,CCD
5596,99942,,99942,2021-02-19 22:54:14.976000+00:00,157.71525,-16.54219,15.4,G,L28,UNK,CCD
5597,99942,,99942,2021-02-19 22:56:22.848000+00:00,157.71358,-16.54161,15.4,G,L28,UNK,CCD
5598,99942,,99942,2021-02-19 22:58:30.720000+00:00,157.71171,-16.54111,15.2,G,L28,UNK,CCD
5599,99942,,99942,2021-02-19 23:00:38.592000+00:00,157.71,-16.5405,15.4,G,L28,UNK,CCD
5600,99942,,LT8MC2V,2021-02-19 23:04:05.908000+00:00,157.97459,-16.85875,15.3,G,C57,Gaia2,CCD
5601,99942,,99942,2021-02-19 23:04:55.200000+00:00,157.7065,-16.53925,15.4,G,L28,UNK,CCD
5602,99942,,99942,2021-02-19 23:10:35.789000+00:00,157.707358,-16.535339,15.4,G,Z84,Gaia2,CCD
5603,99942,,LT8MC2V,2021-02-19 23:14:05.908000+00:00,157.965,-16.85563,15.4,G,C57,Gaia2,CCD
5604,99942,,99942,2021-02-19 23:14:30.624000+00:00,157.69883,-16.53631,15.2,G,L28,UNK,CCD
5605,99942,,99942,2021-02-19 23:21:59.040000+00:00,157.69283,-16.53411,15.2,G,L28,UNK,CCD
5606,99942,,LT8MC2V,2021-02-19 23:24:05.908000+00:00,157.95562,-16.85248,15.4,G,C57,Gaia2,CCD
5607,99942,,LT8MC2V,2021-02-19 23:34:05.908000+00:00,157.94572,-16.84943,15.3,G,C57,Gaia2,CCD
5608,99942,,99942,2021-02-19 23:40:10.272000+00:00,157.67346,-16.52825,16.0,L,095,USNOA2,CCD
5609,99942,,99942,2021-02-19 23:41:16.800000+00:00,157.67242,-16.52792,16.1,L,095,USNOA2,CCD
5610,99942,,99942,2021-02-19 23:42:06.912000+00:00,157.67171,-16.5275,15.9,L,095,USNOA2,CCD
5611,99942,,99942,2021-02-19 23:42:24.192000+00:00,157.67137,-16.52742,16.1,L,095,USNOA2,CCD
5612,99942,,99942,2021-02-19 23:43:14.304000+00:00,157.67083,-16.52728,16.0,L,095,USNOA2,CCD
5613,99942,,99942,2021-02-19 23:43:30.720000+00:00,157.67063,-16.52728,16.1,L,095,USNOA2,CCD
5614,99942,,LT8MC2V,2021-02-19 23:44:05.907000+00:00,157.93589,-16.84613,15.3,G,C57,Gaia2,CCD
5615,99942,,LT8MC2V,2021-02-19 23:54:05.907000+00:00,157.92618,-16.84296,15.3,G,C57,Gaia2,CCD
5616,99942,,LT8MC2V,2021-02-20 00:04:05.907000+00:00,157.9166,-16.83991,15.3,G,C57,Gaia2,CCD
5617,99942,,99942,2021-02-20 00:10:18.192000+00:00,157.658637,-16.517903,15.4,G,Z84,Gaia2,CCD
5618,99942,,LT8MC2V,2021-02-20 00:14:05.906000+00:00,157.90696,-16.83644,15.4,G,C57,Gaia2,CCD
5619,99942,,LT8MC2V,2021-02-20 00:24:05.906000+00:00,157.89733,-16.83332,15.4,G,C57,Gaia2,CCD
5620,99942,,LT8MC2k,2021-02-20 00:34:05.906000+00:00,157.88766,-16.83014,15.4,G,C57,Gaia2,CCD
5621,99942,,LT8MC2k,2021-02-20 00:44:05.906000+00:00,157.87788,-16.82691,15.3,G,C57,Gaia2,CCD
5622,99942,,LT8MC2k,2021-02-20 00:54:05.905000+00:00,157.8667,-16.82415,15.4,G,C57,Gaia2,CCD
5623,99942,,LT8MC2k,2021-02-20 01:04:05.905000+00:00,157.85865,-16.82084,15.3,G,C57,Gaia2,CCD
5624,99942,,99942,2021-02-20 01:10:36.797000+00:00,157.609275,-16.499994,15.3,G,Z84,Gaia2,CCD
5625,99942,,LT8MC2k,2021-02-20 01:14:05.905000+00:00,157.84907,-16.81726,15.3,G,C57,Gaia2,CCD
5626,99942,,LT8MC2k,2021-02-20 01:24:05.905000+00:00,157.83935,-16.81401,15.3,G,C57,Gaia2,CCD
5627,99942,,LT8MC2k,2021-02-20 01:34:05.904000+00:00,157.82965,-16.81078,15.3,G,C57,Gaia2,CCD
5628,99942,,LT8MC2k,2021-02-20 01:44:05.904000+00:00,157.81982,-16.80772,15.4,G,C57,Gaia2,CCD
5629,99942,,LT8MC2k,2021-02-20 01:54:05.904000+00:00,157.81006,-16.80448,15.3,G,C57,Gaia2,CCD
5630,99942,,LT8MC2k,2021-02-20 02:04:05.904000+00:00,157.80051,-16.80116,15.3,G,C57,Gaia2,CCD
5631,99942,,LT8MC2k,2021-02-20 02:14:05.903000+00:00,157.7909,-16.79792,15.3,G,C57,Gaia2,CCD
5632,99942,,LT8MC2k,2021-02-20 02:24:05.903000+00:00,157.78115,-16.79473,15.4,G,C57,Gaia2,CCD
5633,99942,,LT8MC2k,2021-02-20 02:34:05.903000+00:00,157.77144,-16.79149,15.4,G,C57,Gaia2,CCD
5634,99942,,LT8MC2k,2021-02-20 02:44:05.903000+00:00,157.76163,-16.78804,15.4,G,C57,Gaia2,CCD
5635,99942,,LT8MC2k,2021-02-20 02:54:05.902000+00:00,157.75198,-16.78476,15.4,G,C57,Gaia2,CCD
5636,99942,,LT8MC2k,2021-02-20 03:04:05.902000+00:00,157.74227,-16.7816,15.5,G,C57,Gaia2,CCD
5637,99942,,LT8MC2k,2021-02-20 03:14:05.902000+00:00,157.73239,-16.77827,15.4,G,C57,Gaia2,CCD
5638,99942,,LT8MC2k,2021-02-20 03:24:05.901000+00:00,157.72289,-16.77505,15.4,G,C57,Gaia2,CCD
5639,99942,,LT8MC2k,2021-02-20 03:34:05.901000+00:00,157.71288,-16.77168,15.4,G,C57,Gaia2,CCD
5640,99942,,LT8MC2k,2021-02-20 03:44:05.901000+00:00,157.70333,-16.76835,15.5,G,C57,Gaia2,CCD
5641,99942,,LT8MC2k,2021-02-20 03:54:05.901000+00:00,157.69344,-16.76507,15.5,G,C57,Gaia2,CCD
5642,99942,,LT8MC2k,2021-02-20 04:04:05.900000+00:00,157.68388,-16.76171,15.5,G,C57,Gaia2,CCD
5643,99942,,LT8MC2k,2021-02-20 04:14:05.900000+00:00,157.6742,-16.75845,15.5,G,C57,Gaia2,CCD
5644,99942,,LT8MC2k,2021-02-20 04:24:05.900000+00:00,157.66424,-16.75505,15.5,G,C57,Gaia2,CCD
5645,99942,,LT8MC2k,2021-02-20 04:34:05.900000+00:00,157.65462,-16.75175,15.6,G,C57,Gaia2,CCD
5646,99942,,LT8MC2k,2021-02-20 04:44:05.899000+00:00,157.64478,-16.7484,15.5,G,C57,Gaia2,CCD
5647,99942,,LT8MC2k,2021-02-20 04:54:05.899000+00:00,157.63489,-16.74521,15.6,G,C57,Gaia2,CCD
5648,99942,,LT8MC2k,2021-02-20 05:04:05.899000+00:00,157.62543,-16.74181,15.7,G,C57,Gaia2,CCD
5649,99942,,LT8MC2k,2021-02-20 05:14:05.899000+00:00,157.61583,-16.7386,15.6,G,C57,Gaia2,CCD
5650,99942,,LT8MC2k,2021-02-20 05:24:05.898000+00:00,157.6058,-16.73521,15.6,G,C57,Gaia2,CCD
5651,99942,,LT8MC2k,2021-02-20 05:34:05.898000+00:00,157.59623,-16.73173,15.6,G,C57,Gaia2,CCD
5652,99942,,LT8MC2k,2021-02-20 05:44:05.898000+00:00,157.58659,-16.7285,15.7,G,C57,Gaia2,CCD
5653,99942,,LT8MC2k,2021-02-20 05:54:05.898000+00:00,157.57681,-16.72514,15.7,G,C57,Gaia2,CCD
5654,99942,,LT8MC2k,2021-02-20 06:04:05.897000+00:00,157.56681,-16.72183,15.7,G,C57,Gaia2,CCD
5655,99942,,LT8MC2k,2021-02-20 06:14:05.897000+00:00,157.55726,-16.71832,15.8,G,C57,Gaia2,CCD
5656,99942,,LT8MC2k,2021-02-20 06:24:05.897000+00:00,157.54716,-16.71497,15.7,G,C57,Gaia2,CCD
5657,99942,,LT8MC2k,2021-02-20 06:34:05.896000+00:00,157.53743,-16.71164,15.7,G,C57,Gaia2,CCD
5658,99942,,LT8MC2k,2021-02-20 06:44:05.896000+00:00,157.5277,-16.70813,15.8,G,C57,Gaia2,CCD
5659,99942,,LT8MC2k,2021-02-20 06:54:05.896000+00:00,157.51803,-16.705,15.8,G,C57,Gaia2,CCD
5660,99942,,LT8MC2k,2021-02-20 07:04:05.896000+00:00,157.5082,-16.70139,15.8,G,C57,Gaia2,CCD
5661,99942,,LT8MC2k,2021-02-20 07:14:05.895000+00:00,157.49851,-16.69791,15.8,G,C57,Gaia2,CCD
5662,99942,,LT8MC2k,2021-02-20 07:24:05.895000+00:00,157.48843,-16.69471,15.8,G,C57,Gaia2,CCD
5663,99942,,LT8MC2k,2021-02-20 07:34:05.895000+00:00,157.47848,-16.69131,15.8,G,C57,Gaia2,CCD
5664,99942,,LT8MC2k,2021-02-20 07:44:05.895000+00:00,157.46908,-16.68799,15.9,G,C57,Gaia2,CCD
5665,99942,,LT8MC2k,2021-02-20 07:54:05.894000+00:00,157.45933,-16.68448,15.8,G,C57,Gaia2,CCD
5666,99942,,LT8MC2k,2021-02-20 08:04:05.894000+00:00,157.44922,-16.68097,15.9,G,C57,Gaia2,CCD
5667,99942,,LT8MC2k,2021-02-20 08:14:05.894000+00:00,157.43953,-16.6778,15.9,G,C57,Gaia2,CCD
5668,99942,,LT8MC2k,2021-02-20 08:24:05.894000+00:00,157.42967,-16.67424,15.8,G,C57,Gaia2,CCD
5669,99942,,LT8MC2k,2021-02-20 08:34:05.893000+00:00,157.41988,-16.67056,15.8,G,C57,Gaia2,CCD
5670,99942,,LT8MC2k,2021-02-20 08:44:05.893000+00:00,157.4101,-16.66728,15.9,G,C57,Gaia2,CCD
5671,99942,,LT8MC2k,2021-02-20 08:54:05.893000+00:00,157.40017,-16.66365,15.8,G,C57,Gaia2,CCD
5672,99942,,LT8MC2k,2021-02-20 09:04:05.892000+00:00,157.39035,-16.66048,15.9,G,C57,Gaia2,CCD
5673,99942,,LT8MC2k,2021-02-20 09:24:05.892000+00:00,157.37094,-16.65357,15.9,G,C57,Gaia2,CCD
5674,99942,,LT8MC2k,2021-02-20 09:34:05.892000+00:00,157.36086,-16.64999,15.8,G,C57,Gaia2,CCD
5675,99942,,LT8MC2k,2021-02-20 09:44:05.891000+00:00,157.3514,-16.64667,15.8,G,C57,Gaia2,CCD
5676,99942,,LT8MC2k,2021-02-20 09:54:05.891000+00:00,157.34119,-16.64328,15.7,G,C57,Gaia2,CCD
5677,99942,,LT8MC2k,2021-02-20 10:04:05.891000+00:00,157.33172,-16.6397,15.7,G,C57,Gaia2,CCD
5678,99942,,LT8MC2k,2021-02-20 10:14:05.891000+00:00,157.32152,-16.6363,15.7,G,C57,Gaia2,CCD
5679,99942,,LT8MC2k,2021-02-20 10:24:05.890000+00:00,157.31195,-16.63288,15.8,G,C57,Gaia2,CCD
5680,99942,,LT8MC2k,2021-02-20 10:34:05.890000+00:00,157.30198,-16.62926,15.8,G,C57,Gaia2,CCD
5681,99942,,LT8MC2k,2021-02-20 10:44:05.890000+00:00,157.29201,-16.62571,15.7,G,C57,Gaia2,CCD
5682,99942,,LT8MC2k,2021-02-20 10:54:05.890000+00:00,157.28234,-16.62199,15.7,G,C57,Gaia2,CCD
5683,99942,,LT8MC2k,2021-02-20 11:04:05.889000+00:00,157.27238,-16.61858,15.7,G,C57,Gaia2,CCD
5684,99942,,LT8MC2k,2021-02-20 11:14:05.889000+00:00,157.26244,-16.61503,15.7,G,C57,Gaia2,CCD
5685,99942,,LT8MC2k,2021-02-20 11:24:05.889000+00:00,157.25258,-16.61157,15.6,G,C57,Gaia2,CCD
5686,99942,,LT8MC2k,2021-02-20 11:34:05.889000+00:00,157.24306,-16.60808,15.7,G,C57,Gaia2,CCD
5687,99942,,LT8MC2k,2021-02-20 11:44:05.888000+00:00,157.23318,-16.6045,15.6,G,C57,Gaia2,CCD
5688,99942,,LT8MC2k,2021-02-20 11:54:05.888000+00:00,157.2232,-16.60088,15.6,G,C57,Gaia2,CCD
5689,99942,,LT8MC2k,2021-02-20 12:04:05.888000+00:00,157.21319,-16.59738,15.6,G,C57,Gaia2,CCD
5690,99942,,LT8MC2k,2021-02-20 12:14:05.887000+00:00,157.20366,-16.59392,15.6,G,C57,Gaia2,CCD
5691,99942,,LT8MC2k,2021-02-20 12:24:05.887000+00:00,157.19362,-16.59042,15.6,G,C57,Gaia2,CCD
5692,99942,,LT8MC2k,2021-02-20 12:34:05.887000+00:00,157.18384,-16.58682,15.6,G,C57,Gaia2,CCD
5693,99942,,A10vpYg,2021-02-20 12:36:24.790000+00:00,157.08805,-16.28727,15.71,Ac,T05,Gaia2,CCD
5694,99942,,A10vpYg,2021-02-20 12:40:23.460000+00:00,157.08469,-16.286,15.86,Ac,T05,Gaia2,CCD
5695,99942,,LT8MC2k,2021-02-20 12:44:05.887000+00:00,157.17418,-16.58327,15.5,G,C57,Gaia2,CCD
5696,99942,,A10vpYg,2021-02-20 12:49:40.200000+00:00,157.07702,-16.28318,15.4,Ac,T05,Gaia2,CCD
5697,99942,,LT8MC2k,2021-02-20 12:54:05.886000+00:00,157.16419,-16.57971,15.5,G,C57,Gaia2,CCD
5698,99942,,LT8MC2k,2021-02-20 13:04:05.886000+00:00,157.15398,-16.57603,15.5,G,C57,Gaia2,CCD
5699,99942,,A10vpYg,2021-02-20 13:05:31.580000+00:00,157.06393,-16.2779,15.96,Ac,T05,Gaia2,CCD
5700,99942,,LT8MC2k,2021-02-20 13:14:05.886000+00:00,157.14412,-16.57231,15.7,G,C57,Gaia2,CCD
5701,99942,,LT8MC2k,2021-02-20 13:24:05.886000+00:00,157.13462,-16.56935,15.6,G,C57,Gaia2,CCD
5702,99942,,LT8MC2k,2021-02-20 13:34:05.885000+00:00,157.12457,-16.56571,15.6,G,C57,Gaia2,CCD
5703,99942,,LT8MC2k,2021-02-20 13:44:05.885000+00:00,157.11457,-16.56198,15.4,G,C57,Gaia2,CCD
5704,99942,,LT8MC2k,2021-02-20 13:54:05.885000+00:00,157.10465,-16.55826,15.4,G,C57,Gaia2,CCD
5705,99942,,LT8MC2k,2021-02-20 14:04:05.885000+00:00,157.09504,-16.55461,15.4,G,C57,Gaia2,CCD
5706,99942,,99942,2021-02-20 17:25:46.272000+00:00,156.86542,-16.17906,14.7,R,Q62,Gaia2,CCD
5707,99942,,99942,2021-02-20 17:28:24.384000+00:00,156.86337,-16.17831,14.6,R,Q62,Gaia2,CCD
5708,99942,,99942,2021-02-20 17:29:43.008000+00:00,156.86217,-16.17781,14.7,R,Q62,Gaia2,CCD
5709,99942,,99942,2021-02-20 17:32:21.120000+00:00,156.86021,-16.17694,14.7,R,Q62,Gaia2,CCD
5710,99942,,99942,2021-02-20 20:19:45.120000+00:00,156.75283,-16.148,16.2,L,095,USNOA2,CCD
5711,99942,,99942,2021-02-20 20:20:02.400000+00:00,156.75258,-16.14781,16.2,L,095,USNOA2,CCD
5712,99942,,99942,2021-02-20 20:20:35.232000+00:00,156.75212,-16.14783,16.2,L,095,USNOA2,CCD
5713,99942,,99942,2021-02-20 20:21:08.928000+00:00,156.75183,-16.14756,16.1,L,095,USNOA2,CCD
5714,99942,,99942,2021-02-20 20:21:26.208000+00:00,156.75146,-16.14758,16.1,L,095,USNOA2,CCD
5715,99942,,99942,2021-02-20 20:21:42.624000+00:00,156.75133,-16.14739,16.3,L,095,USNOA2,CCD
5716,99942,,99942,2021-02-20 20:22:32.736000+00:00,156.75062,-16.14719,16.2,L,095,USNOA2,CCD
5717,99942,,99942,2021-02-20 20:22:50.016000+00:00,156.75046,-16.14708,16.2,L,095,USNOA2,CCD
5718,99942,,99942,2021-02-20 20:23:06.432000+00:00,156.75017,-16.14711,16.3,L,095,USNOA2,CCD
5719,99942,,99942,2021-02-20 20:23:22.848000+00:00,156.75004,-16.14692,16.2,L,095,USNOA2,CCD
5720,99942,,99942,2021-02-20 20:23:56.544000+00:00,156.7495,-16.14672,15.9,L,095,USNOA2,CCD
5721,99942,,99942,2021-02-20 20:25:03.072000+00:00,156.74858,-16.14644,16.2,L,095,USNOA2,CCD
5722,99942,,99942,2021-02-20 20:25:36.768000+00:00,156.74813,-16.14614,16.1,L,095,USNOA2,CCD
5723,99942,,99942,2021-02-20 20:26:10.464000+00:00,156.74779,-16.14589,16.3,L,095,USNOA2,CCD
5724,99942,,LT8MC2n,2021-02-20 21:04:05.873000+00:00,156.67918,-16.3973,15.5,G,C57,Gaia2,CCD
5725,99942,,LT8MC2n,2021-02-20 21:54:05.872000+00:00,156.62894,-16.37811,15.7,G,C57,Gaia2,CCD
5726,99942,,09942,2021-02-20 22:25:40.195000+00:00,156.652,-16.10836,15.7,G,L54,Gaia2,CCD
5727,99942,,99942,2021-02-20 22:38:22.848000+00:00,156.64483,-16.10511,15.0,R,B72,Gaia2,CCD
5728,99942,,99942,2021-02-20 22:39:24.192000+00:00,156.64396,-16.10461,14.7,R,B72,Gaia2,CCD
5729,99942,,09942,2021-02-20 22:39:55.382000+00:00,156.64021,-16.10375,15.5,G,L54,Gaia2,CCD
5730,99942,,99942,2021-02-20 22:40:26.400000+00:00,156.64317,-16.10425,15.0,R,B72,Gaia2,CCD
5731,99942,,99942,2021-02-20 22:41:27.744000+00:00,156.64233,-16.10392,14.7,R,B72,Gaia2,CCD
5732,99942,,99942,2021-02-20 22:42:29.952000+00:00,156.64158,-16.10372,14.9,R,B72,Gaia2,CCD
5733,99942,,99942,2021-02-20 22:43:00.192000+00:00,156.64104,-16.10342,15.0,R,B72,Gaia2,CCD
5734,99942,,99942,2021-02-20 22:43:31.296000+00:00,156.64087,-16.10339,14.9,R,B72,Gaia2,CCD
5735,99942,,99942,2021-02-20 22:44:33.504000+00:00,156.63992,-16.10303,14.7,R,B72,Gaia2,CCD
5736,99942,,99942,2021-02-20 22:45:34.848000+00:00,156.63917,-16.10281,15.0,R,B72,Gaia2,CCD
5737,99942,,99942,2021-02-20 22:46:37.056000+00:00,156.63817,-16.10242,14.6,R,B72,Gaia2,CCD
5738,99942,,09942,2021-02-20 22:55:22.541000+00:00,156.62754,-16.09883,15.5,G,L54,Gaia2,CCD
5739,99942,,99942,2021-02-20 23:03:02.880000+00:00,156.62417,-16.09603,16.0,G,G17,Gaia2,CCD
5740,99942,,LT8MC2n,2021-02-20 23:04:05.870000+00:00,156.55991,-16.3502,15.8,G,C57,Gaia2,CCD
5741,99942,,99942,2021-02-20 23:05:43.584000+00:00,156.62213,-16.09553,16.0,G,G17,Gaia2,CCD
5742,99942,,99942,2021-02-20 23:07:09.120000+00:00,156.61846,-16.09572,15.9,V,056,UCAC4,CCD
5743,99942,,99942,2021-02-20 23:08:24.288000+00:00,156.61983,-16.0945,16.0,G,G17,Gaia2,CCD
5744,99942,,LT8MC2n,2021-02-20 23:14:05.870000+00:00,156.55045,-16.34616,15.8,G,C57,Gaia2,CCD
5745,99942,,99942,2021-02-20 23:21:23.616000+00:00,156.60675,-16.09106,16.0,V,056,UCAC4,CCD
5746,99942,,LT8MC2n,2021-02-20 23:24:05.870000+00:00,156.54057,-16.34217,15.8,G,C57,Gaia2,CCD
5747,99942,,LT8MC2n,2021-02-20 23:34:05.869000+00:00,156.53035,-16.3383,15.8,G,C57,Gaia2,CCD
5748,99942,,99942,2021-02-20 23:35:38.112000+00:00,156.59512,-16.0865,16.2,V,056,UCAC4,CCD
5749,99942,,LT8MC2n,2021-02-20 23:44:05.869000+00:00,156.52034,-16.3344,15.8,G,C57,Gaia2,CCD
5750,99942,,LT8MC2n,2021-02-20 23:54:05.869000+00:00,156.5105,-16.33057,15.8,G,C57,Gaia2,CCD
5751,99942,,99942,2021-02-20 23:54:36.864000+00:00,156.57946,-16.08044,16.1,V,056,UCAC4,CCD
5752,99942,,LT8MC2n,2021-02-21 00:04:05.869000+00:00,156.50065,-16.32644,15.8,G,C57,Gaia2,CCD
5753,99942,,LT8MC2n,2021-02-21 00:14:05.868000+00:00,156.49066,-16.32234,15.8,G,C57,Gaia2,CCD
5754,99942,,LT8MC2n,2021-02-21 00:24:05.868000+00:00,156.48084,-16.31841,15.8,G,C57,Gaia2,CCD
5755,99942,,LT8MC2t,2021-02-21 00:34:05.868000+00:00,156.47103,-16.31439,15.8,G,C57,Gaia2,CCD
5756,99942,,LT8MC2t,2021-02-21 00:44:05.868000+00:00,156.46129,-16.30998,15.8,G,C57,Gaia2,CCD
5757,99942,,99942,2021-02-21 00:45:27.475000+00:00,156.53967,-16.06333,15.7,G,104,Gaia2,CCD
5758,99942,,99942,2021-02-21 00:49:46.157000+00:00,156.53612,-16.06197,15.7,G,104,Gaia2,CCD
5759,99942,,99942,2021-02-21 00:54:05.530000+00:00,156.53254,-16.06056,15.7,G,104,Gaia2,CCD
5760,99942,,LT8MC2t,2021-02-21 00:54:05.867000+00:00,156.45125,-16.30643,15.8,G,C57,Gaia2,CCD
5761,99942,,LT8MC2t,2021-02-21 01:04:05.867000+00:00,156.44101,-16.30214,15.7,G,C57,Gaia2,CCD
5762,99942,,LT8MC2t,2021-02-21 01:14:05.867000+00:00,156.43138,-16.29834,15.7,G,C57,Gaia2,CCD
5763,99942,,LT8MC2t,2021-02-21 01:24:05.867000+00:00,156.42127,-16.29426,15.7,G,C57,Gaia2,CCD
5764,99942,,LT8MC2t,2021-02-21 01:34:05.866000+00:00,156.41154,-16.29004,15.8,G,C57,Gaia2,CCD
5765,99942,,LT8MC2t,2021-02-21 01:44:05.866000+00:00,156.40158,-16.28605,15.6,G,C57,Gaia2,CCD
5766,99942,,LT8MC2t,2021-02-21 01:54:05.866000+00:00,156.39176,-16.2819,15.6,G,C57,Gaia2,CCD
5767,99942,,LT8MC2t,2021-02-21 02:04:05.866000+00:00,156.38167,-16.27781,15.6,G,C57,Gaia2,CCD
5768,99942,,LT8MC2t,2021-02-21 02:14:05.865000+00:00,156.372,-16.27366,15.6,G,C57,Gaia2,CCD
5769,99942,,LT8MC2t,2021-02-21 02:24:05.865000+00:00,156.36201,-16.26962,15.6,G,C57,Gaia2,CCD
5770,99942,,LT8MC2t,2021-02-21 02:34:05.865000+00:00,156.35219,-16.26553,15.5,G,C57,Gaia2,CCD
5771,99942,,LT8MC2t,2021-02-21 02:44:05.864000+00:00,156.34214,-16.26137,15.5,G,C57,Gaia2,CCD
5772,99942,,LT8MC2t,2021-02-21 02:54:05.864000+00:00,156.33249,-16.25733,15.5,G,C57,Gaia2,CCD
5773,99942,,LT8MC2t,2021-02-21 03:04:05.864000+00:00,156.32226,-16.25306,15.4,G,C57,Gaia2,CCD
5774,99942,,LT8MC2t,2021-02-21 03:14:05.864000+00:00,156.31271,-16.24965,15.4,G,C57,Gaia2,CCD
5775,99942,,LT8MC2t,2021-02-21 03:24:05.863000+00:00,156.30247,-16.24508,15.5,G,C57,Gaia2,CCD
5776,99942,,LT8MC2t,2021-02-21 03:34:05.863000+00:00,156.29263,-16.24076,15.4,G,C57,Gaia2,CCD
5777,99942,,LT8MC2t,2021-02-21 03:44:05.863000+00:00,156.28317,-16.23651,15.4,G,C57,Gaia2,CCD
5778,99942,,LT8MC2t,2021-02-21 03:54:05.863000+00:00,156.27315,-16.23233,15.4,G,C57,Gaia2,CCD
5779,99942,,LT8MC2t,2021-02-21 04:04:05.862000+00:00,156.26341,-16.22825,15.4,G,C57,Gaia2,CCD
5780,99942,,LT8MC2t,2021-02-21 04:14:05.862000+00:00,156.25331,-16.22391,15.4,G,C57,Gaia2,CCD
5781,99942,,LT8MC2t,2021-02-21 04:24:05.862000+00:00,156.24367,-16.21977,15.3,G,C57,Gaia2,CCD
5782,99942,,LT8MC2t,2021-02-21 04:34:05.862000+00:00,156.23364,-16.21561,15.3,G,C57,Gaia2,CCD
5783,99942,,LT8MC2t,2021-02-21 04:44:05.861000+00:00,156.22388,-16.21134,15.3,G,C57,Gaia2,CCD
5784,99942,,LT8MC2t,2021-02-21 04:54:05.861000+00:00,156.21411,-16.20719,15.3,G,C57,Gaia2,CCD
5785,99942,,LT8MC2t,2021-02-21 05:04:05.861000+00:00,156.20427,-16.20301,15.3,G,C57,Gaia2,CCD
5786,99942,,LT8MC2t,2021-02-21 05:14:05.860000+00:00,156.19437,-16.19873,15.3,G,C57,Gaia2,CCD
5787,99942,,LT8MC2t,2021-02-21 05:24:05.860000+00:00,156.18458,-16.19444,15.3,G,C57,Gaia2,CCD
5788,99942,,LT8MC2t,2021-02-21 05:34:05.860000+00:00,156.17468,-16.19019,15.3,G,C57,Gaia2,CCD
5789,99942,,LT8MC2t,2021-02-21 05:44:05.860000+00:00,156.16495,-16.18588,15.3,G,C57,Gaia2,CCD
5790,99942,,LT8MC2t,2021-02-21 05:54:05.859000+00:00,156.15518,-16.1816,15.2,G,C57,Gaia2,CCD
5791,99942,,LT8MC2t,2021-02-21 06:04:05.859000+00:00,156.14532,-16.17739,15.3,G,C57,Gaia2,CCD
5792,99942,,LT8MC2t,2021-02-21 06:14:05.859000+00:00,156.1354,-16.17305,15.2,G,C57,Gaia2,CCD
5793,99942,,LT8MC2t,2021-02-21 06:24:05.859000+00:00,156.12568,-16.16891,15.3,G,C57,Gaia2,CCD
5794,99942,,LT8MC2t,2021-02-21 06:34:05.858000+00:00,156.11579,-16.16447,15.2,G,C57,Gaia2,CCD
5795,99942,,LT8MC2t,2021-02-21 06:44:05.858000+00:00,156.10604,-16.16016,15.2,G,C57,Gaia2,CCD
5796,99942,,LT8MC2t,2021-02-21 06:54:05.858000+00:00,156.09626,-16.15598,15.2,G,C57,Gaia2,CCD
5797,99942,,LT8MC2t,2021-02-21 07:04:05.858000+00:00,156.08653,-16.15148,15.4,G,C57,Gaia2,CCD
5798,99942,,LT8MC2t,2021-02-21 07:14:05.857000+00:00,156.07681,-16.14733,15.6,G,C57,Gaia2,CCD
5799,99942,,LT8MC2t,2021-02-21 07:54:05.856000+00:00,156.03762,-16.12969,15.5,G,C57,Gaia2,CCD
5800,99942,,LT8MC2t,2021-02-21 08:04:05.856000+00:00,156.02824,-16.12543,15.4,G,C57,Gaia2,CCD
5801,99942,,LT8MC2t,2021-02-21 08:14:05.856000+00:00,156.01727,-16.1203,15.4,G,C57,Gaia2,CCD
5802,99942,,LT8MC2t,2021-02-21 08:24:05.855000+00:00,156.00866,-16.11656,15.3,G,C57,Gaia2,CCD
5803,99942,,LT8MC2t,2021-02-21 08:34:05.855000+00:00,155.99878,-16.11207,15.3,G,C57,Gaia2,CCD
5804,99942,,LT8MC2t,2021-02-21 08:44:05.855000+00:00,155.98894,-16.1076,15.2,G,C57,Gaia2,CCD
5805,99942,,LT8MC2t,2021-02-21 08:54:05.855000+00:00,155.97935,-16.10313,15.3,G,C57,Gaia2,CCD
5806,99942,,LT8MC2t,2021-02-21 09:04:05.854000+00:00,155.96964,-16.09875,15.3,G,C57,Gaia2,CCD
5807,99942,,LT8MC2t,2021-02-21 09:14:05.854000+00:00,155.9597,-16.09421,15.3,G,C57,Gaia2,CCD
5808,99942,,LT8MC2t,2021-02-21 09:24:05.854000+00:00,155.95004,-16.0899,15.3,G,C57,Gaia2,CCD
5809,99942,,LT8MC2t,2021-02-21 09:34:05.854000+00:00,155.94039,-16.08518,15.3,G,C57,Gaia2,CCD
5810,99942,,LT8MC2t,2021-02-21 09:44:05.853000+00:00,155.93067,-16.08095,15.3,G,C57,Gaia2,CCD
5811,99942,,LT8MC2t,2021-02-21 09:54:05.853000+00:00,155.92107,-16.07647,15.4,G,C57,Gaia2,CCD
5812,99942,,LT8MC2t,2021-02-21 10:04:05.853000+00:00,155.91116,-16.07195,15.4,G,C57,Gaia2,CCD
5813,99942,,LT8MC2t,2021-02-21 10:14:05.853000+00:00,155.90172,-16.0674,15.4,G,C57,Gaia2,CCD
5814,99942,,LT8MC2t,2021-02-21 10:24:05.852000+00:00,155.8922,-16.06279,15.4,G,C57,Gaia2,CCD
5815,99942,,LT8MC2t,2021-02-21 10:34:05.852000+00:00,155.8823,-16.05831,15.5,G,C57,Gaia2,CCD
5816,99942,,LT8MC2t,2021-02-21 10:44:05.852000+00:00,155.87265,-16.05369,15.5,G,C57,Gaia2,CCD
5817,99942,,LT8MC2t,2021-02-21 10:54:05.852000+00:00,155.8631,-16.04924,15.4,G,C57,Gaia2,CCD
5818,99942,,LT8MC2t,2021-02-21 11:04:05.851000+00:00,155.85361,-16.04466,15.6,G,C57,Gaia2,CCD
5819,99942,,LT8MC2t,2021-02-21 11:14:05.851000+00:00,155.84455,-16.03998,15.5,G,C57,Gaia2,CCD
5820,99942,,99942,2021-02-21 20:38:35.232000+00:00,155.63825,-15.66783,15.1,G,L28,UNK,CCD
5821,99942,,99942,2021-02-21 20:40:43.104000+00:00,155.63654,-15.66717,15.2,G,L28,UNK,CCD
5822,99942,,99942,2021-02-21 20:41:47.040000+00:00,155.63563,-15.66681,15.2,G,L28,UNK,CCD
5823,99942,,99942,2021-02-21 20:47:06.720000+00:00,155.63133,-15.66511,15.2,G,L28,UNK,CCD
5824,99942,,99942,2021-02-21 20:48:10.656000+00:00,155.63029,-15.66475,15.3,G,L28,UNK,CCD
5825,99942,,99942,2021-02-21 20:50:19.392000+00:00,155.62854,-15.664,15.4,G,L28,UNK,CCD
5826,99942,,99942,2021-02-21 20:54:35.136000+00:00,155.62496,-15.66264,15.2,G,L28,UNK,CCD
5827,99942,,99942,2021-02-21 20:56:43.008000+00:00,155.62313,-15.66189,15.2,G,L28,UNK,CCD
5828,99942,,99942,2021-02-21 20:58:50.880000+00:00,155.62142,-15.66122,15.1,G,L28,UNK,CCD
5829,99942,,99942,2021-02-21 21:00:58.752000+00:00,155.61971,-15.66047,15.2,G,L28,UNK,CCD
5830,99942,,99942,2021-02-21 21:02:02.688000+00:00,155.61888,-15.66017,15.2,G,L28,UNK,CCD
5831,99942,,99942,2021-02-21 21:03:06.624000+00:00,155.618,-15.65983,15.1,G,L28,UNK,CCD
5832,99942,,99942,2021-02-21 21:04:11.424000+00:00,155.61696,-15.65944,15.2,G,L28,UNK,CCD
5833,99942,,99942,2021-02-21 21:04:56.525000+00:00,155.61558,-15.66114,16.1,G,G34,Gaia2,CCD
5834,99942,,99942,2021-02-21 21:05:15.360000+00:00,155.61604,-15.65911,15.1,G,L28,UNK,CCD
5835,99942,,99942,2021-02-21 21:07:17.702000+00:00,155.61367,-15.66028,15.7,G,G34,Gaia2,CCD
5836,99942,,99942,2021-02-21 21:08:27.168000+00:00,155.61338,-15.65806,15.1,G,L28,UNK,CCD
5837,99942,,99942,2021-02-21 21:09:38.966000+00:00,155.61179,-15.65947,15.5,G,G34,Gaia2,CCD
5838,99942,,99942,2021-02-21 21:12:32.544000+00:00,155.61083,-15.65733,15.4,G,L39,Gaia2,CCD
5839,99942,,99942,2021-02-21 21:14:50.784000+00:00,155.60808,-15.656,15.1,G,L28,UNK,CCD
5840,99942,,99942,2021-02-21 21:16:09.408000+00:00,155.60788,-15.65608,15.4,G,L39,Gaia2,CCD
5841,99942,,99942,2021-02-21 21:16:58.656000+00:00,155.60621,-15.65533,15.1,G,L28,UNK,CCD
5842,99942,,99942,2021-02-21 21:18:02.592000+00:00,155.60538,-15.65492,15.2,G,L28,UNK,CCD
5843,99942,,99942,2021-02-21 21:18:18.749000+00:00,155.60463,-15.65667,14.1,G,G34,Gaia2,CCD
5844,99942,,99942,2021-02-21 21:19:47.136000+00:00,155.60479,-15.65486,15.4,G,L39,Gaia2,CCD
5845,99942,,99942,2021-02-21 21:20:39.926000+00:00,155.60246,-15.65569,15.6,G,G34,Gaia2,CCD
5846,99942,,99942,2021-02-21 21:21:15.264000+00:00,155.60279,-15.65394,15.1,G,L28,UNK,CCD
5847,99942,,99942,2021-02-21 21:23:17.088000+00:00,155.602,-15.65375,15.2,G,L39,Gaia2,CCD
5848,99942,,99942,2021-02-21 21:24:27.072000+00:00,155.60004,-15.65294,15.2,G,L28,UNK,CCD
5849,99942,,99942,2021-02-21 21:25:31.008000+00:00,155.59921,-15.65253,15.2,G,L28,UNK,CCD
5850,99942,,99942,2021-02-21 21:26:34.944000+00:00,155.59817,-15.65217,15.3,G,L28,UNK,CCD
5851,99942,,99942,2021-02-21 21:28:42.816000+00:00,155.59654,-15.65153,15.2,G,L28,UNK,CCD
5852,99942,,99942,2021-02-21 21:30:50.688000+00:00,155.59479,-15.65069,15.2,G,L28,UNK,CCD
5853,99942,,99942,2021-02-21 21:31:45.984000+00:00,155.59471,-15.65189,15.1,R,B72,Gaia2,CCD
5854,99942,,99942,2021-02-21 21:32:49.056000+00:00,155.59387,-15.65153,15.0,R,B72,Gaia2,CCD
5855,99942,,99942,2021-02-21 21:33:50.400000+00:00,155.59304,-15.65122,14.9,R,B72,Gaia2,CCD
5856,99942,,99942,2021-02-21 21:34:03.360000+00:00,155.592,-15.64967,15.3,G,L28,UNK,CCD
5857,99942,,99942,2021-02-21 21:34:52.608000+00:00,155.59238,-15.65089,15.0,R,B72,Gaia2,CCD
5858,99942,,99942,2021-02-21 21:35:07.296000+00:00,155.59113,-15.64939,15.2,G,L28,UNK,CCD
5859,99942,,99942,2021-02-21 21:35:54.816000+00:00,155.59137,-15.65061,15.1,R,B72,Gaia2,CCD
5860,99942,,99942,2021-02-21 21:36:11.232000+00:00,155.59025,-15.64908,15.1,G,L28,UNK,CCD
5861,99942,,99942,2021-02-21 21:37:15.168000+00:00,155.58942,-15.64861,15.1,G,L28,UNK,CCD
5862,99942,,99942,2021-02-21 21:39:23.040000+00:00,155.58746,-15.64792,15.2,G,L28,UNK,CCD
5863,99942,,99942,2021-02-21 21:43:38.784000+00:00,155.58392,-15.64656,15.2,G,L28,UNK,CCD
5864,99942,,99942,2021-02-21 21:45:46.656000+00:00,155.58217,-15.64586,15.3,G,L28,UNK,CCD
5865,99942,,99942,2021-02-21 21:46:50.592000+00:00,155.58125,-15.6455,15.4,G,L28,UNK,CCD
5866,99942,,99942,2021-02-21 21:47:55.392000+00:00,155.58042,-15.64511,15.2,G,L28,UNK,CCD
5867,99942,,99942,2021-02-21 21:50:03.264000+00:00,155.57854,-15.64436,15.2,G,L28,UNK,CCD
5868,99942,,99942,2021-02-21 21:51:07.200000+00:00,155.57771,-15.64408,15.4,G,L28,UNK,CCD
5869,99942,,99942,2021-02-21 21:52:11.136000+00:00,155.57688,-15.64378,15.1,G,L28,UNK,CCD
5870,99942,,99942,2021-02-21 21:53:15.072000+00:00,155.57592,-15.64344,15.3,G,L28,UNK,CCD
5871,99942,,99942,2021-02-21 21:54:19.008000+00:00,155.57504,-15.64292,15.2,G,L28,UNK,CCD
5872,99942,,99942,2021-02-21 21:55:22.944000+00:00,155.574,-15.64261,15.1,G,L28,UNK,CCD
5873,99942,,99942,2021-02-21 21:55:42.816000+00:00,155.57238,-15.64406,15.3,V,056,UCAC4,CCD
5874,99942,,99942,2021-02-21 21:56:26.880000+00:00,155.57325,-15.64228,15.2,G,L28,UNK,CCD
5875,99942,,99942,2021-02-21 21:57:30.816000+00:00,155.57242,-15.64197,15.2,G,L28,UNK,CCD
5876,99942,,99942,2021-02-21 22:00:27.936000+00:00,155.5685,-15.64247,15.4,V,056,UCAC4,CCD
5877,99942,,99942,2021-02-21 22:00:41.760000+00:00,155.57083,-15.64122,15.2,G,K83,Gaia2,CCD
5878,99942,,99942,2021-02-21 22:04:54.048000+00:00,155.56733,-15.63983,15.3,G,K83,Gaia2,CCD
5879,99942,,99942,2021-02-21 22:05:12.192000+00:00,155.56438,-15.64081,15.3,V,056,UCAC4,CCD
5880,99942,,99942,2021-02-21 22:09:57.312000+00:00,155.56054,-15.63917,15.3,V,056,UCAC4,CCD
5881,99942,,99942,2021-02-21 22:13:17.760000+00:00,155.56029,-15.63694,15.3,G,K83,Gaia2,CCD
5882,99942,,99942,2021-02-21 22:14:41.568000+00:00,155.55658,-15.63764,15.5,V,056,UCAC4,CCD
5883,99942,,99942,2021-02-21 22:19:26.688000+00:00,155.55263,-15.636,15.4,V,056,UCAC4,CCD
5884,99942,,99942,2021-02-21 22:24:10.944000+00:00,155.54862,-15.63439,15.4,V,056,UCAC4,CCD
5885,99942,,99942,2021-02-21 22:24:50.688000+00:00,155.55067,-15.63317,15.3,G,K83,Gaia2,CCD
5886,99942,,99942,2021-02-21 22:28:56.064000+00:00,155.54467,-15.63281,15.4,V,056,UCAC4,CCD
5887,99942,,99942,2021-02-21 22:33:41.184000+00:00,155.54071,-15.63117,15.6,V,056,UCAC4,CCD
5888,99942,,99942,2021-02-21 22:38:26.304000+00:00,155.53675,-15.62953,15.5,V,056,UCAC4,CCD
5889,99942,,99942,2021-02-22 00:27:50.285000+00:00,155.44862,-15.59225,15.3,G,G33,Gaia2,CCD
5890,99942,,99942,2021-02-22 00:34:34.464000+00:00,155.44304,-15.59033,15.3,G,G33,Gaia2,CCD
5891,99942,,99942,2021-02-22 04:09:51.264000+00:00,155.28017,-15.51469,15.3,G,851,Gaia2,CCD
5892,99942,,99942,2021-02-22 04:20:58.272000+00:00,155.27067,-15.51078,15.2,G,851,Gaia2,CCD
5893,99942,,F011495,2021-02-22 06:20:55.392000+00:00,155.18492,-15.46675,15.9,R,U71,UCAC4,CCD
5894,99942,,F011495,2021-02-22 06:37:22.944000+00:00,155.171,-15.46131,15.9,R,U71,UCAC4,CCD
5895,99942,,F011495,2021-02-22 06:54:20.736000+00:00,155.15654,-15.45525,15.9,R,U71,UCAC4,CCD
5896,99942,,A10vqaN,2021-02-22 10:02:07.380000+00:00,155.00762,-15.38567,15.11,Ao,T08,Gaia2,CCD
5897,99942,,A10vqaN,2021-02-22 10:04:46.320000+00:00,155.00535,-15.38478,15.11,Ao,T08,Gaia2,CCD
5898,99942,,A10vqaN,2021-02-22 10:08:45.270000+00:00,155.00189,-15.38339,15.1,Ao,T08,Gaia2,CCD
5899,99942,,A10vqaN,2021-02-22 10:18:44.870000+00:00,154.99323,-15.37988,15.07,Ao,T08,Gaia2,CCD
5900,99942,,99942,2021-02-22 18:11:19.104000+00:00,154.6335,-15.21192,15.1,G,M44,Gaia2,CCD
5901,99942,,99942,2021-02-22 18:26:26.304000+00:00,154.62104,-15.20711,15.2,G,M44,Gaia2,CCD
5902,99942,,99942,2021-02-22 18:41:31.776000+00:00,154.60792,-15.20169,15.2,G,M44,Gaia2,CCD
5903,99942,,99942,2021-02-22 20:44:37.248000+00:00,154.50133,-15.15814,15.8,V,M47,UCAC4,CCD
5904,99942,,99942,2021-02-22 20:47:17.952000+00:00,154.49867,-15.15667,16.0,V,M47,UCAC4,CCD
5905,99942,,99942,2021-02-22 20:53:32.064000+00:00,154.49342,-15.15464,16.5,V,M47,UCAC4,CCD
5906,99942,,99942,2021-02-22 20:56:16.224000+00:00,154.49062,-15.1535,16.6,V,M47,UCAC4,CCD
5907,99942,,99942,2021-02-22 20:59:43.584000+00:00,154.48825,-15.15219,15.2,V,M47,UCAC4,CCD
5908,99942,,99942,2021-02-22 21:19:19.402000+00:00,154.48025,-15.14947,15.6,G,L54,Gaia2,CCD
5909,99942,,99942,2021-02-22 21:43:42.240000+00:00,154.46004,-15.14136,15.6,V,056,UCAC4,CCD
5910,99942,,99942,2021-02-22 21:48:27.360000+00:00,154.456,-15.13967,15.8,V,056,UCAC4,CCD
5911,99942,,99942,2021-02-22 21:53:11.616000+00:00,154.452,-15.13797,15.8,V,056,UCAC4,CCD
5912,99942,,99942,2021-02-22 21:57:56.736000+00:00,154.44804,-15.13628,15.7,V,056,UCAC4,CCD
5913,99942,,99942,2021-02-22 22:02:40.992000+00:00,154.44404,-15.13453,15.9,V,056,UCAC4,CCD
5914,99942,,99942,2021-02-22 22:21:04.752000+00:00,154.42792,-15.12736,15.7,G,L54,Gaia2,CCD
5915,99942,,99942,2021-02-22 23:28:06.931000+00:00,154.37092,-15.10283,15.6,G,L54,Gaia2,CCD
5916,99942,,99942,2021-02-23 00:29:47.300000+00:00,154.32457,-15.08131,15.9,G,Z80,Gaia2,CCD
5917,99942,,99942,2021-02-23 00:32:17.300000+00:00,154.32238,-15.08044,16.3,G,Z80,Gaia2,CCD
5918,99942,,A10vv6O,2021-02-23 10:20:28.420000+00:00,153.86096,-14.85553,15.29,Ao,T08,Gaia2,CCD
5919,99942,,A10vv6O,2021-02-23 10:56:28.510000+00:00,153.82935,-14.842,15.36,Ao,T08,Gaia2,CCD
5920,99942,,A10vv6O,2021-02-23 11:32:11.110000+00:00,153.79809,-14.82839,15.47,Ao,T08,Gaia2,CCD
5921,99942,,A10vv6O,2021-02-23 12:07:57.880000+00:00,153.76684,-14.81465,15.5,Ao,T08,Gaia2,CCD
5922,99942,,LT8MC35,2021-02-23 14:54:05.763000+00:00,154.1251,-14.56256,15.6,G,C57,Gaia2,CCD
5923,99942,,LT8MC35,2021-02-23 15:04:05.763000+00:00,154.12051,-14.55909,15.6,G,C57,Gaia2,CCD
5924,99942,,LT8MC35,2021-02-23 15:14:05.763000+00:00,154.11558,-14.55542,15.4,G,C57,Gaia2,CCD
5925,99942,,LT8MC35,2021-02-23 15:34:05.762000+00:00,154.10611,-14.54819,15.3,G,C57,Gaia2,CCD
5926,99942,,LT8MC35,2021-02-23 15:44:05.762000+00:00,154.10098,-14.54518,15.5,G,C57,Gaia2,CCD
5927,99942,,LT8MC35,2021-02-23 16:04:05.761000+00:00,154.09224,-14.53731,15.4,G,C57,Gaia2,CCD
5928,99942,,LT8MC35,2021-02-23 16:14:05.761000+00:00,154.08737,-14.53372,15.4,G,C57,Gaia2,CCD
5929,99942,,LT8MC35,2021-02-23 16:24:05.761000+00:00,154.0824,-14.52995,15.3,G,C57,Gaia2,CCD
5930,99942,,LT8MC35,2021-02-23 16:44:05.760000+00:00,154.07279,-14.52268,15.3,G,C57,Gaia2,CCD
5931,99942,,LT8MC35,2021-02-23 17:04:05.760000+00:00,154.06285,-14.51558,15.3,G,C57,Gaia2,CCD
5932,99942,,LT8MC35,2021-02-23 17:14:05.759000+00:00,154.05862,-14.51194,15.3,G,C57,Gaia2,CCD
5933,99942,,LT8MC35,2021-02-23 17:24:05.759000+00:00,154.05358,-14.50836,15.2,G,C57,Gaia2,CCD
5934,99942,,LT8MC35,2021-02-23 17:34:05.759000+00:00,154.04855,-14.50491,15.2,G,C57,Gaia2,CCD
5935,99942,,LT8MC35,2021-02-23 17:44:05.759000+00:00,154.04363,-14.50094,15.3,G,C57,Gaia2,CCD
5936,99942,,LT8MC35,2021-02-23 18:04:05.758000+00:00,154.0337,-14.49399,15.2,G,C57,Gaia2,CCD
5937,99942,,LT8MC35,2021-02-23 18:14:05.758000+00:00,154.02913,-14.49036,15.3,G,C57,Gaia2,CCD
5938,99942,,LT8MC35,2021-02-23 18:24:05.757000+00:00,154.02426,-14.48725,15.5,G,C57,Gaia2,CCD
5939,99942,,LT8MC35,2021-02-23 18:34:05.757000+00:00,154.01935,-14.48345,15.3,G,C57,Gaia2,CCD
5940,99942,,LT8MC35,2021-02-23 18:44:05.757000+00:00,154.01428,-14.47961,15.2,G,C57,Gaia2,CCD
5941,99942,,LT8MC35,2021-02-23 19:04:05.756000+00:00,154.00418,-14.47245,15.2,G,C57,Gaia2,CCD
5942,99942,,LT8MC35,2021-02-23 19:14:05.756000+00:00,153.99923,-14.4687,15.2,G,C57,Gaia2,CCD
5943,99942,,LT8MC35,2021-02-23 19:24:05.756000+00:00,153.99411,-14.46545,15.1,G,C57,Gaia2,CCD
5944,99942,,LT8MC35,2021-02-23 19:34:05.756000+00:00,153.98928,-14.46188,15.1,G,C57,Gaia2,CCD
5945,99942,,LT8MC35,2021-02-23 19:44:05.755000+00:00,153.98443,-14.45805,15.1,G,C57,Gaia2,CCD
5946,99942,,LT8MC35,2021-02-23 19:54:05.755000+00:00,153.97951,-14.45447,15.1,G,C57,Gaia2,CCD
5947,99942,,LT8MC35,2021-02-23 20:04:05.755000+00:00,153.97426,-14.45097,15.1,G,C57,Gaia2,CCD
5948,99942,,LT8MC35,2021-02-23 20:14:05.755000+00:00,153.96952,-14.44741,15.1,G,C57,Gaia2,CCD
5949,99942,,LT8MC35,2021-02-23 20:24:05.754000+00:00,153.96431,-14.44376,15.1,G,C57,Gaia2,CCD
5950,99942,,LT8MC35,2021-02-23 20:34:05.754000+00:00,153.95907,-14.4401,15.1,G,C57,Gaia2,CCD
5951,99942,,LT8MC35,2021-02-23 20:44:05.754000+00:00,153.95396,-14.43661,15.2,G,C57,Gaia2,CCD
5952,99942,,LT8MC35,2021-02-23 20:54:05.754000+00:00,153.94887,-14.43301,15.2,G,C57,Gaia2,CCD
5953,99942,,LT8MC35,2021-02-23 21:04:05.753000+00:00,153.94402,-14.42958,15.2,G,C57,Gaia2,CCD
5954,99942,,LT8MC35,2021-02-23 21:14:05.753000+00:00,153.93888,-14.42607,15.2,G,C57,Gaia2,CCD
5955,99942,,LT8MC35,2021-02-23 21:24:05.753000+00:00,153.93361,-14.42254,15.3,G,C57,Gaia2,CCD
5956,99942,,LT8MC35,2021-02-23 21:34:05.752000+00:00,153.92829,-14.41894,15.2,G,C57,Gaia2,CCD
5957,99942,,LT8MC35,2021-02-23 21:44:05.752000+00:00,153.92333,-14.41545,15.2,G,C57,Gaia2,CCD
5958,99942,,99942,2021-02-23 21:49:01.056000+00:00,153.32117,-14.59981,15.4,G,L06,Gaia2,CCD
5959,99942,,99942,2021-02-23 22:01:48.288000+00:00,153.31029,-14.59511,15.4,G,L06,Gaia2,CCD
5960,99942,,LT8MC35,2021-02-23 22:14:05.751000+00:00,153.90763,-14.40455,15.3,G,C57,Gaia2,CCD
5961,99942,,99942,2021-02-23 22:14:35.520000+00:00,153.29946,-14.59014,15.5,G,L06,Gaia2,CCD
5962,99942,,LT8MC35,2021-02-23 22:24:05.751000+00:00,153.90253,-14.4011,15.3,G,C57,Gaia2,CCD
5963,99942,,LT8MC35,2021-02-23 23:14:05.750000+00:00,153.87645,-14.38305,15.2,G,C57,Gaia2,CCD
5964,99942,,LT8MC35,2021-02-23 23:24:05.750000+00:00,153.87103,-14.38011,15.4,G,C57,Gaia2,CCD
5965,99942,,LT8MC35,2021-02-24 00:14:05.748000+00:00,153.84491,-14.36211,15.5,G,C57,Gaia2,CCD
5966,99942,,LT8MC35,2021-02-24 00:24:05.748000+00:00,153.83935,-14.35835,15.6,G,C57,Gaia2,CCD
5967,99942,,LT8MC35,2021-02-24 00:34:05.748000+00:00,153.83432,-14.35484,15.5,G,C57,Gaia2,CCD
5968,99942,,LT8MC35,2021-02-24 00:44:05.747000+00:00,153.82885,-14.35143,15.5,G,C57,Gaia2,CCD
5969,99942,,LT8MC35,2021-02-24 00:54:05.747000+00:00,153.8235,-14.34781,15.6,G,C57,Gaia2,CCD
5970,99942,,LT8MC35,2021-02-24 01:04:05.747000+00:00,153.81831,-14.34433,15.7,G,C57,Gaia2,CCD
5971,99942,,LT8MC35,2021-02-24 01:14:05.747000+00:00,153.81264,-14.34101,15.5,G,C57,Gaia2,CCD
5972,99942,,LT8MC35,2021-02-24 01:54:05.746000+00:00,153.79111,-14.3265,15.7,G,C57,Gaia2,CCD
5973,99942,,S513692,2021-02-24 02:16:48+00:00,153.10596,-14.47608,15.6,R,Y00,UCAC4,CCD
5974,99942,,S513692,2021-02-24 02:18:11.808000+00:00,153.10462,-14.47564,15.6,R,Y00,UCAC4,CCD
5975,99942,,S513692,2021-02-24 02:19:37.344000+00:00,153.10321,-14.47528,15.4,R,Y00,UCAC4,CCD
5976,99942,,99942,2021-02-24 03:21:33.149000+00:00,153.06004,-14.46842,15.7,G,W33,Gaia2,CCD
5977,99942,,99942,2021-02-24 03:29:23.942000+00:00,153.05325,-14.46542,15.7,G,W33,Gaia2,CCD
5978,99942,,99942,2021-02-24 03:37:14.131000+00:00,153.0465,-14.46242,15.7,G,W33,Gaia2,CCD
5979,99942,,99942,2021-02-24 03:45:03.370000+00:00,153.03975,-14.45944,15.7,G,W33,Gaia2,CCD
5980,99942,,99942,2021-02-24 03:52:52.694000+00:00,153.03296,-14.45644,15.7,G,W33,Gaia2,CCD
5981,99942,,99942,2021-02-24 04:01:39.302000+00:00,153.02533,-14.45308,15.7,G,W33,Gaia2,CCD
5982,99942,,LT8MC35,2021-02-24 06:24:05.738000+00:00,153.64046,-14.2319,15.6,G,C57,Gaia2,CCD
5983,99942,,LT8MC35,2021-02-24 06:54:05.738000+00:00,153.62407,-14.22107,15.5,G,C57,Gaia2,CCD
5984,99942,,LT8MC35,2021-02-24 07:24:05.737000+00:00,153.60806,-14.21008,15.4,G,C57,Gaia2,CCD
5985,99942,,LT8MC35,2021-02-24 07:34:05.737000+00:00,153.60136,-14.20704,15.4,G,C57,Gaia2,CCD
5986,99942,,LT8MC35,2021-02-24 08:14:05.736000+00:00,153.57843,-14.193,15.4,G,C57,Gaia2,CCD
5987,99942,,LT8MC35,2021-02-24 08:24:05.735000+00:00,153.57235,-14.18912,15.4,G,C57,Gaia2,CCD
5988,99942,,LT8MC35,2021-02-24 08:34:05.735000+00:00,153.5669,-14.18593,15.5,G,C57,Gaia2,CCD
5989,99942,,LT8MC3F,2021-02-24 10:04:05.733000+00:00,153.51445,-14.15409,15.1,G,C57,Gaia2,CCD
5990,99942,,LT8MC3F,2021-02-24 10:14:05.732000+00:00,153.50853,-14.15084,15.3,G,C57,Gaia2,CCD
5991,99942,,LT8MC3F,2021-02-24 10:24:05.732000+00:00,153.50238,-14.14714,15.2,G,C57,Gaia2,CCD
5992,99942,,LT8MC3F,2021-02-24 12:34:05.729000+00:00,153.42522,-14.10144,15.2,G,C57,Gaia2,CCD
5993,99942,,LT8MC3F,2021-02-24 12:44:05.728000+00:00,153.419,-14.0978,15.1,G,C57,Gaia2,CCD
5994,99942,,LT8MC3F,2021-02-24 12:54:05.728000+00:00,153.4133,-14.09456,15.0,G,C57,Gaia2,CCD
5995,99942,,LT8MC3F,2021-02-24 13:44:05.727000+00:00,153.38298,-14.07699,15.2,G,C57,Gaia2,CCD
5996,99942,,LT8MC3F,2021-02-24 13:54:05.727000+00:00,153.37691,-14.07337,15.3,G,C57,Gaia2,CCD
5997,99942,,LT8MC3F,2021-02-24 14:04:05.726000+00:00,153.3709,-14.06962,15.3,G,C57,Gaia2,CCD
5998,99942,,LT8MC3F,2021-02-24 14:14:05.726000+00:00,153.36488,-14.06632,15.3,G,C57,Gaia2,CCD
5999,99942,,LT8MC3F,2021-02-24 14:24:05.726000+00:00,153.35864,-14.06284,15.3,G,C57,Gaia2,CCD
6000,99942,,LT8MC3F,2021-02-24 14:34:05.725000+00:00,153.35264,-14.0592,15.2,G,C57,Gaia2,CCD
6001,99942,,LT8MC3F,2021-02-24 14:44:05.725000+00:00,153.34663,-14.05552,15.3,G,C57,Gaia2,CCD
6002,99942,,LT8MC3F,2021-02-24 15:14:05.724000+00:00,153.32828,-14.04537,15.4,G,C57,Gaia2,CCD
6003,99942,,LT8MC3F,2021-02-24 15:24:05.724000+00:00,153.32209,-14.04138,15.3,G,C57,Gaia2,CCD
6004,99942,,LT8MC3F,2021-02-24 16:14:05.723000+00:00,153.29177,-14.02408,15.4,G,C57,Gaia2,CCD
6005,99942,,LT8MC3F,2021-02-24 16:24:05.723000+00:00,153.28521,-14.02044,15.2,G,C57,Gaia2,CCD
6006,99942,,LT8MC3F,2021-02-24 16:34:05.722000+00:00,153.27877,-14.01699,15.5,G,C57,Gaia2,CCD
6007,99942,,LT8MC3F,2021-02-24 16:44:05.722000+00:00,153.27236,-14.01359,15.5,G,C57,Gaia2,CCD
6008,99942,,LT8MC3F,2021-02-24 17:34:05.721000+00:00,153.24168,-13.99559,15.6,G,C57,Gaia2,CCD
6009,99942,,LT8MC3F,2021-02-24 17:44:05.720000+00:00,153.23536,-13.9919,15.7,G,C57,Gaia2,CCD
6010,99942,,LT8MC3F,2021-02-24 18:14:05.720000+00:00,153.21664,-13.98162,15.6,G,C57,Gaia2,CCD
6011,99942,,LT8MC3F,2021-02-24 19:14:05.718000+00:00,153.17925,-13.96066,15.4,G,C57,Gaia2,CCD
6012,99942,,LT8MC3F,2021-02-24 19:44:05.717000+00:00,153.15962,-13.94967,15.5,G,C57,Gaia2,CCD
6013,99942,,LT8MC3F,2021-02-24 20:34:05.716000+00:00,153.12809,-13.933,15.5,G,C57,Gaia2,CCD
6014,99942,,99942,2021-02-24 21:12:50.688000+00:00,152.20029,-14.04511,15.4,V,056,UCAC4,CCD
6015,99942,,99942,2021-02-24 21:17:34.944000+00:00,152.19712,-14.04261,15.6,V,056,UCAC4,CCD
6016,99942,,99942,2021-02-24 21:22:20.064000+00:00,152.19233,-14.04128,15.4,V,056,UCAC4,CCD
6017,99942,,99942,2021-02-24 21:27:05.184000+00:00,152.18813,-14.03936,15.8,V,056,UCAC4,CCD
6018,99942,,99942,2021-02-24 21:31:50.304000+00:00,152.18379,-14.03747,16.4,V,056,UCAC4,CCD
6019,99942,,99942,2021-02-24 21:32:41.280000+00:00,152.186,-14.03722,14.9,G,G04,Gaia2,CCD
6020,99942,,99942,2021-02-24 21:34:49.152000+00:00,152.18396,-14.03625,14.9,G,G04,Gaia2,CCD
6021,99942,,99942,2021-02-24 21:36:56.160000+00:00,152.18217,-14.03553,15.0,G,G04,Gaia2,CCD
6022,99942,,99942,2021-02-24 21:38:08.500000+00:00,152.18382,-14.03273,15.0,G,K14,Gaia2,CCD
6023,99942,,99942,2021-02-24 21:39:04.032000+00:00,152.18046,-14.03464,15.0,G,G04,Gaia2,CCD
6024,99942,,99942,2021-02-24 21:41:11.040000+00:00,152.17875,-14.03389,15.0,G,G04,Gaia2,CCD
6025,99942,,99942,2021-02-24 21:42:08.928000+00:00,152.17771,-14.03222,15.3,G,G17,Gaia2,CCD
6026,99942,,99942,2021-02-24 21:43:18.912000+00:00,152.17683,-14.033,14.9,G,G04,Gaia2,CCD
6027,99942,,99942,2021-02-24 21:44:48.768000+00:00,152.17546,-14.031,15.2,G,G17,Gaia2,CCD
6028,99942,,99942,2021-02-24 21:45:25.920000+00:00,152.17504,-14.03214,15.0,G,G04,Gaia2,CCD
6029,99942,,99942,2021-02-24 21:47:28.608000+00:00,152.17308,-14.03008,15.2,G,G17,Gaia2,CCD
6030,99942,,99942,2021-02-24 21:52:35.500000+00:00,152.1713,-14.02695,15.5,G,K14,Gaia2,CCD
6031,99942,,LT8MC3F,2021-02-24 22:04:05.714000+00:00,153.07051,-13.90006,15.4,G,C57,Gaia2,CCD
6032,99942,,99942,2021-02-24 22:04:13.267000+00:00,152.162879,-14.021617,16.0,G,Z84,Gaia2,CCD
6033,99942,,99942,2021-02-24 22:07:20.500000+00:00,152.15851,-14.02103,15.4,G,K14,Gaia2,CCD
6034,99942,,LT8MC3F,2021-02-24 22:14:05.713000+00:00,153.06402,-13.89677,15.5,G,C57,Gaia2,CCD
6035,99942,,LT8MC3F,2021-02-24 22:24:05.713000+00:00,153.05782,-13.89331,15.4,G,C57,Gaia2,CCD
6036,99942,,99942,2021-02-24 22:24:12.413000+00:00,152.13813,-14.01569,15.3,G,L54,Gaia2,CCD
6037,99942,,LT8MC3F,2021-02-24 22:34:05.713000+00:00,153.05102,-13.88948,15.3,G,C57,Gaia2,CCD
6038,99942,,LT8MC3F,2021-02-24 22:54:05.712000+00:00,153.03822,-13.88255,15.3,G,C57,Gaia2,CCD
6039,99942,,LT8MC3F,2021-02-24 23:04:05.712000+00:00,153.03173,-13.87891,15.3,G,C57,Gaia2,CCD
6040,99942,,99942,2021-02-24 23:11:44.045000+00:00,152.09696,-13.99628,15.3,G,L54,Gaia2,CCD
6041,99942,,99942,2021-02-24 23:20:30.912000+00:00,152.09292,-13.99286,,,204,Gaia2,CCD
6042,99942,,99942,2021-02-24 23:24:31.104000+00:00,152.08946,-13.99119,,,204,Gaia2,CCD
6043,99942,,99942,2021-02-24 23:28:31.296000+00:00,152.08604,-13.98958,,,204,Gaia2,CCD
6044,99942,,99942,2021-02-24 23:32:33.216000+00:00,152.08254,-13.98792,,,204,Gaia2,CCD
6045,99942,,99942,2021-02-24 23:36:53.280000+00:00,152.07871,-13.98611,15.3,G,204,Gaia2,CCD
6046,99942,,99942,2021-02-24 23:50:34.512000+00:00,152.06683,-13.98042,15.2,G,203,Gaia2,CCD
6047,99942,,99942,2021-02-24 23:59:07.210000+00:00,152.06008,-13.97789,15.4,G,G33,Gaia2,CCD
6048,99942,,99942,2021-02-24 23:59:49.978000+00:00,152.05546,-13.97636,15.2,G,L54,Gaia2,CCD
6049,99942,,99942,2021-02-25 00:00:41.472000+00:00,152.05888,-13.97708,14.7,G,G33,Gaia2,CCD
6050,99942,,99942,2021-02-25 00:02:22.042000+00:00,152.05662,-13.97558,15.3,G,203,Gaia2,CCD
6051,99942,,99942,2021-02-25 00:02:22.474000+00:00,152.05725,-13.97642,15.2,G,G33,Gaia2,CCD
6052,99942,,99942,2021-02-25 00:04:03.562000+00:00,152.05604,-13.97575,15.1,G,G33,Gaia2,CCD
6053,99942,,99942,2021-02-25 00:05:44.563000+00:00,152.05454,-13.97511,14.8,G,G33,Gaia2,CCD
6054,99942,,99942,2021-02-25 00:07:25.565000+00:00,152.05317,-13.97433,14.5,G,G33,Gaia2,CCD
6055,99942,,99942,2021-02-25 00:15:29.578000+00:00,152.04525,-13.97017,15.3,G,203,Gaia2,CCD
6056,99942,,99942,2021-02-25 01:07:32.246000+00:00,152.002542,-13.947125,14.8,G,Z84,Gaia2,CCD
6057,99942,,99942,2021-02-25 01:59:51.936000+00:00,151.957,-13.925281,14.9,G,Z84,Gaia2,CCD
6058,99942,,LT8MC3P,2021-02-25 06:34:05.700000+00:00,152.73332,-13.7182,15.1,G,C57,Gaia2,CCD
6059,99942,,LT8MC3P,2021-02-25 07:44:05.698000+00:00,152.68565,-13.6932,15.3,G,C57,Gaia2,CCD
6060,99942,,LT8MC3P,2021-02-25 07:54:05.698000+00:00,152.67894,-13.6897,15.4,G,C57,Gaia2,CCD
6061,99942,,LT8MC3P,2021-02-25 08:04:05.698000+00:00,152.67208,-13.68574,15.3,G,C57,Gaia2,CCD
6062,99942,,LT8MC3P,2021-02-25 08:14:05.697000+00:00,152.66578,-13.68255,15.5,G,C57,Gaia2,CCD
6063,99942,,LT8MC3P,2021-02-25 08:24:05.697000+00:00,152.65829,-13.6789,15.4,G,C57,Gaia2,CCD
6064,99942,,LT8MC3P,2021-02-25 08:34:05.697000+00:00,152.65177,-13.67499,15.3,G,C57,Gaia2,CCD
6065,99942,,LT8MC3P,2021-02-25 08:44:05.697000+00:00,152.64474,-13.67156,15.3,G,C57,Gaia2,CCD
6066,99942,,LT8MC3P,2021-02-25 08:54:05.696000+00:00,152.63776,-13.66779,15.5,G,C57,Gaia2,CCD
6067,99942,,LT8MC3P,2021-02-25 09:04:05.696000+00:00,152.63105,-13.66407,15.5,G,C57,Gaia2,CCD
6068,99942,,LT8MC3P,2021-02-25 09:14:05.696000+00:00,152.6241,-13.66069,15.5,G,C57,Gaia2,CCD
6069,99942,,LT8MC3P,2021-02-25 09:24:05.696000+00:00,152.61711,-13.65705,15.5,G,C57,Gaia2,CCD
6070,99942,,LT8MC3P,2021-02-25 09:34:05.695000+00:00,152.61059,-13.65339,15.5,G,C57,Gaia2,CCD
6071,99942,,LT8MC3P,2021-02-25 09:44:05.695000+00:00,152.60366,-13.64976,15.6,G,C57,Gaia2,CCD
6072,99942,,LT8MC3P,2021-02-25 10:04:05.695000+00:00,152.58959,-13.64278,15.7,G,C57,Gaia2,CCD
6073,99942,,LT8MC3P,2021-02-25 10:14:05.694000+00:00,152.58274,-13.63882,15.5,G,C57,Gaia2,CCD
6074,99942,,LT8MC3P,2021-02-25 10:24:05.694000+00:00,152.57615,-13.63552,15.5,G,C57,Gaia2,CCD
6075,99942,,LT8MC3P,2021-02-25 10:34:05.694000+00:00,152.56928,-13.63177,15.6,G,C57,Gaia2,CCD
6076,99942,,LT8MC3P,2021-02-25 10:44:05.693000+00:00,152.56233,-13.62858,15.5,G,C57,Gaia2,CCD
6077,99942,,LT8MC3P,2021-02-25 10:54:05.693000+00:00,152.55613,-13.62414,15.5,G,C57,Gaia2,CCD
6078,99942,,LT8MC3P,2021-02-25 11:14:05.693000+00:00,152.54115,-13.61745,15.7,G,C57,Gaia2,CCD
6079,99942,,LT8MC3P,2021-02-25 11:24:05.692000+00:00,152.53408,-13.61367,15.6,G,C57,Gaia2,CCD
6080,99942,,LT8MC3P,2021-02-25 12:34:05.691000+00:00,152.48508,-13.58827,15.7,G,C57,Gaia2,CCD
6081,99942,,LT8MC3P,2021-02-25 15:14:05.686000+00:00,152.37256,-13.52992,15.4,G,C57,Gaia2,CCD
6082,99942,,LT8MC3P,2021-02-25 15:24:05.686000+00:00,152.36524,-13.52605,15.2,G,C57,Gaia2,CCD
6083,99942,,LT8MC3P,2021-02-25 16:14:05.685000+00:00,152.33158,-13.50881,15.1,G,C57,Gaia2,CCD
6084,99942,,LT8MC3P,2021-02-25 16:24:05.684000+00:00,152.32281,-13.50433,15.1,G,C57,Gaia2,CCD
6085,99942,,LT8MC3P,2021-02-25 16:34:05.684000+00:00,152.31575,-13.5007,15.2,G,C57,Gaia2,CCD
6086,99942,,LT8MC3P,2021-02-25 16:44:05.684000+00:00,152.30844,-13.49722,15.1,G,C57,Gaia2,CCD
6087,99942,,LT8MC3P,2021-02-25 17:04:05.683000+00:00,152.29447,-13.4898,15.2,G,C57,Gaia2,CCD
6088,99942,,LT8MC3P,2021-02-25 17:14:05.683000+00:00,152.28719,-13.48619,15.3,G,C57,Gaia2,CCD
6089,99942,,LT8MC3P,2021-02-25 17:24:05.683000+00:00,152.27979,-13.48202,15.0,G,C57,Gaia2,CCD
6090,99942,,LT8MC3P,2021-02-25 17:34:05.683000+00:00,152.27285,-13.47889,14.8,G,C57,Gaia2,CCD
6091,99942,,LT8MC3P,2021-02-25 17:44:05.682000+00:00,152.26552,-13.47474,15.0,G,C57,Gaia2,CCD
6092,99942,,LT8MC3P,2021-02-25 17:54:05.682000+00:00,152.25825,-13.47136,15.1,G,C57,Gaia2,CCD
6093,99942,,LT8MC3P,2021-02-25 18:04:05.682000+00:00,152.25124,-13.46758,15.1,G,C57,Gaia2,CCD
6094,99942,,LT8MC3P,2021-02-25 18:14:05.682000+00:00,152.24396,-13.46414,15.0,G,C57,Gaia2,CCD
6095,99942,,LT8MC3P,2021-02-25 18:24:05.681000+00:00,152.23697,-13.46039,15.1,G,C57,Gaia2,CCD
6096,99942,,LT8MC3P,2021-02-25 19:04:05.680000+00:00,152.20876,-13.44636,15.0,G,C57,Gaia2,CCD
6097,99942,,99942,2021-02-25 19:28:37.920000+00:00,151.12308,-13.49128,15.0,R,168,UCAC4,CCD
6098,99942,,99942,2021-02-25 19:50:38.112000+00:00,151.10421,-13.48197,15.1,R,168,UCAC4,CCD
6099,99942,,99942,2021-02-25 20:02:37.824000+00:00,151.09396,-13.47683,15.1,R,168,UCAC4,CCD
6100,99942,,99942,2021-02-25 20:14:37.536000+00:00,151.08363,-13.47169,15.0,R,168,UCAC4,CCD
6101,99942,,LT8MC3P,2021-02-25 20:24:05.678000+00:00,152.14971,-13.41597,15.1,G,C57,Gaia2,CCD
6102,99942,,99942,2021-02-25 20:24:38.016000+00:00,151.07508,-13.46742,15.0,R,168,UCAC4,CCD
6103,99942,,LT8MC3P,2021-02-25 20:34:05.678000+00:00,152.14272,-13.41228,15.1,G,C57,Gaia2,CCD
6104,99942,,LT8MC3P,2021-02-25 20:44:05.678000+00:00,152.13537,-13.40869,15.1,G,C57,Gaia2,CCD
6105,99942,,LT8MC3P,2021-02-25 20:54:05.677000+00:00,152.12802,-13.40515,15.1,G,C57,Gaia2,CCD
6106,99942,,99942,2021-02-25 21:31:48.576000+00:00,151.02688,-13.43742,,,118,Gaia2,CCD
6107,99942,,99942,2021-02-25 22:02:40.128000+00:00,151.00021,-13.42442,,,118,Gaia2,CCD
6108,99942,,99942,2021-02-25 22:32:18+00:00,150.97606,-13.41085,14.8,R,160,Gaia2,CCD
6109,99942,,99942,2021-02-25 22:33:08.352000+00:00,150.97362,-13.41131,,,118,Gaia2,CCD
6110,99942,,99942,2021-02-25 22:36:56.600000+00:00,150.97203,-13.40889,14.8,R,160,Gaia2,CCD
6111,99942,,99942,2021-02-25 22:41:35.800000+00:00,150.96796,-13.4069,14.7,R,160,Gaia2,CCD
6112,99942,,LT8MC3P,2021-02-25 22:54:05.674000+00:00,152.04113,-13.36151,15.2,G,C57,Gaia2,CCD
6113,99942,,LT8MC3P,2021-02-25 23:04:05.674000+00:00,152.03282,-13.35676,15.2,G,C57,Gaia2,CCD
6114,99942,,LT8MC3P,2021-02-25 23:14:05.674000+00:00,152.02554,-13.35314,15.2,G,C57,Gaia2,CCD
6115,99942,,LT8MC3P,2021-02-25 23:24:05.673000+00:00,152.01814,-13.34933,15.2,G,C57,Gaia2,CCD
6116,99942,,99942,2021-02-25 23:34:57.331000+00:00,150.92421,-13.38572,15.4,G,Z99,Gaia2,CCD
6117,99942,,99942,2021-02-25 23:38:49.488000+00:00,150.92092,-13.384,15.6,G,Z99,Gaia2,CCD
6118,99942,,99942,2021-02-25 23:42:42.077000+00:00,150.9175,-13.38242,15.4,G,Z99,Gaia2,CCD
6119,99942,,LT8MC3P,2021-02-25 23:44:05.673000+00:00,152.00396,-13.34191,15.5,G,C57,Gaia2,CCD
6120,99942,,99942,2021-02-25 23:46:40.627000+00:00,150.91413,-13.38072,15.5,G,Z99,Gaia2,CCD
6121,99942,,99942,2021-02-25 23:50:44.966000+00:00,150.91054,-13.37892,15.5,G,Z99,Gaia2,CCD
6122,99942,,99942,2021-02-25 23:54:37.382000+00:00,150.90717,-13.37731,15.3,G,Z99,Gaia2,CCD
6123,99942,,99942,2021-02-25 23:58:29.712000+00:00,150.90383,-13.37561,15.6,G,Z99,Gaia2,CCD
6124,99942,,99942,2021-02-26 00:02:22.733000+00:00,150.90046,-13.37397,15.6,G,Z99,Gaia2,CCD
6125,99942,,99942,2021-02-26 01:33:36+00:00,150.83704,-13.30742,,,834,UCAC4,CCD
6126,99942,,99942,2021-02-26 02:01:37.344000+00:00,150.81246,-13.29544,,,834,UCAC4,CCD
6127,99942,,LT8MC3T,2021-02-26 12:24:05.653000+00:00,151.42866,-13.05488,15.1,G,C57,Gaia2,CCD
6128,99942,,LT8MC3T,2021-02-26 12:34:05.652000+00:00,151.42091,-13.05096,15.1,G,C57,Gaia2,CCD
6129,99942,,LT8MC3T,2021-02-26 12:44:05.652000+00:00,151.41322,-13.04689,15.3,G,C57,Gaia2,CCD
6130,99942,,LT8MC3T,2021-02-26 12:54:05.652000+00:00,151.40545,-13.04363,15.3,G,C57,Gaia2,CCD
6131,99942,,LT8MC3T,2021-02-26 13:04:05.652000+00:00,151.39766,-13.03952,15.4,G,C57,Gaia2,CCD
6132,99942,,LT8MC3T,2021-02-26 13:14:05.651000+00:00,151.38999,-13.03575,15.4,G,C57,Gaia2,CCD
6133,99942,,LT8MC3T,2021-02-26 13:24:05.651000+00:00,151.38208,-13.03184,15.3,G,C57,Gaia2,CCD
6134,99942,,LT8MC3T,2021-02-26 13:34:05.651000+00:00,151.37432,-13.02783,15.3,G,C57,Gaia2,CCD
6135,99942,,LT8MC3T,2021-02-26 13:44:05.651000+00:00,151.36661,-13.02388,15.3,G,C57,Gaia2,CCD
6136,99942,,LT8MC3T,2021-02-26 13:54:05.650000+00:00,151.35876,-13.02003,15.3,G,C57,Gaia2,CCD
6137,99942,,LT8MC3T,2021-02-26 14:04:05.650000+00:00,151.35113,-13.01638,15.3,G,C57,Gaia2,CCD
6138,99942,,LT8MC3T,2021-02-26 14:14:05.650000+00:00,151.34327,-13.01264,15.4,G,C57,Gaia2,CCD
6139,99942,,LT8MC3T,2021-02-26 14:24:05.650000+00:00,151.33527,-13.00875,15.4,G,C57,Gaia2,CCD
6140,99942,,LT8MC3T,2021-02-26 14:34:05.649000+00:00,151.32751,-13.00473,15.5,G,C57,Gaia2,CCD
6141,99942,,LT8MC3T,2021-02-26 14:44:05.649000+00:00,151.32,-13.00064,15.4,G,C57,Gaia2,CCD
6142,99942,,LT8MC3T,2021-02-26 14:54:05.649000+00:00,151.31217,-12.99688,15.5,G,C57,Gaia2,CCD
6143,99942,,LT8MC3T,2021-02-26 15:04:05.649000+00:00,151.30419,-12.99326,15.4,G,C57,Gaia2,CCD
6144,99942,,LT8MC3T,2021-02-26 15:14:05.648000+00:00,151.29648,-12.9894,15.4,G,C57,Gaia2,CCD
6145,99942,,LT8MC3T,2021-02-26 15:24:05.648000+00:00,151.28861,-12.98559,15.4,G,C57,Gaia2,CCD
6146,99942,,LT8MC3T,2021-02-26 15:34:05.648000+00:00,151.28077,-12.98146,15.4,G,C57,Gaia2,CCD
6147,99942,,LT8MC3T,2021-02-26 15:44:05.647000+00:00,151.27299,-12.97766,15.4,G,C57,Gaia2,CCD
6148,99942,,LT8MC3T,2021-02-26 15:54:05.647000+00:00,151.26513,-12.97386,15.4,G,C57,Gaia2,CCD
6149,99942,,LT8MC3T,2021-02-26 16:04:05.647000+00:00,151.25718,-12.97016,15.5,G,C57,Gaia2,CCD
6150,99942,,LT8MC3T,2021-02-26 16:14:05.647000+00:00,151.24921,-12.96612,15.5,G,C57,Gaia2,CCD
6151,99942,,LT8MC3T,2021-02-26 16:24:05.646000+00:00,151.24142,-12.96226,15.5,G,C57,Gaia2,CCD
6152,99942,,LT8MC3T,2021-02-26 16:34:05.646000+00:00,151.23371,-12.95822,15.5,G,C57,Gaia2,CCD
6153,99942,,LT8MC3T,2021-02-26 16:44:05.646000+00:00,151.22585,-12.95442,15.4,G,C57,Gaia2,CCD
6154,99942,,LT8MC3T,2021-02-26 16:54:05.646000+00:00,151.21806,-12.95057,15.5,G,C57,Gaia2,CCD
6155,99942,,LT8MC3T,2021-02-26 17:04:05.645000+00:00,151.21002,-12.94674,15.4,G,C57,Gaia2,CCD
6156,99942,,LT8MC3T,2021-02-26 17:14:05.645000+00:00,151.20202,-12.94307,15.6,G,C57,Gaia2,CCD
6157,99942,,LT8MC3T,2021-02-26 17:24:05.645000+00:00,151.19423,-12.93887,15.5,G,C57,Gaia2,CCD
6158,99942,,LT8MC3T,2021-02-26 17:44:05.644000+00:00,151.17856,-12.93101,15.6,G,C57,Gaia2,CCD
6159,99942,,LT8MC3T,2021-02-26 17:54:05.644000+00:00,151.17069,-12.92734,15.6,G,C57,Gaia2,CCD
6160,99942,,LT8MC3T,2021-02-26 18:04:05.644000+00:00,151.16273,-12.92339,15.5,G,C57,Gaia2,CCD
6161,99942,,LT8MC3T,2021-02-26 18:14:05.643000+00:00,151.15469,-12.91969,15.6,G,C57,Gaia2,CCD
6162,99942,,LT8MC3T,2021-02-26 18:24:05.643000+00:00,151.14682,-12.9155,15.6,G,C57,Gaia2,CCD
6163,99942,,LT8MC3T,2021-02-26 18:34:05.643000+00:00,151.13895,-12.91156,15.5,G,C57,Gaia2,CCD
6164,99942,,LT8MC3T,2021-02-26 18:44:05.643000+00:00,151.1311,-12.90773,15.5,G,C57,Gaia2,CCD
6165,99942,,LT8MC3T,2021-02-26 18:54:05.642000+00:00,151.1232,-12.90394,15.5,G,C57,Gaia2,CCD
6166,99942,,LT8MC3T,2021-02-26 19:04:05.642000+00:00,151.11518,-12.90027,15.5,G,C57,Gaia2,CCD
6167,99942,,LT8MC3T,2021-02-26 19:14:05.642000+00:00,151.10726,-12.89635,15.5,G,C57,Gaia2,CCD
6168,99942,,LT8MC3T,2021-02-26 19:24:05.642000+00:00,151.09938,-12.89214,15.5,G,C57,Gaia2,CCD
6169,99942,,LT8MC3T,2021-02-26 19:34:05.641000+00:00,151.09159,-12.88818,15.5,G,C57,Gaia2,CCD
6170,99942,,LT8MC3T,2021-02-26 19:44:05.641000+00:00,151.0835,-12.88438,15.5,G,C57,Gaia2,CCD
6171,99942,,LT8MC3T,2021-02-26 19:54:05.641000+00:00,151.07557,-12.88062,15.8,G,C57,Gaia2,CCD
6172,99942,,99942,2021-02-26 19:54:48.672000+00:00,149.94942,-12.85003,15.4,G,K83,Gaia2,CCD
6173,99942,,99942,2021-02-26 19:57:33.696000+00:00,149.947,-12.84889,15.4,G,K83,Gaia2,CCD
6174,99942,,99942,2021-02-26 20:00:18.720000+00:00,149.94467,-12.84775,15.4,G,K83,Gaia2,CCD
6175,99942,,LT8MC3T,2021-02-26 20:04:05.641000+00:00,151.06765,-12.87693,15.7,G,C57,Gaia2,CCD
6176,99942,,LT8MC3T,2021-02-26 20:14:05.640000+00:00,151.05951,-12.87286,15.8,G,C57,Gaia2,CCD
6177,99942,,LT8MC3T,2021-02-26 20:24:05.640000+00:00,151.05184,-12.86874,15.7,G,C57,Gaia2,CCD
6178,99942,,LT8MC3T,2021-02-26 20:34:05.640000+00:00,151.04395,-12.86462,15.5,G,C57,Gaia2,CCD
6179,99942,,LT8MC3T,2021-02-26 20:44:05.640000+00:00,151.03585,-12.86093,15.4,G,C57,Gaia2,CCD
6180,99942,,LT8MC3T,2021-02-26 20:54:05.639000+00:00,151.02787,-12.85716,15.4,G,C57,Gaia2,CCD
6181,99942,,LT8MC3T,2021-02-26 21:04:05.639000+00:00,151.0197,-12.85332,15.5,G,C57,Gaia2,CCD
6182,99942,,LT8MC3T,2021-02-26 21:14:05.639000+00:00,151.01185,-12.84938,15.4,G,C57,Gaia2,CCD
6183,99942,,99942,2021-02-26 21:20:32.928000+00:00,149.87067,-12.81317,15.0,R,C73,Gaia2,CCD
6184,99942,,LT8MC3T,2021-02-26 21:24:05.638000+00:00,151.00394,-12.84509,15.3,G,C57,Gaia2,CCD
6185,99942,,99942,2021-02-26 21:29:32.064000+00:00,149.86258,-12.80908,14.9,R,C73,Gaia2,CCD
6186,99942,,LT8MC3T,2021-02-26 21:34:05.638000+00:00,150.99591,-12.84114,15.2,G,C57,Gaia2,CCD
6187,99942,,99942,2021-02-26 21:38:29.472000+00:00,149.85479,-12.80508,14.9,R,C73,Gaia2,CCD
6188,99942,,LT8MC3T,2021-02-26 21:44:05.638000+00:00,150.98792,-12.83731,15.3,G,C57,Gaia2,CCD
6189,99942,,99942,2021-02-26 21:47:27.744000+00:00,149.84696,-12.80114,14.5,R,C73,Gaia2,CCD
6190,99942,,LT8MC3T,2021-02-26 21:54:05.638000+00:00,150.97998,-12.83366,15.2,G,C57,Gaia2,CCD
6191,99942,,LT8MC3T,2021-02-26 22:04:05.637000+00:00,150.97182,-12.82973,15.2,G,C57,Gaia2,CCD
6192,99942,,LT8MC3T,2021-02-26 22:14:05.637000+00:00,150.9639,-12.8256,15.2,G,C57,Gaia2,CCD
6193,99942,,LT8MC3T,2021-02-26 22:24:05.637000+00:00,150.95595,-12.82162,15.1,G,C57,Gaia2,CCD
6194,99942,,LT8MC3T,2021-02-26 22:34:05.637000+00:00,150.9479,-12.81763,15.1,G,C57,Gaia2,CCD
6195,99942,,LT8MC3T,2021-02-26 22:44:05.636000+00:00,150.93988,-12.81382,15.1,G,C57,Gaia2,CCD
6196,99942,,LT8MC3T,2021-02-26 22:54:05.636000+00:00,150.93177,-12.81003,15.1,G,C57,Gaia2,CCD
6197,99942,,LT8MC3T,2021-02-26 23:04:05.636000+00:00,150.9238,-12.80616,15.1,G,C57,Gaia2,CCD
6198,99942,,LT8MC3T,2021-02-26 23:14:05.636000+00:00,150.91582,-12.80206,15.1,G,C57,Gaia2,CCD
6199,99942,,99942,2021-02-26 23:15:18+00:00,149.77746,-12.76296,15.1,G,Z80,Gaia2,CCD
6200,99942,,99942,2021-02-26 23:21:58+00:00,149.77167,-12.75999,15.1,G,Z80,Gaia2,CCD
6201,99942,,LT8MC3T,2021-02-26 23:24:05.635000+00:00,150.90788,-12.79793,15.1,G,C57,Gaia2,CCD
6202,99942,,99942,2021-02-26 23:28:38+00:00,149.76594,-12.75691,15.1,G,Z80,Gaia2,CCD
6203,99942,,LT8MC3T,2021-02-26 23:34:05.635000+00:00,150.89979,-12.79409,15.0,G,C57,Gaia2,CCD
6204,99942,,LT8MC3T,2021-02-26 23:44:05.635000+00:00,150.89172,-12.79024,15.0,G,C57,Gaia2,CCD
6205,99942,,LT8MC3T,2021-02-26 23:54:05.635000+00:00,150.88361,-12.78634,15.0,G,C57,Gaia2,CCD
6206,99942,,LT8MC3T,2021-02-27 00:04:05.634000+00:00,150.87556,-12.78241,15.0,G,C57,Gaia2,CCD
6207,99942,,LT8MC3T,2021-02-27 00:14:05.634000+00:00,150.86768,-12.77839,15.0,G,C57,Gaia2,CCD
6208,99942,,LT8MC3T,2021-02-27 00:24:05.634000+00:00,150.85953,-12.77431,15.0,G,C57,Gaia2,CCD
6209,99942,,LT8MC3T,2021-02-27 00:44:05.633000+00:00,150.8433,-12.76655,14.9,G,C57,Gaia2,CCD
6210,99942,,LT8MC3T,2021-02-27 00:54:05.633000+00:00,150.83532,-12.76271,15.0,G,C57,Gaia2,CCD
6211,99942,,LT8MC3T,2021-02-27 01:04:05.633000+00:00,150.82713,-12.75875,15.0,G,C57,Gaia2,CCD
6212,99942,,LT8MC3T,2021-02-27 01:14:05.632000+00:00,150.81907,-12.75451,14.9,G,C57,Gaia2,CCD
6213,99942,,LT8MC3T,2021-02-27 01:24:05.632000+00:00,150.81104,-12.75062,14.9,G,C57,Gaia2,CCD
6214,99942,,LT8MC3T,2021-02-27 01:34:05.632000+00:00,150.80308,-12.74666,14.9,G,C57,Gaia2,CCD
6215,99942,,LT8MC3T,2021-02-27 01:44:05.632000+00:00,150.79486,-12.74279,14.9,G,C57,Gaia2,CCD
6216,99942,,LT8MC3T,2021-02-27 01:54:05.631000+00:00,150.78664,-12.73888,14.9,G,C57,Gaia2,CCD
6217,99942,,LT8MC3T,2021-02-27 02:04:05.631000+00:00,150.77858,-12.73496,15.0,G,C57,Gaia2,CCD
6218,99942,,LT8MC3T,2021-02-27 02:14:05.631000+00:00,150.77059,-12.73068,14.9,G,C57,Gaia2,CCD
6219,99942,,LT8MC3T,2021-02-27 02:24:05.631000+00:00,150.76243,-12.72664,14.9,G,C57,Gaia2,CCD
6220,99942,,LT8MC3T,2021-02-27 02:34:05.630000+00:00,150.75439,-12.72273,15.0,G,C57,Gaia2,CCD
6221,99942,,LT8MC3T,2021-02-27 02:44:05.630000+00:00,150.7462,-12.71889,14.9,G,C57,Gaia2,CCD
6222,99942,,LT8MC3T,2021-02-27 02:54:05.630000+00:00,150.73799,-12.71507,14.9,G,C57,Gaia2,CCD
6223,99942,,LT8MC3T,2021-02-27 03:04:05.629000+00:00,150.72986,-12.7111,14.9,G,C57,Gaia2,CCD
6224,99942,,LT8MC3T,2021-02-27 03:14:05.629000+00:00,150.72183,-12.70683,15.0,G,C57,Gaia2,CCD
6225,99942,,LT8MC3T,2021-02-27 03:24:05.629000+00:00,150.71377,-12.70285,15.0,G,C57,Gaia2,CCD
6226,99942,,LT8MC3w,2021-02-27 03:34:05.629000+00:00,150.70562,-12.69898,15.0,G,C57,Gaia2,CCD
6227,99942,,LT8MC3w,2021-02-27 03:44:05.628000+00:00,150.69743,-12.69511,15.0,G,C57,Gaia2,CCD
6228,99942,,LT8MC3w,2021-02-27 03:54:05.628000+00:00,150.68934,-12.69128,15.0,G,C57,Gaia2,CCD
6229,99942,,LT8MC3w,2021-02-27 04:04:05.628000+00:00,150.68115,-12.6872,15.1,G,C57,Gaia2,CCD
6230,99942,,LT8MC3w,2021-02-27 04:14:05.628000+00:00,150.67301,-12.68283,15.0,G,C57,Gaia2,CCD
6231,99942,,LT8MC3w,2021-02-27 04:24:05.627000+00:00,150.66492,-12.67897,15.0,G,C57,Gaia2,CCD
6232,99942,,LT8MC3w,2021-02-27 04:34:05.627000+00:00,150.65678,-12.675,15.1,G,C57,Gaia2,CCD
6233,99942,,LT8MC3w,2021-02-27 04:44:05.627000+00:00,150.64854,-12.67107,15.1,G,C57,Gaia2,CCD
6234,99942,,LT8MC3w,2021-02-27 04:54:05.627000+00:00,150.64024,-12.66714,15.1,G,C57,Gaia2,CCD
6235,99942,,LT8MC3w,2021-02-27 05:04:05.626000+00:00,150.63218,-12.66312,15.2,G,C57,Gaia2,CCD
6236,99942,,LT8MC3w,2021-02-27 05:14:05.626000+00:00,150.624,-12.65892,15.2,G,C57,Gaia2,CCD
6237,99942,,LT8MC3w,2021-02-27 05:24:05.626000+00:00,150.61594,-12.65496,15.2,G,C57,Gaia2,CCD
6238,99942,,LT8MC3w,2021-02-27 05:34:05.625000+00:00,150.60769,-12.65108,15.2,G,C57,Gaia2,CCD
6239,99942,,99942,2021-02-27 05:41:08.160000+00:00,149.45667,-12.58753,15.1,G,851,Gaia2,CCD
6240,99942,,99942,2021-02-27 05:43:17.760000+00:00,149.45471,-12.58664,15.2,G,851,Gaia2,CCD
6241,99942,,LT8MC3w,2021-02-27 05:44:05.625000+00:00,150.59948,-12.64719,15.3,G,C57,Gaia2,CCD
6242,99942,,LT8MC3w,2021-02-27 05:54:05.625000+00:00,150.59128,-12.6432,15.3,G,C57,Gaia2,CCD
6243,99942,,LT8MC3w,2021-02-27 06:04:05.625000+00:00,150.58298,-12.63912,15.3,G,C57,Gaia2,CCD
6244,99942,,LT8MC3w,2021-02-27 06:14:05.624000+00:00,150.57482,-12.63477,15.3,G,C57,Gaia2,CCD
6245,99942,,LT8MC3w,2021-02-27 06:24:05.624000+00:00,150.56675,-12.63086,15.4,G,C57,Gaia2,CCD
6246,99942,,LT8MC3w,2021-02-27 06:34:05.624000+00:00,150.55852,-12.62695,15.4,G,C57,Gaia2,CCD
6247,99942,,LT8MC3w,2021-02-27 06:44:05.624000+00:00,150.55013,-12.62296,15.4,G,C57,Gaia2,CCD
6248,99942,,LT8MC3w,2021-02-27 06:54:05.623000+00:00,150.54193,-12.61913,15.4,G,C57,Gaia2,CCD
6249,99942,,LT8MC3w,2021-02-27 07:04:05.623000+00:00,150.53376,-12.61508,15.4,G,C57,Gaia2,CCD
6250,99942,,LT8MC3w,2021-02-27 07:14:05.623000+00:00,150.5256,-12.61076,15.5,G,C57,Gaia2,CCD
6251,99942,,LT8MC3w,2021-02-27 07:24:05.623000+00:00,150.51727,-12.60679,15.4,G,C57,Gaia2,CCD
6252,99942,,LT8MC3w,2021-02-27 07:44:05.622000+00:00,150.50083,-12.59896,15.5,G,C57,Gaia2,CCD
6253,99942,,LT8MC3w,2021-02-27 07:54:05.622000+00:00,150.49259,-12.59495,15.4,G,C57,Gaia2,CCD
6254,99942,,LT8MC3w,2021-02-27 08:04:05.622000+00:00,150.48429,-12.59085,15.5,G,C57,Gaia2,CCD
6255,99942,,LT8MC3w,2021-02-27 08:14:05.621000+00:00,150.47623,-12.58656,15.5,G,C57,Gaia2,CCD
6256,99942,,LT8MC3w,2021-02-27 08:24:05.621000+00:00,150.46789,-12.58265,15.5,G,C57,Gaia2,CCD
6257,99942,,LT8MC3w,2021-02-27 08:34:05.621000+00:00,150.4597,-12.5786,15.5,G,C57,Gaia2,CCD
6258,99942,,LT8MC3w,2021-02-27 08:44:05.620000+00:00,150.45135,-12.57478,15.5,G,C57,Gaia2,CCD
6259,99942,,LT8MC3w,2021-02-27 08:54:05.620000+00:00,150.44316,-12.5708,15.5,G,C57,Gaia2,CCD
6260,99942,,LT8MC3w,2021-02-27 09:04:05.620000+00:00,150.43482,-12.56667,15.5,G,C57,Gaia2,CCD
6261,99942,,LT8MC3w,2021-02-27 09:14:05.620000+00:00,150.42659,-12.56236,15.5,G,C57,Gaia2,CCD
6262,99942,,LT8MC3w,2021-02-27 09:24:05.619000+00:00,150.41844,-12.55852,15.5,G,C57,Gaia2,CCD
6263,99942,,LT8MC3w,2021-02-27 09:34:05.619000+00:00,150.41004,-12.55441,15.5,G,C57,Gaia2,CCD
6264,99942,,LT8MC3w,2021-02-27 09:44:05.619000+00:00,150.4017,-12.55044,15.5,G,C57,Gaia2,CCD
6265,99942,,LT8MC3w,2021-02-27 09:54:05.619000+00:00,150.3933,-12.54643,15.4,G,C57,Gaia2,CCD
6266,99942,,LT8MC3w,2021-02-27 10:04:05.618000+00:00,150.38507,-12.54226,15.5,G,C57,Gaia2,CCD
6267,99942,,LT8MC3w,2021-02-27 10:14:05.618000+00:00,150.3768,-12.538,15.4,G,C57,Gaia2,CCD
6268,99942,,LT8MC3w,2021-02-27 10:24:05.618000+00:00,150.36861,-12.53412,15.4,G,C57,Gaia2,CCD
6269,99942,,LT8MC3w,2021-02-27 10:34:05.618000+00:00,150.36026,-12.53013,15.4,G,C57,Gaia2,CCD
6270,99942,,LT8MC3w,2021-02-27 10:44:05.617000+00:00,150.3519,-12.52628,15.4,G,C57,Gaia2,CCD
6271,99942,,LT8MC3w,2021-02-27 10:54:05.617000+00:00,150.34363,-12.52212,15.3,G,C57,Gaia2,CCD
6272,99942,,LT8MC3w,2021-02-27 11:04:05.617000+00:00,150.33524,-12.51791,15.3,G,C57,Gaia2,CCD
6273,99942,,LT8MC3w,2021-02-27 11:14:05.617000+00:00,150.32687,-12.51372,15.4,G,C57,Gaia2,CCD
6274,99942,,LT8MC3w,2021-02-27 11:24:05.616000+00:00,150.31872,-12.50977,15.3,G,C57,Gaia2,CCD
6275,99942,,LT8MC3w,2021-02-27 11:34:05.616000+00:00,150.31036,-12.50575,15.3,G,C57,Gaia2,CCD
6276,99942,,LT8MC3w,2021-02-27 11:44:05.616000+00:00,150.30199,-12.5017,15.3,G,C57,Gaia2,CCD
6277,99942,,LT8MC3w,2021-02-27 11:54:05.615000+00:00,150.29388,-12.49783,15.3,G,C57,Gaia2,CCD
6278,99942,,LT8MC3w,2021-02-27 12:04:05.615000+00:00,150.28525,-12.49365,15.3,G,C57,Gaia2,CCD
6279,99942,,LT8MC3w,2021-02-27 12:14:05.615000+00:00,150.2771,-12.4893,15.3,G,C57,Gaia2,CCD
6280,99942,,LT8MC3w,2021-02-27 12:24:05.615000+00:00,150.26872,-12.48533,15.3,G,C57,Gaia2,CCD
6281,99942,,LT8MC3w,2021-02-27 12:34:05.614000+00:00,150.26021,-12.48134,15.3,G,C57,Gaia2,CCD
6282,99942,,LT8MC3w,2021-02-27 12:44:05.614000+00:00,150.25201,-12.47747,15.3,G,C57,Gaia2,CCD
6283,99942,,LT8MC3w,2021-02-27 12:54:05.614000+00:00,150.24345,-12.47334,15.3,G,C57,Gaia2,CCD
6284,99942,,LT8MC3w,2021-02-27 13:04:05.614000+00:00,150.23525,-12.46898,15.2,G,C57,Gaia2,CCD
6285,99942,,LT8MC3w,2021-02-27 13:14:05.613000+00:00,150.22682,-12.46475,15.2,G,C57,Gaia2,CCD
6286,99942,,LT8MC3w,2021-02-27 13:24:05.613000+00:00,150.21862,-12.46084,15.2,G,C57,Gaia2,CCD
6287,99942,,LT8MC3w,2021-02-27 13:34:05.613000+00:00,150.2101,-12.4569,15.2,G,C57,Gaia2,CCD
6288,99942,,LT8MC3w,2021-02-27 13:44:05.613000+00:00,150.20167,-12.45286,15.2,G,C57,Gaia2,CCD
6289,99942,,LT8MC3w,2021-02-27 13:54:05.612000+00:00,150.19337,-12.44887,15.2,G,C57,Gaia2,CCD
6290,99942,,LT8MC3w,2021-02-27 14:14:05.612000+00:00,150.17676,-12.44028,15.2,G,C57,Gaia2,CCD
6291,99942,,LT8MC3w,2021-02-27 14:24:05.611000+00:00,150.16819,-12.43624,15.1,G,C57,Gaia2,CCD
6292,99942,,LT8MC3w,2021-02-27 14:34:05.611000+00:00,150.1598,-12.4324,15.1,G,C57,Gaia2,CCD
6293,99942,,LT8MC3w,2021-02-27 14:44:05.611000+00:00,150.15146,-12.4283,15.1,G,C57,Gaia2,CCD
6294,99942,,LT8MC3w,2021-02-27 14:54:05.611000+00:00,150.14304,-12.42434,15.1,G,C57,Gaia2,CCD
6295,99942,,LT8MC3w,2021-02-27 15:04:05.610000+00:00,150.13466,-12.41992,15.0,G,C57,Gaia2,CCD
6296,99942,,LT8MC3w,2021-02-27 15:14:05.610000+00:00,150.12631,-12.41582,15.1,G,C57,Gaia2,CCD
6297,99942,,LT8MC3w,2021-02-27 15:24:05.610000+00:00,150.11793,-12.41154,15.1,G,C57,Gaia2,CCD
6298,99942,,LT8MC3w,2021-02-27 15:34:05.610000+00:00,150.10956,-12.40747,15.1,G,C57,Gaia2,CCD
6299,99942,,LT8MC3w,2021-02-27 15:44:05.609000+00:00,150.10102,-12.40368,15.0,G,C57,Gaia2,CCD
6300,99942,,LT8MC3w,2021-02-27 15:54:05.609000+00:00,150.09251,-12.39963,15.1,G,C57,Gaia2,CCD
6301,99942,,LT8MC3w,2021-02-27 16:04:05.609000+00:00,150.08408,-12.39509,15.1,G,C57,Gaia2,CCD
6302,99942,,LT8MC3w,2021-02-27 16:14:05.609000+00:00,150.07567,-12.39104,15.0,G,C57,Gaia2,CCD
6303,99942,,LT8MC3w,2021-02-27 16:24:05.608000+00:00,150.06729,-12.38704,15.1,G,C57,Gaia2,CCD
6304,99942,,LT8MC3w,2021-02-27 16:34:05.608000+00:00,150.05884,-12.38302,15.1,G,C57,Gaia2,CCD
6305,99942,,LT8MC3w,2021-02-27 16:44:05.608000+00:00,150.05039,-12.379,15.0,G,C57,Gaia2,CCD
6306,99942,,LT8MC3w,2021-02-27 16:54:05.608000+00:00,150.04196,-12.37488,15.0,G,C57,Gaia2,CCD
6307,99942,,LT8MC3w,2021-02-27 17:04:05.607000+00:00,150.03352,-12.37049,15.0,G,C57,Gaia2,CCD
6308,99942,,LT8MC3w,2021-02-27 17:14:05.607000+00:00,150.02512,-12.36628,15.1,G,C57,Gaia2,CCD
6309,99942,,LT8MC3w,2021-02-27 17:24:05.607000+00:00,150.01662,-12.3623,15.0,G,C57,Gaia2,CCD
6310,99942,,LT8MC3w,2021-02-27 17:34:05.606000+00:00,150.0081,-12.35825,15.0,G,C57,Gaia2,CCD
6311,99942,,LT8MC3w,2021-02-27 17:44:05.606000+00:00,149.99972,-12.35426,15.0,G,C57,Gaia2,CCD
6312,99942,,LT8MC3w,2021-02-27 17:54:05.606000+00:00,149.99115,-12.35009,15.1,G,C57,Gaia2,CCD
6313,99942,,LT8MC3w,2021-02-27 18:04:05.606000+00:00,149.98278,-12.3457,15.1,G,C57,Gaia2,CCD
6314,99942,,LT8MC3w,2021-02-27 18:14:05.605000+00:00,149.97428,-12.34154,15.1,G,C57,Gaia2,CCD
6315,99942,,LT8MC3w,2021-02-27 18:24:05.605000+00:00,149.96586,-12.33762,15.0,G,C57,Gaia2,CCD
6316,99942,,LT8MC3w,2021-02-27 18:34:05.605000+00:00,149.95735,-12.33348,15.1,G,C57,Gaia2,CCD
6317,99942,,LT8MC3w,2021-02-27 18:44:05.605000+00:00,149.94872,-12.32944,15.0,G,C57,Gaia2,CCD
6318,99942,,LT8MC3w,2021-02-27 18:54:05.604000+00:00,149.94036,-12.32535,15.1,G,C57,Gaia2,CCD
6319,99942,,LT8MC3w,2021-02-27 19:04:05.604000+00:00,149.93195,-12.32093,15.1,G,C57,Gaia2,CCD
6320,99942,,LT8MC3w,2021-02-27 19:14:05.604000+00:00,149.9235,-12.31673,15.1,G,C57,Gaia2,CCD
6321,99942,,99942,2021-02-27 19:14:52.800000+00:00,148.80137,-12.21472,15.5,R,N42,UNK,CCD
6322,99942,,99942,2021-02-27 19:16:10.560000+00:00,148.80025,-12.21419,15.3,R,N42,UNK,CCD
6323,99942,,99942,2021-02-27 19:18:46.080000+00:00,148.79792,-12.21292,15.5,R,N42,UNK,CCD
6324,99942,,99942,2021-02-27 19:20:02.976000+00:00,148.79679,-12.21233,15.9,R,N42,UNK,CCD
6325,99942,,99942,2021-02-27 19:21:20.736000+00:00,148.79562,-12.21175,15.5,R,N42,UNK,CCD
6326,99942,,99942,2021-02-27 19:23:56.256000+00:00,148.79346,-12.2105,15.3,R,N42,UNK,CCD
6327,99942,,LT8MC3w,2021-02-27 19:24:05.604000+00:00,149.91498,-12.31277,15.1,G,C57,Gaia2,CCD
6328,99942,,99942,2021-02-27 19:25:13.152000+00:00,148.79225,-12.20992,15.4,R,N42,UNK,CCD
6329,99942,,99942,2021-02-27 19:29:05.568000+00:00,148.78887,-12.20808,15.4,R,N42,UNK,CCD
6330,99942,,99942,2021-02-27 19:32:58.848000+00:00,148.78537,-12.20631,15.7,R,N42,UNK,CCD
6331,99942,,LT8MC3w,2021-02-27 19:34:05.603000+00:00,149.90638,-12.30866,15.2,G,C57,Gaia2,CCD
6332,99942,,99942,2021-02-27 19:36:51.264000+00:00,148.78208,-12.20447,15.5,R,N42,UNK,CCD
6333,99942,,LT8MC3w,2021-02-27 19:44:05.603000+00:00,149.89791,-12.30463,15.2,G,C57,Gaia2,CCD
6334,99942,,LT8MC3w,2021-02-27 19:54:05.603000+00:00,149.88918,-12.30036,15.1,G,C57,Gaia2,CCD
6335,99942,,LT8MC3w,2021-02-27 20:04:05.603000+00:00,149.88089,-12.29598,15.2,G,C57,Gaia2,CCD
6336,99942,,LT8MC3w,2021-02-27 20:14:05.602000+00:00,149.87236,-12.29175,15.2,G,C57,Gaia2,CCD
6337,99942,,LT8MC3w,2021-02-27 20:34:05.602000+00:00,149.85531,-12.28376,15.2,G,C57,Gaia2,CCD
6338,99942,,LT8MC3w,2021-02-27 20:44:05.601000+00:00,149.84665,-12.2797,15.3,G,C57,Gaia2,CCD
6339,99942,,LT8MC3w,2021-02-27 20:54:05.601000+00:00,149.83802,-12.27532,15.2,G,C57,Gaia2,CCD
6340,99942,,LT8MC3w,2021-02-27 21:04:05.601000+00:00,149.82963,-12.27077,15.3,G,C57,Gaia2,CCD
6341,99942,,LT8MC3w,2021-02-27 21:14:05.601000+00:00,149.82151,-12.26694,15.3,G,C57,Gaia2,CCD
6342,99942,,LT8MC3w,2021-02-27 21:24:05.600000+00:00,149.81266,-12.26283,15.3,G,C57,Gaia2,CCD
6343,99942,,LT8MC3w,2021-02-27 21:34:05.600000+00:00,149.80403,-12.25884,15.3,G,C57,Gaia2,CCD
6344,99942,,99942,2021-02-27 21:37:22.944000+00:00,148.69242,-12.14986,,,118,Gaia2,CCD
6345,99942,,99942,2021-02-27 21:44:01.248000+00:00,148.6865,-12.14683,,,118,Gaia2,CCD
6346,99942,,LT8MC3w,2021-02-27 21:44:05.600000+00:00,149.79556,-12.25471,15.3,G,C57,Gaia2,CCD
6347,99942,,99942,2021-02-27 21:50:39.552000+00:00,148.68092,-12.14347,,,118,Gaia2,CCD
6348,99942,,LT8MC3w,2021-02-27 21:54:05.600000+00:00,149.78687,-12.25046,15.4,G,C57,Gaia2,CCD
6349,99942,,LT8MC3w,2021-02-27 22:04:05.599000+00:00,149.77852,-12.24591,15.3,G,C57,Gaia2,CCD
6350,99942,,99942,2021-02-27 22:05:00.960000+00:00,148.65521,-12.13383,15.0,G,186,Gaia2,CCD
6351,99942,,99942,2021-02-27 22:07:05.376000+00:00,148.65342,-12.13289,15.3,G,186,Gaia2,CCD
6352,99942,,LT8MC3w,2021-02-27 22:14:05.599000+00:00,149.76994,-12.24177,15.4,G,C57,Gaia2,CCD
6353,99942,,99942,2021-02-27 22:22:53.184000+00:00,148.64004,-12.12531,15.2,G,186,Gaia2,CCD
6354,99942,,LT8MC3w,2021-02-27 22:24:05.599000+00:00,149.76125,-12.23768,15.4,G,C57,Gaia2,CCD
6355,99942,,99942,2021-02-27 22:24:56.736000+00:00,148.63817,-12.1245,15.4,G,186,Gaia2,CCD
6356,99942,,LT8MC3w,2021-02-27 22:34:05.599000+00:00,149.75286,-12.23361,15.4,G,C57,Gaia2,CCD
6357,99942,,LT8MC3w,2021-02-27 22:44:05.598000+00:00,149.74408,-12.22947,15.4,G,C57,Gaia2,CCD
6358,99942,,LT8MC3w,2021-02-27 22:54:05.598000+00:00,149.73561,-12.22532,15.4,G,C57,Gaia2,CCD
6359,99942,,LT8MC3w,2021-02-27 23:04:05.598000+00:00,149.72717,-12.2208,15.4,G,C57,Gaia2,CCD
6360,99942,,LT8MC3w,2021-02-27 23:14:05.597000+00:00,149.71847,-12.21665,15.4,G,C57,Gaia2,CCD
6361,99942,,LT8MC3w,2021-02-27 23:24:05.597000+00:00,149.7099,-12.21252,15.5,G,C57,Gaia2,CCD
6362,99942,,99942,2021-02-27 23:24:11.800000+00:00,148.60352,-12.10059,15.4,G,Z80,Gaia2,CCD
6363,99942,,99942,2021-02-27 23:29:12+00:00,148.59931,-12.09818,15.6,G,Z80,Gaia2,CCD
6364,99942,,LT8MC3w,2021-02-27 23:34:05.597000+00:00,149.70124,-12.20848,15.5,G,C57,Gaia2,CCD
6365,99942,,99942,2021-02-27 23:34:12+00:00,148.59496,-12.09583,15.8,G,Z80,Gaia2,CCD
6366,99942,,LT8MC3w,2021-02-27 23:44:05.597000+00:00,149.69257,-12.2045,15.4,G,C57,Gaia2,CCD
6367,99942,,LT8MC3w,2021-02-27 23:54:05.596000+00:00,149.68406,-12.20014,15.5,G,C57,Gaia2,CCD
6368,99942,,99942,2021-02-27 23:59:33.389000+00:00,148.57292,-12.08442,15.6,G,Z99,Gaia2,CCD
6369,99942,,99942,2021-02-28 00:03:12.758000+00:00,148.56979,-12.08267,15.7,G,Z99,Gaia2,CCD
6370,99942,,LT8MC3w,2021-02-28 00:04:05.596000+00:00,149.67544,-12.19567,15.5,G,C57,Gaia2,CCD
6371,99942,,99942,2021-02-28 00:06:51.523000+00:00,148.56654,-12.08097,15.5,G,Z99,Gaia2,CCD
6372,99942,,99942,2021-02-28 00:10:31.325000+00:00,148.56346,-12.07928,15.7,G,Z99,Gaia2,CCD
6373,99942,,LT8MC3w,2021-02-28 00:14:05.596000+00:00,149.66694,-12.19162,15.5,G,C57,Gaia2,CCD
6374,99942,,99942,2021-02-28 00:14:09.312000+00:00,148.56021,-12.07753,15.7,G,Z99,Gaia2,CCD
6375,99942,,LT8MC3w,2021-02-28 00:24:05.596000+00:00,149.65828,-12.18741,15.5,G,C57,Gaia2,CCD
6376,99942,,LT8MC3w,2021-02-28 00:34:05.595000+00:00,149.64975,-12.18352,15.5,G,C57,Gaia2,CCD
6377,99942,,LT8MC3w,2021-02-28 00:44:05.595000+00:00,149.64116,-12.17927,15.5,G,C57,Gaia2,CCD
6378,99942,,LT8MC3w,2021-02-28 00:54:05.595000+00:00,149.63231,-12.17484,15.5,G,C57,Gaia2,CCD
6379,99942,,LT8MC3w,2021-02-28 01:04:05.595000+00:00,149.62388,-12.17052,15.5,G,C57,Gaia2,CCD
6380,99942,,LT8MC3w,2021-02-28 01:14:05.594000+00:00,149.61521,-12.16619,15.4,G,C57,Gaia2,CCD
6381,99942,,LT8MC3w,2021-02-28 01:24:05.594000+00:00,149.60666,-12.16258,15.5,G,C57,Gaia2,CCD
6382,99942,,LT8MC3w,2021-02-28 01:34:05.594000+00:00,149.59807,-12.15801,15.4,G,C57,Gaia2,CCD
6383,99942,,LT8MC3w,2021-02-28 01:44:05.594000+00:00,149.58916,-12.15388,15.5,G,C57,Gaia2,CCD
6384,99942,,LT8MC3w,2021-02-28 01:54:05.593000+00:00,149.58067,-12.14957,15.4,G,C57,Gaia2,CCD
6385,99942,,LT8MC3w,2021-02-28 02:04:05.593000+00:00,149.57223,-12.14512,15.4,G,C57,Gaia2,CCD
6386,99942,,LT8MC3w,2021-02-28 02:14:05.593000+00:00,149.56338,-12.14097,15.4,G,C57,Gaia2,CCD
6387,99942,,LT8MC3w,2021-02-28 02:24:05.592000+00:00,149.55485,-12.13687,15.4,G,C57,Gaia2,CCD
6388,99942,,LT8MC3w,2021-02-28 02:34:05.592000+00:00,149.54603,-12.13269,15.4,G,C57,Gaia2,CCD
6389,99942,,LT8MC3w,2021-02-28 02:44:05.592000+00:00,149.53757,-12.1288,15.3,G,C57,Gaia2,CCD
6390,99942,,LT8MC4F,2021-02-28 02:54:05.592000+00:00,149.52883,-12.12423,15.3,G,C57,Gaia2,CCD
6391,99942,,LT8MC4F,2021-02-28 03:04:05.591000+00:00,149.5202,-12.11973,15.3,G,C57,Gaia2,CCD
6392,99942,,LT8MC4F,2021-02-28 03:14:05.591000+00:00,149.51171,-12.11554,15.3,G,C57,Gaia2,CCD
6393,99942,,LT8MC4F,2021-02-28 03:24:05.591000+00:00,149.50284,-12.11154,15.3,G,C57,Gaia2,CCD
6394,99942,,LT8MC4F,2021-02-28 03:34:05.591000+00:00,149.49428,-12.10746,15.2,G,C57,Gaia2,CCD
6395,99942,,LT8MC4F,2021-02-28 03:44:05.590000+00:00,149.4856,-12.10333,15.2,G,C57,Gaia2,CCD
6396,99942,,LT8MC4F,2021-02-28 03:54:05.590000+00:00,149.47682,-12.0988,15.2,G,C57,Gaia2,CCD
6397,99942,,LT8MC4F,2021-02-28 04:04:05.590000+00:00,149.46828,-12.09431,15.2,G,C57,Gaia2,CCD
6398,99942,,LT8MC4F,2021-02-28 04:14:05.590000+00:00,149.45955,-12.09025,15.2,G,C57,Gaia2,CCD
6399,99942,,LT8MC4F,2021-02-28 04:24:05.589000+00:00,149.45077,-12.086,15.1,G,C57,Gaia2,CCD
6400,99942,,LT8MC4F,2021-02-28 04:34:05.589000+00:00,149.44217,-12.08202,15.1,G,C57,Gaia2,CCD
6401,99942,,LT8MC4F,2021-02-28 04:44:05.589000+00:00,149.43325,-12.07767,15.1,G,C57,Gaia2,CCD
6402,99942,,LT8MC4F,2021-02-28 04:54:05.588000+00:00,149.42472,-12.07333,15.1,G,C57,Gaia2,CCD
6403,99942,,LT8MC4F,2021-02-28 05:04:05.588000+00:00,149.41606,-12.06888,15.1,G,C57,Gaia2,CCD
6404,99942,,LT8MC4F,2021-02-28 05:14:05.588000+00:00,149.40727,-12.06458,15.0,G,C57,Gaia2,CCD
6405,99942,,LT8MC4F,2021-02-28 05:24:05.588000+00:00,149.39867,-12.06066,15.0,G,C57,Gaia2,CCD
6406,99942,,LT8MC4F,2021-02-28 05:34:05.587000+00:00,149.38986,-12.05643,15.0,G,C57,Gaia2,CCD
6407,99942,,LT8MC4F,2021-02-28 05:44:05.587000+00:00,149.38109,-12.05222,15.0,G,C57,Gaia2,CCD
6408,99942,,LT8MC4F,2021-02-28 05:54:05.587000+00:00,149.37263,-12.04773,15.0,G,C57,Gaia2,CCD
6409,99942,,LT8MC4F,2021-02-28 06:04:05.587000+00:00,149.36381,-12.0433,15.0,G,C57,Gaia2,CCD
6410,99942,,LT8MC4F,2021-02-28 06:14:05.586000+00:00,149.35522,-12.03914,15.0,G,C57,Gaia2,CCD
6411,99942,,LT8MC4F,2021-02-28 06:24:05.586000+00:00,149.34641,-12.03504,14.9,G,C57,Gaia2,CCD
6412,99942,,LT8MC4F,2021-02-28 06:34:05.586000+00:00,149.33746,-12.03082,14.9,G,C57,Gaia2,CCD
6413,99942,,LT8MC4F,2021-02-28 06:44:05.586000+00:00,149.32883,-12.02661,14.9,G,C57,Gaia2,CCD
6414,99942,,LT8MC4F,2021-02-28 06:54:05.585000+00:00,149.32017,-12.0221,14.9,G,C57,Gaia2,CCD
6415,99942,,LT8MC4F,2021-02-28 07:04:05.585000+00:00,149.3115,-12.01775,14.9,G,C57,Gaia2,CCD
6416,99942,,LT8MC4F,2021-02-28 07:14:05.585000+00:00,149.30284,-12.01357,14.9,G,C57,Gaia2,CCD
6417,99942,,LT8MC4F,2021-02-28 07:24:05.585000+00:00,149.29386,-12.00937,14.9,G,C57,Gaia2,CCD
6418,99942,,LT8MC4F,2021-02-28 07:34:05.584000+00:00,149.28518,-12.00528,14.9,G,C57,Gaia2,CCD
6419,99942,,LT8MC4F,2021-02-28 07:44:05.584000+00:00,149.27646,-12.00097,14.9,G,C57,Gaia2,CCD
6420,99942,,LT8MC4F,2021-02-28 07:54:05.584000+00:00,149.26766,-11.99634,14.9,G,C57,Gaia2,CCD
6421,99942,,LT8MC4F,2021-02-28 08:04:05.583000+00:00,149.25904,-11.99205,14.9,G,C57,Gaia2,CCD
6422,99942,,LT8MC4F,2021-02-28 08:14:05.583000+00:00,149.25023,-11.98784,14.9,G,C57,Gaia2,CCD
6423,99942,,LT8MC4F,2021-02-28 08:24:05.583000+00:00,149.24147,-11.98368,14.9,G,C57,Gaia2,CCD
6424,99942,,LT8MC4F,2021-02-28 08:34:05.583000+00:00,149.23268,-11.97946,14.9,G,C57,Gaia2,CCD
6425,99942,,LT8MC4F,2021-02-28 08:44:05.582000+00:00,149.2238,-11.97522,14.9,G,C57,Gaia2,CCD
6426,99942,,LT8MC4F,2021-02-28 08:54:05.582000+00:00,149.21518,-11.97064,14.9,G,C57,Gaia2,CCD
6427,99942,,LT8MC4F,2021-02-28 09:04:05.582000+00:00,149.20646,-11.96624,14.9,G,C57,Gaia2,CCD
6428,99942,,LT8MC4F,2021-02-28 09:14:05.582000+00:00,149.19756,-11.96204,14.9,G,C57,Gaia2,CCD
6429,99942,,LT8MC4F,2021-02-28 09:24:05.581000+00:00,149.1889,-11.95797,14.9,G,C57,Gaia2,CCD
6430,99942,,LT8MC4F,2021-02-28 09:34:05.581000+00:00,149.18004,-11.95381,15.0,G,C57,Gaia2,CCD
6431,99942,,LT8MC4F,2021-02-28 09:44:05.581000+00:00,149.17108,-11.94944,15.0,G,C57,Gaia2,CCD
6432,99942,,LT8MC4F,2021-02-28 09:54:05.581000+00:00,149.16255,-11.94494,15.0,G,C57,Gaia2,CCD
6433,99942,,LT8MC4F,2021-02-28 10:04:05.580000+00:00,149.15375,-11.94049,15.0,G,C57,Gaia2,CCD
6434,99942,,LT8MC4F,2021-02-28 10:14:05.580000+00:00,149.1449,-11.93623,15.0,G,C57,Gaia2,CCD
6435,99942,,LT8MC4F,2021-02-28 10:24:05.580000+00:00,149.13605,-11.93217,15.0,G,C57,Gaia2,CCD
6436,99942,,LT8MC4F,2021-02-28 10:34:05.579000+00:00,149.12708,-11.92795,15.0,G,C57,Gaia2,CCD
6437,99942,,LT8MC4F,2021-02-28 10:44:05.579000+00:00,149.11836,-11.92358,15.0,G,C57,Gaia2,CCD
6438,99942,,LT8MC4F,2021-02-28 10:54:05.579000+00:00,149.10973,-11.91898,15.0,G,C57,Gaia2,CCD
6439,99942,,LT8MC4F,2021-02-28 11:04:05.579000+00:00,149.10093,-11.91465,15.1,G,C57,Gaia2,CCD
6440,99942,,LT8MC4F,2021-02-28 11:14:05.578000+00:00,149.09202,-11.91042,15.1,G,C57,Gaia2,CCD
6441,99942,,LT8MC4F,2021-02-28 11:24:05.578000+00:00,149.08321,-11.9063,15.1,G,C57,Gaia2,CCD
6442,99942,,LT8MC4F,2021-02-28 11:34:05.578000+00:00,149.07423,-11.90201,15.2,G,C57,Gaia2,CCD
6443,99942,,LT8MC4F,2021-02-28 11:44:05.578000+00:00,149.06543,-11.89764,15.2,G,C57,Gaia2,CCD
6444,99942,,LT8MC4F,2021-02-28 11:54:05.577000+00:00,149.05666,-11.89295,15.2,G,C57,Gaia2,CCD
6445,99942,,LT8MC4F,2021-02-28 12:04:05.577000+00:00,149.04789,-11.88875,15.3,G,C57,Gaia2,CCD
6446,99942,,LT8MC4F,2021-02-28 12:14:05.577000+00:00,149.03926,-11.88461,15.3,G,C57,Gaia2,CCD
6447,99942,,LT8MC4F,2021-02-28 12:24:05.577000+00:00,149.03041,-11.88029,15.3,G,C57,Gaia2,CCD
6448,99942,,LT8MC4F,2021-02-28 12:34:05.576000+00:00,149.02136,-11.87613,15.3,G,C57,Gaia2,CCD
6449,99942,,LT8MC4F,2021-02-28 12:44:05.576000+00:00,149.01259,-11.87157,15.3,G,C57,Gaia2,CCD
6450,99942,,LT8MC4F,2021-02-28 12:54:05.576000+00:00,149.00373,-11.86694,15.4,G,C57,Gaia2,CCD
6451,99942,,LT8MC4F,2021-02-28 13:04:05.576000+00:00,148.99492,-11.86274,15.4,G,C57,Gaia2,CCD
6452,99942,,LT8MC4F,2021-02-28 13:14:05.575000+00:00,148.98616,-11.85863,15.3,G,C57,Gaia2,CCD
6453,99942,,LT8MC4F,2021-02-28 13:24:05.575000+00:00,148.97706,-11.85425,15.5,G,C57,Gaia2,CCD
6454,99942,,LT8MC4F,2021-02-28 13:34:05.575000+00:00,148.96815,-11.85002,15.5,G,C57,Gaia2,CCD
6455,99942,,LT8MC4F,2021-02-28 13:44:05.574000+00:00,148.95937,-11.84569,15.5,G,C57,Gaia2,CCD
6456,99942,,LT8MC4F,2021-02-28 13:54:05.574000+00:00,148.95046,-11.84101,15.5,G,C57,Gaia2,CCD
6457,99942,,LT8MC4F,2021-02-28 14:04:05.574000+00:00,148.94188,-11.83671,15.5,G,C57,Gaia2,CCD
6458,99942,,LT8MC4F,2021-02-28 14:14:05.574000+00:00,148.93285,-11.83239,15.5,G,C57,Gaia2,CCD
6459,99942,,LT8MC4F,2021-02-28 14:24:05.573000+00:00,148.92389,-11.82826,15.5,G,C57,Gaia2,CCD
6460,99942,,LT8MC4F,2021-02-28 14:34:05.573000+00:00,148.91513,-11.8239,15.5,G,C57,Gaia2,CCD
6461,99942,,LT8MC4F,2021-02-28 14:44:05.573000+00:00,148.90601,-11.81928,15.6,G,C57,Gaia2,CCD
6462,99942,,LT8MC4F,2021-02-28 15:04:05.572000+00:00,148.88854,-11.81058,15.5,G,C57,Gaia2,CCD
6463,99942,,LT8MC4F,2021-02-28 15:14:05.572000+00:00,148.87933,-11.8063,15.5,G,C57,Gaia2,CCD
6464,99942,,LT8MC4F,2021-02-28 15:24:05.572000+00:00,148.87064,-11.80208,15.6,G,C57,Gaia2,CCD
6465,99942,,LT8MC4F,2021-02-28 15:34:05.572000+00:00,148.86156,-11.79775,15.6,G,C57,Gaia2,CCD
6466,99942,,LT8MC4F,2021-02-28 15:44:05.571000+00:00,148.8528,-11.79319,15.5,G,C57,Gaia2,CCD
6467,99942,,LT8MC4F,2021-02-28 15:54:05.571000+00:00,148.84407,-11.78862,15.5,G,C57,Gaia2,CCD
6468,99942,,LT8MC4F,2021-02-28 16:04:05.571000+00:00,148.83511,-11.78436,15.5,G,C57,Gaia2,CCD
6469,99942,,LT8MC4F,2021-02-28 16:14:05.570000+00:00,148.82609,-11.78003,15.5,G,C57,Gaia2,CCD
6470,99942,,LT8MC4F,2021-02-28 16:24:05.570000+00:00,148.81705,-11.77572,15.4,G,C57,Gaia2,CCD
6471,99942,,LT8MC4F,2021-02-28 16:34:05.570000+00:00,148.80811,-11.77146,15.5,G,C57,Gaia2,CCD
6472,99942,,LT8MC4F,2021-02-28 16:44:05.570000+00:00,148.7994,-11.76696,15.4,G,C57,Gaia2,CCD
6473,99942,,LT8MC4F,2021-02-28 16:54:05.569000+00:00,148.7905,-11.76251,15.4,G,C57,Gaia2,CCD
6474,99942,,LT8MC4F,2021-02-28 17:04:05.569000+00:00,148.78154,-11.75822,15.4,G,C57,Gaia2,CCD
6475,99942,,LT8MC4F,2021-02-28 17:14:05.569000+00:00,148.77269,-11.75383,15.3,G,C57,Gaia2,CCD
6476,99942,,LT8MC4F,2021-02-28 17:24:05.569000+00:00,148.76347,-11.74949,15.4,G,C57,Gaia2,CCD
6477,99942,,LT8MC4F,2021-02-28 17:34:05.568000+00:00,148.75469,-11.74523,15.3,G,C57,Gaia2,CCD
6478,99942,,LT8MC4F,2021-02-28 18:24:05.567000+00:00,148.70982,-11.72323,15.3,G,C57,Gaia2,CCD
6479,99942,,LT8MC4F,2021-02-28 18:34:05.567000+00:00,148.70128,-11.71884,15.3,G,C57,Gaia2,CCD
6480,99942,,LT8MC4F,2021-02-28 18:44:05.567000+00:00,148.69214,-11.71404,15.3,G,C57,Gaia2,CCD
6481,99942,,LT8MC4F,2021-02-28 18:54:05.566000+00:00,148.68324,-11.70973,15.3,G,C57,Gaia2,CCD
6482,99942,,LT8MC4F,2021-02-28 19:04:05.566000+00:00,148.67437,-11.7054,15.3,G,C57,Gaia2,CCD
6483,99942,,LT8MC4F,2021-02-28 19:14:05.566000+00:00,148.6651,-11.70112,15.2,G,C57,Gaia2,CCD
6484,99942,,LT8MC4F,2021-02-28 19:24:05.565000+00:00,148.65613,-11.69696,15.2,G,C57,Gaia2,CCD
6485,99942,,LT8MC4F,2021-02-28 19:34:05.565000+00:00,148.64741,-11.69236,15.2,G,C57,Gaia2,CCD
6486,99942,,LT8MC4F,2021-02-28 19:44:05.565000+00:00,148.63841,-11.68771,15.2,G,C57,Gaia2,CCD
6487,99942,,LT8MC4F,2021-02-28 19:54:05.565000+00:00,148.62945,-11.6832,15.2,G,C57,Gaia2,CCD
6488,99942,,LT8MC4F,2021-02-28 20:04:05.564000+00:00,148.62044,-11.67902,15.2,G,C57,Gaia2,CCD
6489,99942,,LT8MC4F,2021-02-28 20:14:05.564000+00:00,148.61137,-11.67475,15.2,G,C57,Gaia2,CCD
6490,99942,,LT8MC4F,2021-02-28 20:24:05.564000+00:00,148.60222,-11.67037,15.2,G,C57,Gaia2,CCD
6491,99942,,LT8MC4F,2021-02-28 20:34:05.564000+00:00,148.59352,-11.66573,15.1,G,C57,Gaia2,CCD
6492,99942,,LT8MC4F,2021-02-28 20:44:05.563000+00:00,148.58453,-11.6611,15.1,G,C57,Gaia2,CCD
6493,99942,,LT8MC4F,2021-02-28 20:54:05.563000+00:00,148.57537,-11.65674,15.1,G,C57,Gaia2,CCD
6494,99942,,LT8MC4F,2021-02-28 21:04:05.563000+00:00,148.56656,-11.65247,15.1,G,C57,Gaia2,CCD
6495,99942,,LT8MC4F,2021-02-28 21:14:05.563000+00:00,148.55749,-11.64823,15.2,G,C57,Gaia2,CCD
6496,99942,,LT8MC4F,2021-02-28 21:24:05.562000+00:00,148.54823,-11.64373,15.1,G,C57,Gaia2,CCD
6497,99942,,LT8MC4F,2021-02-28 21:34:05.562000+00:00,148.53943,-11.63921,15.1,G,C57,Gaia2,CCD
6498,99942,,LT8MC4F,2021-02-28 21:54:05.562000+00:00,148.5214,-11.63014,15.1,G,C57,Gaia2,CCD
6499,99942,,LT8MC4F,2021-02-28 22:04:05.561000+00:00,148.51252,-11.62591,15.1,G,C57,Gaia2,CCD
6500,99942,,LT8MC4F,2021-02-28 22:14:05.561000+00:00,148.50349,-11.62165,15.1,G,C57,Gaia2,CCD
6501,99942,,99942,2021-02-28 22:21:11.232000+00:00,147.48875,-11.4465,,,118,Gaia2,CCD
6502,99942,,LT8MC4F,2021-02-28 22:24:05.561000+00:00,148.49421,-11.61708,15.0,G,C57,Gaia2,CCD
6503,99942,,LT8MC4F,2021-02-28 22:34:05.560000+00:00,148.48548,-11.61244,15.0,G,C57,Gaia2,CCD
6504,99942,,99942,2021-02-28 22:37:47.424000+00:00,147.47429,-11.43842,,,118,Gaia2,CCD
6505,99942,,99942,2021-02-28 22:41:03+00:00,147.47579,-11.43738,15.1,G,Z80,Gaia2,CCD
6506,99942,,LT8MC4F,2021-02-28 22:44:05.560000+00:00,148.47652,-11.60787,15.1,G,C57,Gaia2,CCD
6507,99942,,99942,2021-02-28 22:45:13+00:00,147.4722,-11.43547,15.0,G,Z80,Gaia2,CCD
6508,99942,,99942,2021-02-28 22:49:23+00:00,147.46858,-11.43337,15.0,G,Z80,Gaia2,CCD
6509,99942,,99942,2021-02-28 22:53:33+00:00,147.465,-11.43141,15.0,G,Z80,Gaia2,CCD
6510,99942,,LT8MC4F,2021-02-28 22:54:05.560000+00:00,148.46725,-11.60359,15.0,G,C57,Gaia2,CCD
6511,99942,,99942,2021-02-28 22:54:23.616000+00:00,147.45983,-11.43036,,,118,Gaia2,CCD
6512,99942,,LT8MC4F,2021-02-28 23:04:05.560000+00:00,148.45835,-11.59927,15.0,G,C57,Gaia2,CCD
6513,99942,,LT8MC4F,2021-02-28 23:14:05.559000+00:00,148.44921,-11.59494,15.0,G,C57,Gaia2,CCD
6514,99942,,LT8MC4F,2021-02-28 23:24:05.559000+00:00,148.44011,-11.59042,15.0,G,C57,Gaia2,CCD
6515,99942,,LT8MC4F,2021-02-28 23:34:05.559000+00:00,148.43123,-11.58565,15.1,G,C57,Gaia2,CCD
6516,99942,,LT8MC4F,2021-02-28 23:44:05.559000+00:00,148.4224,-11.58124,15.1,G,C57,Gaia2,CCD
6517,99942,,LT8MC4N,2021-02-28 23:54:05.558000+00:00,148.41326,-11.57724,14.9,G,C57,Gaia2,CCD
6518,99942,,LT8MC4F,2021-03-01 00:04:05.558000+00:00,148.40401,-11.57263,14.9,G,C57,Gaia2,CCD
6519,99942,,LT8MC4F,2021-03-01 00:14:05.558000+00:00,148.39506,-11.56837,14.9,G,C57,Gaia2,CCD
6520,99942,,LT8MC4F,2021-03-01 00:24:05.558000+00:00,148.38598,-11.56359,15.0,G,C57,Gaia2,CCD
6521,99942,,LT8MC4N,2021-03-01 00:34:05.557000+00:00,148.37686,-11.55878,15.0,G,C57,Gaia2,CCD
6522,99942,,LT8MC4N,2021-03-01 00:44:05.557000+00:00,148.36792,-11.55446,15.1,G,C57,Gaia2,CCD
6523,99942,,LT8MC4N,2021-03-01 00:54:05.557000+00:00,148.35898,-11.55022,15.1,G,C57,Gaia2,CCD
6524,99942,,LT8MC4N,2021-03-01 01:04:05.556000+00:00,148.34964,-11.54576,15.1,G,C57,Gaia2,CCD
6525,99942,,LT8MC4N,2021-03-01 01:14:05.556000+00:00,148.34061,-11.54142,15.1,G,C57,Gaia2,CCD
6526,99942,,LT8MC4N,2021-03-01 01:24:05.556000+00:00,148.3317,-11.53684,15.1,G,C57,Gaia2,CCD
6527,99942,,LT8MC4N,2021-03-01 01:34:05.556000+00:00,148.32251,-11.53199,15.1,G,C57,Gaia2,CCD
6528,99942,,LT8MC4N,2021-03-01 01:44:05.555000+00:00,148.31353,-11.52761,15.1,G,C57,Gaia2,CCD
6529,99942,,LT8MC4N,2021-03-01 01:54:05.555000+00:00,148.30441,-11.52332,15.1,G,C57,Gaia2,CCD
6530,99942,,LT8MC4N,2021-03-01 02:04:05.555000+00:00,148.29528,-11.51901,15.2,G,C57,Gaia2,CCD
6531,99942,,LT8MC4N,2021-03-01 02:14:05.555000+00:00,148.28595,-11.51438,15.2,G,C57,Gaia2,CCD
6532,99942,,LT8MC4N,2021-03-01 02:24:05.554000+00:00,148.27724,-11.5098,15.2,G,C57,Gaia2,CCD
6533,99942,,LT8MC4N,2021-03-01 02:34:05.554000+00:00,148.26814,-11.50522,15.2,G,C57,Gaia2,CCD
6534,99942,,LT8MC4N,2021-03-01 02:44:05.554000+00:00,148.25892,-11.50077,15.2,G,C57,Gaia2,CCD
6535,99942,,LT8MC4N,2021-03-01 02:54:05.554000+00:00,148.24992,-11.49646,15.2,G,C57,Gaia2,CCD
6536,99942,,LT8MC4N,2021-03-01 03:04:05.553000+00:00,148.24082,-11.49216,15.2,G,C57,Gaia2,CCD
6537,99942,,LT8MC4N,2021-03-01 03:14:05.553000+00:00,148.23166,-11.48755,15.3,G,C57,Gaia2,CCD
6538,99942,,LT8MC4N,2021-03-01 03:24:05.553000+00:00,148.2227,-11.48285,15.3,G,C57,Gaia2,CCD
6539,99942,,LT8MC4N,2021-03-01 03:34:05.552000+00:00,148.21365,-11.4783,15.3,G,C57,Gaia2,CCD
6540,99942,,LT8MC4N,2021-03-01 03:44:05.552000+00:00,148.20434,-11.47386,15.3,G,C57,Gaia2,CCD
6541,99942,,LT8MC4N,2021-03-01 03:54:05.552000+00:00,148.19509,-11.46945,15.3,G,C57,Gaia2,CCD
6542,99942,,LT8MC4N,2021-03-01 04:04:05.552000+00:00,148.18619,-11.46517,15.3,G,C57,Gaia2,CCD
6543,99942,,LT8MC4N,2021-03-01 04:14:05.551000+00:00,148.17714,-11.46057,15.3,G,C57,Gaia2,CCD
6544,99942,,LT8MC4N,2021-03-01 04:24:05.551000+00:00,148.16787,-11.45574,15.3,G,C57,Gaia2,CCD
6545,99942,,LT8MC4N,2021-03-01 04:34:05.551000+00:00,148.15882,-11.45133,15.4,G,C57,Gaia2,CCD
6546,99942,,LT8MC4N,2021-03-01 04:44:05.551000+00:00,148.14966,-11.44684,15.4,G,C57,Gaia2,CCD
6547,99942,,LT8MC4N,2021-03-01 04:54:05.550000+00:00,148.14043,-11.44228,15.5,G,C57,Gaia2,CCD
6548,99942,,LT8MC4N,2021-03-01 05:04:05.550000+00:00,148.13148,-11.43799,15.4,G,C57,Gaia2,CCD
6549,99942,,LT8MC4N,2021-03-01 05:14:05.550000+00:00,148.12236,-11.43342,15.4,G,C57,Gaia2,CCD
6550,99942,,LT8MC4N,2021-03-01 05:24:05.550000+00:00,148.1131,-11.4287,15.4,G,C57,Gaia2,CCD
6551,99942,,LT8MC4N,2021-03-01 05:34:05.549000+00:00,148.10405,-11.4242,15.4,G,C57,Gaia2,CCD
6552,99942,,LT8MC4N,2021-03-01 05:44:05.549000+00:00,148.0949,-11.41986,15.5,G,C57,Gaia2,CCD
6553,99942,,LT8MC4N,2021-03-01 05:54:05.549000+00:00,148.08587,-11.41558,15.5,G,C57,Gaia2,CCD
6554,99942,,LT8MC4N,2021-03-01 06:04:05.549000+00:00,148.07628,-11.41081,15.5,G,C57,Gaia2,CCD
6555,99942,,LT8MC4N,2021-03-01 06:14:05.548000+00:00,148.0675,-11.40604,15.5,G,C57,Gaia2,CCD
6556,99942,,LT8MC4N,2021-03-01 06:24:05.548000+00:00,148.05834,-11.40154,15.5,G,C57,Gaia2,CCD
6557,99942,,LT8MC4N,2021-03-01 06:34:05.548000+00:00,148.04907,-11.39687,15.5,G,C57,Gaia2,CCD
6558,99942,,LT8MC4N,2021-03-01 06:44:05.547000+00:00,148.03987,-11.3926,15.5,G,C57,Gaia2,CCD
6559,99942,,LT8MC4N,2021-03-01 06:54:05.547000+00:00,148.03085,-11.38819,15.5,G,C57,Gaia2,CCD
6560,99942,,LT8MC4N,2021-03-01 07:04:05.547000+00:00,148.02165,-11.3837,15.4,G,C57,Gaia2,CCD
6561,99942,,LT8MC4N,2021-03-01 07:14:05.547000+00:00,148.01237,-11.3787,15.4,G,C57,Gaia2,CCD
6562,99942,,LT8MC4N,2021-03-01 07:24:05.546000+00:00,148.00328,-11.37421,15.4,G,C57,Gaia2,CCD
6563,99942,,LT8MC4N,2021-03-01 07:34:05.546000+00:00,147.99433,-11.36987,15.5,G,C57,Gaia2,CCD
6564,99942,,LT8MC4N,2021-03-01 07:44:05.546000+00:00,147.98491,-11.36544,15.4,G,C57,Gaia2,CCD
6565,99942,,LT8MC4N,2021-03-01 07:54:05.546000+00:00,147.97579,-11.36089,15.4,G,C57,Gaia2,CCD
6566,99942,,LT8MC4N,2021-03-01 08:04:05.545000+00:00,147.96666,-11.35635,15.5,G,C57,Gaia2,CCD
6567,99942,,LT8MC4N,2021-03-01 08:14:05.545000+00:00,147.95744,-11.3514,15.3,G,C57,Gaia2,CCD
6568,99942,,LT8MC4N,2021-03-01 09:24:05.543000+00:00,147.89323,-11.31969,15.2,G,C57,Gaia2,CCD
6569,99942,,LT8MC4N,2021-03-01 09:34:05.543000+00:00,147.8838,-11.31526,15.2,G,C57,Gaia2,CCD
6570,99942,,LT8MC4N,2021-03-01 09:44:05.543000+00:00,147.87464,-11.31072,15.2,G,C57,Gaia2,CCD
6571,99942,,LT8MC4N,2021-03-01 09:54:05.542000+00:00,147.86564,-11.30631,15.2,G,C57,Gaia2,CCD
6572,99942,,LT8MC4N,2021-03-01 10:04:05.542000+00:00,147.8563,-11.30138,15.2,G,C57,Gaia2,CCD
6573,99942,,LT8MC4N,2021-03-01 10:14:05.542000+00:00,147.84713,-11.29682,15.2,G,C57,Gaia2,CCD
6574,99942,,LT8MC4N,2021-03-01 10:24:05.542000+00:00,147.83798,-11.2923,15.1,G,C57,Gaia2,CCD
6575,99942,,LT8MC4N,2021-03-01 10:34:05.541000+00:00,147.8286,-11.28785,15.2,G,C57,Gaia2,CCD
6576,99942,,LT8MC4N,2021-03-01 10:44:05.541000+00:00,147.81934,-11.28333,15.1,G,C57,Gaia2,CCD
6577,99942,,LT8MC4N,2021-03-01 10:54:05.541000+00:00,147.81008,-11.27877,15.1,G,C57,Gaia2,CCD
6578,99942,,LT8MC4N,2021-03-01 11:04:05.541000+00:00,147.80112,-11.27389,15.1,G,C57,Gaia2,CCD
6579,99942,,LT8MC4N,2021-03-01 11:14:05.540000+00:00,147.79177,-11.26931,15.2,G,C57,Gaia2,CCD
6580,99942,,LT8MC4N,2021-03-01 11:24:05.540000+00:00,147.78245,-11.2648,15.1,G,C57,Gaia2,CCD
6581,99942,,LT8MC4N,2021-03-01 11:34:05.540000+00:00,147.77339,-11.26052,15.1,G,C57,Gaia2,CCD
6582,99942,,LT8MC4N,2021-03-01 11:44:05.540000+00:00,147.76421,-11.25597,15.1,G,C57,Gaia2,CCD
6583,99942,,LT8MC4N,2021-03-01 11:54:05.539000+00:00,147.75477,-11.25107,15.0,G,C57,Gaia2,CCD
6584,99942,,LT8MC4N,2021-03-01 12:04:05.539000+00:00,147.74555,-11.24622,15.0,G,C57,Gaia2,CCD
6585,99942,,LT8MC4N,2021-03-01 12:14:05.539000+00:00,147.73647,-11.24187,15.0,G,C57,Gaia2,CCD
6586,99942,,LT8MC4N,2021-03-01 12:24:05.538000+00:00,147.72712,-11.23732,15.0,G,C57,Gaia2,CCD
6587,99942,,LT8MC4N,2021-03-01 12:34:05.538000+00:00,147.71773,-11.23289,15.0,G,C57,Gaia2,CCD
6588,99942,,LT8MC4N,2021-03-01 12:44:05.538000+00:00,147.7085,-11.22827,15.0,G,C57,Gaia2,CCD
6589,99942,,LT8MC4N,2021-03-01 12:54:05.538000+00:00,147.69948,-11.22337,15.0,G,C57,Gaia2,CCD
6590,99942,,99942,2021-03-01 17:43:03.072000+00:00,146.55379,-10.87694,15.5,R,N42,UNK,CCD
6591,99942,,99942,2021-03-01 17:44:19.968000+00:00,146.55258,-10.87631,15.5,R,N42,UNK,CCD
6592,99942,,99942,2021-03-01 17:45:37.728000+00:00,146.5515,-10.87564,15.5,R,N42,UNK,CCD
6593,99942,,99942,2021-03-01 17:46:54.624000+00:00,146.55033,-10.875,15.5,R,N42,UNK,CCD
6594,99942,,99942,2021-03-01 17:48:12.384000+00:00,146.54913,-10.87436,15.5,R,N42,UNK,CCD
6595,99942,,99942,2021-03-01 17:49:24.096000+00:00,146.54812,-10.87378,15.6,R,N42,UNK,CCD
6596,99942,,99942,2021-03-01 17:50:36.672000+00:00,146.54721,-10.87325,15.6,R,N42,UNK,CCD
6597,99942,,99942,2021-03-01 17:51:53.568000+00:00,146.54604,-10.87258,15.4,R,N42,UNK,CCD
6598,99942,,99942,2021-03-01 17:53:06.144000+00:00,146.54496,-10.87194,15.6,R,N42,UNK,CCD
6599,99942,,99942,2021-03-01 17:54:17.856000+00:00,146.54383,-10.87136,15.8,R,N42,UNK,CCD
6600,99942,,99942,2021-03-01 17:55:35.616000+00:00,146.54279,-10.87075,15.6,R,N42,UNK,CCD
6601,99942,,99942,2021-03-01 17:56:47.328000+00:00,146.54171,-10.87014,15.6,R,N42,UNK,CCD
6602,99942,,99942,2021-03-01 17:57:59.904000+00:00,146.54071,-10.86958,15.5,R,N42,UNK,CCD
6603,99942,,99942,2021-03-01 17:59:12.480000+00:00,146.53979,-10.86903,15.8,R,N42,UNK,CCD
6604,99942,,99942,2021-03-01 18:00:24.192000+00:00,146.5385,-10.86831,15.5,R,N42,UNK,CCD
6605,99942,,99942,2021-03-01 18:01:36.768000+00:00,146.53746,-10.86775,15.7,R,N42,UNK,CCD
6606,99942,,99942,2021-03-01 18:02:48.480000+00:00,146.5365,-10.86717,15.5,R,N42,UNK,CCD
6607,99942,,99942,2021-03-01 18:04:01.056000+00:00,146.53542,-10.86658,15.6,R,N42,UNK,CCD
6608,99942,,99942,2021-03-01 18:05:13.632000+00:00,146.53425,-10.86592,15.6,R,N42,UNK,CCD
6609,99942,,99942,2021-03-01 18:06:25.344000+00:00,146.53325,-10.86533,15.5,R,N42,UNK,CCD
6610,99942,,99942,2021-03-01 18:07:37.920000+00:00,146.53217,-10.86475,15.6,R,N42,UNK,CCD
6611,99942,,99942,2021-03-01 18:08:50.496000+00:00,146.53117,-10.86414,15.5,R,N42,UNK,CCD
6612,99942,,99942,2021-03-01 18:10:02.208000+00:00,146.53021,-10.86364,15.5,R,N42,UNK,CCD
6613,99942,,99942,2021-03-01 18:11:14.784000+00:00,146.52929,-10.86308,15.9,R,N42,UNK,CCD
6614,99942,,99942,2021-03-01 18:12:26.496000+00:00,146.528,-10.86239,15.6,R,N42,UNK,CCD
6615,99942,,99942,2021-03-01 18:20:52.800000+00:00,146.53379,-10.85597,15.0,V,A84,Gaia2,CCD
6616,99942,,99942,2021-03-01 18:22:22.656000+00:00,146.5325,-10.85531,15.0,V,A84,Gaia2,CCD
6617,99942,,99942,2021-03-01 18:23:15.360000+00:00,146.53175,-10.85489,15.0,V,A84,Gaia2,CCD
6618,99942,,99942,2021-03-01 18:23:59.424000+00:00,146.53108,-10.8545,15.0,V,A84,Gaia2,CCD
6619,99942,,99942,2021-03-01 18:24:44.352000+00:00,146.5305,-10.85417,15.0,V,A84,Gaia2,CCD
6620,99942,,99942,2021-03-01 18:26:01.248000+00:00,146.52938,-10.85353,15.0,V,A84,Gaia2,CCD
6621,99942,,99942,2021-03-01 18:26:18.528000+00:00,146.52908,-10.85336,15.0,V,A84,Gaia2,CCD
6622,99942,,99942,2021-03-01 18:39:26.496000+00:00,146.51771,-10.84714,15.1,V,A84,Gaia2,CCD
6623,99942,,99942,2021-03-01 18:40:30.432000+00:00,146.50779,-10.85106,15.3,R,168,UCAC4,CCD
6624,99942,,99942,2021-03-01 18:45:01.728000+00:00,146.51296,-10.84431,15.1,V,A84,Gaia2,CCD
6625,99942,,99942,2021-03-01 18:48:29.952000+00:00,146.50096,-10.84711,15.2,R,168,UCAC4,CCD
6626,99942,,99942,2021-03-01 18:51:01.152000+00:00,146.50767,-10.84133,15.1,V,A84,Gaia2,CCD
6627,99942,,99942,2021-03-01 18:53:00.384000+00:00,146.50588,-10.84019,15.1,V,A84,Gaia2,CCD
6628,99942,,99942,2021-03-01 18:54:30.240000+00:00,146.49583,-10.84408,15.5,R,168,UCAC4,CCD
6629,99942,,99942,2021-03-01 18:57:03.168000+00:00,146.50246,-10.83836,15.1,V,A84,Gaia2,CCD
6630,99942,,99942,2021-03-01 18:58:52.896000+00:00,146.50088,-10.83744,15.1,V,A84,Gaia2,CCD
6631,99942,,99942,2021-03-01 19:00:42.624000+00:00,146.49925,-10.83656,15.1,V,A84,Gaia2,CCD
6632,99942,,99942,2021-03-01 19:02:32.352000+00:00,146.49767,-10.83567,15.1,V,A84,Gaia2,CCD
6633,99942,,99942,2021-03-01 19:04:21.216000+00:00,146.49608,-10.83475,15.1,V,A84,Gaia2,CCD
6634,99942,,99942,2021-03-01 19:04:30.720000+00:00,146.48725,-10.83914,15.2,R,168,UCAC4,CCD
6635,99942,,99942,2021-03-01 19:06:10.944000+00:00,146.4945,-10.83386,15.1,V,A84,Gaia2,CCD
6636,99942,,99942,2021-03-01 19:08:01.536000+00:00,146.49292,-10.83297,15.1,V,A84,Gaia2,CCD
6637,99942,,99942,2021-03-01 19:09:51.264000+00:00,146.49129,-10.83208,15.1,V,A84,Gaia2,CCD
6638,99942,,99942,2021-03-01 19:11:40.128000+00:00,146.48971,-10.83119,15.2,V,A84,Gaia2,CCD
6639,99942,,99942,2021-03-01 19:13:30.720000+00:00,146.48812,-10.83031,15.1,V,A84,Gaia2,CCD
6640,99942,,99942,2021-03-01 19:15:20.448000+00:00,146.48654,-10.82942,15.1,V,A84,Gaia2,CCD
6641,99942,,99942,2021-03-01 19:17:10.176000+00:00,146.48492,-10.8285,15.1,V,A84,Gaia2,CCD
6642,99942,,99942,2021-03-01 19:18:59.904000+00:00,146.48337,-10.82761,15.1,V,A84,Gaia2,CCD
6643,99942,,99942,2021-03-01 19:20:49.632000+00:00,146.48175,-10.82669,15.1,V,A84,Gaia2,CCD
6644,99942,,99942,2021-03-01 19:22:39.360000+00:00,146.48017,-10.82583,15.2,V,A84,Gaia2,CCD
6645,99942,,99942,2021-03-01 19:24:29.088000+00:00,146.47854,-10.82492,15.1,V,A84,Gaia2,CCD
6646,99942,,99942,2021-03-01 19:24:29.952000+00:00,146.47012,-10.82919,15.3,R,168,UCAC4,CCD
6647,99942,,99942,2021-03-01 19:26:18.816000+00:00,146.47696,-10.82403,15.2,V,A84,Gaia2,CCD
6648,99942,,99942,2021-03-01 19:28:08.544000+00:00,146.47537,-10.82311,15.2,V,A84,Gaia2,CCD
6649,99942,,99942,2021-03-01 19:31:44.976000+00:00,146.47417,-10.82378,14.7,R,K61,Gaia2,CCD
6650,99942,,99942,2021-03-01 19:31:48+00:00,146.47217,-10.82133,15.2,V,A84,Gaia2,CCD
6651,99942,,99942,2021-03-01 19:33:35.050000+00:00,146.47263,-10.82286,14.7,R,K61,Gaia2,CCD
6652,99942,,99942,2021-03-01 19:33:37.728000+00:00,146.47062,-10.82044,15.2,V,A84,Gaia2,CCD
6653,99942,,99942,2021-03-01 19:34:44.170000+00:00,146.47167,-10.82225,14.8,R,K61,Gaia2,CCD
6654,99942,,99942,2021-03-01 19:35:25.987000+00:00,146.47104,-10.82192,14.8,R,K61,Gaia2,CCD
6655,99942,,99942,2021-03-01 19:35:27.456000+00:00,146.46896,-10.81956,15.2,V,A84,Gaia2,CCD
6656,99942,,99942,2021-03-01 19:36:48.499000+00:00,146.46988,-10.82128,14.8,R,K61,Gaia2,CCD
6657,99942,,99942,2021-03-01 19:37:17.184000+00:00,146.46733,-10.81867,15.2,V,A84,Gaia2,CCD
6658,99942,,99942,2021-03-01 19:37:43.277000+00:00,146.46908,-10.82075,14.7,R,K61,Gaia2,CCD
6659,99942,,99942,2021-03-01 19:39:06.912000+00:00,146.46575,-10.81775,15.2,V,A84,Gaia2,CCD
6660,99942,,99942,2021-03-01 19:40:56.640000+00:00,146.46417,-10.81686,15.2,V,A84,Gaia2,CCD
6661,99942,,99942,2021-03-01 19:42:46.368000+00:00,146.46254,-10.81594,15.2,V,A84,Gaia2,CCD
6662,99942,,99942,2021-03-01 19:44:35.232000+00:00,146.46096,-10.81503,15.2,V,A84,Gaia2,CCD
6663,99942,,99942,2021-03-01 19:53:33.331000+00:00,146.45558,-10.81325,15.9,G,G34,Gaia2,CCD
6664,99942,,99942,2021-03-01 19:55:39.475000+00:00,146.45367,-10.81219,15.9,G,G34,Gaia2,CCD
6665,99942,,99942,2021-03-01 19:57:45.619000+00:00,146.45187,-10.81119,15.7,G,G34,Gaia2,CCD
6666,99942,,99942,2021-03-01 19:59:51.850000+00:00,146.45013,-10.81028,14.9,G,G34,Gaia2,CCD
6667,99942,,99942,2021-03-01 20:01:58.080000+00:00,146.44821,-10.80914,15.7,G,G34,Gaia2,CCD
6668,99942,,99942,2021-03-01 20:04:04.310000+00:00,146.44637,-10.80819,16.2,G,G34,Gaia2,CCD
6669,99942,,99942,2021-03-01 20:08:16.685000+00:00,146.44292,-10.80619,15.4,G,G34,Gaia2,CCD
6670,99942,,99942,2021-03-01 20:19:40.454000+00:00,146.43162,-10.79961,15.6,G,L54,Gaia2,CCD
6671,99942,,99942,2021-03-01 20:56:30.826000+00:00,146.39958,-10.78142,15.6,G,L54,Gaia2,CCD
6672,99942,,99942,2021-03-01 21:04:52.896000+00:00,146.39354,-10.77775,,,118,Gaia2,CCD
6673,99942,,99942,2021-03-01 21:08:20.256000+00:00,146.39262,-10.77522,15.6,R,233,USNOA1,CCD
6674,99942,,99942,2021-03-01 21:12:59.328000+00:00,146.38862,-10.773,15.5,R,233,USNOA1,CCD
6675,99942,,99942,2021-03-01 21:17:33.216000+00:00,146.38471,-10.77058,15.7,R,233,USNOA1,CCD
6676,99942,,99942,2021-03-01 21:22:07.104000+00:00,146.38054,-10.76839,15.7,R,233,USNOA1,CCD
6677,99942,,99942,2021-03-01 21:33:55.411000+00:00,146.367,-10.76289,15.6,G,L54,Gaia2,CCD
6678,99942,,99942,2021-03-01 21:33:57.312000+00:00,146.36833,-10.76333,,,118,Gaia2,CCD
6679,99942,,99942,2021-03-01 22:02:25.440000+00:00,146.346,-10.7495,15.6,G,G33,Gaia2,CCD
6680,99942,,99942,2021-03-01 22:04:06.442000+00:00,146.34454,-10.74878,15.5,G,G33,Gaia2,CCD
6681,99942,,99942,2021-03-01 22:05:50.294000+00:00,146.34317,-10.74792,15.6,G,G33,Gaia2,CCD
6682,99942,,99942,2021-03-01 22:07:28.531000+00:00,146.34162,-10.74714,15.7,G,G33,Gaia2,CCD
6683,99942,,99942,2021-03-01 22:09:09.533000+00:00,146.34017,-10.74625,15.6,G,G33,Gaia2,CCD
6684,99942,,99942,2021-03-01 22:10:45.523000+00:00,146.33875,-10.74556,15.4,G,G33,Gaia2,CCD
6685,99942,,99942,2021-03-01 22:27:11.520000+00:00,146.32308,-10.73639,15.8,V,595,UCAC4,CCD
6686,99942,,99942,2021-03-01 22:32:02.083000+00:00,146.31883,-10.734,15.7,V,595,UCAC4,CCD
6687,99942,,99942,2021-03-01 22:34:24.902000+00:00,146.31671,-10.73278,15.7,V,595,UCAC4,CCD
6688,99942,,99942,2021-03-01 22:36:52.301000+00:00,146.31454,-10.73156,15.7,V,595,UCAC4,CCD
6689,99942,,99942,2021-03-01 22:58:55.776000+00:00,146.29462,-10.72092,,,118,Gaia2,CCD
6690,99942,,LT7gEaV,2021-03-02 01:34:05.498000+00:00,146.98935,-10.8678,15.2,G,C57,Gaia2,CCD
6691,99942,,LT7gEaV,2021-03-02 01:44:05.497000+00:00,146.97977,-10.86316,15.2,G,C57,Gaia2,CCD
6692,99942,,S513703,2021-03-02 01:48:04.320000+00:00,146.16404,-10.61456,15.1,R,Y00,UCAC4,CCD
6693,99942,,S513703,2021-03-02 01:49:28.128000+00:00,146.16283,-10.61383,15.2,R,Y00,UCAC4,CCD
6694,99942,,S513703,2021-03-02 01:51:00.576000+00:00,146.1615,-10.61294,15.2,R,Y00,UCAC4,CCD
6695,99942,,LT7gEaV,2021-03-02 01:54:05.497000+00:00,146.97027,-10.85843,15.2,G,C57,Gaia2,CCD
6696,99942,,LT7gEaV,2021-03-02 02:04:05.497000+00:00,146.96088,-10.85351,15.2,G,C57,Gaia2,CCD
6697,99942,,LT7gEaV,2021-03-02 02:14:05.497000+00:00,146.95157,-10.8485,15.2,G,C57,Gaia2,CCD
6698,99942,,LT7gEaV,2021-03-02 02:24:05.496000+00:00,146.94214,-10.84383,15.2,G,C57,Gaia2,CCD
6699,99942,,LT7gEaV,2021-03-02 02:34:05.496000+00:00,146.93249,-10.83918,15.1,G,C57,Gaia2,CCD
6700,99942,,LT7gEaV,2021-03-02 02:44:05.496000+00:00,146.92307,-10.83457,15.1,G,C57,Gaia2,CCD
6701,99942,,LT7gEaV,2021-03-02 02:54:05.495000+00:00,146.91357,-10.82974,15.2,G,C57,Gaia2,CCD
6702,99942,,LT7gEaV,2021-03-02 03:04:05.495000+00:00,146.90438,-10.82473,15.1,G,C57,Gaia2,CCD
6703,99942,,LT7gEaV,2021-03-02 03:14:05.495000+00:00,146.89476,-10.82002,15.1,G,C57,Gaia2,CCD
6704,99942,,LT7gEaV,2021-03-02 03:24:05.495000+00:00,146.88512,-10.81539,15.1,G,C57,Gaia2,CCD
6705,99942,,LT7gEaV,2021-03-02 03:34:05.494000+00:00,146.87569,-10.8107,15.1,G,C57,Gaia2,CCD
6706,99942,,LT7gEaV,2021-03-02 03:44:05.494000+00:00,146.86647,-10.80615,15.1,G,C57,Gaia2,CCD
6707,99942,,LT7gEaV,2021-03-02 03:54:05.494000+00:00,146.85701,-10.80101,15.1,G,C57,Gaia2,CCD
6708,99942,,LT7gEaV,2021-03-02 04:04:05.494000+00:00,146.8473,-10.79602,15.1,G,C57,Gaia2,CCD
6709,99942,,LT7gEaV,2021-03-02 04:14:05.493000+00:00,146.8379,-10.79136,15.1,G,C57,Gaia2,CCD
6710,99942,,LT7gEaV,2021-03-02 04:24:05.493000+00:00,146.82845,-10.78674,15.1,G,C57,Gaia2,CCD
6711,99942,,LT7gEaV,2021-03-02 04:34:05.493000+00:00,146.81907,-10.78213,15.1,G,C57,Gaia2,CCD
6712,99942,,LT7gEaV,2021-03-02 04:44:05.493000+00:00,146.80952,-10.77727,15.0,G,C57,Gaia2,CCD
6713,99942,,LT7gEaV,2021-03-02 04:54:05.492000+00:00,146.80001,-10.77216,15.1,G,C57,Gaia2,CCD
6714,99942,,LT7gEaV,2021-03-02 05:04:05.492000+00:00,146.79074,-10.76742,15.3,G,C57,Gaia2,CCD
6715,99942,,LT7gEaV,2021-03-02 05:14:05.492000+00:00,146.78094,-10.76321,15.6,G,C57,Gaia2,CCD
6716,99942,,LT7gEaV,2021-03-02 05:24:05.492000+00:00,146.77073,-10.76073,15.4,G,C57,Gaia2,CCD
6717,99942,,LT7gEaV,2021-03-02 05:34:05.491000+00:00,146.76195,-10.7533,15.2,G,C57,Gaia2,CCD
6718,99942,,LT7gEaV,2021-03-02 05:44:05.491000+00:00,146.75259,-10.74822,15.1,G,C57,Gaia2,CCD
6719,99942,,LT7gEaV,2021-03-02 05:54:05.491000+00:00,146.7432,-10.74331,15.1,G,C57,Gaia2,CCD
6720,99942,,LT7gEaV,2021-03-02 06:04:05.490000+00:00,146.73376,-10.73878,15.1,G,C57,Gaia2,CCD
6721,99942,,LT7gEaV,2021-03-02 06:24:05.490000+00:00,146.71461,-10.72939,15.0,G,C57,Gaia2,CCD
6722,99942,,LT7gEaV,2021-03-02 06:34:05.490000+00:00,146.70529,-10.72457,15.1,G,C57,Gaia2,CCD
6723,99942,,LT7gEaV,2021-03-02 06:44:05.489000+00:00,146.69578,-10.7194,15.0,G,C57,Gaia2,CCD
6724,99942,,LT7gEaV,2021-03-02 06:54:05.489000+00:00,146.68617,-10.71466,15.1,G,C57,Gaia2,CCD
6725,99942,,LT7gEaV,2021-03-02 07:04:05.489000+00:00,146.67664,-10.70997,15.1,G,C57,Gaia2,CCD
6726,99942,,LT7gEaV,2021-03-02 07:14:05.489000+00:00,146.667,-10.70529,15.1,G,C57,Gaia2,CCD
6727,99942,,LT7gEaV,2021-03-02 07:34:05.488000+00:00,146.64833,-10.69535,15.1,G,C57,Gaia2,CCD
6728,99942,,LT7gEaV,2021-03-02 07:44:05.488000+00:00,146.63864,-10.69047,15.1,G,C57,Gaia2,CCD
6729,99942,,LT7gEaV,2021-03-02 07:54:05.488000+00:00,146.62902,-10.68585,15.1,G,C57,Gaia2,CCD
6730,99942,,LT7gEaV,2021-03-02 08:04:05.487000+00:00,146.61944,-10.68116,15.2,G,C57,Gaia2,CCD
6731,99942,,LT7gEaV,2021-03-02 08:14:05.487000+00:00,146.60997,-10.67643,15.2,G,C57,Gaia2,CCD
6732,99942,,LT7gEaV,2021-03-02 08:24:05.487000+00:00,146.60074,-10.67142,15.1,G,C57,Gaia2,CCD
6733,99942,,LT7gEaV,2021-03-02 08:34:05.486000+00:00,146.59121,-10.66642,15.2,G,C57,Gaia2,CCD
6734,99942,,LT7gEaV,2021-03-02 08:44:05.486000+00:00,146.58135,-10.66164,15.2,G,C57,Gaia2,CCD
6735,99942,,LT7gEaV,2021-03-02 08:54:05.486000+00:00,146.57187,-10.65692,15.2,G,C57,Gaia2,CCD
6736,99942,,LT7gEaV,2021-03-02 09:14:05.485000+00:00,146.55293,-10.64731,15.3,G,C57,Gaia2,CCD
6737,99942,,LT7gEaV,2021-03-02 09:24:05.485000+00:00,146.5433,-10.64212,15.3,G,C57,Gaia2,CCD
6738,99942,,LT7gEaV,2021-03-02 09:34:05.485000+00:00,146.53366,-10.63746,15.3,G,C57,Gaia2,CCD
6739,99942,,LT7gEaV,2021-03-02 09:44:05.485000+00:00,146.52413,-10.6328,15.3,G,C57,Gaia2,CCD
6740,99942,,LT7gEaV,2021-03-02 09:54:05.484000+00:00,146.51475,-10.62808,15.3,G,C57,Gaia2,CCD
6741,99942,,LT7gEaV,2021-03-02 10:04:05.484000+00:00,146.5053,-10.62317,15.3,G,C57,Gaia2,CCD
6742,99942,,LT7gEaV,2021-03-02 10:14:05.484000+00:00,146.49569,-10.61798,15.4,G,C57,Gaia2,CCD
6743,99942,,LT7gEaV,2021-03-02 10:24:05.484000+00:00,146.48609,-10.61318,15.4,G,C57,Gaia2,CCD
6744,99942,,LT7gEaV,2021-03-02 10:34:05.483000+00:00,146.47654,-10.60852,15.4,G,C57,Gaia2,CCD
6745,99942,,LT7gEaV,2021-03-02 10:44:05.483000+00:00,146.46712,-10.60386,15.4,G,C57,Gaia2,CCD
6746,99942,,LT7gEaV,2021-03-02 10:54:05.483000+00:00,146.45742,-10.59899,15.4,G,C57,Gaia2,CCD
6747,99942,,LT7gEaV,2021-03-02 11:04:05.483000+00:00,146.44802,-10.59391,15.5,G,C57,Gaia2,CCD
6748,99942,,LT7gEaV,2021-03-02 11:14:05.482000+00:00,146.43814,-10.58882,15.5,G,C57,Gaia2,CCD
6749,99942,,LT7gEaV,2021-03-02 11:24:05.482000+00:00,146.42876,-10.58416,15.5,G,C57,Gaia2,CCD
6750,99942,,LT7gEaV,2021-03-02 11:34:05.482000+00:00,146.41917,-10.57953,15.5,G,C57,Gaia2,CCD
6751,99942,,LT7gEaV,2021-03-02 12:04:05.481000+00:00,146.39037,-10.56446,15.5,G,C57,Gaia2,CCD
6752,99942,,LT7gEaV,2021-03-02 12:14:05.481000+00:00,146.38097,-10.55967,15.5,G,C57,Gaia2,CCD
6753,99942,,LT7gEaV,2021-03-02 12:24:05.480000+00:00,146.37161,-10.5549,15.5,G,C57,Gaia2,CCD
6754,99942,,LT7gEaV,2021-03-02 12:34:05.480000+00:00,146.36175,-10.55024,15.5,G,C57,Gaia2,CCD
6755,99942,,LT7gEaV,2021-03-02 12:44:05.480000+00:00,146.35208,-10.54509,15.5,G,C57,Gaia2,CCD
6756,99942,,LT7gEaV,2021-03-02 12:54:05.480000+00:00,146.34261,-10.54007,15.5,G,C57,Gaia2,CCD
6757,99942,,LT7gEaV,2021-03-02 13:04:05.479000+00:00,146.33296,-10.53531,15.5,G,C57,Gaia2,CCD
6758,99942,,LT7gEaV,2021-03-02 13:14:05.479000+00:00,146.32353,-10.53062,15.5,G,C57,Gaia2,CCD
6759,99942,,LT7gEaV,2021-03-02 13:24:05.479000+00:00,146.31392,-10.52578,15.5,G,C57,Gaia2,CCD
6760,99942,,LT7gEaV,2021-03-02 13:34:05.479000+00:00,146.30439,-10.52093,15.5,G,C57,Gaia2,CCD
6761,99942,,LT7gEaV,2021-03-02 13:44:05.478000+00:00,146.29473,-10.51579,15.4,G,C57,Gaia2,CCD
6762,99942,,LT7gEaV,2021-03-02 13:54:05.478000+00:00,146.28525,-10.51081,15.4,G,C57,Gaia2,CCD
6763,99942,,LT7gEaV,2021-03-02 14:04:05.478000+00:00,146.2756,-10.50613,15.5,G,C57,Gaia2,CCD
6764,99942,,LT7gEaV,2021-03-02 14:14:05.478000+00:00,146.26597,-10.50137,15.5,G,C57,Gaia2,CCD
6765,99942,,LT7gEaV,2021-03-02 14:24:05.477000+00:00,146.25616,-10.4965,15.4,G,C57,Gaia2,CCD
6766,99942,,LT7gEaV,2021-03-02 14:34:05.477000+00:00,146.24675,-10.4913,15.4,G,C57,Gaia2,CCD
6767,99942,,LT7gEaV,2021-03-02 14:44:05.477000+00:00,146.23712,-10.48629,15.4,G,C57,Gaia2,CCD
6768,99942,,LT7gEaV,2021-03-02 14:54:05.476000+00:00,146.2277,-10.48167,15.4,G,C57,Gaia2,CCD
6769,99942,,LT7gEaV,2021-03-02 15:04:05.476000+00:00,146.21807,-10.47685,15.4,G,C57,Gaia2,CCD
6770,99942,,LT7gEaV,2021-03-02 15:14:05.476000+00:00,146.20816,-10.4721,15.4,G,C57,Gaia2,CCD
6771,99942,,LT7gEaV,2021-03-02 15:24:05.476000+00:00,146.19867,-10.46694,15.3,G,C57,Gaia2,CCD
6772,99942,,LT7gEaV,2021-03-02 15:34:05.475000+00:00,146.18924,-10.46187,15.3,G,C57,Gaia2,CCD
6773,99942,,LT7gEaV,2021-03-02 15:44:05.475000+00:00,146.17965,-10.45706,15.4,G,C57,Gaia2,CCD
6774,99942,,LT7gEaV,2021-03-02 15:54:05.475000+00:00,146.17013,-10.45218,15.3,G,C57,Gaia2,CCD
6775,99942,,LT7gEaV,2021-03-02 16:04:05.475000+00:00,146.16022,-10.4474,15.4,G,C57,Gaia2,CCD
6776,99942,,LT7gEaV,2021-03-02 16:14:05.474000+00:00,146.15064,-10.44244,15.3,G,C57,Gaia2,CCD
6777,99942,,LT7gEaV,2021-03-02 16:24:05.474000+00:00,146.14113,-10.43718,15.3,G,C57,Gaia2,CCD
6778,99942,,LT7gEaV,2021-03-02 16:34:05.474000+00:00,146.13147,-10.43246,15.3,G,C57,Gaia2,CCD
6779,99942,,LT7gEaV,2021-03-02 16:44:05.474000+00:00,146.12201,-10.42751,15.3,G,C57,Gaia2,CCD
6780,99942,,LT7gEaV,2021-03-02 16:54:05.473000+00:00,146.11225,-10.42281,15.2,G,C57,Gaia2,CCD
6781,99942,,LT7gEaV,2021-03-02 17:04:05.473000+00:00,146.10248,-10.41784,15.2,G,C57,Gaia2,CCD
6782,99942,,LT7gEaV,2021-03-02 17:14:05.473000+00:00,146.09296,-10.41257,15.2,G,C57,Gaia2,CCD
6783,99942,,LT7gEaV,2021-03-02 17:24:05.472000+00:00,146.08345,-10.40759,15.2,G,C57,Gaia2,CCD
6784,99942,,LT7gEaV,2021-03-02 17:34:05.472000+00:00,146.07388,-10.40283,15.2,G,C57,Gaia2,CCD
6785,99942,,LT7gEaV,2021-03-02 17:44:05.472000+00:00,146.06416,-10.39816,15.2,G,C57,Gaia2,CCD
6786,99942,,LT7gEaV,2021-03-02 17:54:05.472000+00:00,146.05441,-10.3932,15.1,G,C57,Gaia2,CCD
6787,99942,,LT7gEaV,2021-03-02 18:04:05.471000+00:00,146.04479,-10.38778,15.2,G,C57,Gaia2,CCD
6788,99942,,LT7gEaV,2021-03-02 18:14:05.471000+00:00,146.03525,-10.38292,15.2,G,C57,Gaia2,CCD
6789,99942,,LT7gEaV,2021-03-02 18:24:05.471000+00:00,146.02569,-10.37823,15.1,G,C57,Gaia2,CCD
6790,99942,,LT7gEaV,2021-03-02 18:34:05.471000+00:00,146.016,-10.37345,15.1,G,C57,Gaia2,CCD
6791,99942,,99942,2021-03-02 18:41:31.430000+00:00,145.36067,-10.12264,15.0,G,L54,Gaia2,CCD
6792,99942,,LT7gEaV,2021-03-02 18:44:05.470000+00:00,146.00627,-10.36844,15.1,G,C57,Gaia2,CCD
6793,99942,,LT7gEaV,2021-03-02 18:54:05.470000+00:00,145.99661,-10.3633,15.1,G,C57,Gaia2,CCD
6794,99942,,LT7gEaV,2021-03-02 19:04:05.470000+00:00,145.98701,-10.35816,15.1,G,C57,Gaia2,CCD
6795,99942,,99942,2021-03-02 19:05:16.858000+00:00,145.34037,-10.11064,14.9,G,L54,Gaia2,CCD
6796,99942,,LT7gEaV,2021-03-02 19:14:05.470000+00:00,145.97742,-10.35349,15.1,G,C57,Gaia2,CCD
6797,99942,,LT7gEaV,2021-03-02 19:24:05.469000+00:00,145.96777,-10.34866,15.0,G,C57,Gaia2,CCD
6798,99942,,99942,2021-03-02 19:26:39.552000+00:00,145.32221,-10.09994,15.1,G,L54,Gaia2,CCD
6799,99942,,LT7gEaV,2021-03-02 19:34:05.469000+00:00,145.95816,-10.34372,15.1,G,C57,Gaia2,CCD
6800,99942,,LT7gEaV,2021-03-02 19:44:05.469000+00:00,145.94838,-10.33868,15.0,G,C57,Gaia2,CCD
6801,99942,,99942,2021-03-02 19:48:00.778000+00:00,145.30388,-10.08908,15.0,G,L54,Gaia2,CCD
6802,99942,,LT7gEaV,2021-03-02 19:54:05.468000+00:00,145.9387,-10.33348,15.1,G,C57,Gaia2,CCD
6803,99942,,LT7gEaV,2021-03-02 20:04:05.468000+00:00,145.92902,-10.32851,15.0,G,C57,Gaia2,CCD
6804,99942,,99942,2021-03-02 20:10:34.752000+00:00,145.28442,-10.07769,15.1,G,L54,Gaia2,CCD
6805,99942,,LT7gEaV,2021-03-02 20:14:05.468000+00:00,145.91961,-10.32387,15.1,G,C57,Gaia2,CCD
6806,99942,,LT7gEaV,2021-03-02 20:24:05.468000+00:00,145.90989,-10.31899,15.0,G,C57,Gaia2,CCD
6807,99942,,LT7gEaV,2021-03-02 20:34:05.467000+00:00,145.90007,-10.3138,15.0,G,C57,Gaia2,CCD
6808,99942,,99942,2021-03-02 20:34:20.093000+00:00,145.26392,-10.06561,15.0,G,L54,Gaia2,CCD
6809,99942,,LT7gEaV,2021-03-02 20:44:05.467000+00:00,145.89045,-10.30858,15.1,G,C57,Gaia2,CCD
6810,99942,,LT7gEaV,2021-03-02 20:54:05.467000+00:00,145.88081,-10.30368,15.1,G,C57,Gaia2,CCD
6811,99942,,99942,2021-03-02 20:58:05.002000+00:00,145.24329,-10.05356,15.0,G,L54,Gaia2,CCD
6812,99942,,LT7gEaV,2021-03-02 21:04:05.467000+00:00,145.87121,-10.29891,15.0,G,C57,Gaia2,CCD
6813,99942,,99942,2021-03-02 21:23:01.277000+00:00,145.22171,-10.04078,15.0,G,L54,Gaia2,CCD
6814,99942,,LT7gEaV,2021-03-02 21:24:05.466000+00:00,145.8519,-10.289,15.0,G,C57,Gaia2,CCD
6815,99942,,LT7gEaV,2021-03-02 21:34:05.466000+00:00,145.84212,-10.28372,15.0,G,C57,Gaia2,CCD
6816,99942,,LT7gEaV,2021-03-02 21:44:05.466000+00:00,145.83242,-10.2788,15.0,G,C57,Gaia2,CCD
6817,99942,,99942,2021-03-02 21:46:33.312000+00:00,145.20421,-10.02783,14.3,R,470,Gaia1,CCD
6818,99942,,99942,2021-03-02 21:48:28.224000+00:00,145.2005,-10.02836,15.3,V,056,UCAC4,CCD
6819,99942,,99942,2021-03-02 21:48:37.728000+00:00,145.20225,-10.02672,14.2,R,470,Gaia1,CCD
6820,99942,,99942,2021-03-02 21:52:19.603000+00:00,145.19629,-10.02569,15.1,G,L54,Gaia2,CCD
6821,99942,,99942,2021-03-02 21:53:13.344000+00:00,145.19637,-10.026,15.3,V,056,UCAC4,CCD
6822,99942,,LT7gEaV,2021-03-02 21:54:05.465000+00:00,145.82282,-10.27393,15.1,G,C57,Gaia2,CCD
6823,99942,,99942,2021-03-02 21:55:50.592000+00:00,145.19675,-10.02394,15.2,G,130,Gaia2,CCD
6824,99942,,99942,2021-03-02 21:57:23.040000+00:00,145.19542,-10.02317,15.2,G,130,Gaia2,CCD
6825,99942,,99942,2021-03-02 21:57:57.600000+00:00,145.19242,-10.02353,15.4,V,056,UCAC4,CCD
6826,99942,,99942,2021-03-02 21:59:17.088000+00:00,145.19379,-10.02219,15.2,G,130,Gaia2,CCD
6827,99942,,99942,2021-03-02 22:00:34.100000+00:00,145.19504,-10.02274,,,Z80,Gaia2,CCD
6828,99942,,99942,2021-03-02 22:00:49.536000+00:00,145.19237,-10.02139,15.2,G,130,Gaia2,CCD
6829,99942,,99942,2021-03-02 22:02:42.720000+00:00,145.18825,-10.02108,15.2,V,056,UCAC4,CCD
6830,99942,,LT7gEaV,2021-03-02 22:04:05.465000+00:00,145.81315,-10.26912,15.1,G,C57,Gaia2,CCD
6831,99942,,99942,2021-03-02 22:07:26.976000+00:00,145.18412,-10.01864,15.4,V,056,UCAC4,CCD
6832,99942,,99942,2021-03-02 22:12:12.096000+00:00,145.18008,-10.01617,15.3,V,056,UCAC4,CCD
6833,99942,,LT7gEaV,2021-03-02 22:14:05.465000+00:00,145.80353,-10.26408,15.0,G,C57,Gaia2,CCD
6834,99942,,99942,2021-03-02 22:15:48.900000+00:00,145.18202,-10.01471,15.0,G,Z80,Gaia2,CCD
6835,99942,,99942,2021-03-02 22:16:57.216000+00:00,145.17604,-10.01378,15.4,V,056,UCAC4,CCD
6836,99942,,99942,2021-03-02 22:20:48.250000+00:00,145.17171,-10.01114,15.1,G,L54,Gaia2,CCD
6837,99942,,99942,2021-03-02 22:21:42.336000+00:00,145.17204,-10.01119,15.2,V,056,UCAC4,CCD
6838,99942,,LT7gEaV,2021-03-02 22:24:05.465000+00:00,145.79382,-10.25863,15.0,G,C57,Gaia2,CCD
6839,99942,,99942,2021-03-02 22:26:25.728000+00:00,145.16787,-10.00892,15.3,V,056,UCAC4,CCD
6840,99942,,99942,2021-03-02 22:28:26.083000+00:00,145.16917,-10.00831,15.2,G,G33,Gaia2,CCD
6841,99942,,99942,2021-03-02 22:30:06.394000+00:00,145.16771,-10.00744,15.2,G,G33,Gaia2,CCD
6842,99942,,99942,2021-03-02 22:31:10.848000+00:00,145.16362,-10.00658,15.4,V,056,UCAC4,CCD
6843,99942,,99942,2021-03-02 22:31:50.765000+00:00,145.16625,-10.00661,15.2,G,G33,Gaia2,CCD
6844,99942,,99942,2021-03-02 22:33:29.261000+00:00,145.16487,-10.00575,15.2,G,G33,Gaia2,CCD
6845,99942,,LT7gEaV,2021-03-02 22:34:05.464000+00:00,145.78404,-10.25388,15.0,G,C57,Gaia2,CCD
6846,99942,,99942,2021-03-02 22:35:10.262000+00:00,145.16333,-10.00494,15.3,G,G33,Gaia2,CCD
6847,99942,,99942,2021-03-02 22:36:51.264000+00:00,145.16192,-10.00408,15.2,G,G33,Gaia2,CCD
6848,99942,,LT7gEaV,2021-03-02 22:44:05.464000+00:00,145.7744,-10.24902,15.1,G,C57,Gaia2,CCD
6849,99942,,99942,2021-03-02 22:51:41.530000+00:00,145.14521,-9.99519,15.2,G,L54,Gaia2,CCD
6850,99942,,LT7gEaV,2021-03-02 22:54:05.464000+00:00,145.76474,-10.24426,15.1,G,C57,Gaia2,CCD
6851,99942,,LT7gEaV,2021-03-02 23:04:05.463000+00:00,145.75507,-10.23908,15.1,G,C57,Gaia2,CCD
6852,99942,,LT7gEaV,2021-03-02 23:14:05.463000+00:00,145.7454,-10.23385,15.1,G,C57,Gaia2,CCD
6853,99942,,LT7gEaV,2021-03-02 23:24:05.463000+00:00,145.73569,-10.22884,15.1,G,C57,Gaia2,CCD
6854,99942,,99942,2021-03-02 23:32:05.914000+00:00,145.11037,-9.97406,15.2,G,L54,Gaia2,CCD
6855,99942,,LT7gEaV,2021-03-02 23:34:05.463000+00:00,145.72598,-10.22409,15.1,G,C57,Gaia2,CCD
6856,99942,,LT7gEaV,2021-03-02 23:44:05.462000+00:00,145.71613,-10.2192,15.1,G,C57,Gaia2,CCD
6857,99942,,LT7gEaV,2021-03-02 23:54:05.462000+00:00,145.70654,-10.21412,15.1,G,C57,Gaia2,CCD
6858,99942,,99942,2021-03-02 23:59:25.440000+00:00,145.08704,-9.96,15.1,G,L54,Gaia2,CCD
6859,99942,,LT7gEaV,2021-03-03 00:04:05.462000+00:00,145.69701,-10.20866,15.0,G,C57,Gaia2,CCD
6860,99942,,LT7gEaV,2021-03-03 00:14:05.462000+00:00,145.68714,-10.20384,15.2,G,C57,Gaia2,CCD
6861,99942,,LT7gEaV,2021-03-03 00:24:05.461000+00:00,145.67749,-10.19895,15.2,G,C57,Gaia2,CCD
6862,99942,,LT7gEaY,2021-03-03 00:34:05.461000+00:00,145.66769,-10.19416,15.3,G,C57,Gaia2,CCD
6863,99942,,LT7gEaY,2021-03-03 00:44:05.461000+00:00,145.65812,-10.18895,15.2,G,C57,Gaia2,CCD
6864,99942,,LT7gEaY,2021-03-03 00:54:05.461000+00:00,145.64853,-10.18365,15.2,G,C57,Gaia2,CCD
6865,99942,,LT7gEaY,2021-03-03 01:04:05.460000+00:00,145.63884,-10.17858,15.2,G,C57,Gaia2,CCD
6866,99942,,99942,2021-03-03 01:11:04.704000+00:00,145.04721,-9.89681,,,834,UCAC4,CCD
6867,99942,,LT7gEaY,2021-03-03 01:14:05.460000+00:00,145.62916,-10.17391,15.3,G,C57,Gaia2,CCD
6868,99942,,LT7gEaY,2021-03-03 01:24:05.460000+00:00,145.61908,-10.16901,15.3,G,C57,Gaia2,CCD
6869,99942,,LT7gEaY,2021-03-03 01:34:05.460000+00:00,145.60945,-10.16372,15.4,G,C57,Gaia2,CCD
6870,99942,,99942,2021-03-03 01:39:45.792000+00:00,145.02217,-9.88217,,,834,UCAC4,CCD
6871,99942,,LT7gEaY,2021-03-03 01:44:05.459000+00:00,145.59981,-10.15842,15.4,G,C57,Gaia2,CCD
6872,99942,,LT7gEaY,2021-03-03 01:54:05.459000+00:00,145.59023,-10.15357,15.4,G,C57,Gaia2,CCD
6873,99942,,LT7gEaY,2021-03-03 02:04:05.459000+00:00,145.58053,-10.14858,15.4,G,C57,Gaia2,CCD
6874,99942,,LT7gEaY,2021-03-03 02:14:05.458000+00:00,145.57083,-10.14394,15.5,G,C57,Gaia2,CCD
6875,99942,,99942,2021-03-03 02:16:47.136000+00:00,144.99379,-9.88883,15.2,R,932,URAT1,CCD
6876,99942,,LT7gEaY,2021-03-03 02:24:05.458000+00:00,145.56099,-10.13874,15.4,G,C57,Gaia2,CCD
6877,99942,,99942,2021-03-03 02:29:53.376000+00:00,144.98242,-9.88206,15.2,R,932,URAT1,CCD
6878,99942,,LT7gEaY,2021-03-03 02:34:05.458000+00:00,145.55126,-10.13337,15.5,G,C57,Gaia2,CCD
6879,99942,,LT7gEaY,2021-03-03 02:44:05.458000+00:00,145.54149,-10.12836,15.5,G,C57,Gaia2,CCD
6880,99942,,99942,2021-03-03 02:44:10.464000+00:00,144.97008,-9.87472,15.3,R,932,URAT1,CCD
6881,99942,,LT7gEaY,2021-03-03 02:54:05.457000+00:00,145.53197,-10.12349,15.6,G,C57,Gaia2,CCD
6882,99942,,LT7gEaY,2021-03-03 03:04:05.457000+00:00,145.52252,-10.11872,15.7,G,C57,Gaia2,CCD
6883,99942,,LT7gEaY,2021-03-03 03:14:05.457000+00:00,145.51258,-10.11371,15.5,G,C57,Gaia2,CCD
6884,99942,,LT7gEaY,2021-03-03 03:24:05.457000+00:00,145.50265,-10.10811,15.6,G,C57,Gaia2,CCD
6885,99942,,LT7gEaY,2021-03-03 03:34:05.456000+00:00,145.49276,-10.10294,15.5,G,C57,Gaia2,CCD
6886,99942,,LT7gEaY,2021-03-03 03:44:05.456000+00:00,145.483,-10.09821,15.5,G,C57,Gaia2,CCD
6887,99942,,LT7gEaY,2021-03-03 03:54:05.456000+00:00,145.47348,-10.09322,15.5,G,C57,Gaia2,CCD
6888,99942,,LT7gEaY,2021-03-03 04:04:05.456000+00:00,145.46374,-10.08819,15.5,G,C57,Gaia2,CCD
6889,99942,,LT7gEaY,2021-03-03 04:14:05.455000+00:00,145.45406,-10.08295,15.5,G,C57,Gaia2,CCD
6890,99942,,LT7gEaY,2021-03-03 04:24:05.455000+00:00,145.44435,-10.07781,15.5,G,C57,Gaia2,CCD
6891,99942,,LT7gEaY,2021-03-03 04:34:05.455000+00:00,145.43454,-10.07298,15.6,G,C57,Gaia2,CCD
6892,99942,,LT7gEaY,2021-03-03 04:44:05.454000+00:00,145.42473,-10.06784,15.5,G,C57,Gaia2,CCD
6893,99942,,99942,2021-03-03 04:53:57.523000+00:00,144.85813,-9.80781,15.6,G,W62,Gaia2,CCD
6894,99942,,LT7gEaY,2021-03-03 04:54:05.454000+00:00,145.41492,-10.06287,15.5,G,C57,Gaia2,CCD
6895,99942,,LT7gEaY,2021-03-03 05:04:05.454000+00:00,145.40512,-10.05739,15.5,G,C57,Gaia2,CCD
6896,99942,,99942,2021-03-03 05:08:17.462000+00:00,144.84579,-9.80028,15.6,G,W62,Gaia2,CCD
6897,99942,,LT7gEaY,2021-03-03 05:14:05.454000+00:00,145.39565,-10.05244,15.4,G,C57,Gaia2,CCD
6898,99942,,99942,2021-03-03 05:22:22.541000+00:00,144.83358,-9.79275,15.9,G,W62,Gaia2,CCD
6899,99942,,LT7gEaY,2021-03-03 05:24:05.453000+00:00,145.38586,-10.04753,15.5,G,C57,Gaia2,CCD
6900,99942,,LT7gEaY,2021-03-03 05:34:05.453000+00:00,145.37607,-10.04261,15.5,G,C57,Gaia2,CCD
6901,99942,,LT7gEaY,2021-03-03 05:44:05.453000+00:00,145.3661,-10.03742,15.4,G,C57,Gaia2,CCD
6902,99942,,LT7gEaY,2021-03-03 05:54:05.453000+00:00,145.35654,-10.03218,15.4,G,C57,Gaia2,CCD
6903,99942,,LT7gEaY,2021-03-03 06:04:05.452000+00:00,145.34683,-10.02726,15.4,G,C57,Gaia2,CCD
6904,99942,,Vp2B05,2021-03-03 06:07:44.832000+00:00,144.80437,-9.76733,15.7,V,691,USNOB1,CCD
6905,99942,,LT7gEaY,2021-03-03 06:14:05.452000+00:00,145.33718,-10.02218,15.4,G,C57,Gaia2,CCD
6906,99942,,LT7gEaY,2021-03-03 06:24:05.452000+00:00,145.32745,-10.01723,15.4,G,C57,Gaia2,CCD
6907,99942,,LT7gEaY,2021-03-03 06:34:05.452000+00:00,145.31771,-10.01202,15.3,G,C57,Gaia2,CCD
6908,99942,,LT7gEaY,2021-03-03 06:44:05.451000+00:00,145.30781,-10.00666,15.3,G,C57,Gaia2,CCD
6909,99942,,LT7gEaY,2021-03-03 06:54:05.451000+00:00,145.29785,-10.00162,15.3,G,C57,Gaia2,CCD
6910,99942,,Vp2B05,2021-03-03 06:55:56.640000+00:00,144.76217,-9.74236,15.7,V,691,USNOB1,CCD
6911,99942,,LT7gEaY,2021-03-03 07:04:05.451000+00:00,145.28838,-9.99666,15.3,G,C57,Gaia2,CCD
6912,99942,,LT7gEaY,2021-03-03 07:14:05.451000+00:00,145.27859,-9.99177,15.3,G,C57,Gaia2,CCD
6913,99942,,LT7gEaY,2021-03-03 07:24:05.450000+00:00,145.26888,-9.98647,15.2,G,C57,Gaia2,CCD
6914,99942,,LT7gEaY,2021-03-03 07:34:05.450000+00:00,145.25931,-9.98133,15.2,G,C57,Gaia2,CCD
6915,99942,,Vp2B05,2021-03-03 07:41:47.616000+00:00,144.72204,-9.71847,15.6,V,691,USNOB1,CCD
6916,99942,,LT7gEaY,2021-03-03 07:44:05.450000+00:00,145.24924,-9.97631,15.2,G,C57,Gaia2,CCD
6917,99942,,Vp2C02,2021-03-03 07:44:12.768000+00:00,144.71992,-9.71717,15.6,V,691,USNOB1,CCD
6918,99942,,LT7gEaY,2021-03-03 07:54:05.449000+00:00,145.23926,-9.97136,15.2,G,C57,Gaia2,CCD
6919,99942,,Vp2C02,2021-03-03 07:56:16.800000+00:00,144.70942,-9.71089,15.6,V,691,USNOB1,CCD
6920,99942,,LT7gEaY,2021-03-03 08:04:05.449000+00:00,145.22951,-9.96633,15.1,G,C57,Gaia2,CCD
6921,99942,,Vp2C02,2021-03-03 08:08:16.512000+00:00,144.69896,-9.70467,15.5,V,691,USNOB1,CCD
6922,99942,,LT7gEaY,2021-03-03 08:14:05.449000+00:00,145.21988,-9.96092,15.2,G,C57,Gaia2,CCD
6923,99942,,LT7gEaY,2021-03-03 08:24:05.449000+00:00,145.21027,-9.95571,15.2,G,C57,Gaia2,CCD
6924,99942,,LT7gEaY,2021-03-03 08:34:05.448000+00:00,145.20038,-9.95065,15.2,G,C57,Gaia2,CCD
6925,99942,,LT7gEaY,2021-03-03 08:44:05.448000+00:00,145.19062,-9.94576,15.1,G,C57,Gaia2,CCD
6926,99942,,LT7gEaY,2021-03-03 08:54:05.448000+00:00,145.18068,-9.94068,15.2,G,C57,Gaia2,CCD
6927,99942,,LT7gEaY,2021-03-03 09:04:05.448000+00:00,145.17086,-9.93523,15.1,G,C57,Gaia2,CCD
6928,99942,,LT7gEaY,2021-03-03 09:14:05.447000+00:00,145.16131,-9.92999,15.1,G,C57,Gaia2,CCD
6929,99942,,Vp2D01,2021-03-03 09:20:21.696000+00:00,144.63696,-9.66664,15.5,V,691,USNOB1,CCD
6930,99942,,LT7gEaY,2021-03-03 09:24:05.447000+00:00,145.1515,-9.92505,15.1,G,C57,Gaia2,CCD
6931,99942,,LT7gEaY,2021-03-03 09:34:05.447000+00:00,145.14182,-9.92021,15.1,G,C57,Gaia2,CCD
6932,99942,,Vp2D01,2021-03-03 09:42:46.944000+00:00,144.61792,-9.65475,15.5,V,691,USNOB1,CCD
6933,99942,,LT7gEaY,2021-03-03 09:44:05.447000+00:00,145.132,-9.91506,15.1,G,C57,Gaia2,CCD
6934,99942,,LT7gEaY,2021-03-03 09:54:05.446000+00:00,145.12218,-9.90957,15.1,G,C57,Gaia2,CCD
6935,99942,,Vp2D01,2021-03-03 10:02:54.816000+00:00,144.60096,-9.64411,15.5,V,691,USNOB1,CCD
6936,99942,,LT7gEaY,2021-03-03 10:04:05.446000+00:00,145.11226,-9.90445,15.1,G,C57,Gaia2,CCD
6937,99942,,A10vz8q,2021-03-03 10:13:34.070000+00:00,144.60276,-9.63606,14.9,Ao,T08,Gaia2,CCD
6938,99942,,LT7gEaY,2021-03-03 10:14:05.446000+00:00,145.10246,-9.89946,15.1,G,C57,Gaia2,CCD
6939,99942,,A10vz8q,2021-03-03 10:17:33.110000+00:00,144.59925,-9.63398,14.88,Ao,T08,Gaia2,CCD
6940,99942,,LT7gEaY,2021-03-03 10:24:05.445000+00:00,145.09277,-9.89455,15.1,G,C57,Gaia2,CCD
6941,99942,,A10vz8q,2021-03-03 10:26:11.330000+00:00,144.59164,-9.62945,14.89,Ao,T08,Gaia2,CCD
6942,99942,,LT7gEaY,2021-03-03 10:34:05.445000+00:00,145.083,-9.88934,15.1,G,C57,Gaia2,CCD
6943,99942,,LT7gEaY,2021-03-03 10:44:05.445000+00:00,145.07335,-9.88394,15.1,G,C57,Gaia2,CCD
6944,99942,,A10vz8q,2021-03-03 10:44:06.500000+00:00,144.57585,-9.62005,14.86,Ao,T08,Gaia2,CCD
6945,99942,,LT7gEaY,2021-03-03 10:54:05.445000+00:00,145.06346,-9.87888,15.0,G,C57,Gaia2,CCD
6946,99942,,LT7gEaY,2021-03-03 11:04:05.444000+00:00,145.05372,-9.87394,15.1,G,C57,Gaia2,CCD
6947,99942,,LT7gEaY,2021-03-03 11:14:05.444000+00:00,145.04385,-9.8689,15.0,G,C57,Gaia2,CCD
6948,99942,,LT7gEaY,2021-03-03 11:24:05.444000+00:00,145.03396,-9.86364,15.1,G,C57,Gaia2,CCD
6949,99942,,LT7gEaY,2021-03-03 11:34:05.444000+00:00,145.02413,-9.8581,15.0,G,C57,Gaia2,CCD
6950,99942,,LT7gEaY,2021-03-03 11:44:05.443000+00:00,145.01446,-9.85316,15.0,G,C57,Gaia2,CCD
6951,99942,,LT7gEaY,2021-03-03 11:54:05.443000+00:00,145.00463,-9.84811,15.0,G,C57,Gaia2,CCD
6952,99942,,LT7gEaY,2021-03-03 12:04:05.443000+00:00,144.99497,-9.84301,15.1,G,C57,Gaia2,CCD
6953,99942,,LT7gEaY,2021-03-03 12:14:05.443000+00:00,144.98522,-9.83771,15.1,G,C57,Gaia2,CCD
6954,99942,,LT7gEaY,2021-03-03 12:24:05.442000+00:00,144.9753,-9.83237,15.1,G,C57,Gaia2,CCD
6955,99942,,LT7gEaY,2021-03-03 12:34:05.442000+00:00,144.96541,-9.82736,15.0,G,C57,Gaia2,CCD
6956,99942,,LT7gEaY,2021-03-03 12:44:05.442000+00:00,144.95549,-9.82232,15.0,G,C57,Gaia2,CCD
6957,99942,,LT7gEaY,2021-03-03 12:54:05.442000+00:00,144.94575,-9.81718,15.1,G,C57,Gaia2,CCD
6958,99942,,LT7gEaY,2021-03-03 13:04:05.441000+00:00,144.93619,-9.81188,15.1,G,C57,Gaia2,CCD
6959,99942,,LT7gEaY,2021-03-03 13:14:05.441000+00:00,144.92649,-9.80661,15.1,G,C57,Gaia2,CCD
6960,99942,,LT7gEaY,2021-03-03 13:24:05.441000+00:00,144.9165,-9.80156,15.1,G,C57,Gaia2,CCD
6961,99942,,LT7gEaY,2021-03-03 13:34:05.440000+00:00,144.90658,-9.79661,15.1,G,C57,Gaia2,CCD
6962,99942,,LT7gEaY,2021-03-03 13:44:05.440000+00:00,144.89666,-9.79132,15.1,G,C57,Gaia2,CCD
6963,99942,,LT7gEaY,2021-03-03 13:54:05.440000+00:00,144.88691,-9.78588,15.1,G,C57,Gaia2,CCD
6964,99942,,LT7gEaY,2021-03-03 14:04:05.440000+00:00,144.87716,-9.78077,15.1,G,C57,Gaia2,CCD
6965,99942,,LT7gEaY,2021-03-03 14:14:05.439000+00:00,144.86746,-9.77574,15.2,G,C57,Gaia2,CCD
6966,99942,,LT7gEaY,2021-03-03 14:24:05.439000+00:00,144.85748,-9.77075,15.2,G,C57,Gaia2,CCD
6967,99942,,LT7gEaY,2021-03-03 14:34:05.439000+00:00,144.84777,-9.76544,15.1,G,C57,Gaia2,CCD
6968,99942,,LT7gEaY,2021-03-03 14:44:05.439000+00:00,144.83796,-9.75987,15.2,G,C57,Gaia2,CCD
6969,99942,,LT7gEaY,2021-03-03 14:54:05.438000+00:00,144.82806,-9.75479,15.2,G,C57,Gaia2,CCD
6970,99942,,LT7gEaY,2021-03-03 15:04:05.438000+00:00,144.81805,-9.74985,15.2,G,C57,Gaia2,CCD
6971,99942,,LT7gEaY,2021-03-03 15:14:05.438000+00:00,144.80823,-9.74481,15.2,G,C57,Gaia2,CCD
6972,99942,,LT7gEaY,2021-03-03 15:24:05.438000+00:00,144.7986,-9.73929,15.2,G,C57,Gaia2,CCD
6973,99942,,99942,2021-03-03 15:33:09.274000+00:00,144.354492,-9.474178,15.2,G,O85,Gaia2,CCD
6974,99942,,LT7gEaY,2021-03-03 15:34:05.437000+00:00,144.78882,-9.73396,15.2,G,C57,Gaia2,CCD
6975,99942,,99942,2021-03-03 15:44:02.198000+00:00,144.345025,-9.468461,15.0,G,O85,Gaia2,CCD
6976,99942,,LT7gEaY,2021-03-03 15:44:05.437000+00:00,144.77909,-9.72891,15.3,G,C57,Gaia2,CCD
6977,99942,,99942,2021-03-03 15:45:36.288000+00:00,144.343592,-9.467722,15.3,G,O85,Gaia2,CCD
6978,99942,,99942,2021-03-03 15:46:56.208000+00:00,144.342504,-9.466939,15.1,G,O85,Gaia2,CCD
6979,99942,,99942,2021-03-03 15:48:30.211000+00:00,144.341129,-9.466211,15.1,G,O85,Gaia2,CCD
6980,99942,,99942,2021-03-03 15:49:50.131000+00:00,144.340008,-9.46545,15.0,G,O85,Gaia2,CCD
6981,99942,,99942,2021-03-03 15:51:24.221000+00:00,144.338625,-9.464611,15.2,G,O85,Gaia2,CCD
6982,99942,,99942,2021-03-03 15:52:44.314000+00:00,144.337442,-9.463917,15.1,G,O85,Gaia2,CCD
6983,99942,,LT7gEaY,2021-03-03 15:54:05.437000+00:00,144.76928,-9.72391,15.2,G,C57,Gaia2,CCD
6984,99942,,99942,2021-03-03 15:54:18.230000+00:00,144.336021,-9.463189,15.0,G,O85,Gaia2,CCD
6985,99942,,99942,2021-03-03 15:57:12.154000+00:00,144.333583,-9.461606,15.3,G,O85,Gaia2,CCD
6986,99942,,99942,2021-03-03 16:00:06.163000+00:00,144.331042,-9.460097,15.2,G,O85,Gaia2,CCD
6987,99942,,LT7gEaY,2021-03-03 16:04:05.437000+00:00,144.75929,-9.71868,15.3,G,C57,Gaia2,CCD
6988,99942,,LT7gEaY,2021-03-03 16:14:05.436000+00:00,144.7494,-9.7132,15.3,G,C57,Gaia2,CCD
6989,99942,,LT7gEaY,2021-03-03 16:24:05.436000+00:00,144.73958,-9.70799,15.3,G,C57,Gaia2,CCD
6990,99942,,LT7gEaY,2021-03-03 16:34:05.436000+00:00,144.72969,-9.70293,15.3,G,C57,Gaia2,CCD
6991,99942,,LT7gEaY,2021-03-03 16:44:05.435000+00:00,144.71991,-9.69795,15.3,G,C57,Gaia2,CCD
6992,99942,,LT7gEaY,2021-03-03 16:54:05.435000+00:00,144.7102,-9.69259,15.4,G,C57,Gaia2,CCD
6993,99942,,LT7gEaY,2021-03-03 17:04:05.435000+00:00,144.70038,-9.68717,15.4,G,C57,Gaia2,CCD
6994,99942,,99942,2021-03-03 17:05:06.432000+00:00,144.29296,-9.42794,15.9,G,C40,Gaia2,CCD
6995,99942,,99942,2021-03-03 17:06:38.016000+00:00,144.29171,-9.42714,15.8,G,C40,Gaia2,CCD
6996,99942,,99942,2021-03-03 17:09:42.912000+00:00,144.28913,-9.42556,15.8,G,C40,Gaia2,CCD
6997,99942,,99942,2021-03-03 17:11:16.224000+00:00,144.28779,-9.42469,15.6,G,C40,Gaia2,CCD
6998,99942,,99942,2021-03-03 17:12:47.808000+00:00,144.28654,-9.42397,15.8,G,C40,Gaia2,CCD
6999,99942,,LT7gEaY,2021-03-03 17:14:05.435000+00:00,144.6906,-9.6819,15.4,G,C57,Gaia2,CCD
7000,99942,,99942,2021-03-03 17:18:57.600000+00:00,144.28133,-9.42072,15.6,G,C40,Gaia2,CCD
7001,99942,,99942,2021-03-03 17:20:30.912000+00:00,144.28,-9.41994,15.7,G,C40,Gaia2,CCD
7002,99942,,99942,2021-03-03 17:22:03.360000+00:00,144.27875,-9.41917,15.6,G,C40,Gaia2,CCD
7003,99942,,99942,2021-03-03 17:23:35.808000+00:00,144.27746,-9.41836,15.8,G,C40,Gaia2,CCD
7004,99942,,LT7gEaY,2021-03-03 17:24:05.434000+00:00,144.68063,-9.67695,15.4,G,C57,Gaia2,CCD
7005,99942,,99942,2021-03-03 17:25:08.256000+00:00,144.27613,-9.41761,15.6,G,C40,Gaia2,CCD
7006,99942,,99942,2021-03-03 17:26:40.704000+00:00,144.27483,-9.41681,15.7,G,C40,Gaia2,CCD
7007,99942,,99942,2021-03-03 17:30:40.032000+00:00,144.2715,-9.41478,15.7,G,C40,Gaia2,CCD
7008,99942,,99942,2021-03-03 17:32:13.344000+00:00,144.27017,-9.41392,15.7,G,C40,Gaia2,CCD
7009,99942,,99942,2021-03-03 17:33:44.928000+00:00,144.26892,-9.41317,15.8,G,C40,Gaia2,CCD
7010,99942,,LT7gEaY,2021-03-03 17:34:05.434000+00:00,144.67076,-9.67175,15.5,G,C57,Gaia2,CCD
7011,99942,,99942,2021-03-03 17:35:18.240000+00:00,144.26758,-9.41231,15.7,G,C40,Gaia2,CCD
7012,99942,,99942,2021-03-03 17:36:49.824000+00:00,144.26629,-9.41153,15.7,G,C40,Gaia2,CCD
7013,99942,,99942,2021-03-03 17:38:23.136000+00:00,144.26492,-9.41075,15.6,G,C40,Gaia2,CCD
7014,99942,,99942,2021-03-03 17:39:54.720000+00:00,144.26363,-9.40997,15.7,G,C40,Gaia2,CCD
7015,99942,,99942,2021-03-03 17:41:28.032000+00:00,144.26233,-9.40914,15.7,G,C40,Gaia2,CCD
7016,99942,,99942,2021-03-03 17:42:59.616000+00:00,144.26104,-9.40836,15.6,G,C40,Gaia2,CCD
7017,99942,,LT7gEaY,2021-03-03 17:44:05.434000+00:00,144.6609,-9.66632,15.5,G,C57,Gaia2,CCD
7018,99942,,99942,2021-03-03 17:44:32.928000+00:00,144.25975,-9.40756,15.6,G,C40,Gaia2,CCD
7019,99942,,99942,2021-03-03 17:46:05.376000+00:00,144.25846,-9.40678,15.7,G,C40,Gaia2,CCD
7020,99942,,99942,2021-03-03 17:47:37.824000+00:00,144.25713,-9.406,15.7,G,C40,Gaia2,CCD
7021,99942,,99942,2021-03-03 17:49:10.272000+00:00,144.25588,-9.40519,15.7,G,C40,Gaia2,CCD
7022,99942,,99942,2021-03-03 17:50:42.720000+00:00,144.2545,-9.40439,15.7,G,C40,Gaia2,CCD
7023,99942,,99942,2021-03-03 17:53:47.616000+00:00,144.25188,-9.40278,15.7,G,C40,Gaia2,CCD
7024,99942,,LT7gEaY,2021-03-03 17:54:05.434000+00:00,144.65103,-9.66116,15.4,G,C57,Gaia2,CCD
7025,99942,,99942,2021-03-03 17:55:20.928000+00:00,144.25063,-9.402,15.8,G,C40,Gaia2,CCD
7026,99942,,99942,2021-03-03 17:56:53.376000+00:00,144.24933,-9.40119,15.7,G,C40,Gaia2,CCD
7027,99942,,99942,2021-03-03 17:58:25.824000+00:00,144.248,-9.40039,15.6,G,C40,Gaia2,CCD
7028,99942,,LT7gEaY,2021-03-03 18:04:05.433000+00:00,144.64128,-9.65591,15.4,G,C57,Gaia2,CCD
7029,99942,,99942,2021-03-03 18:08:36.672000+00:00,144.23942,-9.39522,15.7,G,C40,Gaia2,CCD
7030,99942,,LT7gEaY,2021-03-03 18:14:05.433000+00:00,144.63124,-9.65066,15.5,G,C57,Gaia2,CCD
7031,99942,,LT7gEaY,2021-03-03 18:24:05.433000+00:00,144.62141,-9.64544,15.5,G,C57,Gaia2,CCD
7032,99942,,LT7gEaY,2021-03-03 18:34:05.433000+00:00,144.61177,-9.64013,15.6,G,C57,Gaia2,CCD
7033,99942,,LT7gEaY,2021-03-03 18:44:05.432000+00:00,144.60189,-9.63484,15.5,G,C57,Gaia2,CCD
7034,99942,,LT7gEaY,2021-03-03 18:54:05.432000+00:00,144.59202,-9.62982,15.5,G,C57,Gaia2,CCD
7035,99942,,LT7gEaY,2021-03-03 19:04:05.432000+00:00,144.58217,-9.6246,15.5,G,C57,Gaia2,CCD
7036,99942,,LT7gEaY,2021-03-03 19:14:05.431000+00:00,144.57221,-9.61929,15.5,G,C57,Gaia2,CCD
7037,99942,,LT7gEaY,2021-03-03 19:24:05.431000+00:00,144.56252,-9.61379,15.6,G,C57,Gaia2,CCD
7038,99942,,LT7gEaY,2021-03-03 19:34:05.431000+00:00,144.55247,-9.60875,15.6,G,C57,Gaia2,CCD
7039,99942,,LT7gEaY,2021-03-03 19:44:05.431000+00:00,144.54291,-9.60363,15.5,G,C57,Gaia2,CCD
7040,99942,,LT7gEaY,2021-03-03 19:54:05.430000+00:00,144.53288,-9.59826,15.5,G,C57,Gaia2,CCD
7041,99942,,99942,2021-03-03 19:58:15.427000+00:00,144.14983,-9.338,15.6,G,L54,Gaia2,CCD
7042,99942,,LT7gEaY,2021-03-03 20:04:05.430000+00:00,144.52307,-9.59292,15.5,G,C57,Gaia2,CCD
7043,99942,,LT7gEaY,2021-03-03 20:14:05.430000+00:00,144.51318,-9.58755,15.5,G,C57,Gaia2,CCD
7044,99942,,99942,2021-03-03 20:16:36.768000+00:00,144.13292,-9.32847,15.6,G,C73,Gaia2,CCD
7045,99942,,99942,2021-03-03 20:20:33.504000+00:00,144.12921,-9.32636,15.6,G,C73,Gaia2,CCD
7046,99942,,LT7gEaY,2021-03-03 20:24:05.430000+00:00,144.50325,-9.58238,15.6,G,C57,Gaia2,CCD
7047,99942,,99942,2021-03-03 20:24:30.240000+00:00,144.12583,-9.32442,15.5,G,C73,Gaia2,CCD
7048,99942,,99942,2021-03-03 20:28:26.112000+00:00,144.1225,-9.32217,15.9,G,C73,Gaia2,CCD
7049,99942,,99942,2021-03-03 20:32:23.712000+00:00,144.11921,-9.32019,15.6,G,C73,Gaia2,CCD
7050,99942,,LT7gEaY,2021-03-03 20:34:05.429000+00:00,144.49342,-9.57732,15.5,G,C57,Gaia2,CCD
7051,99942,,99942,2021-03-03 20:36:20.448000+00:00,144.11583,-9.31819,15.4,G,C73,Gaia2,CCD
7052,99942,,99942,2021-03-03 20:40:16.320000+00:00,144.11242,-9.31611,15.8,G,C73,Gaia2,CCD
7053,99942,,LT7gEaY,2021-03-03 20:44:05.429000+00:00,144.48371,-9.57199,15.6,G,C57,Gaia2,CCD
7054,99942,,99942,2021-03-03 20:44:13.920000+00:00,144.10921,-9.31383,15.9,G,C73,Gaia2,CCD
7055,99942,,99942,2021-03-03 20:48:10.656000+00:00,144.10571,-9.31189,15.6,G,C73,Gaia2,CCD
7056,99942,,99942,2021-03-03 20:52:07.392000+00:00,144.10229,-9.31011,15.6,G,C73,Gaia2,CCD
7057,99942,,LT7gEaY,2021-03-03 20:54:05.429000+00:00,144.474,-9.56645,15.5,G,C57,Gaia2,CCD
7058,99942,,99942,2021-03-03 20:56:04.128000+00:00,144.09871,-9.30778,15.7,G,C73,Gaia2,CCD
7059,99942,,99942,2021-03-03 21:00:00.864000+00:00,144.09558,-9.30569,15.6,G,C73,Gaia2,CCD
7060,99942,,99942,2021-03-03 21:03:57.600000+00:00,144.09221,-9.30353,15.7,G,C73,Gaia2,CCD
7061,99942,,LT7gEaY,2021-03-03 21:04:05.429000+00:00,144.46393,-9.56128,15.5,G,C57,Gaia2,CCD
7062,99942,,99942,2021-03-03 21:07:54.336000+00:00,144.08875,-9.30158,16.0,G,C73,Gaia2,CCD
7063,99942,,99942,2021-03-03 21:11:51.072000+00:00,144.08525,-9.29953,15.7,G,C73,Gaia2,CCD
7064,99942,,LT7gEaY,2021-03-03 21:14:05.428000+00:00,144.45416,-9.55621,15.4,G,C57,Gaia2,CCD
7065,99942,,99942,2021-03-03 21:15:47.808000+00:00,144.08183,-9.29761,15.8,G,C73,Gaia2,CCD
7066,99942,,99942,2021-03-03 21:19:44.544000+00:00,144.07842,-9.29542,15.5,G,C73,Gaia2,CCD
7067,99942,,99942,2021-03-03 21:23:41.280000+00:00,144.07508,-9.29347,15.7,G,C73,Gaia2,CCD
7068,99942,,LT7gEaY,2021-03-03 21:24:05.428000+00:00,144.4442,-9.55096,15.6,G,C57,Gaia2,CCD
7069,99942,,LT7gEaY,2021-03-03 21:34:05.428000+00:00,144.43438,-9.54544,15.5,G,C57,Gaia2,CCD
7070,99942,,99942,2021-03-03 21:37:27.523000+00:00,144.06492,-9.28617,15.6,G,L54,Gaia2,CCD
7071,99942,,LT7gEaY,2021-03-03 21:44:05.427000+00:00,144.42437,-9.54015,15.5,G,C57,Gaia2,CCD
7072,99942,,LT7gEaY,2021-03-03 21:54:05.427000+00:00,144.41441,-9.53507,15.5,G,C57,Gaia2,CCD
7073,99942,,LT7gEaY,2021-03-03 22:04:05.427000+00:00,144.40469,-9.52994,15.5,G,C57,Gaia2,CCD
7074,99942,,LT7gEaY,2021-03-03 22:14:05.427000+00:00,144.39491,-9.52455,15.4,G,C57,Gaia2,CCD
7075,99942,,LT7gEaY,2021-03-03 22:24:05.426000+00:00,144.38518,-9.51889,15.5,G,C57,Gaia2,CCD
7076,99942,,LT7gEaY,2021-03-03 22:34:05.426000+00:00,144.37526,-9.51377,15.3,G,C57,Gaia2,CCD
7077,99942,,LT7gEaY,2021-03-03 22:44:05.426000+00:00,144.36546,-9.5088,15.3,G,C57,Gaia2,CCD
7078,99942,,LT7gEaY,2021-03-03 22:54:05.426000+00:00,144.35538,-9.50352,15.4,G,C57,Gaia2,CCD
7079,99942,,LT7gEaY,2021-03-03 23:04:05.425000+00:00,144.34555,-9.49791,15.3,G,C57,Gaia2,CCD
7080,99942,,LT7gEaY,2021-03-03 23:14:05.425000+00:00,144.33558,-9.49247,15.3,G,C57,Gaia2,CCD
7081,99942,,99942,2021-03-03 23:20:17.347000+00:00,143.977,-9.23178,15.4,G,L54,Gaia2,CCD
7082,99942,,99942,2021-03-03 23:27:26.496000+00:00,143.98158,-9.22383,15.4,R,Z21,PPMXL,CCD
7083,99942,,99942,2021-03-03 23:31:58.656000+00:00,143.97762,-9.22144,15.0,R,Z21,PPMXL,CCD
7084,99942,,99942,2021-03-03 23:32:25.440000+00:00,143.97717,-9.22125,15.0,R,Z17,PPMXL,CCD
7085,99942,,LT7gEaY,2021-03-03 23:34:05.425000+00:00,144.31598,-9.48228,15.3,G,C57,Gaia2,CCD
7086,99942,,99942,2021-03-03 23:36:32.544000+00:00,143.97362,-9.21911,15.1,R,Z21,PPMXL,CCD
7087,99942,,99942,2021-03-03 23:36:56.736000+00:00,143.97325,-9.21889,14.9,R,Z17,PPMXL,CCD
7088,99942,,99942,2021-03-03 23:39:12.384000+00:00,143.95975,-9.19561,15.0,R,L09,PPMXL,CCD
7089,99942,,99942,2021-03-03 23:41:28.032000+00:00,143.96925,-9.2165,14.9,R,Z17,PPMXL,CCD
7090,99942,,99942,2021-03-03 23:43:15.168000+00:00,143.95625,-9.19347,14.8,R,L09,PPMXL,CCD
7091,99942,,LT7gEae,2021-03-03 23:44:05.424000+00:00,144.30602,-9.47699,15.2,G,C57,Gaia2,CCD
7092,99942,,99942,2021-03-03 23:44:45.024000+00:00,143.96642,-9.21478,15.0,R,Z21,PPMXL,CCD
7093,99942,,99942,2021-03-03 23:47:17.952000+00:00,143.95279,-9.19128,14.8,R,L09,PPMXL,CCD
7094,99942,,99942,2021-03-03 23:49:35.328000+00:00,143.96217,-9.21222,15.0,R,Z17,PPMXL,CCD
7095,99942,,99942,2021-03-03 23:51:20.736000+00:00,143.94933,-9.18911,14.8,R,L09,PPMXL,CCD
7096,99942,,LT7gEaY,2021-03-03 23:54:05.424000+00:00,144.29648,-9.47136,15.3,G,C57,Gaia2,CCD
7097,99942,,LT7gEaY,2021-03-04 00:04:05.424000+00:00,144.28632,-9.46618,15.3,G,C57,Gaia2,CCD
7098,99942,,LT7gEaY,2021-03-04 00:14:05.424000+00:00,144.27656,-9.46103,15.3,G,C57,Gaia2,CCD
7099,99942,,LT7gEaY,2021-03-04 00:24:05.423000+00:00,144.26659,-9.45575,15.2,G,C57,Gaia2,CCD
7100,99942,,LT7gEae,2021-03-04 00:34:05.423000+00:00,144.25689,-9.45028,15.2,G,C57,Gaia2,CCD
7101,99942,,LT7gEae,2021-03-04 00:44:05.423000+00:00,144.24681,-9.44481,15.2,G,C57,Gaia2,CCD
7102,99942,,LT7gEae,2021-03-04 00:54:05.422000+00:00,144.23697,-9.43952,15.1,G,C57,Gaia2,CCD
7103,99942,,LT7gEae,2021-03-04 01:04:05.422000+00:00,144.22698,-9.43452,15.1,G,C57,Gaia2,CCD
7104,99942,,99942,2021-03-04 01:12:05.184000+00:00,143.90913,-9.17,15.2,G,W46,Gaia2,CCD
7105,99942,,LT7gEae,2021-03-04 01:14:05.422000+00:00,144.2173,-9.42901,15.1,G,C57,Gaia2,CCD
7106,99942,,LT7gEae,2021-03-04 01:24:05.422000+00:00,144.20742,-9.42361,15.1,G,C57,Gaia2,CCD
7107,99942,,LT7gEae,2021-03-04 01:34:05.421000+00:00,144.19752,-9.41829,15.2,G,C57,Gaia2,CCD
7108,99942,,99942,2021-03-04 01:36:04.608000+00:00,143.88883,-9.15756,15.1,G,W46,Gaia2,CCD
7109,99942,,LT7gEae,2021-03-04 01:44:05.421000+00:00,144.18764,-9.41306,15.1,G,C57,Gaia2,CCD
7110,99942,,LT7gEae,2021-03-04 01:54:05.421000+00:00,144.17771,-9.40786,15.1,G,C57,Gaia2,CCD
7111,99942,,LT7gEae,2021-03-04 02:04:05.421000+00:00,144.16771,-9.40216,15.1,G,C57,Gaia2,CCD
7112,99942,,99942,2021-03-04 02:10:07.968000+00:00,143.85975,-9.13994,15.1,G,W46,Gaia2,CCD
7113,99942,,LT7gEae,2021-03-04 02:14:05.420000+00:00,144.15786,-9.39682,15.1,G,C57,Gaia2,CCD
7114,99942,,LT7gEae,2021-03-04 02:24:05.420000+00:00,144.14787,-9.39166,15.1,G,C57,Gaia2,CCD
7115,99942,,LT7gEae,2021-03-04 02:34:05.420000+00:00,144.13812,-9.38654,15.1,G,C57,Gaia2,CCD
7116,99942,,LT7gEae,2021-03-04 02:44:05.420000+00:00,144.12835,-9.38106,15.2,G,C57,Gaia2,CCD
7117,99942,,LT7gEae,2021-03-04 02:54:05.419000+00:00,144.11794,-9.37658,15.1,G,C57,Gaia2,CCD
7118,99942,,LT7gEae,2021-03-04 03:04:05.419000+00:00,144.10855,-9.3704,15.1,G,C57,Gaia2,CCD
7119,99942,,LT7gEae,2021-03-04 03:14:05.419000+00:00,144.09867,-9.36505,15.3,G,C57,Gaia2,CCD
7120,99942,,LT7gEae,2021-03-04 03:24:05.419000+00:00,144.08943,-9.36042,15.8,G,C57,Gaia2,CCD
7121,99942,,Vp3301,2021-03-04 03:38:38.976000+00:00,143.79279,-9.09183,15.4,V,691,USNOB1,CCD
7122,99942,,LT7gEae,2021-03-04 03:44:05.418000+00:00,144.06814,-9.34859,15.7,G,C57,Gaia2,CCD
7123,99942,,Vp3301,2021-03-04 03:45:35.424000+00:00,143.78683,-9.08819,15.4,V,691,USNOB1,CCD
7124,99942,,Vp3301,2021-03-04 03:52:31.872000+00:00,143.78092,-9.08461,15.4,V,691,USNOB1,CCD
7125,99942,,LT7gEae,2021-03-04 03:54:05.418000+00:00,144.05881,-9.34355,15.2,G,C57,Gaia2,CCD
7126,99942,,LT7gEae,2021-03-04 04:04:05.417000+00:00,144.04899,-9.33834,15.1,G,C57,Gaia2,CCD
7127,99942,,LT7gEae,2021-03-04 04:14:05.417000+00:00,144.03935,-9.33279,15.1,G,C57,Gaia2,CCD
7128,99942,,LT7gEae,2021-03-04 04:24:05.417000+00:00,144.02947,-9.32735,15.1,G,C57,Gaia2,CCD
7129,99942,,LT7gEae,2021-03-04 04:34:05.417000+00:00,144.01947,-9.32217,15.1,G,C57,Gaia2,CCD
7130,99942,,LT7gEae,2021-03-04 04:44:05.416000+00:00,144.0096,-9.31688,15.1,G,C57,Gaia2,CCD
7131,99942,,LT7gEae,2021-03-04 04:54:05.416000+00:00,143.9998,-9.31143,15.1,G,C57,Gaia2,CCD
7132,99942,,LT7gEae,2021-03-04 05:04:05.416000+00:00,143.98985,-9.30585,15.1,G,C57,Gaia2,CCD
7133,99942,,LT7gEae,2021-03-04 05:14:05.416000+00:00,143.97992,-9.30063,15.1,G,C57,Gaia2,CCD
7134,99942,,LT7gEae,2021-03-04 05:24:05.415000+00:00,143.96993,-9.29537,15.1,G,C57,Gaia2,CCD
7135,99942,,LT7gEae,2021-03-04 05:34:05.415000+00:00,143.96002,-9.28995,15.1,G,C57,Gaia2,CCD
7136,99942,,LT7gEae,2021-03-04 05:44:05.415000+00:00,143.95033,-9.28436,15.1,G,C57,Gaia2,CCD
7137,99942,,LT7gEae,2021-03-04 05:54:05.415000+00:00,143.9404,-9.27897,15.1,G,C57,Gaia2,CCD
7138,99942,,99942,2021-03-04 05:55:24.384000+00:00,143.66267,-9.02286,15.1,G,I22,Gaia2,CCD
7139,99942,,99942,2021-03-04 05:56:23.136000+00:00,143.66187,-9.02233,15.2,G,I22,Gaia2,CCD
7140,99942,,99942,2021-03-04 05:56:53.376000+00:00,143.66146,-9.02208,15.1,G,I22,Gaia2,CCD
7141,99942,,99942,2021-03-04 05:57:22.752000+00:00,143.66104,-9.02181,15.2,G,I22,Gaia2,CCD
7142,99942,,99942,2021-03-04 05:57:52.992000+00:00,143.66063,-9.0215,15.1,G,I22,Gaia2,CCD
7143,99942,,99942,2021-03-04 05:58:23.232000+00:00,143.66029,-9.02125,15.1,G,I22,Gaia2,CCD
7144,99942,,99942,2021-03-04 05:58:52.608000+00:00,143.65975,-9.02103,15.1,G,I22,Gaia2,CCD
7145,99942,,99942,2021-03-04 05:59:22.848000+00:00,143.6595,-9.02069,15.2,G,I22,Gaia2,CCD
7146,99942,,99942,2021-03-04 05:59:53.952000+00:00,143.65887,-9.02039,15.1,G,I22,Gaia2,CCD
7147,99942,,99942,2021-03-04 06:00:24.192000+00:00,143.65854,-9.02011,15.2,G,I22,Gaia2,CCD
7148,99942,,99942,2021-03-04 06:00:53.568000+00:00,143.65808,-9.01989,15.1,G,I22,Gaia2,CCD
7149,99942,,99942,2021-03-04 06:01:23.808000+00:00,143.65767,-9.01969,15.0,G,I22,Gaia2,CCD
7150,99942,,99942,2021-03-04 06:01:54.048000+00:00,143.65742,-9.01931,15.1,G,I22,Gaia2,CCD
7151,99942,,99942,2021-03-04 06:02:34.656000+00:00,143.65667,-9.01897,15.2,G,I22,Gaia2,CCD
7152,99942,,99942,2021-03-04 06:03:04.896000+00:00,143.65621,-9.01878,15.2,G,I22,Gaia2,CCD
7153,99942,,99942,2021-03-04 06:03:36+00:00,143.65588,-9.01844,15.1,G,I22,Gaia2,CCD
7154,99942,,LT7gEae,2021-03-04 06:04:05.414000+00:00,143.93045,-9.27384,15.1,G,C57,Gaia2,CCD
7155,99942,,99942,2021-03-04 06:04:13.152000+00:00,143.65533,-9.01825,15.1,G,I22,Gaia2,CCD
7156,99942,,99942,2021-03-04 06:04:41.664000+00:00,143.65496,-9.01792,15.2,G,I22,Gaia2,CCD
7157,99942,,99942,2021-03-04 06:05:11.904000+00:00,143.6545,-9.01758,15.2,G,I22,Gaia2,CCD
7158,99942,,99942,2021-03-04 06:05:54.240000+00:00,143.65396,-9.01725,15.2,G,I22,Gaia2,CCD
7159,99942,,99942,2021-03-04 06:06:23.616000+00:00,143.65354,-9.01694,15.1,G,I22,Gaia2,CCD
7160,99942,,99942,2021-03-04 06:06:53.856000+00:00,143.65312,-9.01669,15.1,G,I22,Gaia2,CCD
7161,99942,,99942,2021-03-04 06:07:35.328000+00:00,143.65254,-9.01633,15.2,G,I22,Gaia2,CCD
7162,99942,,99942,2021-03-04 06:08:04.704000+00:00,143.65221,-9.01603,15.1,G,I22,Gaia2,CCD
7163,99942,,99942,2021-03-04 06:08:34.944000+00:00,143.65179,-9.01569,15.1,G,I22,Gaia2,CCD
7164,99942,,,2021-03-04 06:08:44.966000+00:00,143.651562,-9.015639,15.2,G,I22,Gaia2,CCD
7165,99942,,99942,2021-03-04 06:09:06.048000+00:00,143.65129,-9.01558,15.1,G,I22,Gaia2,CCD
7166,99942,,99942,2021-03-04 06:09:36.288000+00:00,143.65083,-9.01528,15.1,G,I22,Gaia2,CCD
7167,99942,,99942,2021-03-04 06:10:07.392000+00:00,143.65046,-9.01494,15.2,G,I22,Gaia2,CCD
7168,99942,,99942,2021-03-04 06:10:35.904000+00:00,143.65021,-9.01469,15.2,G,I22,Gaia2,CCD
7169,99942,,99942,2021-03-04 06:11:06.144000+00:00,143.64967,-9.01447,15.2,G,I22,Gaia2,CCD
7170,99942,,99942,2021-03-04 06:11:36.384000+00:00,143.64921,-9.01417,15.1,G,I22,Gaia2,CCD
7171,99942,,99942,2021-03-04 06:12:05.760000+00:00,143.64879,-9.01386,15.1,G,I22,Gaia2,CCD
7172,99942,,99942,2021-03-04 06:12:35.136000+00:00,143.64833,-9.01364,15.2,G,I22,Gaia2,CCD
7173,99942,,99942,2021-03-04 06:13:05.376000+00:00,143.64792,-9.01336,15.1,G,I22,Gaia2,CCD
7174,99942,,99942,2021-03-04 06:13:34.752000+00:00,143.64771,-9.01322,15.2,G,I22,Gaia2,CCD
7175,99942,,,2021-03-04 06:13:50.477000+00:00,143.647312,-9.012936,15.2,G,I22,Gaia2,CCD
7176,99942,,99942,2021-03-04 06:14:04.128000+00:00,143.64717,-9.01286,15.1,G,I22,Gaia2,CCD
7177,99942,,LT7gEae,2021-03-04 06:14:05.414000+00:00,143.92036,-9.26852,15.1,G,C57,Gaia2,CCD
7178,99942,,99942,2021-03-04 06:14:35.232000+00:00,143.64675,-9.01258,15.1,G,I22,Gaia2,CCD
7179,99942,,99942,2021-03-04 06:15:04.608000+00:00,143.64629,-9.01231,15.1,G,I22,Gaia2,CCD
7180,99942,,99942,2021-03-04 06:15:34.848000+00:00,143.64587,-9.01214,15.2,G,I22,Gaia2,CCD
7181,99942,,99942,2021-03-04 06:16:36.192000+00:00,143.64508,-9.01153,15.1,G,I22,Gaia2,CCD
7182,99942,,99942,2021-03-04 06:17:05.568000+00:00,143.64458,-9.01125,15.1,G,I22,Gaia2,CCD
7183,99942,,99942,2021-03-04 06:17:35.808000+00:00,143.64421,-9.01094,15.2,G,I22,Gaia2,CCD
7184,99942,,99942,2021-03-04 06:18:06.912000+00:00,143.64379,-9.01064,15.1,G,I22,Gaia2,CCD
7185,99942,,,2021-03-04 06:18:51.494000+00:00,143.643192,-9.010222,15.2,G,I22,Gaia2,CCD
7186,99942,,99942,2021-03-04 06:19:07.392000+00:00,143.643,-9.01011,15.2,G,I22,Gaia2,CCD
7187,99942,,99942,2021-03-04 06:19:36.768000+00:00,143.64254,-9.00992,15.1,G,I22,Gaia2,CCD
7188,99942,,99942,2021-03-04 06:20:07.008000+00:00,143.64212,-9.00967,15.3,G,I22,Gaia2,CCD
7189,99942,,99942,2021-03-04 06:20:37.248000+00:00,143.64175,-9.00936,15.1,G,I22,Gaia2,CCD
7190,99942,,99942,2021-03-04 06:21:06.624000+00:00,143.64129,-9.00903,15.1,G,I22,Gaia2,CCD
7191,99942,,LT7gEae,2021-03-04 06:24:05.414000+00:00,143.91066,-9.26297,15.1,G,C57,Gaia2,CCD
7192,99942,,LT7gEae,2021-03-04 06:34:05.413000+00:00,143.90082,-9.25751,15.1,G,C57,Gaia2,CCD
7193,99942,,LT7gEae,2021-03-04 06:44:05.413000+00:00,143.89077,-9.25225,15.2,G,C57,Gaia2,CCD
7194,99942,,LT7gEae,2021-03-04 06:54:05.413000+00:00,143.88086,-9.24701,15.2,G,C57,Gaia2,CCD
7195,99942,,LT7gEae,2021-03-04 07:04:05.413000+00:00,143.87093,-9.24141,15.2,G,C57,Gaia2,CCD
7196,99942,,C1YECZ1,2021-03-04 07:10:57.836000+00:00,143.609265,-8.98005,15.25,G,703,Gaia2,CCD
7197,99942,,LT7gEae,2021-03-04 07:14:05.412000+00:00,143.86086,-9.23575,15.3,G,C57,Gaia2,CCD
7198,99942,,LT7gEae,2021-03-04 07:24:05.412000+00:00,143.85111,-9.23044,15.2,G,C57,Gaia2,CCD
7199,99942,,C1YECZ1,2021-03-04 07:25:58.909000+00:00,143.59602,-8.97249,15.36,G,703,Gaia2,CCD
7200,99942,,C1YECZ1,2021-03-04 07:33:29.468000+00:00,143.589555,-8.96819,,,703,Gaia2,CCD
7201,99942,,LT7gEae,2021-03-04 07:34:05.412000+00:00,143.84127,-9.22533,15.3,G,C57,Gaia2,CCD
7202,99942,,LT7gEae,2021-03-04 07:44:05.412000+00:00,143.8316,-9.21981,15.2,G,C57,Gaia2,CCD
7203,99942,,LT7gEae,2021-03-04 07:54:05.411000+00:00,143.82162,-9.21415,15.3,G,C57,Gaia2,CCD
7204,99942,,LT7gEae,2021-03-04 08:04:05.411000+00:00,143.81157,-9.20886,15.3,G,C57,Gaia2,CCD
7205,99942,,LT7gEae,2021-03-04 08:14:05.411000+00:00,143.80188,-9.20367,15.3,G,C57,Gaia2,CCD
7206,99942,,LT7gEae,2021-03-04 08:24:05.411000+00:00,143.79182,-9.19816,15.3,G,C57,Gaia2,CCD
7207,99942,,LT7gEae,2021-03-04 08:34:05.410000+00:00,143.7818,-9.1925,15.4,G,C57,Gaia2,CCD
7208,99942,,LT7gEae,2021-03-04 08:44:05.410000+00:00,143.77207,-9.18727,15.4,G,C57,Gaia2,CCD
7209,99942,,LT7gEae,2021-03-04 08:54:05.410000+00:00,143.76197,-9.18181,15.4,G,C57,Gaia2,CCD
7210,99942,,LT7gEae,2021-03-04 09:04:05.410000+00:00,143.75197,-9.17648,15.4,G,C57,Gaia2,CCD
7211,99942,,LT7gEae,2021-03-04 09:14:05.409000+00:00,143.74231,-9.17078,15.5,G,C57,Gaia2,CCD
7212,99942,,LT7gEae,2021-03-04 09:24:05.409000+00:00,143.73227,-9.16507,15.5,G,C57,Gaia2,CCD
7213,99942,,LT7gEae,2021-03-04 09:34:05.409000+00:00,143.72254,-9.16017,15.7,G,C57,Gaia2,CCD
7214,99942,,LT7gEae,2021-03-04 09:44:05.408000+00:00,143.7126,-9.15491,15.5,G,C57,Gaia2,CCD
7215,99942,,LT7gEae,2021-03-04 09:54:05.408000+00:00,143.703,-9.14932,15.5,G,C57,Gaia2,CCD
7216,99942,,LT7gEae,2021-03-04 10:04:05.408000+00:00,143.69296,-9.14367,15.5,G,C57,Gaia2,CCD
7217,99942,,LT7gEae,2021-03-04 10:14:05.408000+00:00,143.68278,-9.13831,15.6,G,C57,Gaia2,CCD
7218,99942,,LT7gEae,2021-03-04 10:24:05.407000+00:00,143.67314,-9.13322,15.7,G,C57,Gaia2,CCD
7219,99942,,LT7gEae,2021-03-04 10:34:05.407000+00:00,143.66305,-9.12739,15.6,G,C57,Gaia2,CCD
7220,99942,,LT7gEae,2021-03-04 10:44:05.407000+00:00,143.65342,-9.12194,15.6,G,C57,Gaia2,CCD
7221,99942,,LT7gEae,2021-03-04 10:54:05.407000+00:00,143.64326,-9.11641,15.6,G,C57,Gaia2,CCD
7222,99942,,LT7gEae,2021-03-04 11:04:05.406000+00:00,143.63331,-9.11127,15.5,G,C57,Gaia2,CCD
7223,99942,,LT7gEae,2021-03-04 11:14:05.406000+00:00,143.62348,-9.10573,15.7,G,C57,Gaia2,CCD
7224,99942,,LT7gEae,2021-03-04 11:24:05.406000+00:00,143.61377,-9.10008,15.7,G,C57,Gaia2,CCD
7225,99942,,LT7gEae,2021-03-04 11:34:05.406000+00:00,143.6039,-9.09472,15.6,G,C57,Gaia2,CCD
7226,99942,,LT7gEae,2021-03-04 11:44:05.405000+00:00,143.59405,-9.0893,15.6,G,C57,Gaia2,CCD
7227,99942,,LT7gEae,2021-03-04 11:54:05.405000+00:00,143.58401,-9.08393,15.6,G,C57,Gaia2,CCD
7228,99942,,LT7gEae,2021-03-04 12:04:05.405000+00:00,143.574,-9.07821,15.5,G,C57,Gaia2,CCD
7229,99942,,LT7gEae,2021-03-04 12:24:05.404000+00:00,143.55411,-9.06742,15.5,G,C57,Gaia2,CCD
7230,99942,,LT7gEae,2021-03-04 12:34:05.404000+00:00,143.54412,-9.062,15.5,G,C57,Gaia2,CCD
7231,99942,,LT7gEae,2021-03-04 12:44:05.404000+00:00,143.53438,-9.05635,15.4,G,C57,Gaia2,CCD
7232,99942,,LT7gEae,2021-03-04 12:54:05.403000+00:00,143.52454,-9.05083,15.4,G,C57,Gaia2,CCD
7233,99942,,LT7gEae,2021-03-04 13:04:05.403000+00:00,143.51444,-9.0454,15.5,G,C57,Gaia2,CCD
7234,99942,,LT7gEae,2021-03-04 13:14:05.403000+00:00,143.50454,-9.04018,15.4,G,C57,Gaia2,CCD
7235,99942,,LT7gEae,2021-03-04 13:24:05.403000+00:00,143.49472,-9.03439,15.3,G,C57,Gaia2,CCD
7236,99942,,LT7gEae,2021-03-04 13:34:05.402000+00:00,143.48482,-9.02898,15.3,G,C57,Gaia2,CCD
7237,99942,,LT7gEae,2021-03-04 13:44:05.402000+00:00,143.47487,-9.02348,15.3,G,C57,Gaia2,CCD
7238,99942,,LT7gEae,2021-03-04 13:54:05.402000+00:00,143.46497,-9.01809,15.3,G,C57,Gaia2,CCD
7239,99942,,LT7gEae,2021-03-04 14:04:05.402000+00:00,143.45498,-9.01238,15.2,G,C57,Gaia2,CCD
7240,99942,,LT7gEae,2021-03-04 14:14:05.401000+00:00,143.44512,-9.00691,15.2,G,C57,Gaia2,CCD
7241,99942,,LT7gEae,2021-03-04 14:24:05.401000+00:00,143.43521,-9.00154,15.2,G,C57,Gaia2,CCD
7242,99942,,LT7gEae,2021-03-04 14:34:05.401000+00:00,143.42517,-8.99606,15.1,G,C57,Gaia2,CCD
7243,99942,,LT7gEae,2021-03-04 14:44:05.401000+00:00,143.41545,-8.99045,15.2,G,C57,Gaia2,CCD
7244,99942,,LT7gEae,2021-03-04 14:54:05.400000+00:00,143.40552,-8.98487,15.2,G,C57,Gaia2,CCD
7245,99942,,LT7gEae,2021-03-04 15:04:05.400000+00:00,143.39549,-8.97948,15.1,G,C57,Gaia2,CCD
7246,99942,,LT7gEae,2021-03-04 15:14:05.400000+00:00,143.38571,-8.97405,15.1,G,C57,Gaia2,CCD
7247,99942,,LT7gEae,2021-03-04 15:24:05.399000+00:00,143.37597,-8.96832,15.1,G,C57,Gaia2,CCD
7248,99942,,LT7gEae,2021-03-04 15:34:05.399000+00:00,143.36593,-8.96288,15.1,G,C57,Gaia2,CCD
7249,99942,,LT7gEae,2021-03-04 15:44:05.399000+00:00,143.35609,-8.95758,15.1,G,C57,Gaia2,CCD
7250,99942,,LT7gEae,2021-03-04 15:54:05.399000+00:00,143.34603,-8.95199,15.1,G,C57,Gaia2,CCD
7251,99942,,LT7gEae,2021-03-04 16:04:05.398000+00:00,143.33621,-8.94632,15.1,G,C57,Gaia2,CCD
7252,99942,,LT7gEae,2021-03-04 16:14:05.398000+00:00,143.32615,-8.94071,15.1,G,C57,Gaia2,CCD
7253,99942,,LT7gEae,2021-03-04 16:24:05.398000+00:00,143.31626,-8.93534,15.0,G,C57,Gaia2,CCD
7254,99942,,LT7gEae,2021-03-04 16:34:05.398000+00:00,143.30637,-8.92991,15.0,G,C57,Gaia2,CCD
7255,99942,,LT7gEae,2021-03-04 16:44:05.397000+00:00,143.29651,-8.92404,15.0,G,C57,Gaia2,CCD
7256,99942,,LT7gEae,2021-03-04 16:54:05.397000+00:00,143.28664,-8.91858,15.0,G,C57,Gaia2,CCD
7257,99942,,LT7gEae,2021-03-04 17:04:05.397000+00:00,143.27681,-8.91321,15.0,G,C57,Gaia2,CCD
7258,99942,,LT7gEae,2021-03-04 17:14:05.397000+00:00,143.26677,-8.90781,15.0,G,C57,Gaia2,CCD
7259,99942,,LT7gEae,2021-03-04 17:24:05.396000+00:00,143.25695,-8.90198,15.0,G,C57,Gaia2,CCD
7260,99942,,LT7gEae,2021-03-04 17:34:05.396000+00:00,143.24709,-8.89645,15.0,G,C57,Gaia2,CCD
7261,99942,,LT7gEae,2021-03-04 17:44:05.396000+00:00,143.23707,-8.89102,15.0,G,C57,Gaia2,CCD
7262,99942,,LT7gEae,2021-03-04 17:54:05.395000+00:00,143.22722,-8.88561,15.0,G,C57,Gaia2,CCD
7263,99942,,LT7gEae,2021-03-04 18:04:05.395000+00:00,143.21724,-8.87981,15.0,G,C57,Gaia2,CCD
7264,99942,,LT7gEae,2021-03-04 18:14:05.395000+00:00,143.20727,-8.87414,15.0,G,C57,Gaia2,CCD
7265,99942,,LT7gEae,2021-03-04 18:24:05.395000+00:00,143.19752,-8.86876,15.0,G,C57,Gaia2,CCD
7266,99942,,LT7gEae,2021-03-04 18:34:05.394000+00:00,143.18757,-8.86328,15.0,G,C57,Gaia2,CCD
7267,99942,,LT7gEae,2021-03-04 18:44:05.394000+00:00,143.17776,-8.85745,15.0,G,C57,Gaia2,CCD
7268,99942,,LT7gEae,2021-03-04 18:54:05.394000+00:00,143.16788,-8.85196,15.1,G,C57,Gaia2,CCD
7269,99942,,99942,2021-03-04 18:57:10.080000+00:00,143.06813,-8.60528,15.0,V,A84,Gaia2,CCD
7270,99942,,99942,2021-03-04 18:58:59.808000+00:00,143.06658,-8.60433,14.9,V,A84,Gaia2,CCD
7271,99942,,99942,2021-03-04 19:00:50.400000+00:00,143.06504,-8.60336,15.0,V,A84,Gaia2,CCD
7272,99942,,99942,2021-03-04 19:02:39.264000+00:00,143.0635,-8.60239,15.0,V,A84,Gaia2,CCD
7273,99942,,LT7gEae,2021-03-04 19:04:05.394000+00:00,143.15797,-8.84662,15.0,G,C57,Gaia2,CCD
7274,99942,,99942,2021-03-04 19:04:28.992000+00:00,143.06192,-8.60142,15.0,V,A84,Gaia2,CCD
7275,99942,,99942,2021-03-04 19:06:18.720000+00:00,143.06037,-8.60044,15.0,V,A84,Gaia2,CCD
7276,99942,,99942,2021-03-04 19:08:08.448000+00:00,143.05883,-8.59947,15.0,V,A84,Gaia2,CCD
7277,99942,,99942,2021-03-04 19:09:58.176000+00:00,143.05729,-8.59853,15.0,V,A84,Gaia2,CCD
7278,99942,,99942,2021-03-04 19:11:47.904000+00:00,143.05571,-8.59753,15.0,V,A84,Gaia2,CCD
7279,99942,,99942,2021-03-04 19:13:37.632000+00:00,143.05417,-8.59658,14.9,V,A84,Gaia2,CCD
7280,99942,,LT7gEae,2021-03-04 19:14:05.393000+00:00,143.14807,-8.84113,15.0,G,C57,Gaia2,CCD
7281,99942,,99942,2021-03-04 19:15:27.360000+00:00,143.05258,-8.59561,14.9,V,A84,Gaia2,CCD
7282,99942,,99942,2021-03-04 19:17:17.088000+00:00,143.05104,-8.59464,15.0,V,A84,Gaia2,CCD
7283,99942,,99942,2021-03-04 19:19:06.816000+00:00,143.0495,-8.59367,15.0,V,A84,Gaia2,CCD
7284,99942,,99942,2021-03-04 19:20:57.408000+00:00,143.04792,-8.59269,14.9,V,A84,Gaia2,CCD
7285,99942,,99942,2021-03-04 19:22:46.272000+00:00,143.04637,-8.59172,15.0,V,A84,Gaia2,CCD
7286,99942,,LT7gEae,2021-03-04 19:24:05.393000+00:00,143.13837,-8.83518,15.0,G,C57,Gaia2,CCD
7287,99942,,99942,2021-03-04 19:24:36+00:00,143.04483,-8.59075,15.0,V,A84,Gaia2,CCD
7288,99942,,99942,2021-03-04 19:26:25.728000+00:00,143.04325,-8.58981,15.0,V,A84,Gaia2,CCD
7289,99942,,99942,2021-03-04 19:28:15.456000+00:00,143.04171,-8.58881,15.0,V,A84,Gaia2,CCD
7290,99942,,99942,2021-03-04 19:30:05.184000+00:00,143.04017,-8.58783,15.0,V,A84,Gaia2,CCD
7291,99942,,99942,2021-03-04 19:31:54.912000+00:00,143.03858,-8.58686,15.0,V,A84,Gaia2,CCD
7292,99942,,LT7gEae,2021-03-04 19:34:05.393000+00:00,143.12836,-8.82971,15.0,G,C57,Gaia2,CCD
7293,99942,,99942,2021-03-04 19:41:40.704000+00:00,143.03021,-8.58164,15.0,V,A84,Gaia2,CCD
7294,99942,,99942,2021-03-04 19:43:30.432000+00:00,143.02862,-8.58067,15.0,V,A84,Gaia2,CCD
7295,99942,,LT7gEae,2021-03-04 19:44:05.393000+00:00,143.11843,-8.82433,15.1,G,C57,Gaia2,CCD
7296,99942,,99942,2021-03-04 19:45:20.160000+00:00,143.02708,-8.57969,15.0,V,A84,Gaia2,CCD
7297,99942,,99942,2021-03-04 19:47:09.888000+00:00,143.02554,-8.57872,15.0,V,A84,Gaia2,CCD
7298,99942,,99942,2021-03-04 19:48:59.616000+00:00,143.02392,-8.57775,15.0,V,A84,Gaia2,CCD
7299,99942,,99942,2021-03-04 19:50:49.344000+00:00,143.02237,-8.57678,15.0,V,A84,Gaia2,CCD
7300,99942,,99942,2021-03-04 19:52:39.072000+00:00,143.02079,-8.57581,15.0,V,A84,Gaia2,CCD
7301,99942,,LT7gEae,2021-03-04 19:54:05.392000+00:00,143.10858,-8.81873,15.0,G,C57,Gaia2,CCD
7302,99942,,99942,2021-03-04 19:54:28.800000+00:00,143.01925,-8.57483,15.0,V,A84,Gaia2,CCD
7303,99942,,99942,2021-03-04 19:56:18.528000+00:00,143.01767,-8.57386,15.0,V,A84,Gaia2,CCD
7304,99942,,99942,2021-03-04 19:58:08.256000+00:00,143.01612,-8.57289,15.0,V,A84,Gaia2,CCD
7305,99942,,99942,2021-03-04 19:59:57.120000+00:00,143.01454,-8.57192,15.0,V,A84,Gaia2,CCD
7306,99942,,99942,2021-03-04 20:01:47.712000+00:00,143.013,-8.57094,14.9,V,A84,Gaia2,CCD
7307,99942,,99942,2021-03-04 20:03:37.440000+00:00,143.01142,-8.56997,14.9,V,A84,Gaia2,CCD
7308,99942,,LT7gEae,2021-03-04 20:04:05.392000+00:00,143.0987,-8.81291,15.0,G,C57,Gaia2,CCD
7309,99942,,99942,2021-03-04 20:05:27.168000+00:00,143.00983,-8.56897,14.9,V,A84,Gaia2,CCD
7310,99942,,99942,2021-03-04 20:07:16.032000+00:00,143.00829,-8.56803,14.9,V,A84,Gaia2,CCD
7311,99942,,99942,2021-03-04 20:09:06.624000+00:00,143.00671,-8.56703,15.0,V,A84,Gaia2,CCD
7312,99942,,99942,2021-03-04 20:10:56.352000+00:00,143.00517,-8.56608,15.0,V,A84,Gaia2,CCD
7313,99942,,99942,2021-03-04 20:12:45.216000+00:00,143.00362,-8.56508,15.1,V,A84,Gaia2,CCD
7314,99942,,LT7gEae,2021-03-04 20:14:05.392000+00:00,143.08862,-8.80743,15.1,G,C57,Gaia2,CCD
7315,99942,,99942,2021-03-04 20:14:34.944000+00:00,143.00204,-8.56411,15.0,V,A84,Gaia2,CCD
7316,99942,,99942,2021-03-04 20:16:25.536000+00:00,143.00046,-8.56314,15.0,V,A84,Gaia2,CCD
7317,99942,,LT7gEae,2021-03-04 20:24:05.392000+00:00,143.07879,-8.80197,15.0,G,C57,Gaia2,CCD
7318,99942,,LT7gEae,2021-03-04 20:34:05.391000+00:00,143.06875,-8.79626,15.1,G,C57,Gaia2,CCD
7319,99942,,LT7gEae,2021-03-04 20:44:05.391000+00:00,143.05903,-8.79045,15.1,G,C57,Gaia2,CCD
7320,99942,,99942,2021-03-04 20:53:47.616000+00:00,142.96621,-8.54506,15.5,G,C40,Gaia2,CCD
7321,99942,,LT7gEae,2021-03-04 20:54:05.391000+00:00,143.04891,-8.785,15.2,G,C57,Gaia2,CCD
7322,99942,,99942,2021-03-04 20:55:20.064000+00:00,142.96492,-8.54428,15.5,G,C40,Gaia2,CCD
7323,99942,,99942,2021-03-04 20:56:53.376000+00:00,142.96358,-8.54339,15.6,G,C40,Gaia2,CCD
7324,99942,,LT7gEae,2021-03-04 21:04:05.390000+00:00,143.03916,-8.77954,15.1,G,C57,Gaia2,CCD
7325,99942,,99942,2021-03-04 21:06:08.064000+00:00,142.95579,-8.53847,15.5,G,C40,Gaia2,CCD
7326,99942,,99942,2021-03-04 21:07:36.624000+00:00,142.958,-8.53761,15.1,G,073,Gaia2,CCD
7327,99942,,99942,2021-03-04 21:07:39.648000+00:00,142.9545,-8.53758,15.5,G,C40,Gaia2,CCD
7328,99942,,99942,2021-03-04 21:08:17.923000+00:00,142.95821,-8.53756,15.0,G,L54,Gaia2,CCD
7329,99942,,99942,2021-03-04 21:12:17.856000+00:00,142.95054,-8.53511,15.6,G,C40,Gaia2,CCD
7330,99942,,99942,2021-03-04 21:13:51.168000+00:00,142.94925,-8.53431,15.3,G,C40,Gaia2,CCD
7331,99942,,LT7gEae,2021-03-04 21:14:05.390000+00:00,143.02931,-8.7739,15.3,G,C57,Gaia2,CCD
7332,99942,,99942,2021-03-04 21:15:22.752000+00:00,142.948,-8.53347,15.4,G,C40,Gaia2,CCD
7333,99942,,99942,2021-03-04 21:19:08.602000+00:00,142.94829,-8.53144,15.1,G,073,Gaia2,CCD
7334,99942,,99942,2021-03-04 21:23:44.995000+00:00,142.94517,-8.52922,15.2,G,L54,Gaia2,CCD
7335,99942,,LT7gEae,2021-03-04 21:24:05.390000+00:00,143.01943,-8.76797,15.2,G,C57,Gaia2,CCD
7336,99942,,99942,2021-03-04 21:31:42.787000+00:00,142.93754,-8.52469,15.1,G,073,Gaia2,CCD
7337,99942,,LT7gEae,2021-03-04 21:34:05.390000+00:00,143.00961,-8.76259,15.2,G,C57,Gaia2,CCD
7338,99942,,99942,2021-03-04 21:35:01.248000+00:00,142.93563,-8.52314,15.3,G,L54,Gaia2,CCD
7339,99942,,99942,2021-03-04 21:39:10.944000+00:00,142.93217,-8.52083,15.2,G,L54,Gaia2,CCD
7340,99942,,LT7gEae,2021-03-04 21:44:05.389000+00:00,142.99978,-8.75717,15.2,G,C57,Gaia2,CCD
7341,99942,,LT7gEae,2021-03-04 21:54:05.389000+00:00,142.98989,-8.75147,15.2,G,C57,Gaia2,CCD
7342,99942,,99942,2021-03-04 21:54:37.498000+00:00,142.91908,-8.51264,15.2,G,L54,Gaia2,CCD
7343,99942,,LT7gEae,2021-03-04 22:04:05.389000+00:00,142.97993,-8.74565,15.2,G,C57,Gaia2,CCD
7344,99942,,99942,2021-03-04 22:10:03.965000+00:00,142.906,-8.50428,15.2,G,L54,Gaia2,CCD
7345,99942,,LT7gEae,2021-03-04 22:14:05.389000+00:00,142.96996,-8.74016,15.2,G,C57,Gaia2,CCD
7346,99942,,LT7gEae,2021-03-04 22:24:05.388000+00:00,142.96014,-8.73475,15.3,G,C57,Gaia2,CCD
7347,99942,,99942,2021-03-04 22:26:41.539000+00:00,142.89196,-8.49531,15.2,G,L54,Gaia2,CCD
7348,99942,,99942,2021-03-04 22:29:39.869000+00:00,142.8895,-8.49369,15.3,G,L54,Gaia2,CCD
7349,99942,,LT7gEae,2021-03-04 22:34:05.388000+00:00,142.95038,-8.72885,15.3,G,C57,Gaia2,CCD
7350,99942,,99942,2021-03-04 22:39:32.832000+00:00,142.87729,-8.48794,15.6,G,C40,Gaia2,CCD
7351,99942,,99942,2021-03-04 22:43:19.027000+00:00,142.87796,-8.48639,15.4,G,L54,Gaia2,CCD
7352,99942,,LT7gEae,2021-03-04 22:44:05.388000+00:00,142.94038,-8.72332,15.2,G,C57,Gaia2,CCD
7353,99942,,99942,2021-03-04 22:50:11.328000+00:00,142.86846,-8.48219,15.7,G,C40,Gaia2,CCD
7354,99942,,LT7gEae,2021-03-04 22:54:05.388000+00:00,142.93183,-8.71884,15.6,G,C57,Gaia2,CCD
7355,99942,,99942,2021-03-04 22:54:44.352000+00:00,142.86467,-8.47964,15.7,G,C40,Gaia2,CCD
7356,99942,,99942,2021-03-04 22:59:19.968000+00:00,142.86083,-8.47717,15.6,G,C40,Gaia2,CCD
7357,99942,,99942,2021-03-04 23:01:08.141000+00:00,142.86304,-8.47675,15.4,G,L54,Gaia2,CCD
7358,99942,,99942,2021-03-04 23:03:58.176000+00:00,142.85696,-8.47467,15.6,G,C40,Gaia2,CCD
7359,99942,,99942,2021-03-04 23:05:29.760000+00:00,142.85571,-8.47381,15.6,G,C40,Gaia2,CCD
7360,99942,,99942,2021-03-04 23:16:35.299000+00:00,142.85008,-8.46828,15.1,G,L54,Gaia2,CCD
7361,99942,,LT7gEae,2021-03-04 23:24:05.387000+00:00,142.90086,-8.70075,15.5,G,C57,Gaia2,CCD
7362,99942,,99942,2021-03-04 23:24:18.058000+00:00,142.84363,-8.46411,15.5,G,L54,Gaia2,CCD
7363,99942,,99942,2021-03-04 23:27:04.896000+00:00,142.83779,-8.46208,15.7,G,C40,Gaia2,CCD
7364,99942,,99942,2021-03-04 23:31:56.064000+00:00,142.83371,-8.45953,15.6,G,C40,Gaia2,CCD
7365,99942,,LT7gEae,2021-03-04 23:34:05.387000+00:00,142.89101,-8.69532,15.4,G,C57,Gaia2,CCD
7366,99942,,LT7gEae,2021-03-04 23:44:05.386000+00:00,142.88117,-8.68952,15.4,G,C57,Gaia2,CCD
7367,99942,,LT7gEae,2021-03-04 23:54:05.386000+00:00,142.87123,-8.68368,15.5,G,C57,Gaia2,CCD
7368,99942,,LT7gEae,2021-03-05 00:04:05.386000+00:00,142.86136,-8.67822,15.5,G,C57,Gaia2,CCD
7369,99942,,LT7gEae,2021-03-05 00:14:05.385000+00:00,142.85147,-8.67273,15.5,G,C57,Gaia2,CCD
7370,99942,,LT7gEae,2021-03-05 00:24:05.385000+00:00,142.84161,-8.66689,15.5,G,C57,Gaia2,CCD
7371,99942,,LT7gEae,2021-03-05 00:34:05.385000+00:00,142.83182,-8.66104,15.6,G,C57,Gaia2,CCD
7372,99942,,LT7gEae,2021-03-05 00:44:05.385000+00:00,142.82167,-8.65555,15.5,G,C57,Gaia2,CCD
7373,99942,,LT7gEae,2021-03-05 00:54:05.384000+00:00,142.81194,-8.64987,15.5,G,C57,Gaia2,CCD
7374,99942,,LT7gEae,2021-03-05 01:04:05.384000+00:00,142.80183,-8.64396,15.6,G,C57,Gaia2,CCD
7375,99942,,LT7gEae,2021-03-05 01:14:05.384000+00:00,142.79229,-8.63855,15.6,G,C57,Gaia2,CCD
7376,99942,,99942,2021-03-05 02:03:41.846000+00:00,142.73879,-8.37711,15.7,G,V93,Gaia2,CCD
7377,99942,,99942,2021-03-05 02:52:52.493000+00:00,142.69763,-8.35089,15.8,G,V93,Gaia2,CCD
7378,99942,,99942,2021-03-05 03:33:43.747000+00:00,142.66308,-8.32914,15.6,G,V93,Gaia2,CCD
7379,99942,,LT7gEal,2021-03-05 04:04:05.379000+00:00,142.62449,-8.54159,15.5,G,C57,Gaia2,CCD
7380,99942,,LT7gEal,2021-03-05 04:24:05.379000+00:00,142.60494,-8.53045,15.4,G,C57,Gaia2,CCD
7381,99942,,LT7gEal,2021-03-05 04:34:05.379000+00:00,142.59495,-8.52468,15.4,G,C57,Gaia2,CCD
7382,99942,,LT7gEal,2021-03-05 04:54:05.378000+00:00,142.57541,-8.5131,15.4,G,C57,Gaia2,CCD
7383,99942,,LT7gEal,2021-03-05 05:04:05.378000+00:00,142.56551,-8.50758,15.4,G,C57,Gaia2,CCD
7384,99942,,LT7gEal,2021-03-05 05:14:05.378000+00:00,142.55564,-8.50169,15.4,G,C57,Gaia2,CCD
7385,99942,,LT7gEal,2021-03-05 05:34:05.377000+00:00,142.53588,-8.49025,15.3,G,C57,Gaia2,CCD
7386,99942,,LT7gEal,2021-03-05 05:44:05.377000+00:00,142.52611,-8.48459,15.3,G,C57,Gaia2,CCD
7387,99942,,LT7gEal,2021-03-05 05:54:05.376000+00:00,142.5162,-8.47848,15.3,G,C57,Gaia2,CCD
7388,99942,,LT7gEal,2021-03-05 06:04:05.376000+00:00,142.50657,-8.47294,15.2,G,C57,Gaia2,CCD
7389,99942,,LT7gEal,2021-03-05 06:14:05.376000+00:00,142.49655,-8.46725,15.2,G,C57,Gaia2,CCD
7390,99942,,Vp4204,2021-03-05 06:21:55.008000+00:00,142.52604,-8.23617,15.9,V,691,USNOB1,CCD
7391,99942,,LT7gEal,2021-03-05 06:24:05.376000+00:00,142.48692,-8.46142,15.2,G,C57,Gaia2,CCD
7392,99942,,LT7gEal,2021-03-05 06:34:05.375000+00:00,142.47709,-8.45556,15.2,G,C57,Gaia2,CCD
7393,99942,,LT7gEal,2021-03-05 06:44:05.375000+00:00,142.46726,-8.45003,15.2,G,C57,Gaia2,CCD
7394,99942,,LT7gEal,2021-03-05 06:54:05.375000+00:00,142.45741,-8.44412,15.2,G,C57,Gaia2,CCD
7395,99942,,Vp4204,2021-03-05 07:00:35.712000+00:00,142.49296,-8.21522,16.5,V,691,USNOB1,CCD
7396,99942,,LT7gEal,2021-03-05 07:04:05.375000+00:00,142.4478,-8.43821,15.2,G,C57,Gaia2,CCD
7397,99942,,LT7gEal,2021-03-05 07:14:05.374000+00:00,142.43787,-8.43272,15.2,G,C57,Gaia2,CCD
7398,99942,,LT7gEal,2021-03-05 07:24:05.374000+00:00,142.42803,-8.427,15.2,G,C57,Gaia2,CCD
7399,99942,,LT7gEal,2021-03-05 07:34:05.374000+00:00,142.41828,-8.42097,15.2,G,C57,Gaia2,CCD
7400,99942,,Vp4204,2021-03-05 07:41:27.744000+00:00,142.45812,-8.193,15.6,V,691,USNOB1,CCD
7401,99942,,LT7gEal,2021-03-05 07:44:05.374000+00:00,142.40838,-8.41512,15.1,G,C57,Gaia2,CCD
7402,99942,,Vp4300,2021-03-05 07:47:54.816000+00:00,142.45263,-8.1895,15.5,V,691,USNOB1,CCD
7403,99942,,Vp4300,2021-03-05 07:50:04.416000+00:00,142.45083,-8.18831,15.5,V,691,USNOB1,CCD
7404,99942,,Vp4300,2021-03-05 07:52:13.152000+00:00,142.44904,-8.18714,15.5,V,691,USNOB1,CCD
7405,99942,,LT7gEal,2021-03-05 07:54:05.373000+00:00,142.39852,-8.40941,15.1,G,C57,Gaia2,CCD
7406,99942,,LT7gEal,2021-03-05 08:04:05.373000+00:00,142.38876,-8.40368,15.2,G,C57,Gaia2,CCD
7407,99942,,LT7gEal,2021-03-05 08:14:05.373000+00:00,142.37894,-8.39778,15.1,G,C57,Gaia2,CCD
7408,99942,,LT7gEal,2021-03-05 08:24:05.372000+00:00,142.3692,-8.39219,15.1,G,C57,Gaia2,CCD
7409,99942,,LT7gEal,2021-03-05 08:34:05.372000+00:00,142.3593,-8.38644,15.1,G,C57,Gaia2,CCD
7410,99942,,LT7gEal,2021-03-05 08:44:05.372000+00:00,142.34962,-8.38045,15.1,G,C57,Gaia2,CCD
7411,99942,,LT7gEal,2021-03-05 08:54:05.372000+00:00,142.33979,-8.37474,15.1,G,C57,Gaia2,CCD
7412,99942,,LT7gEal,2021-03-05 09:04:05.371000+00:00,142.33014,-8.36905,15.1,G,C57,Gaia2,CCD
7413,99942,,LT7gEal,2021-03-05 09:14:05.371000+00:00,142.32039,-8.36304,15.1,G,C57,Gaia2,CCD
7414,99942,,LT7gEal,2021-03-05 09:24:05.371000+00:00,142.31051,-8.35719,15.1,G,C57,Gaia2,CCD
7415,99942,,LT7gEal,2021-03-05 09:34:05.371000+00:00,142.30083,-8.35149,15.1,G,C57,Gaia2,CCD
7416,99942,,LT7gEal,2021-03-05 09:44:05.370000+00:00,142.29086,-8.34582,15.1,G,C57,Gaia2,CCD
7417,99942,,LT7gEal,2021-03-05 09:54:05.370000+00:00,142.28116,-8.33973,15.1,G,C57,Gaia2,CCD
7418,99942,,LT7gEal,2021-03-05 10:04:05.370000+00:00,142.2713,-8.334,15.1,G,C57,Gaia2,CCD
7419,99942,,LT7gEal,2021-03-05 10:14:05.370000+00:00,142.26152,-8.32838,15.1,G,C57,Gaia2,CCD
7420,99942,,LT7gEal,2021-03-05 10:24:05.369000+00:00,142.25169,-8.3222,15.1,G,C57,Gaia2,CCD
7421,99942,,LT7gEal,2021-03-05 10:34:05.369000+00:00,142.24211,-8.31645,15.1,G,C57,Gaia2,CCD
7422,99942,,LT7gEal,2021-03-05 10:44:05.369000+00:00,142.23216,-8.31078,15.0,G,C57,Gaia2,CCD
7423,99942,,A10vDO8,2021-03-05 10:50:40.200000+00:00,142.30995,-8.08712,14.83,Ao,T05,Gaia2,CCD
7424,99942,,LT7gEal,2021-03-05 10:54:05.369000+00:00,142.22247,-8.30488,15.1,G,C57,Gaia2,CCD
7425,99942,,A10vDO8,2021-03-05 10:56:37.110000+00:00,142.30489,-8.08385,14.88,Ao,T05,Gaia2,CCD
7426,99942,,LT7gEal,2021-03-05 11:04:05.368000+00:00,142.21283,-8.29887,15.1,G,C57,Gaia2,CCD
7427,99942,,A10vDO8,2021-03-05 11:05:12.780000+00:00,142.29759,-8.07916,14.91,Ao,T05,Gaia2,CCD
7428,99942,,LT7gEal,2021-03-05 11:14:05.368000+00:00,142.20286,-8.29325,15.1,G,C57,Gaia2,CCD
7429,99942,,LT7gEal,2021-03-05 11:24:05.368000+00:00,142.19316,-8.28737,15.1,G,C57,Gaia2,CCD
7430,99942,,A10vDO8,2021-03-05 11:24:20.210000+00:00,142.28136,-8.06869,14.83,Ao,T05,Gaia2,CCD
7431,99942,,LT7gEal,2021-03-05 11:34:05.367000+00:00,142.18354,-8.28124,15.1,G,C57,Gaia2,CCD
7432,99942,,LT7gEal,2021-03-05 11:44:05.367000+00:00,142.17379,-8.27561,15.1,G,C57,Gaia2,CCD
7433,99942,,LT7gEal,2021-03-05 11:54:05.367000+00:00,142.16406,-8.26987,15.1,G,C57,Gaia2,CCD
7434,99942,,LT7gEal,2021-03-05 12:04:05.367000+00:00,142.15423,-8.26365,15.1,G,C57,Gaia2,CCD
7435,99942,,LT7gEal,2021-03-05 12:14:05.366000+00:00,142.14465,-8.25809,15.1,G,C57,Gaia2,CCD
7436,99942,,LT7gEal,2021-03-05 12:24:05.366000+00:00,142.13471,-8.25215,15.1,G,C57,Gaia2,CCD
7437,99942,,LT7gEal,2021-03-05 12:34:05.366000+00:00,142.12487,-8.24618,15.1,G,C57,Gaia2,CCD
7438,99942,,LT7gEal,2021-03-05 12:44:05.366000+00:00,142.11529,-8.24028,15.1,G,C57,Gaia2,CCD
7439,99942,,LT7gEal,2021-03-05 12:54:05.365000+00:00,142.10545,-8.23457,15.1,G,C57,Gaia2,CCD
7440,99942,,LT7gEal,2021-03-05 13:54:05.364000+00:00,142.04739,-8.19915,15.4,G,C57,Gaia2,CCD
7441,99942,,LT7gEal,2021-03-05 14:04:05.363000+00:00,142.03772,-8.19338,15.3,G,C57,Gaia2,CCD
7442,99942,,LT7gEal,2021-03-05 14:14:05.363000+00:00,142.02814,-8.18717,15.3,G,C57,Gaia2,CCD
7443,99942,,LT7gEal,2021-03-05 14:24:05.363000+00:00,142.01832,-8.18148,15.3,G,C57,Gaia2,CCD
7444,99942,,LT7gEal,2021-03-05 14:34:05.363000+00:00,142.00871,-8.17569,15.3,G,C57,Gaia2,CCD
7445,99942,,LT7gEal,2021-03-05 14:44:05.362000+00:00,141.99885,-8.16946,15.3,G,C57,Gaia2,CCD
7446,99942,,LT7gEal,2021-03-05 14:54:05.362000+00:00,141.98934,-8.16379,15.3,G,C57,Gaia2,CCD
7447,99942,,LT7gEal,2021-03-05 15:04:05.362000+00:00,141.97955,-8.15796,15.3,G,C57,Gaia2,CCD
7448,99942,,LT7gEal,2021-03-05 15:14:05.362000+00:00,141.97193,-8.15082,15.2,G,C57,Gaia2,CCD
7449,99942,,LT7gEal,2021-03-05 15:24:05.361000+00:00,141.96012,-8.14593,15.4,G,C57,Gaia2,CCD
7450,99942,,99942,2021-03-05 15:24:33.120000+00:00,142.11308,-7.94672,15.4,G,N82,Gaia2,CCD
7451,99942,,LT7gEal,2021-03-05 15:34:05.361000+00:00,141.95061,-8.14012,15.4,G,C57,Gaia2,CCD
7452,99942,,LT7gEal,2021-03-05 15:44:05.361000+00:00,141.94076,-8.13403,15.5,G,C57,Gaia2,CCD
7453,99942,,99942,2021-03-05 15:46:53.184000+00:00,142.09454,-7.93461,15.5,G,N82,Gaia2,CCD
7454,99942,,LT7gEal,2021-03-05 15:54:05.361000+00:00,141.93132,-8.12815,15.4,G,C57,Gaia2,CCD
7455,99942,,99942,2021-03-05 16:09:13.248000+00:00,142.07596,-7.9225,15.6,G,N82,Gaia2,CCD
7456,99942,,LT7gEal,2021-03-05 16:14:05.360000+00:00,141.91191,-8.1162,15.5,G,C57,Gaia2,CCD
7457,99942,,99942,2021-03-05 16:16:06.240000+00:00,142.08083,-7.91678,15.8,G,C40,Gaia2,CCD
7458,99942,,99942,2021-03-05 16:26:53.376000+00:00,142.07212,-7.911,15.7,G,C40,Gaia2,CCD
7459,99942,,99942,2021-03-05 16:51:43.776000+00:00,142.05192,-7.89769,15.7,G,C40,Gaia2,CCD
7460,99942,,99942,2021-03-05 16:56:21.984000+00:00,142.04812,-7.89519,15.7,G,C40,Gaia2,CCD
7461,99942,,99942,2021-03-05 17:12:55.584000+00:00,142.03458,-7.88628,15.7,G,C40,Gaia2,CCD
7462,99942,,99942,2021-03-05 17:25:16.032000+00:00,142.02446,-7.87967,15.8,G,C40,Gaia2,CCD
7463,99942,,99942,2021-03-05 17:39:31.392000+00:00,142.01587,-7.86967,15.6,V,A84,Gaia2,CCD
7464,99942,,99942,2021-03-05 17:41:20.256000+00:00,142.01433,-7.86872,15.6,V,A84,Gaia2,CCD
7465,99942,,99942,2021-03-05 17:43:10.848000+00:00,142.01279,-7.86769,15.5,V,A84,Gaia2,CCD
7466,99942,,99942,2021-03-05 17:45:00.576000+00:00,142.01129,-7.86675,15.5,V,A84,Gaia2,CCD
7467,99942,,99942,2021-03-05 17:46:50.304000+00:00,142.00979,-7.86575,15.6,V,A84,Gaia2,CCD
7468,99942,,99942,2021-03-05 17:48:39.168000+00:00,142.00833,-7.86478,15.5,V,A84,Gaia2,CCD
7469,99942,,99942,2021-03-05 17:50:28.896000+00:00,142.00679,-7.86378,15.5,V,A84,Gaia2,CCD
7470,99942,,99942,2021-03-05 17:52:19.488000+00:00,142.00529,-7.86283,15.6,V,A84,Gaia2,CCD
7471,99942,,LT7gEal,2021-03-05 17:54:05.357000+00:00,141.81584,-8.05638,15.4,G,C57,Gaia2,CCD
7472,99942,,99942,2021-03-05 17:54:09.216000+00:00,142.00379,-7.86183,15.5,V,A84,Gaia2,CCD
7473,99942,,99942,2021-03-05 17:55:58.080000+00:00,142.00225,-7.86083,15.5,V,A84,Gaia2,CCD
7474,99942,,99942,2021-03-05 17:56:23.136000+00:00,141.99875,-7.86292,15.6,G,C40,Gaia2,CCD
7475,99942,,99942,2021-03-05 17:57:48.672000+00:00,142.00075,-7.85989,15.6,V,A84,Gaia2,CCD
7476,99942,,99942,2021-03-05 17:59:28.032000+00:00,141.99617,-7.86125,15.8,G,C40,Gaia2,CCD
7477,99942,,99942,2021-03-05 17:59:38.400000+00:00,141.99921,-7.85889,15.5,V,A84,Gaia2,CCD
7478,99942,,99942,2021-03-05 18:01:27.264000+00:00,141.99771,-7.85789,15.5,V,A84,Gaia2,CCD
7479,99942,,99942,2021-03-05 18:03:16.992000+00:00,141.99621,-7.85694,15.5,V,A84,Gaia2,CCD
7480,99942,,99942,2021-03-05 18:05:07.584000+00:00,141.99467,-7.85592,15.5,V,A84,Gaia2,CCD
7481,99942,,99942,2021-03-05 18:06:57.312000+00:00,141.99308,-7.85497,15.6,V,A84,Gaia2,CCD
7482,99942,,99942,2021-03-05 18:07:11.136000+00:00,141.98979,-7.85706,15.8,G,C40,Gaia2,CCD
7483,99942,,99942,2021-03-05 18:08:42.720000+00:00,141.9885,-7.85619,15.8,G,C40,Gaia2,CCD
7484,99942,,99942,2021-03-05 18:08:46.176000+00:00,141.99162,-7.85394,15.5,V,A84,Gaia2,CCD
7485,99942,,99942,2021-03-05 18:10:16.032000+00:00,141.98721,-7.85539,15.8,G,C40,Gaia2,CCD
7486,99942,,99942,2021-03-05 18:10:35.904000+00:00,141.99013,-7.853,15.5,V,A84,Gaia2,CCD
7487,99942,,99942,2021-03-05 18:11:47.616000+00:00,141.98596,-7.85461,15.8,G,C40,Gaia2,CCD
7488,99942,,99942,2021-03-05 18:12:26.496000+00:00,141.98858,-7.852,15.5,V,A84,Gaia2,CCD
7489,99942,,99942,2021-03-05 18:14:15.360000+00:00,141.98708,-7.85103,15.5,V,A84,Gaia2,CCD
7490,99942,,99942,2021-03-05 18:16:05.088000+00:00,141.98554,-7.85003,15.5,V,A84,Gaia2,CCD
7491,99942,,99942,2021-03-05 18:16:25.824000+00:00,141.98212,-7.85206,15.8,G,C40,Gaia2,CCD
7492,99942,,99942,2021-03-05 18:17:54.816000+00:00,141.98396,-7.84906,15.5,V,A84,Gaia2,CCD
7493,99942,,99942,2021-03-05 18:19:45.408000+00:00,141.9825,-7.84806,15.5,V,A84,Gaia2,CCD
7494,99942,,99942,2021-03-05 18:21:34.272000+00:00,141.98096,-7.84708,15.5,V,A84,Gaia2,CCD
7495,99942,,99942,2021-03-05 18:23:24+00:00,141.97946,-7.84611,15.5,V,A84,Gaia2,CCD
7496,99942,,99942,2021-03-05 18:25:14.592000+00:00,141.97796,-7.84514,15.5,V,A84,Gaia2,CCD
7497,99942,,99942,2021-03-05 18:27:04.320000+00:00,141.97642,-7.84414,15.5,V,A84,Gaia2,CCD
7498,99942,,99942,2021-03-05 18:27:55.901000+00:00,141.97767,-7.84653,15.5,V,G12,PPMXL,CCD
7499,99942,,99942,2021-03-05 18:28:53.184000+00:00,141.97492,-7.84314,15.5,V,A84,Gaia2,CCD
7500,99942,,99942,2021-03-05 18:30:42.912000+00:00,141.97333,-7.84217,15.5,V,A84,Gaia2,CCD
7501,99942,,99942,2021-03-05 18:31:58.080000+00:00,141.96917,-7.84367,15.9,G,C40,Gaia2,CCD
7502,99942,,99942,2021-03-05 18:32:33.504000+00:00,141.97183,-7.84119,15.5,V,A84,Gaia2,CCD
7503,99942,,99942,2021-03-05 18:34:22.368000+00:00,141.97029,-7.84019,15.5,V,A84,Gaia2,CCD
7504,99942,,99942,2021-03-05 18:35:02.976000+00:00,141.96662,-7.842,15.7,G,C40,Gaia2,CCD
7505,99942,,99942,2021-03-05 18:36:12.096000+00:00,141.96875,-7.83922,15.5,V,A84,Gaia2,CCD
7506,99942,,99942,2021-03-05 18:37:35.040000+00:00,141.96988,-7.84142,15.8,V,G12,PPMXL,CCD
7507,99942,,99942,2021-03-05 18:38:01.824000+00:00,141.96725,-7.83825,15.4,V,A84,Gaia2,CCD
7508,99942,,99942,2021-03-05 18:38:07.872000+00:00,141.96404,-7.84033,15.7,G,C40,Gaia2,CCD
7509,99942,,99942,2021-03-05 18:39:41.184000+00:00,141.96275,-7.83953,15.7,G,C40,Gaia2,CCD
7510,99942,,99942,2021-03-05 18:39:52.416000+00:00,141.96571,-7.83725,15.4,V,A84,Gaia2,CCD
7511,99942,,99942,2021-03-05 18:41:41.280000+00:00,141.96417,-7.83625,15.5,V,A84,Gaia2,CCD
7512,99942,,99942,2021-03-05 18:42:46.080000+00:00,141.96017,-7.83781,15.7,G,C40,Gaia2,CCD
7513,99942,,99942,2021-03-05 18:42:57.312000+00:00,141.94967,-7.83725,15.8,R,N42,UNK,CCD
7514,99942,,99942,2021-03-05 18:43:44.832000+00:00,141.949,-7.83683,15.7,R,N42,UNK,CCD
7515,99942,,99942,2021-03-05 18:44:17.664000+00:00,141.95896,-7.83706,15.7,G,C40,Gaia2,CCD
7516,99942,,99942,2021-03-05 18:44:32.352000+00:00,141.94837,-7.83639,15.6,R,N42,UNK,CCD
7517,99942,,99942,2021-03-05 18:45:19.008000+00:00,141.94771,-7.83597,15.6,R,N42,UNK,CCD
7518,99942,,99942,2021-03-05 18:45:50.976000+00:00,141.95767,-7.83617,15.8,G,C40,Gaia2,CCD
7519,99942,,99942,2021-03-05 18:46:06.528000+00:00,141.947,-7.8355,15.7,R,N42,UNK,CCD
7520,99942,,99942,2021-03-05 18:46:54.048000+00:00,141.94642,-7.83508,15.6,R,N42,UNK,CCD
7521,99942,,99942,2021-03-05 18:47:23.424000+00:00,141.95633,-7.83536,15.8,G,C40,Gaia2,CCD
7522,99942,,99942,2021-03-05 18:47:40.704000+00:00,141.94571,-7.83467,15.6,R,N42,UNK,CCD
7523,99942,,99942,2021-03-05 18:48:28.224000+00:00,141.94508,-7.83422,15.6,R,N42,UNK,CCD
7524,99942,,99942,2021-03-05 18:49:15.744000+00:00,141.94437,-7.83378,15.7,R,N42,UNK,CCD
7525,99942,,99942,2021-03-05 18:50:02.400000+00:00,141.94362,-7.83339,15.3,R,N42,UNK,CCD
7526,99942,,99942,2021-03-05 18:50:49.920000+00:00,141.94304,-7.83303,15.4,R,N42,UNK,CCD
7527,99942,,99942,2021-03-05 18:51:37.440000+00:00,141.9425,-7.83267,15.4,R,N42,UNK,CCD
7528,99942,,99942,2021-03-05 18:52:24.096000+00:00,141.94183,-7.83211,15.5,R,N42,UNK,CCD
7529,99942,,99942,2021-03-05 18:53:11.616000+00:00,141.94117,-7.83161,15.7,R,N42,UNK,CCD
7530,99942,,99942,2021-03-05 18:53:59.136000+00:00,141.94046,-7.83119,15.7,R,N42,UNK,CCD
7531,99942,,99942,2021-03-05 18:54:46.656000+00:00,141.93983,-7.83078,15.6,R,N42,UNK,CCD
7532,99942,,99942,2021-03-05 18:55:33.312000+00:00,141.93912,-7.83033,15.6,R,N42,UNK,CCD
7533,99942,,99942,2021-03-05 18:56:20.832000+00:00,141.93854,-7.82994,15.5,R,N42,UNK,CCD
7534,99942,,99942,2021-03-05 18:56:38.112000+00:00,141.94867,-7.83039,15.8,G,C40,Gaia2,CCD
7535,99942,,99942,2021-03-05 18:57:08.352000+00:00,141.93787,-7.82947,15.6,R,N42,UNK,CCD
7536,99942,,99942,2021-03-05 18:57:55.872000+00:00,141.93721,-7.82906,15.6,R,N42,UNK,CCD
7537,99942,,99942,2021-03-05 18:58:42.528000+00:00,141.93658,-7.82864,15.6,R,N42,UNK,CCD
7538,99942,,99942,2021-03-05 18:59:30.048000+00:00,141.93592,-7.82819,15.6,R,N42,UNK,CCD
7539,99942,,99942,2021-03-05 18:59:38.342000+00:00,141.95192,-7.82969,15.2,V,G12,PPMXL,CCD
7540,99942,,99942,2021-03-05 19:00:17.568000+00:00,141.93521,-7.82775,15.5,R,N42,UNK,CCD
7541,99942,,99942,2021-03-05 19:01:04.224000+00:00,141.93458,-7.82733,15.6,R,N42,UNK,CCD
7542,99942,,99942,2021-03-05 19:01:51.744000+00:00,141.93392,-7.82686,15.6,R,N42,UNK,CCD
7543,99942,,99942,2021-03-05 19:02:39.264000+00:00,141.93329,-7.82644,15.5,R,N42,UNK,CCD
7544,99942,,99942,2021-03-05 19:02:48.941000+00:00,141.94938,-7.82797,15.7,V,G12,PPMXL,CCD
7545,99942,,99942,2021-03-05 19:03:25.920000+00:00,141.93262,-7.826,15.0,R,N42,UNK,CCD
7546,99942,,99942,2021-03-05 19:04:13.440000+00:00,141.93196,-7.82558,15.5,R,N42,UNK,CCD
7547,99942,,99942,2021-03-05 19:05:00.960000+00:00,141.93129,-7.82517,15.6,R,N42,UNK,CCD
7548,99942,,99942,2021-03-05 19:05:16.339000+00:00,141.94733,-7.82639,16.0,V,G12,PPMXL,CCD
7549,99942,,99942,2021-03-05 19:05:47.616000+00:00,141.93067,-7.82475,15.6,R,N42,UNK,CCD
7550,99942,,99942,2021-03-05 19:06:00.576000+00:00,141.94083,-7.82525,15.8,G,C40,Gaia2,CCD
7551,99942,,99942,2021-03-05 19:07:33.888000+00:00,141.9395,-7.82442,15.8,G,C40,Gaia2,CCD
7552,99942,,99942,2021-03-05 19:09:07.200000+00:00,141.93825,-7.82356,15.8,G,C40,Gaia2,CCD
7553,99942,,99942,2021-03-05 19:12:12.096000+00:00,141.93567,-7.82192,15.7,G,C40,Gaia2,CCD
7554,99942,,LT7gEal,2021-03-05 19:14:05.355000+00:00,141.73906,-8.00827,15.4,G,C57,Gaia2,CCD
7555,99942,,99942,2021-03-05 19:15:15.869000+00:00,141.93921,-7.82125,15.6,V,G12,PPMXL,CCD
7556,99942,,99942,2021-03-05 19:15:16.992000+00:00,141.93308,-7.82022,15.7,G,C40,Gaia2,CCD
7557,99942,,99942,2021-03-05 19:16:48.576000+00:00,141.93179,-7.81942,15.7,G,C40,Gaia2,CCD
7558,99942,,99942,2021-03-05 19:18:18.691000+00:00,141.93679,-7.81953,15.0,V,G12,PPMXL,CCD
7559,99942,,99942,2021-03-05 19:22:22.426000+00:00,141.9335,-7.81733,15.8,V,G12,PPMXL,CCD
7560,99942,,99942,2021-03-05 19:27:36.576000+00:00,141.92283,-7.81358,15.7,G,C40,Gaia2,CCD
7561,99942,,LT7gEal,2021-03-05 19:34:05.355000+00:00,141.71985,-7.99642,15.4,G,C57,Gaia2,CCD
7562,99942,,99942,2021-03-05 19:35:18.816000+00:00,141.91633,-7.80939,15.6,G,C40,Gaia2,CCD
7563,99942,,LT7gEal,2021-03-05 19:54:05.354000+00:00,141.70097,-7.98432,15.4,G,C57,Gaia2,CCD
7564,99942,,99942,2021-03-05 19:57:39.744000+00:00,141.89217,-7.79119,15.4,G,M43,Gaia2,CCD
7565,99942,,99942,2021-03-05 20:02:49.056000+00:00,141.88775,-7.7885,15.2,G,M43,Gaia2,CCD
7566,99942,,LT7gEal,2021-03-05 20:04:05.354000+00:00,141.69132,-7.97843,15.4,G,C57,Gaia2,CCD
7567,99942,,99942,2021-03-05 20:07:58.368000+00:00,141.88333,-7.78572,15.2,G,M43,Gaia2,CCD
7568,99942,,99942,2021-03-05 20:13:07.680000+00:00,141.87896,-7.783,15.3,G,M43,Gaia2,CCD
7569,99942,,LT7gEal,2021-03-05 20:14:05.354000+00:00,141.68195,-7.97214,15.4,G,C57,Gaia2,CCD
7570,99942,,99942,2021-03-05 20:18:16.992000+00:00,141.87454,-7.78003,15.4,G,M43,Gaia2,CCD
7571,99942,,99942,2021-03-05 20:23:26.304000+00:00,141.87021,-7.77717,15.6,G,M43,Gaia2,CCD
7572,99942,,LT7gEal,2021-03-05 20:24:05.353000+00:00,141.67243,-7.96617,15.3,G,C57,Gaia2,CCD
7573,99942,,LT7gEal,2021-03-05 20:34:05.353000+00:00,141.66267,-7.96026,15.3,G,C57,Gaia2,CCD
7574,99942,,LT7gEal,2021-03-05 20:44:05.353000+00:00,141.65339,-7.95389,15.3,G,C57,Gaia2,CCD
7575,99942,,LT7gEal,2021-03-05 20:54:05.353000+00:00,141.64367,-7.94798,15.3,G,C57,Gaia2,CCD
7576,99942,,LT7gEal,2021-03-05 21:04:05.352000+00:00,141.63405,-7.94185,15.2,G,C57,Gaia2,CCD
7577,99942,,LT7gEal,2021-03-05 21:14:05.352000+00:00,141.62477,-7.93565,15.3,G,C57,Gaia2,CCD
7578,99942,,LT7gEal,2021-03-05 21:24:05.352000+00:00,141.61524,-7.9298,15.2,G,C57,Gaia2,CCD
7579,99942,,99942,2021-03-05 21:26:09.715000+00:00,141.83325,-7.75033,15.6,V,K05,UCAC4,CCD
7580,99942,,99942,2021-03-05 21:32:13.805000+00:00,141.82179,-7.74628,15.2,G,073,Gaia2,CCD
7581,99942,,99942,2021-03-05 21:34:02.323000+00:00,141.82675,-7.74606,15.5,V,K05,UCAC4,CCD
7582,99942,,LT7gEal,2021-03-05 21:34:05.352000+00:00,141.60581,-7.92384,15.2,G,C57,Gaia2,CCD
7583,99942,,99942,2021-03-05 21:37:42.125000+00:00,141.81737,-7.74264,15.2,G,073,Gaia2,CCD
7584,99942,,99942,2021-03-05 21:41:54.931000+00:00,141.82025,-7.74183,15.5,V,K05,UCAC4,CCD
7585,99942,,99942,2021-03-05 21:43:26.688000+00:00,141.81262,-7.73942,15.2,G,073,Gaia2,CCD
7586,99942,,LT7gEal,2021-03-05 21:44:05.351000+00:00,141.5964,-7.91758,15.2,G,C57,Gaia2,CCD
7587,99942,,99942,2021-03-05 21:49:47.712000+00:00,141.81375,-7.7375,15.5,V,K05,UCAC4,CCD
7588,99942,,99942,2021-03-05 21:52:00.422000+00:00,141.8105,-7.73617,15.9,G,G33,Gaia2,CCD
7589,99942,,99942,2021-03-05 21:53:49.546000+00:00,141.80896,-7.73519,16.0,G,G33,Gaia2,CCD
7590,99942,,LT7gEal,2021-03-05 21:54:05.351000+00:00,141.58693,-7.91166,15.1,G,C57,Gaia2,CCD
7591,99942,,99942,2021-03-05 21:55:20.179000+00:00,141.80775,-7.73436,16.1,G,G33,Gaia2,CCD
7592,99942,,99942,2021-03-05 21:57:00.144000+00:00,141.80633,-7.73342,16.1,G,G33,Gaia2,CCD
7593,99942,,99942,2021-03-05 21:57:40.666000+00:00,141.80725,-7.73322,15.4,V,K05,UCAC4,CCD
7594,99942,,99942,2021-03-05 21:58:26.026000+00:00,141.80512,-7.73269,15.7,G,G33,Gaia2,CCD
7595,99942,,99942,2021-03-05 22:00:29.405000+00:00,141.80346,-7.73156,15.9,G,G33,Gaia2,CCD
7596,99942,,LT7gEal,2021-03-05 22:04:05.351000+00:00,141.57739,-7.9055,15.1,G,C57,Gaia2,CCD
7597,99942,,99942,2021-03-05 22:05:33.533000+00:00,141.80071,-7.72894,15.4,V,K05,UCAC4,CCD
7598,99942,,99942,2021-03-05 22:07:10.301000+00:00,141.79633,-7.72781,15.5,G,G34,Gaia2,CCD
7599,99942,,99942,2021-03-05 22:09:31.478000+00:00,141.7945,-7.72658,14.9,G,G34,Gaia2,CCD
7600,99942,,99942,2021-03-05 22:11:52.742000+00:00,141.7925,-7.72525,15.5,G,G34,Gaia2,CCD
7601,99942,,99942,2021-03-05 22:13:26.314000+00:00,141.79425,-7.72469,15.7,V,K05,UCAC4,CCD
7602,99942,,LT7gEal,2021-03-05 22:14:05.351000+00:00,141.56801,-7.89936,15.1,G,C57,Gaia2,CCD
7603,99942,,99942,2021-03-05 22:14:13.834000+00:00,141.79079,-7.72408,14.9,G,G34,Gaia2,CCD
7604,99942,,99942,2021-03-05 22:16:35.011000+00:00,141.78854,-7.72267,15.0,G,G34,Gaia2,CCD
7605,99942,,99942,2021-03-05 22:18:56.102000+00:00,141.78667,-7.72147,14.9,G,G34,Gaia2,CCD
7606,99942,,99942,2021-03-05 22:21:17.280000+00:00,141.78458,-7.72008,15.2,G,G34,Gaia2,CCD
7607,99942,,99942,2021-03-05 22:21:19.008000+00:00,141.78779,-7.72036,15.4,V,K05,UCAC4,CCD
7608,99942,,LT7gEal,2021-03-05 22:24:05.350000+00:00,141.55851,-7.8934,15.1,G,C57,Gaia2,CCD
7609,99942,,99942,2021-03-05 22:29:11.616000+00:00,141.78125,-7.716,15.1,V,K05,UCAC4,CCD
7610,99942,,99942,2021-03-05 22:31:42.989000+00:00,141.77592,-7.71406,14.4,R,K61,Gaia2,CCD
7611,99942,,LT7gEal,2021-03-05 22:34:05.350000+00:00,141.54911,-7.88706,15.1,G,C57,Gaia2,CCD
7612,99942,,99942,2021-03-05 22:34:38.986000+00:00,141.7735,-7.71244,14.6,R,K61,Gaia2,CCD
7613,99942,,99942,2021-03-05 22:35:17.002000+00:00,141.773,-7.71208,14.5,R,K61,Gaia2,CCD
7614,99942,,99942,2021-03-05 22:35:55.536000+00:00,141.77246,-7.71175,14.9,R,K61,Gaia2,CCD
7615,99942,,LT7gEal,2021-03-05 22:44:05.350000+00:00,141.53975,-7.88112,15.1,G,C57,Gaia2,CCD
7616,99942,,LT7gEal,2021-03-05 22:54:05.349000+00:00,141.53023,-7.87503,15.1,G,C57,Gaia2,CCD
7617,99942,,99942,2021-03-05 22:58:59+00:00,141.75685,-7.69981,15.2,G,Z80,Gaia2,CCD
7618,99942,,LT7gEal,2021-03-05 23:04:05.349000+00:00,141.52092,-7.86868,15.1,G,C57,Gaia2,CCD
7619,99942,,99942,2021-03-05 23:08:59+00:00,141.74871,-7.69429,15.0,G,Z80,Gaia2,CCD
7620,99942,,LT7gEal,2021-03-05 23:14:05.349000+00:00,141.51137,-7.86272,15.1,G,C57,Gaia2,CCD
7621,99942,,99942,2021-03-05 23:18:59+00:00,141.74044,-7.68877,15.1,G,Z80,Gaia2,CCD
7622,99942,,LT7gEal,2021-03-05 23:24:05.349000+00:00,141.50209,-7.85662,15.1,G,C57,Gaia2,CCD
7623,99942,,99942,2021-03-05 23:28:38.208000+00:00,141.73108,-7.68169,15.2,V,G07,UCAC4,CCD
7624,99942,,99942,2021-03-05 23:28:59+00:00,141.73226,-7.68324,15.3,G,Z80,Gaia2,CCD
7625,99942,,LT7gEal,2021-03-05 23:34:05.348000+00:00,141.49265,-7.85036,15.1,G,C57,Gaia2,CCD
7626,99942,,99942,2021-03-05 23:39:34+00:00,141.72342,-7.67742,15.1,G,Z80,Gaia2,CCD
7627,99942,,LT7gEal,2021-03-05 23:44:05.348000+00:00,141.48333,-7.84446,15.1,G,C57,Gaia2,CCD
7628,99942,,LT7gEal,2021-03-05 23:54:05.348000+00:00,141.47402,-7.83812,15.0,G,C57,Gaia2,CCD
7629,99942,,99942,2021-03-05 23:58:24.960000+00:00,141.70629,-7.66542,15.2,V,G07,UCAC4,CCD
7630,99942,,LT7gEal,2021-03-06 00:04:05.348000+00:00,141.46447,-7.83201,15.1,G,C57,Gaia2,CCD
7631,99942,,LT7gEar,2021-03-06 00:14:05.347000+00:00,141.45513,-7.82594,14.8,G,C57,Gaia2,CCD
7632,99942,,99942,2021-03-06 00:16:39.648000+00:00,141.71092,-7.65439,14.8,R,932,URAT1,CCD
7633,99942,,LT7gEar,2021-03-06 00:24:05.347000+00:00,141.44582,-7.81956,15.1,G,C57,Gaia2,CCD
7634,99942,,99942,2021-03-06 00:27:12.096000+00:00,141.68246,-7.64953,15.1,V,G07,UCAC4,CCD
7635,99942,,LT7gEar,2021-03-06 00:34:05.347000+00:00,141.43651,-7.8136,15.0,G,C57,Gaia2,CCD
7636,99942,,99942,2021-03-06 00:34:18.048000+00:00,141.69658,-7.64478,14.8,R,932,URAT1,CCD
7637,99942,,LT7gEar,2021-03-06 00:44:05.347000+00:00,141.42715,-7.80751,15.1,G,C57,Gaia2,CCD
7638,99942,,99942,2021-03-06 00:51:56.448000+00:00,141.68208,-7.63531,14.8,R,932,URAT1,CCD
7639,99942,,LT7gEar,2021-03-06 00:54:05.346000+00:00,141.41786,-7.80118,15.1,G,C57,Gaia2,CCD
7640,99942,,99942,2021-03-06 01:02:38.400000+00:00,141.6705,-7.63044,15.0,G,I22,Gaia2,CCD
7641,99942,,99942,2021-03-06 01:03:07.776000+00:00,141.67013,-7.63019,15.0,G,I22,Gaia2,CCD
7642,99942,,99942,2021-03-06 01:03:38.016000+00:00,141.66967,-7.62992,15.0,G,I22,Gaia2,CCD
7643,99942,,LT7gEar,2021-03-06 01:04:05.346000+00:00,141.40846,-7.79515,15.1,G,C57,Gaia2,CCD
7644,99942,,99942,2021-03-06 01:04:07.392000+00:00,141.66925,-7.62964,15.0,G,I22,Gaia2,CCD
7645,99942,,99942,2021-03-06 01:04:36.768000+00:00,141.66888,-7.62939,15.0,G,I22,Gaia2,CCD
7646,99942,,99942,2021-03-06 01:05:06.144000+00:00,141.66846,-7.62911,15.1,G,I22,Gaia2,CCD
7647,99942,,99942,2021-03-06 01:05:36.384000+00:00,141.66808,-7.62886,15.1,G,I22,Gaia2,CCD
7648,99942,,99942,2021-03-06 01:06:05.760000+00:00,141.66767,-7.62856,15.0,G,I22,Gaia2,CCD
7649,99942,,99942,2021-03-06 01:06:35.136000+00:00,141.66725,-7.62831,15.0,G,I22,Gaia2,CCD
7650,99942,,99942,2021-03-06 01:07:05.376000+00:00,141.66683,-7.62803,15.1,G,I22,Gaia2,CCD
7651,99942,,99942,2021-03-06 01:07:33.888000+00:00,141.66642,-7.62781,15.1,G,I22,Gaia2,CCD
7652,99942,,99942,2021-03-06 01:08:04.128000+00:00,141.66596,-7.62744,15.0,G,I22,Gaia2,CCD
7653,99942,,99942,2021-03-06 01:08:32.640000+00:00,141.66558,-7.62719,15.0,G,I22,Gaia2,CCD
7654,99942,,99942,2021-03-06 01:09:02.880000+00:00,141.66508,-7.62692,15.0,G,I22,Gaia2,CCD
7655,99942,,99942,2021-03-06 01:09:32.256000+00:00,141.66483,-7.62669,15.0,G,I22,Gaia2,CCD
7656,99942,,99942,2021-03-06 01:10:03.360000+00:00,141.66438,-7.62644,15.0,G,I22,Gaia2,CCD
7657,99942,,99942,2021-03-06 01:10:31.872000+00:00,141.66392,-7.62619,15.0,G,I22,Gaia2,CCD
7658,99942,,99942,2021-03-06 01:11:02.112000+00:00,141.66354,-7.62589,15.1,G,I22,Gaia2,CCD
7659,99942,,99942,2021-03-06 01:11:32.352000+00:00,141.66321,-7.62561,15.0,G,I22,Gaia2,CCD
7660,99942,,99942,2021-03-06 01:12:01.728000+00:00,141.66279,-7.62533,15.0,G,I22,Gaia2,CCD
7661,99942,,99942,2021-03-06 01:12:31.104000+00:00,141.66242,-7.62508,15.0,G,I22,Gaia2,CCD
7662,99942,,99942,2021-03-06 01:13:01.344000+00:00,141.66192,-7.62481,15.0,G,I22,Gaia2,CCD
7663,99942,,99942,2021-03-06 01:13:30.720000+00:00,141.66154,-7.62456,15.0,G,I22,Gaia2,CCD
7664,99942,,99942,2021-03-06 01:14:00.960000+00:00,141.66108,-7.62428,15.1,G,I22,Gaia2,CCD
7665,99942,,LT7gEar,2021-03-06 01:14:05.346000+00:00,141.3993,-7.7889,15.0,G,C57,Gaia2,CCD
7666,99942,,99942,2021-03-06 01:14:30.336000+00:00,141.66075,-7.624,15.0,G,I22,Gaia2,CCD
7667,99942,,99942,2021-03-06 01:14:59.712000+00:00,141.66029,-7.62372,15.0,G,I22,Gaia2,CCD
7668,99942,,99942,2021-03-06 01:15:29.088000+00:00,141.65992,-7.6235,15.0,G,I22,Gaia2,CCD
7669,99942,,99942,2021-03-06 01:15:59.328000+00:00,141.6595,-7.62322,15.0,G,I22,Gaia2,CCD
7670,99942,,99942,2021-03-06 01:16:27.840000+00:00,141.65908,-7.62297,15.0,G,I22,Gaia2,CCD
7671,99942,,99942,2021-03-06 01:16:58.080000+00:00,141.65867,-7.62267,15.0,G,I22,Gaia2,CCD
7672,99942,,99942,2021-03-06 01:17:26.592000+00:00,141.65825,-7.62242,15.0,G,I22,Gaia2,CCD
7673,99942,,99942,2021-03-06 01:17:56.832000+00:00,141.65779,-7.62208,15.1,G,I22,Gaia2,CCD
7674,99942,,99942,2021-03-06 01:18:26.208000+00:00,141.65746,-7.62192,15.1,G,I22,Gaia2,CCD
7675,99942,,99942,2021-03-06 01:18:54.720000+00:00,141.65713,-7.62164,15.1,G,I22,Gaia2,CCD
7676,99942,,99942,2021-03-06 01:19:24.960000+00:00,141.65663,-7.62136,15.0,G,I22,Gaia2,CCD
7677,99942,,99942,2021-03-06 01:19:54.336000+00:00,141.65617,-7.62114,15.0,G,I22,Gaia2,CCD
7678,99942,,99942,2021-03-06 01:20:23.712000+00:00,141.65583,-7.62081,15.1,G,I22,Gaia2,CCD
7679,99942,,99942,2021-03-06 01:20:53.088000+00:00,141.65537,-7.62056,15.0,G,I22,Gaia2,CCD
7680,99942,,99942,2021-03-06 01:21:24.192000+00:00,141.65496,-7.62031,15.0,G,I22,Gaia2,CCD
7681,99942,,99942,2021-03-06 01:21:52.704000+00:00,141.65458,-7.62,15.0,G,I22,Gaia2,CCD
7682,99942,,99942,2021-03-06 01:22:22.944000+00:00,141.65417,-7.61975,15.0,G,I22,Gaia2,CCD
7683,99942,,99942,2021-03-06 01:22:52.320000+00:00,141.65379,-7.61947,15.1,G,I22,Gaia2,CCD
7684,99942,,99942,2021-03-06 01:23:21.696000+00:00,141.65338,-7.61919,15.0,G,I22,Gaia2,CCD
7685,99942,,99942,2021-03-06 01:23:51.072000+00:00,141.65296,-7.61894,15.0,G,I22,Gaia2,CCD
7686,99942,,LT7gEar,2021-03-06 01:24:05.346000+00:00,141.39003,-7.78263,15.1,G,C57,Gaia2,CCD
7687,99942,,99942,2021-03-06 01:24:22.176000+00:00,141.65254,-7.61867,15.0,G,I22,Gaia2,CCD
7688,99942,,99942,2021-03-06 01:24:52.416000+00:00,141.65217,-7.61839,15.0,G,I22,Gaia2,CCD
7689,99942,,99942,2021-03-06 01:25:21.792000+00:00,141.65175,-7.61814,15.1,G,I22,Gaia2,CCD
7690,99942,,99942,2021-03-06 01:25:51.168000+00:00,141.65129,-7.61781,15.1,G,I22,Gaia2,CCD
7691,99942,,99942,2021-03-06 01:25:54.624000+00:00,141.65121,-7.61772,15.1,G,851,Gaia2,CCD
7692,99942,,99942,2021-03-06 01:26:21.408000+00:00,141.65096,-7.61758,15.1,G,I22,Gaia2,CCD
7693,99942,,99942,2021-03-06 01:26:50.784000+00:00,141.65046,-7.61736,15.1,G,I22,Gaia2,CCD
7694,99942,,99942,2021-03-06 01:27:20.160000+00:00,141.65008,-7.61708,15.0,G,I22,Gaia2,CCD
7695,99942,,99942,2021-03-06 01:27:48.672000+00:00,141.64963,-7.61675,15.1,G,I22,Gaia2,CCD
7696,99942,,99942,2021-03-06 01:28:05.952000+00:00,141.64938,-7.61672,15.3,G,851,Gaia2,CCD
7697,99942,,99942,2021-03-06 01:28:18.912000+00:00,141.64917,-7.61653,15.0,G,I22,Gaia2,CCD
7698,99942,,99942,2021-03-06 01:28:48.288000+00:00,141.64896,-7.61628,15.1,G,I22,Gaia2,CCD
7699,99942,,99942,2021-03-06 01:29:17.664000+00:00,141.64833,-7.61603,15.0,G,I22,Gaia2,CCD
7700,99942,,99942,2021-03-06 01:29:47.040000+00:00,141.648,-7.61572,15.1,G,I22,Gaia2,CCD
7701,99942,,99942,2021-03-06 01:30:17.280000+00:00,141.64763,-7.61544,15.0,G,I22,Gaia2,CCD
7702,99942,,99942,2021-03-06 01:30:45.792000+00:00,141.64717,-7.61519,15.0,G,I22,Gaia2,CCD
7703,99942,,99942,2021-03-06 01:31:16.032000+00:00,141.64683,-7.61492,15.1,G,I22,Gaia2,CCD
7704,99942,,99942,2021-03-06 01:31:46.272000+00:00,141.64646,-7.61464,15.0,G,I22,Gaia2,CCD
7705,99942,,99942,2021-03-06 01:32:15.648000+00:00,141.64587,-7.61439,15.1,G,I22,Gaia2,CCD
7706,99942,,LT7gEar,2021-03-06 01:34:05.345000+00:00,141.3805,-7.77673,15.0,G,C57,Gaia2,CCD
7707,99942,,LT7gEar,2021-03-06 01:44:05.345000+00:00,141.37134,-7.77032,15.1,G,C57,Gaia2,CCD
7708,99942,,LT7gEar,2021-03-06 01:54:05.345000+00:00,141.36212,-7.76435,15.1,G,C57,Gaia2,CCD
7709,99942,,LT7gEar,2021-03-06 02:04:05.344000+00:00,141.3528,-7.75801,15.1,G,C57,Gaia2,CCD
7710,99942,,LT7gEar,2021-03-06 02:14:05.344000+00:00,141.34348,-7.75171,15.1,G,C57,Gaia2,CCD
7711,99942,,LT7gEar,2021-03-06 02:24:05.344000+00:00,141.33424,-7.7456,15.2,G,C57,Gaia2,CCD
7712,99942,,LT7gEar,2021-03-06 02:34:05.344000+00:00,141.32515,-7.73875,15.1,G,C57,Gaia2,CCD
7713,99942,,LT7gEar,2021-03-06 02:44:05.343000+00:00,141.31568,-7.73296,15.2,G,C57,Gaia2,CCD
7714,99942,,99942,2021-03-06 02:45:28.224000+00:00,141.59208,-7.57417,14.8,R,726,UCAC4,CCD
7715,99942,,99942,2021-03-06 02:52:09.984000+00:00,141.58654,-7.57033,14.6,R,726,UCAC4,CCD
7716,99942,,LT7gEar,2021-03-06 02:54:05.343000+00:00,141.30658,-7.72707,15.1,G,C57,Gaia2,CCD
7717,99942,,99942,2021-03-06 02:56:12.768000+00:00,141.58321,-7.56828,14.7,R,726,UCAC4,CCD
7718,99942,,LT7gEar,2021-03-06 03:04:05.343000+00:00,141.29731,-7.72059,15.2,G,C57,Gaia2,CCD
7719,99942,,LT7gEar,2021-03-06 03:14:05.343000+00:00,141.28822,-7.71462,15.2,G,C57,Gaia2,CCD
7720,99942,,LT7gEar,2021-03-06 03:24:05.342000+00:00,141.27895,-7.70809,15.2,G,C57,Gaia2,CCD
7721,99942,,Vp5403,2021-03-06 03:26:15.936000+00:00,141.56512,-7.54828,15.5,V,691,USNOB1,CCD
7722,99942,,99942,2021-03-06 03:27:33.696000+00:00,141.55742,-7.55114,14.9,R,726,UCAC4,CCD
7723,99942,,99942,2021-03-06 03:32:56.832000+00:00,141.55292,-7.54819,14.6,R,726,UCAC4,CCD
7724,99942,,LT7gEar,2021-03-06 03:34:05.342000+00:00,141.26971,-7.70197,15.2,G,C57,Gaia2,CCD
7725,99942,,99942,2021-03-06 03:37:59.232000+00:00,141.54879,-7.5455,14.7,R,726,UCAC4,CCD
7726,99942,,LT7gEar,2021-03-06 03:44:05.342000+00:00,141.26059,-7.69575,15.3,G,C57,Gaia2,CCD
7727,99942,,LT7gEar,2021-03-06 03:54:05.342000+00:00,141.25177,-7.68919,15.2,G,C57,Gaia2,CCD
7728,99942,,LT7gEar,2021-03-06 04:04:05.341000+00:00,141.24228,-7.6833,15.3,G,C57,Gaia2,CCD
7729,99942,,Vp5403,2021-03-06 04:09:15.840000+00:00,141.52929,-7.52497,15.6,V,691,USNOB1,CCD
7730,99942,,LT7gEar,2021-03-06 04:14:05.341000+00:00,141.23323,-7.67665,15.3,G,C57,Gaia2,CCD
7731,99942,,99942,2021-03-06 04:14:33.792000+00:00,141.52462,-7.52228,15.0,G,I52,Gaia2,CCD
7732,99942,,99942,2021-03-06 04:18:03.744000+00:00,141.52167,-7.52039,14.9,G,I52,Gaia2,CCD
7733,99942,,99942,2021-03-06 04:21:33.696000+00:00,141.51879,-7.51856,14.9,G,I52,Gaia2,CCD
7734,99942,,LT7gEar,2021-03-06 04:24:05.341000+00:00,141.22426,-7.67067,15.2,G,C57,Gaia2,CCD
7735,99942,,99942,2021-03-06 04:25:02.784000+00:00,141.51579,-7.51656,15.0,G,I52,Gaia2,CCD
7736,99942,,LT7gEar,2021-03-06 04:34:05.340000+00:00,141.21516,-7.66445,15.3,G,C57,Gaia2,CCD
7737,99942,,LT7gEar,2021-03-06 04:44:05.340000+00:00,141.20592,-7.65798,15.2,G,C57,Gaia2,CCD
7738,99942,,Vp5403,2021-03-06 04:50:10.464000+00:00,141.49496,-7.50272,15.7,V,691,USNOB1,CCD
7739,99942,,Vp5503,2021-03-06 04:52:19.200000+00:00,141.49317,-7.50158,15.7,V,691,USNOB1,CCD
7740,99942,,LT7gEar,2021-03-06 04:54:05.340000+00:00,141.19651,-7.65199,15.3,G,C57,Gaia2,CCD
7741,99942,,LT7gEar,2021-03-06 05:04:05.340000+00:00,141.18783,-7.64545,15.4,G,C57,Gaia2,CCD
7742,99942,,LT7gEar,2021-03-06 05:14:05.339000+00:00,141.17882,-7.63937,15.4,G,C57,Gaia2,CCD
7743,99942,,Vp5503,2021-03-06 05:22:24.960000+00:00,141.46783,-7.48517,15.7,V,691,USNOB1,CCD
7744,99942,,LT7gEar,2021-03-06 05:24:05.339000+00:00,141.16964,-7.63283,15.4,G,C57,Gaia2,CCD
7745,99942,,LT7gEar,2021-03-06 05:34:05.339000+00:00,141.16078,-7.62643,15.4,G,C57,Gaia2,CCD
7746,99942,,ABC0070,2021-03-06 05:39:49.700000+00:00,141.45475,-7.47668,15.5,G,U72,Gaia2,CCD
7747,99942,,LT7gEar,2021-03-06 05:44:05.339000+00:00,141.15172,-7.62039,15.5,G,C57,Gaia2,CCD
7748,99942,,Vp5503,2021-03-06 05:50:22.848000+00:00,141.44421,-7.46986,15.8,V,691,USNOB1,CCD
7749,99942,,LT7gEar,2021-03-06 05:54:05.338000+00:00,141.14245,-7.61389,15.5,G,C57,Gaia2,CCD
7750,99942,,LT7gEar,2021-03-06 06:04:05.338000+00:00,141.13356,-7.60771,15.5,G,C57,Gaia2,CCD
7751,99942,,LT7gEar,2021-03-06 06:14:05.338000+00:00,141.12462,-7.60114,15.6,G,C57,Gaia2,CCD
7752,99942,,LT7gEar,2021-03-06 06:24:05.338000+00:00,141.11551,-7.59511,15.6,G,C57,Gaia2,CCD
7753,99942,,LT7gEar,2021-03-06 06:34:05.337000+00:00,141.10678,-7.58878,15.6,G,C57,Gaia2,CCD
7754,99942,,LT7gEar,2021-03-06 06:44:05.337000+00:00,141.09755,-7.58227,15.7,G,C57,Gaia2,CCD
7755,99942,,ABC0070,2021-03-06 06:47:38.600000+00:00,141.3984,-7.43902,15.7,G,U72,Gaia2,CCD
7756,99942,,LT7gEar,2021-03-06 06:54:05.337000+00:00,141.08878,-7.57605,15.7,G,C57,Gaia2,CCD
7757,99942,,LT7gEar,2021-03-06 07:04:05.336000+00:00,141.07971,-7.56958,15.6,G,C57,Gaia2,CCD
7758,99942,,LT7gEar,2021-03-06 07:14:05.336000+00:00,141.07081,-7.56339,15.7,G,C57,Gaia2,CCD
7759,99942,,LT7gEar,2021-03-06 07:24:05.336000+00:00,141.06214,-7.55672,15.6,G,C57,Gaia2,CCD
7760,99942,,LT7gEar,2021-03-06 07:34:05.336000+00:00,141.05311,-7.55058,15.7,G,C57,Gaia2,CCD
7761,99942,,LT7gEar,2021-03-06 07:44:05.335000+00:00,141.04446,-7.54408,15.8,G,C57,Gaia2,CCD
7762,99942,,Vp5706,2021-03-06 07:44:17.952000+00:00,141.34837,-7.40722,,,691,USNOB1,CCD
7763,99942,,LT7gEar,2021-03-06 07:54:05.335000+00:00,141.0356,-7.53779,15.8,G,C57,Gaia2,CCD
7764,99942,,ABC0070,2021-03-06 07:57:09.700000+00:00,141.34007,-7.40064,15.8,G,U72,Gaia2,CCD
7765,99942,,LT7gEar,2021-03-06 08:04:05.335000+00:00,141.02641,-7.53125,15.9,G,C57,Gaia2,CCD
7766,99942,,LT7gEar,2021-03-06 08:14:05.335000+00:00,141.01792,-7.52487,15.8,G,C57,Gaia2,CCD
7767,99942,,Vp5706,2021-03-06 08:23:34.944000+00:00,141.31575,-7.38536,,,691,USNOB1,CCD
7768,99942,,LT7gEar,2021-03-06 08:24:05.334000+00:00,141.00916,-7.5187,15.7,G,C57,Gaia2,CCD
7769,99942,,LT7gEar,2021-03-06 08:34:05.334000+00:00,141.00024,-7.512,15.6,G,C57,Gaia2,CCD
7770,99942,,LT7gEar,2021-03-06 08:44:05.334000+00:00,140.9914,-7.50582,15.6,G,C57,Gaia2,CCD
7771,99942,,LT7gEar,2021-03-06 08:54:05.334000+00:00,140.98264,-7.49916,15.7,G,C57,Gaia2,CCD
7772,99942,,LT7gEar,2021-03-06 09:04:05.333000+00:00,140.97402,-7.49288,15.7,G,C57,Gaia2,CCD
7773,99942,,Vp5706,2021-03-06 09:04:55.488000+00:00,141.28175,-7.36236,,,691,USNOB1,CCD
7774,99942,,LT7gEar,2021-03-06 09:14:05.333000+00:00,140.96516,-7.48632,15.6,G,C57,Gaia2,CCD
7775,99942,,LT7gEar,2021-03-06 09:24:05.333000+00:00,140.9566,-7.48004,15.6,G,C57,Gaia2,CCD
7776,99942,,LT7gEar,2021-03-06 09:34:05.333000+00:00,140.94798,-7.47343,15.7,G,C57,Gaia2,CCD
7777,99942,,LT7gEar,2021-03-06 09:44:05.332000+00:00,140.93922,-7.46706,15.7,G,C57,Gaia2,CCD
7778,99942,,LT7gEar,2021-03-06 09:54:05.332000+00:00,140.93064,-7.46057,15.5,G,C57,Gaia2,CCD
7779,99942,,LT7gEar,2021-03-06 10:04:05.332000+00:00,140.92185,-7.45408,15.6,G,C57,Gaia2,CCD
7780,99942,,LT7gEar,2021-03-06 10:14:05.331000+00:00,140.91334,-7.44757,15.6,G,C57,Gaia2,CCD
7781,99942,,LT7gEar,2021-03-06 10:24:05.331000+00:00,140.90464,-7.4411,15.6,G,C57,Gaia2,CCD
7782,99942,,LT7gEar,2021-03-06 10:34:05.331000+00:00,140.8963,-7.43471,15.5,G,C57,Gaia2,CCD
7783,99942,,LT7gEar,2021-03-06 10:44:05.331000+00:00,140.88769,-7.42811,15.6,G,C57,Gaia2,CCD
7784,99942,,LT7gEar,2021-03-06 10:54:05.330000+00:00,140.87901,-7.42169,15.5,G,C57,Gaia2,CCD
7785,99942,,LT7gEar,2021-03-06 11:04:05.330000+00:00,140.87062,-7.41509,15.5,G,C57,Gaia2,CCD
7786,99942,,LT7gEar,2021-03-06 11:14:05.330000+00:00,140.86203,-7.40873,15.5,G,C57,Gaia2,CCD
7787,99942,,LT7gEar,2021-03-06 11:24:05.330000+00:00,140.85355,-7.40196,15.4,G,C57,Gaia2,CCD
7788,99942,,A10vECQ,2021-03-06 12:36:29.700000+00:00,141.11749,-7.24176,15.12,Ao,T08,Gaia2,CCD
7789,99942,,A10vECQ,2021-03-06 12:44:40.990000+00:00,141.11086,-7.23716,15.1,Ao,T08,Gaia2,CCD
7790,99942,,A10vECQ,2021-03-06 13:10:03.900000+00:00,141.09052,-7.22294,15.07,Ao,T08,Gaia2,CCD
7791,99942,,A10vECQ,2021-03-06 13:13:14.990000+00:00,141.08802,-7.22115,15.08,Ao,T08,Gaia2,CCD
7792,99942,,99942,2021-03-06 18:04:43.392000+00:00,140.89612,-7.06694,14.9,V,A84,Gaia2,CCD
7793,99942,,99942,2021-03-06 18:06:33.120000+00:00,140.89462,-7.06589,14.8,V,A84,Gaia2,CCD
7794,99942,,99942,2021-03-06 18:08:22.848000+00:00,140.89317,-7.06492,14.8,V,A84,Gaia2,CCD
7795,99942,,99942,2021-03-06 18:10:12.576000+00:00,140.89158,-7.06392,14.9,V,A84,Gaia2,CCD
7796,99942,,99942,2021-03-06 18:12:02.304000+00:00,140.89017,-7.06292,14.8,V,A84,Gaia2,CCD
7797,99942,,99942,2021-03-06 18:12:29.952000+00:00,140.88096,-7.06747,15.1,R,168,UCAC4,CCD
7798,99942,,99942,2021-03-06 18:13:52.032000+00:00,140.88867,-7.06192,14.8,V,A84,Gaia2,CCD
7799,99942,,99942,2021-03-06 18:15:41.760000+00:00,140.88717,-7.06092,14.8,V,A84,Gaia2,CCD
7800,99942,,99942,2021-03-06 18:17:31.488000+00:00,140.88563,-7.05992,14.8,V,A84,Gaia2,CCD
7801,99942,,99942,2021-03-06 18:19:21.216000+00:00,140.88417,-7.05892,14.9,V,A84,Gaia2,CCD
7802,99942,,99942,2021-03-06 18:24:44.352000+00:00,140.88304,-7.05731,15.4,V,K83,Gaia2,CCD
7803,99942,,99942,2021-03-06 18:24:50.400000+00:00,140.87963,-7.05592,14.9,V,A84,Gaia2,CCD
7804,99942,,99942,2021-03-06 18:26:30.624000+00:00,140.86971,-7.05975,15.1,R,168,UCAC4,CCD
7805,99942,,99942,2021-03-06 18:26:40.128000+00:00,140.87817,-7.05494,14.8,V,A84,Gaia2,CCD
7806,99942,,99942,2021-03-06 18:28:29.856000+00:00,140.87662,-7.05394,14.8,V,A84,Gaia2,CCD
7807,99942,,99942,2021-03-06 18:30:28.224000+00:00,140.87846,-7.05422,15.4,V,K83,Gaia2,CCD
7808,99942,,99942,2021-03-06 18:36:55.296000+00:00,140.87329,-7.05072,15.3,V,K83,Gaia2,CCD
7809,99942,,99942,2021-03-06 18:40:30.432000+00:00,140.85842,-7.05208,15.1,R,168,UCAC4,CCD
7810,99942,,99942,2021-03-06 18:44:40.992000+00:00,140.86692,-7.04647,15.2,G,G17,Gaia2,CCD
7811,99942,,99942,2021-03-06 18:46:45.408000+00:00,140.86521,-7.04519,15.1,G,G17,Gaia2,CCD
7812,99942,,99942,2021-03-06 18:48:48.960000+00:00,140.86358,-7.04417,15.0,G,G17,Gaia2,CCD
7813,99942,,99942,2021-03-06 18:52:30.144000+00:00,140.84875,-7.04539,15.1,R,168,UCAC4,CCD
7814,99942,,99942,2021-03-06 19:00:30.528000+00:00,140.84225,-7.04092,14.9,R,168,UCAC4,CCD
7815,99942,,99942,2021-03-06 19:41:09.791000+00:00,140.81975,-7.016778,,,246,Gaia2,CCD
7816,99942,,99942,2021-03-06 19:41:52.526000+00:00,140.819167,-7.016417,,,246,Gaia2,CCD
7817,99942,,99942,2021-03-06 19:42:06.162000+00:00,140.819,-7.016278,,,246,Gaia2,CCD
7818,99942,,99942,2021-03-06 19:42:21.179000+00:00,140.818792,-7.016139,,,246,Gaia2,CCD
7819,99942,,99942,2021-03-06 19:42:38.074000+00:00,140.818542,-7.016028,,,246,Gaia2,CCD
7820,99942,,99942,2021-03-06 19:42:59.081000+00:00,140.818292,-7.015806,,,246,Gaia2,CCD
7821,99942,,99942,2021-03-06 19:49:59.491000+00:00,140.81087,-7.01133,15.3,G,L54,Gaia2,CCD
7822,99942,,99942,2021-03-06 20:10:58.080000+00:00,140.79692,-7.00083,15.1,G,B72,Gaia2,CCD
7823,99942,,99942,2021-03-06 20:12:59.904000+00:00,140.79525,-6.99958,15.3,G,B72,Gaia2,CCD
7824,99942,,99942,2021-03-06 20:13:08.544000+00:00,140.79542,-6.99919,15.0,V,L47,UCAC4,CCD
7825,99942,,99942,2021-03-06 20:15:01.728000+00:00,140.79354,-6.9985,15.2,G,B72,Gaia2,CCD
7826,99942,,99942,2021-03-06 20:17:02.688000+00:00,140.79204,-6.99742,15.1,G,B72,Gaia2,CCD
7827,99942,,99942,2021-03-06 20:19:05.376000+00:00,140.79029,-6.99628,15.3,G,B72,Gaia2,CCD
7828,99942,,99942,2021-03-06 20:21:07.200000+00:00,140.78862,-6.99517,15.3,G,B72,Gaia2,CCD
7829,99942,,99942,2021-03-06 20:23:09.024000+00:00,140.78692,-6.994,15.4,G,B72,Gaia2,CCD
7830,99942,,99942,2021-03-06 20:25:09.984000+00:00,140.78533,-6.99294,15.4,G,B72,Gaia2,CCD
7831,99942,,99942,2021-03-06 20:25:47.136000+00:00,140.78425,-6.99097,15.9,V,L47,UCAC4,CCD
7832,99942,,99942,2021-03-06 20:27:10.944000+00:00,140.78367,-6.99183,15.4,G,B72,Gaia2,CCD
7833,99942,,99942,2021-03-06 20:29:12.768000+00:00,140.78204,-6.99069,15.3,G,B72,Gaia2,CCD
7834,99942,,99942,2021-03-06 20:30:32.256000+00:00,140.77792,-6.98958,15.5,V,056,UCAC4,CCD
7835,99942,,99942,2021-03-06 20:32:25.440000+00:00,140.77925,-6.98878,15.4,G,B72,Gaia2,CCD
7836,99942,,99942,2021-03-06 20:32:26.304000+00:00,140.77933,-6.98889,15.1,G,B72,Gaia2,CCD
7837,99942,,99942,2021-03-06 20:34:27.264000+00:00,140.77787,-6.98783,15.2,G,B72,Gaia2,CCD
7838,99942,,99942,2021-03-06 20:35:46.752000+00:00,140.77387,-6.98675,15.5,V,056,UCAC4,CCD
7839,99942,,99942,2021-03-06 20:36:29.088000+00:00,140.77621,-6.98672,15.2,G,B72,Gaia2,CCD
7840,99942,,99942,2021-03-06 20:38:30.912000+00:00,140.77446,-6.98561,15.3,G,B72,Gaia2,CCD
7841,99942,,99942,2021-03-06 20:41:02.112000+00:00,140.76954,-6.98389,15.5,V,056,UCAC4,CCD
7842,99942,,99942,2021-03-06 20:45:44.640000+00:00,140.76817,-6.9815,15.2,G,K74,Gaia2,CCD
7843,99942,,99942,2021-03-06 20:46:16.608000+00:00,140.76538,-6.98103,15.5,V,056,UCAC4,CCD
7844,99942,,99942,2021-03-06 20:47:46.982000+00:00,140.7635,-6.97944,15.3,G,L54,Gaia2,CCD
7845,99942,,99942,2021-03-06 20:49:05.952000+00:00,140.76538,-6.97961,15.2,G,K74,Gaia2,CCD
7846,99942,,99942,2021-03-06 20:51:31.968000+00:00,140.761,-6.97814,15.5,V,056,UCAC4,CCD
7847,99942,,99942,2021-03-06 20:52:26.400000+00:00,140.76271,-6.97778,15.1,G,K74,Gaia2,CCD
7848,99942,,99942,2021-03-06 20:55:45.120000+00:00,140.76008,-6.97594,15.3,G,K74,Gaia2,CCD
7849,99942,,99942,2021-03-06 20:59:04.704000+00:00,140.75725,-6.97408,15.2,G,K74,Gaia2,CCD
7850,99942,,99942,2021-03-06 21:34:43.968000+00:00,140.72713,-6.95358,14.5,V,L47,UCAC4,CCD
7851,99942,,99942,2021-03-06 21:35:58.272000+00:00,140.72575,-6.95219,15.2,V,L47,UCAC4,CCD
7852,99942,,99942,2021-03-06 21:37:16.896000+00:00,140.72538,-6.95208,15.3,V,L47,UCAC4,CCD
7853,99942,,99942,2021-03-06 21:38:26.880000+00:00,140.72387,-6.95097,15.4,V,L47,UCAC4,CCD
7854,99942,,99942,2021-03-06 21:39:33.408000+00:00,140.72325,-6.95081,15.3,V,L47,UCAC4,CCD
7855,99942,,99942,2021-03-06 21:40:31.296000+00:00,140.72229,-6.94989,15.2,V,L47,UCAC4,CCD
7856,99942,,99942,2021-03-06 21:41:33.504000+00:00,140.72204,-6.94917,15.4,V,L47,UCAC4,CCD
7857,99942,,99942,2021-03-06 21:42:33.120000+00:00,140.72113,-6.94847,15.0,V,L47,UCAC4,CCD
7858,99942,,99942,2021-03-06 21:43:24.960000+00:00,140.72025,-6.94883,15.4,V,L47,UCAC4,CCD
7859,99942,,99942,2021-03-06 21:44:15.072000+00:00,140.72013,-6.94742,14.5,V,L47,UCAC4,CCD
7860,99942,,99942,2021-03-06 22:03:05.184000+00:00,140.69792,-6.93783,15.7,V,L76,UCAC4,CCD
7861,99942,,99942,2021-03-06 22:06:09.216000+00:00,140.69546,-6.93611,15.7,V,L76,UCAC4,CCD
7862,99942,,99942,2021-03-06 22:09:21.024000+00:00,140.69288,-6.93433,15.7,V,L76,UCAC4,CCD
7863,99942,,99942,2021-03-06 22:28:43.968000+00:00,140.68379,-6.92306,15.5,G,L39,Gaia2,CCD
7864,99942,,99942,2021-03-06 22:31:54.912000+00:00,140.68108,-6.92136,15.5,G,L39,Gaia2,CCD
7865,99942,,99942,2021-03-06 22:35:05.856000+00:00,140.67842,-6.91967,15.6,G,L39,Gaia2,CCD
7866,99942,,99942,2021-03-06 22:39:01.728000+00:00,140.67525,-6.91739,15.5,G,L39,Gaia2,CCD
7867,99942,,99942,2021-03-06 22:46:31.526000+00:00,140.66804,-6.91233,15.3,G,L54,Gaia2,CCD
7868,99942,,99942,2021-03-07 00:35:29.760000+00:00,140.60683,-6.83861,15.7,R,H78,UNK,CCD
7869,99942,,99942,2021-03-07 00:37:00.480000+00:00,140.6055,-6.83789,15.6,R,H78,UNK,CCD
7870,99942,,99942,2021-03-07 00:42:39.168000+00:00,140.60083,-6.83467,16.0,R,H78,UNK,CCD
7871,99942,,99942,2021-03-07 00:46:40.224000+00:00,140.59762,-6.83267,15.7,R,H78,UNK,CCD
7872,99942,,99942,2021-03-07 00:47:20.832000+00:00,140.59696,-6.83214,16.0,R,H78,UNK,CCD
7873,99942,,99942,2021-03-07 00:50:02.400000+00:00,140.59479,-6.83058,15.6,R,H78,UNK,CCD
7874,99942,,99942,2021-03-07 00:50:43.008000+00:00,140.59437,-6.83044,16.1,R,H78,UNK,CCD
7875,99942,,99942,2021-03-07 00:50:56.573000+00:00,140.59271,-6.84164,15.6,G,W33,Gaia2,CCD
7876,99942,,99942,2021-03-07 00:51:22.752000+00:00,140.59379,-6.83014,15.6,R,H78,UNK,CCD
7877,99942,,99942,2021-03-07 00:52:03.360000+00:00,140.59346,-6.82961,15.7,R,H78,UNK,CCD
7878,99942,,99942,2021-03-07 00:52:44.832000+00:00,140.59129,-6.84058,15.6,G,W33,Gaia2,CCD
7879,99942,,99942,2021-03-07 00:54:04.320000+00:00,140.59154,-6.82847,15.6,R,H78,UNK,CCD
7880,99942,,99942,2021-03-07 00:54:32.832000+00:00,140.58983,-6.83964,15.6,G,W33,Gaia2,CCD
7881,99942,,99942,2021-03-07 00:54:44.928000+00:00,140.591,-6.82819,15.9,R,H78,UNK,CCD
7882,99942,,99942,2021-03-07 00:55:24.672000+00:00,140.59054,-6.82772,15.8,R,H78,UNK,CCD
7883,99942,,99942,2021-03-07 00:56:05.280000+00:00,140.59,-6.82733,15.6,R,H78,UNK,CCD
7884,99942,,99942,2021-03-07 00:56:22.042000+00:00,140.58842,-6.83867,15.6,G,W33,Gaia2,CCD
7885,99942,,99942,2021-03-07 00:56:45.888000+00:00,140.58942,-6.82703,15.5,R,H78,UNK,CCD
7886,99942,,99942,2021-03-07 00:57:26.496000+00:00,140.58892,-6.82667,15.8,R,H78,UNK,CCD
7887,99942,,99942,2021-03-07 00:58:09.782000+00:00,140.58692,-6.83767,15.6,G,W33,Gaia2,CCD
7888,99942,,99942,2021-03-07 00:59:59.510000+00:00,140.58538,-6.83664,15.6,G,W33,Gaia2,CCD
7889,99942,,99942,2021-03-07 01:01:47.510000+00:00,140.58396,-6.83569,15.6,G,W33,Gaia2,CCD
7890,99942,,99942,2021-03-07 01:03:39.658000+00:00,140.58246,-6.83464,15.6,G,W33,Gaia2,CCD
7891,99942,,99942,2021-03-07 01:05:34.224000+00:00,140.58087,-6.83364,15.6,G,W33,Gaia2,CCD
7892,99942,,99942,2021-03-07 01:07:21.446000+00:00,140.57946,-6.83264,15.6,G,W33,Gaia2,CCD
7893,99942,,99942,2021-03-07 01:27:09.792000+00:00,140.558,-6.80911,15.8,V,X33,UCAC4,CCD
7894,99942,,99942,2021-03-07 01:29:23.712000+00:00,140.55613,-6.80786,15.8,V,X33,UCAC4,CCD
7895,99942,,99942,2021-03-07 01:31:05.232000+00:00,140.53729,-6.82208,,,204,Gaia2,CCD
7896,99942,,99942,2021-03-07 01:31:36.768000+00:00,140.55429,-6.80667,15.8,V,X33,UCAC4,CCD
7897,99942,,99942,2021-03-07 01:33:27.360000+00:00,140.55154,-6.79422,,,834,UCAC4,CCD
7898,99942,,99942,2021-03-07 01:35:45.254000+00:00,140.53367,-6.81942,15.5,G,204,Gaia2,CCD
7899,99942,,99942,2021-03-07 01:40:45.235000+00:00,140.52967,-6.81661,,,204,Gaia2,CCD
7900,99942,,99942,2021-03-07 02:03:27.936000+00:00,140.5265,-6.77764,,,834,UCAC4,CCD
7901,99942,,99942,2021-03-07 02:39:19.642000+00:00,140.50421,-6.78214,15.4,G,W33,Gaia2,CCD
7902,99942,,99942,2021-03-07 02:46:38.381000+00:00,140.49817,-6.77808,15.4,G,W33,Gaia2,CCD
7903,99942,,99942,2021-03-07 02:47:41.280000+00:00,140.49892,-6.77975,14.9,R,726,UCAC4,CCD
7904,99942,,99942,2021-03-07 02:53:55.824000+00:00,140.49217,-6.77406,15.4,G,W33,Gaia2,CCD
7905,99942,,99942,2021-03-07 02:56:03.264000+00:00,140.49212,-6.77519,14.9,R,726,UCAC4,CCD
7906,99942,,99942,2021-03-07 03:01:05.664000+00:00,140.48792,-6.77239,14.8,R,726,UCAC4,CCD
7907,99942,,99942,2021-03-07 03:01:14.304000+00:00,140.48612,-6.77,15.3,G,W33,Gaia2,CCD
7908,99942,,ABC0231,2021-03-07 03:01:55.900000+00:00,140.49513,-6.76863,15.5,V,U76,UCAC4,CCD
7909,99942,,99942,2021-03-07 03:08:28.205000+00:00,140.48017,-6.76603,15.4,G,W33,Gaia2,CCD
7910,99942,,ABC0231,2021-03-07 03:10:34.300000+00:00,140.48815,-6.76393,15.5,V,U76,UCAC4,CCD
7911,99942,,99942,2021-03-07 03:15:43.229000+00:00,140.47417,-6.762,15.3,G,W33,Gaia2,CCD
7912,99942,,ABC0231,2021-03-07 03:18:55.600000+00:00,140.48139,-6.75934,15.4,V,U76,UCAC4,CCD
7913,99942,,99942,2021-03-07 03:22:56.870000+00:00,140.46821,-6.75803,15.3,G,W33,Gaia2,CCD
7914,99942,,99942,2021-03-07 03:30:12.672000+00:00,140.46217,-6.754,15.3,G,W33,Gaia2,CCD
7915,99942,,99942,2021-03-07 03:37:27.350000+00:00,140.45617,-6.75,15.3,G,W33,Gaia2,CCD
7916,99942,,99942,2021-03-07 03:44:41.338000+00:00,140.45021,-6.74592,15.3,G,W33,Gaia2,CCD
7917,99942,,ABC0071,2021-03-07 04:54:34.200000+00:00,140.40367,-6.70685,15.2,G,U72,Gaia2,CCD
7918,99942,,ABC0071,2021-03-07 05:46:43.700000+00:00,140.3606,-6.67804,15.2,G,U72,Gaia2,CCD
7919,99942,,ABC0071,2021-03-07 06:38:46.900000+00:00,140.31757,-6.64916,15.2,G,U72,Gaia2,CCD
7920,99942,,A10vIFo,2021-03-07 09:13:41.320000+00:00,140.20094,-6.55851,15.06,Ao,T08,Gaia2,CCD
7921,99942,,A10vIFo,2021-03-07 09:19:00.130000+00:00,140.19647,-6.55556,15.05,Ao,T08,Gaia2,CCD
7922,99942,,99942,2021-03-07 09:19:27.264000+00:00,140.18246,-6.55592,15.7,UNK,V26,UCAC5,CCD
7923,99942,,A10vIFo,2021-03-07 09:33:38.210000+00:00,140.18426,-6.54739,15.09,Ao,T08,Gaia2,CCD
7924,99942,,99942,2021-03-07 09:34:51.744000+00:00,140.17017,-6.54714,15.0,UNK,V26,UCAC5,CCD
7925,99942,,99942,2021-03-07 10:19:25.824000+00:00,140.13575,-6.522,15.4,UNK,V26,UCAC5,CCD
7926,99942,,99942,2021-03-07 10:35:06.720000+00:00,140.12367,-6.51314,15.5,G,V26,UCAC5,CCD
7927,99942,,99942,2021-03-07 12:17:57.408000+00:00,140.06917,-6.46189,15.8,V,D95,UCAC4,CCD
7928,99942,,99942,2021-03-07 12:22:08.832000+00:00,140.06575,-6.45958,15.8,V,D95,UCAC4,CCD
7929,99942,,99942,2021-03-07 12:26:21.120000+00:00,140.06229,-6.45725,15.7,V,D95,UCAC4,CCD
7930,99942,,99942,2021-03-07 12:28:26.400000+00:00,140.06058,-6.45608,15.8,V,D95,UCAC4,CCD
7931,99942,,99942,2021-03-07 16:02:40.992000+00:00,139.91221,-6.33767,15.9,G,C40,Gaia2,CCD
7932,99942,,99942,2021-03-07 16:41:17.376000+00:00,139.88192,-6.31625,16.0,G,C40,Gaia2,CCD
7933,99942,,99942,2021-03-07 16:42:48.960000+00:00,139.88075,-6.31542,16.0,G,C40,Gaia2,CCD
7934,99942,,99942,2021-03-07 16:47:27.168000+00:00,139.87704,-6.31289,16.0,G,C40,Gaia2,CCD
7935,99942,,99942,2021-03-07 16:48:58.752000+00:00,139.87587,-6.31203,16.0,G,C40,Gaia2,CCD
7936,99942,,99942,2021-03-07 16:50:32.064000+00:00,139.87463,-6.31114,16.0,G,C40,Gaia2,CCD
7937,99942,,99942,2021-03-07 17:09:02.304000+00:00,139.85996,-6.30092,16.0,G,C40,Gaia2,CCD
7938,99942,,99942,2021-03-07 17:20:23.136000+00:00,139.85054,-6.29519,15.8,V,L76,UCAC4,CCD
7939,99942,,99942,2021-03-07 17:22:55.200000+00:00,139.8485,-6.29381,15.7,V,L76,UCAC4,CCD
7940,99942,,99942,2021-03-07 17:25:26.400000+00:00,139.84654,-6.29239,15.7,V,L76,UCAC4,CCD
7941,99942,,99942,2021-03-07 17:31:31.008000+00:00,139.84204,-6.28844,15.9,G,C40,Gaia2,CCD
7942,99942,,99942,2021-03-07 17:34:35.904000+00:00,139.83958,-6.28681,16.0,G,C40,Gaia2,CCD
7943,99942,,99942,2021-03-07 17:37:40.800000+00:00,139.83712,-6.28506,16.0,G,C40,Gaia2,CCD
7944,99942,,99942,2021-03-07 17:40:45.696000+00:00,139.83467,-6.28336,16.0,G,C40,Gaia2,CCD
7945,99942,,99942,2021-03-07 17:48:28.800000+00:00,139.8285,-6.27908,15.9,G,C40,Gaia2,CCD
7946,99942,,99942,2021-03-07 17:51:33.696000+00:00,139.82604,-6.27736,16.0,G,C40,Gaia2,CCD
7947,99942,,99942,2021-03-07 18:04:20.928000+00:00,139.81579,-6.27031,16.0,G,C40,Gaia2,CCD
7948,99942,,99942,2021-03-07 18:05:25.728000+00:00,139.8115,-6.26403,15.3,V,M44,UCAC4,CCD
7949,99942,,99942,2021-03-07 18:06:30.528000+00:00,139.80854,-6.27175,15.6,R,168,UCAC4,CCD
7950,99942,,99942,2021-03-07 18:09:45.792000+00:00,139.80783,-6.26161,15.3,V,M44,UCAC4,CCD
7951,99942,,99942,2021-03-07 18:12:40.320000+00:00,139.81042,-6.26547,15.6,G,094,Gaia2,CCD
7952,99942,,99942,2021-03-07 18:13:40.800000+00:00,139.80971,-6.26492,15.6,G,094,Gaia2,CCD
7953,99942,,99942,2021-03-07 18:15:34.848000+00:00,139.80308,-6.25831,15.2,V,M44,UCAC4,CCD
7954,99942,,99942,2021-03-07 18:22:30.432000+00:00,139.79587,-6.26283,15.4,R,168,UCAC4,CCD
7955,99942,,99942,2021-03-07 18:27:29.376000+00:00,139.79721,-6.25747,15.9,G,C40,Gaia2,CCD
7956,99942,,99942,2021-03-07 18:38:30.336000+00:00,139.78317,-6.25389,15.5,R,168,UCAC4,CCD
7957,99942,,99942,2021-03-07 18:46:36.768000+00:00,139.78183,-6.24683,15.8,G,C40,Gaia2,CCD
7958,99942,,99942,2021-03-07 18:48:10.080000+00:00,139.78062,-6.24597,15.9,G,C40,Gaia2,CCD
7959,99942,,99942,2021-03-07 18:48:29.952000+00:00,139.77533,-6.24833,15.5,R,168,UCAC4,CCD
7960,99942,,99942,2021-03-07 18:49:41.664000+00:00,139.77937,-6.24511,15.8,G,C40,Gaia2,CCD
7961,99942,,99942,2021-03-07 18:58:30.432000+00:00,139.76742,-6.24272,15.4,R,168,UCAC4,CCD
7962,99942,,99942,2021-03-07 19:20:40.992000+00:00,139.75442,-6.22789,15.9,G,C40,Gaia2,CCD
7963,99942,,99942,2021-03-07 19:22:11.712000+00:00,139.75317,-6.227,15.8,G,C40,Gaia2,CCD
7964,99942,,99942,2021-03-07 19:28:27.034000+00:00,139.75221,-6.22361,15.4,G,L54,Gaia2,CCD
7965,99942,,99942,2021-03-07 19:29:59.136000+00:00,139.74829,-6.22267,15.5,G,094,Gaia2,CCD
7966,99942,,99942,2021-03-07 19:30:05.184000+00:00,139.75913,-6.21994,15.6,G,J37,Gaia2,CCD
7967,99942,,99942,2021-03-07 19:48:42.336000+00:00,139.74438,-6.20978,15.4,G,J37,Gaia2,CCD
7968,99942,,99942,2021-03-07 20:17:08.736000+00:00,139.72167,-6.19406,15.1,G,J37,Gaia2,CCD
7969,99942,,99942,2021-03-07 20:29:04.992000+00:00,139.71208,-6.18736,15.0,G,J37,Gaia2,CCD
7970,99942,,99942,2021-03-07 20:35:03.552000+00:00,139.70729,-6.18408,15.4,G,J37,Gaia2,CCD
7971,99942,,99942,2021-03-07 20:41:02.112000+00:00,139.70258,-6.18075,15.2,G,J37,Gaia2,CCD
7972,99942,,99942,2021-03-07 20:48:27.072000+00:00,139.69667,-6.17664,15.2,G,J37,Gaia2,CCD
7973,99942,,99942,2021-03-07 20:58:57.792000+00:00,139.68396,-6.17258,15.0,V,A77,NOMAD,CCD
7974,99942,,99942,2021-03-07 21:11:45.888000+00:00,139.66638,-6.16572,15.3,G,094,Gaia2,CCD
7975,99942,,99942,2021-03-07 21:12:36.950000+00:00,139.6685,-6.16564,15.3,G,L54,Gaia2,CCD
7976,99942,,99942,2021-03-07 21:18:18.144000+00:00,139.66842,-6.16183,14.8,V,A77,NOMAD,CCD
7977,99942,,99942,2021-03-07 21:28:18.624000+00:00,139.66033,-6.15628,14.9,V,A77,NOMAD,CCD
7978,99942,,99942,2021-03-07 21:38:18.240000+00:00,139.65229,-6.15069,14.9,V,A77,NOMAD,CCD
7979,99942,,99942,2021-03-07 22:56:43.152000+00:00,139.58546,-6.10719,15.3,G,L54,Gaia2,CCD
7980,99942,,99942,2021-03-08 00:16:38.784000+00:00,139.54608,-6.06131,14.9,R,932,URAT1,CCD
7981,99942,,99942,2021-03-08 00:29:10.464000+00:00,139.53617,-6.05444,15.0,R,932,URAT1,CCD
7982,99942,,99942,2021-03-08 00:45:57.888000+00:00,139.52283,-6.04508,15.0,R,932,URAT1,CCD
7983,99942,,99942,2021-03-08 02:46:16.608000+00:00,139.42833,-5.97658,15.3,G,W50,Gaia2,CCD
7984,99942,,99942,2021-03-08 02:49:12.864000+00:00,139.42579,-5.97489,15.3,G,W50,Gaia2,CCD
7985,99942,,99942,2021-03-08 02:50:41.856000+00:00,139.42462,-5.97411,15.3,G,W50,Gaia2,CCD
7986,99942,,99942,2021-03-08 02:57:57.312000+00:00,139.41862,-5.96997,15.3,G,W50,Gaia2,CCD
7987,99942,,99942,2021-03-08 02:59:59.136000+00:00,139.41721,-5.96889,15.3,G,W50,Gaia2,CCD
7988,99942,,99942,2021-03-08 03:01:46.272000+00:00,139.41579,-5.96792,15.3,G,W50,Gaia2,CCD
7989,99942,,99942,2021-03-08 03:04:38.208000+00:00,139.41342,-5.96631,15.3,G,W50,Gaia2,CCD
7990,99942,,99942,2021-03-08 03:07:18.912000+00:00,139.41121,-5.96481,15.3,G,W50,Gaia2,CCD
7991,99942,,99942,2021-03-08 03:08:52.224000+00:00,139.41004,-5.964,15.3,G,W50,Gaia2,CCD
7992,99942,,99942,2021-03-08 03:10:20.352000+00:00,139.40875,-5.96311,15.3,G,W50,Gaia2,CCD
7993,99942,,99942,2021-03-08 03:11:47.616000+00:00,139.40754,-5.96231,15.3,G,W50,Gaia2,CCD
7994,99942,,99942,2021-03-08 03:13:15.744000+00:00,139.40633,-5.96147,15.3,G,W50,Gaia2,CCD
7995,99942,,99942,2021-03-08 03:14:44.736000+00:00,139.40521,-5.96069,15.3,G,W50,Gaia2,CCD
7996,99942,,99942,2021-03-08 03:16:28.416000+00:00,139.40371,-5.95967,15.3,G,W50,Gaia2,CCD
7997,99942,,99942,2021-03-08 03:18:02.592000+00:00,139.40242,-5.95881,15.3,G,W50,Gaia2,CCD
7998,99942,,99942,2021-03-08 05:02:03.264000+00:00,139.327,-5.89719,16.0,UNK,V26,UCAC5,CCD
7999,99942,,99942,2021-03-08 05:17:26.880000+00:00,139.31433,-5.88858,16.2,UNK,V26,UCAC5,CCD
8000,99942,,99942,2021-03-08 05:42:38.880000+00:00,139.29379,-5.87447,16.2,UNK,V26,UCAC5,CCD
8001,99942,,99942,2021-03-08 06:00:50.976000+00:00,139.27892,-5.86428,14.6,UNK,V26,UCAC5,CCD
8002,99942,,99942,2021-03-08 06:26:02.976000+00:00,139.25838,-5.85014,16.1,UNK,V26,UCAC5,CCD
8003,99942,,99942,2021-03-08 07:11:58.272000+00:00,139.22108,-5.82425,15.8,UNK,V26,UCAC5,CCD
8004,99942,,99942,2021-03-08 07:28:45.696000+00:00,139.20758,-5.81478,16.1,G,V26,UCAC5,CCD
8005,99942,,99942,2021-03-08 13:06:43.776000+00:00,138.97054,-5.62983,15.4,V,D95,UCAC4,CCD
8006,99942,,99942,2021-03-08 13:10:55.200000+00:00,138.96721,-5.6275,15.3,V,D95,UCAC4,CCD
8007,99942,,99942,2021-03-08 13:19:18.912000+00:00,138.9605,-5.62278,15.5,V,D95,UCAC4,CCD
8008,99942,,99942,2021-03-08 13:20:21.120000+00:00,138.95967,-5.62219,15.4,V,D95,UCAC4,CCD
8009,99942,,99942,2021-03-08 16:35:45.600000+00:00,138.82917,-5.50778,15.5,V,C97,UCAC4,CCD
8010,99942,,99942,2021-03-08 16:36:27.936000+00:00,138.82858,-5.50736,15.5,V,C97,UCAC4,CCD
8011,99942,,99942,2021-03-08 16:37:10.272000+00:00,138.82804,-5.507,15.5,V,C97,UCAC4,CCD
8012,99942,,99942,2021-03-08 16:37:52.608000+00:00,138.82746,-5.50661,15.5,V,C97,UCAC4,CCD
8013,99942,,99942,2021-03-08 16:38:34.944000+00:00,138.82683,-5.50617,15.6,V,C97,UCAC4,CCD
8014,99942,,99942,2021-03-08 16:39:17.280000+00:00,138.82629,-5.50583,15.5,V,C97,UCAC4,CCD
8015,99942,,99942,2021-03-08 16:39:59.616000+00:00,138.82575,-5.50542,15.5,V,C97,UCAC4,CCD
8016,99942,,99942,2021-03-08 17:32:14.208000+00:00,138.78458,-5.47644,14.9,V,M44,UCAC4,CCD
8017,99942,,99942,2021-03-08 17:48:51.264000+00:00,138.77117,-5.46714,14.9,V,M44,UCAC4,CCD
8018,99942,,99942,2021-03-08 17:53:21.696000+00:00,138.76754,-5.46439,14.9,V,M44,UCAC4,CCD
8019,99942,,99942,2021-03-08 18:34:53.472000+00:00,138.74129,-5.44492,15.1,V,A84,Gaia2,CCD
8020,99942,,99942,2021-03-08 18:36:43.200000+00:00,138.73987,-5.44394,15.1,V,A84,Gaia2,CCD
8021,99942,,99942,2021-03-08 18:38:32.928000+00:00,138.73846,-5.44292,15.1,V,A84,Gaia2,CCD
8022,99942,,99942,2021-03-08 18:40:22.656000+00:00,138.737,-5.44192,15.1,V,A84,Gaia2,CCD
8023,99942,,99942,2021-03-08 18:42:12.384000+00:00,138.7355,-5.44089,15.2,V,A84,Gaia2,CCD
8024,99942,,99942,2021-03-08 18:44:02.112000+00:00,138.73412,-5.43989,15.1,V,A84,Gaia2,CCD
8025,99942,,99942,2021-03-08 18:45:51.840000+00:00,138.73262,-5.43883,15.2,V,A84,Gaia2,CCD
8026,99942,,99942,2021-03-08 18:47:41.568000+00:00,138.73117,-5.43781,15.2,V,A84,Gaia2,CCD
8027,99942,,99942,2021-03-08 18:49:31.296000+00:00,138.72975,-5.43683,15.2,V,A84,Gaia2,CCD
8028,99942,,99942,2021-03-08 18:51:21.024000+00:00,138.72829,-5.43581,15.2,V,A84,Gaia2,CCD
8029,99942,,99942,2021-03-08 18:53:10.752000+00:00,138.72683,-5.43478,15.2,V,A84,Gaia2,CCD
8030,99942,,99942,2021-03-08 18:55:00.480000+00:00,138.72537,-5.43375,15.2,V,A84,Gaia2,CCD
8031,99942,,99942,2021-03-08 18:56:50.208000+00:00,138.72396,-5.43272,15.1,V,A84,Gaia2,CCD
8032,99942,,99942,2021-03-08 18:57:03.168000+00:00,138.72713,-5.43456,15.5,G,L01,Gaia2,CCD
8033,99942,,99942,2021-03-08 18:58:39.072000+00:00,138.7225,-5.43169,15.2,V,A84,Gaia2,CCD
8034,99942,,99942,2021-03-08 19:00:29.664000+00:00,138.72104,-5.43069,15.2,V,A84,Gaia2,CCD
8035,99942,,99942,2021-03-08 19:00:46.512000+00:00,138.72421,-5.4325,15.5,G,L01,Gaia2,CCD
8036,99942,,99942,2021-03-08 19:05:07.699000+00:00,138.72079,-5.43006,15.5,G,L01,Gaia2,CCD
8037,99942,,99942,2021-03-08 19:08:52.339000+00:00,138.71792,-5.42794,15.5,G,L01,Gaia2,CCD
8038,99942,,99942,2021-03-08 19:13:17.760000+00:00,138.71087,-5.42353,15.2,V,A84,Gaia2,CCD
8039,99942,,99942,2021-03-08 19:13:32.794000+00:00,138.71425,-5.42539,15.5,G,L01,Gaia2,CCD
8040,99942,,99942,2021-03-08 19:15:07.488000+00:00,138.70946,-5.4225,15.2,V,A84,Gaia2,CCD
8041,99942,,99942,2021-03-08 19:16:57.216000+00:00,138.708,-5.42147,15.2,V,A84,Gaia2,CCD
8042,99942,,99942,2021-03-08 19:18:46.944000+00:00,138.70654,-5.4205,15.2,V,A84,Gaia2,CCD
8043,99942,,99942,2021-03-08 19:20:36.672000+00:00,138.70508,-5.41944,15.2,V,A84,Gaia2,CCD
8044,99942,,99942,2021-03-08 19:22:26.400000+00:00,138.70362,-5.41842,15.2,V,A84,Gaia2,CCD
8045,99942,,99942,2021-03-08 19:24:16.128000+00:00,138.70212,-5.41739,15.2,V,A84,Gaia2,CCD
8046,99942,,99942,2021-03-08 19:26:05.856000+00:00,138.70071,-5.41639,15.2,V,A84,Gaia2,CCD
8047,99942,,99942,2021-03-08 19:27:55.584000+00:00,138.69942,-5.4155,15.2,V,A84,Gaia2,CCD
8048,99942,,99942,2021-03-08 19:29:45.312000+00:00,138.69779,-5.41433,15.2,V,A84,Gaia2,CCD
8049,99942,,99942,2021-03-08 19:31:35.040000+00:00,138.69629,-5.41331,15.2,V,A84,Gaia2,CCD
8050,99942,,99942,2021-03-08 19:31:41.606000+00:00,138.69771,-5.41542,15.6,G,L54,Gaia2,CCD
8051,99942,,99942,2021-03-08 19:33:24.768000+00:00,138.69487,-5.41225,15.2,V,A84,Gaia2,CCD
8052,99942,,99942,2021-03-08 19:35:14.496000+00:00,138.69342,-5.41122,15.2,V,A84,Gaia2,CCD
8053,99942,,99942,2021-03-08 19:37:04.224000+00:00,138.69196,-5.41022,15.2,V,A84,Gaia2,CCD
8054,99942,,99942,2021-03-08 19:38:53.952000+00:00,138.69046,-5.40919,15.2,V,A84,Gaia2,CCD
8055,99942,,99942,2021-03-08 19:40:43.680000+00:00,138.68904,-5.40819,15.2,V,A84,Gaia2,CCD
8056,99942,,99942,2021-03-08 19:42:33.408000+00:00,138.68758,-5.40714,15.2,V,A84,Gaia2,CCD
8057,99942,,99942,2021-03-08 19:44:23.136000+00:00,138.68612,-5.40611,15.2,V,A84,Gaia2,CCD
8058,99942,,99942,2021-03-08 19:46:12.864000+00:00,138.68471,-5.40508,15.2,V,A84,Gaia2,CCD
8059,99942,,99942,2021-03-08 19:48:02.592000+00:00,138.68321,-5.40408,15.2,V,A84,Gaia2,CCD
8060,99942,,99942,2021-03-08 19:54:19.296000+00:00,138.67821,-5.40056,15.2,V,A84,Gaia2,CCD
8061,99942,,99942,2021-03-08 19:54:27.936000+00:00,138.68154,-5.40389,15.5,G,C43,Gaia2,CCD
8062,99942,,99942,2021-03-08 19:55:54.336000+00:00,138.6815,-5.40275,15.5,G,K74,Gaia2,CCD
8063,99942,,99942,2021-03-08 19:56:08.160000+00:00,138.67683,-5.39964,15.3,V,A84,Gaia2,CCD
8064,99942,,99942,2021-03-08 19:58:50.592000+00:00,138.67458,-5.398,15.2,V,A84,Gaia2,CCD
8065,99942,,99942,2021-03-08 19:58:56.640000+00:00,138.67917,-5.401,15.4,G,K74,Gaia2,CCD
8066,99942,,99942,2021-03-08 20:00:39.456000+00:00,138.67312,-5.39694,15.2,V,A84,Gaia2,CCD
8067,99942,,99942,2021-03-08 20:00:42.912000+00:00,138.67692,-5.40025,15.5,G,G34,Gaia2,CCD
8068,99942,,99942,2021-03-08 20:02:00.672000+00:00,138.67675,-5.39931,15.4,G,K74,Gaia2,CCD
8069,99942,,99942,2021-03-08 20:02:28.320000+00:00,138.67167,-5.39594,15.2,V,A84,Gaia2,CCD
8070,99942,,99942,2021-03-08 20:04:18.048000+00:00,138.67021,-5.39489,15.2,V,A84,Gaia2,CCD
8071,99942,,99942,2021-03-08 20:05:03.840000+00:00,138.67437,-5.39761,15.6,G,K74,Gaia2,CCD
8072,99942,,99942,2021-03-08 20:05:25.094000+00:00,138.67333,-5.39767,15.5,G,G34,Gaia2,CCD
8073,99942,,99942,2021-03-08 20:06:07.776000+00:00,138.66883,-5.39389,15.2,V,A84,Gaia2,CCD
8074,99942,,99942,2021-03-08 20:07:57.504000+00:00,138.66725,-5.39283,15.2,V,A84,Gaia2,CCD
8075,99942,,99942,2021-03-08 20:09:47.232000+00:00,138.66583,-5.39181,15.2,V,A84,Gaia2,CCD
8076,99942,,99942,2021-03-08 20:10:07.277000+00:00,138.66958,-5.39494,15.4,G,G34,Gaia2,CCD
8077,99942,,99942,2021-03-08 20:11:36.960000+00:00,138.66442,-5.39081,15.2,V,A84,Gaia2,CCD
8078,99942,,99942,2021-03-08 20:13:13.728000+00:00,138.66696,-5.39336,15.5,G,C43,Gaia2,CCD
8079,99942,,99942,2021-03-08 20:13:26.688000+00:00,138.66296,-5.38981,15.2,V,A84,Gaia2,CCD
8080,99942,,99942,2021-03-08 20:14:49.459000+00:00,138.66604,-5.39183,15.9,G,G34,Gaia2,CCD
8081,99942,,99942,2021-03-08 20:19:31.814000+00:00,138.66225,-5.38978,15.5,G,G34,Gaia2,CCD
8082,99942,,99942,2021-03-08 20:24:14.170000+00:00,138.65854,-5.38708,15.6,G,G34,Gaia2,CCD
8083,99942,,99942,2021-03-08 21:31:35.530000+00:00,138.6035,-5.34794,15.6,G,L54,Gaia2,CCD
8084,99942,,99942,2021-03-08 21:48:53.280000+00:00,138.591,-5.33911,15.8,V,056,UCAC4,CCD
8085,99942,,99942,2021-03-08 21:53:34.944000+00:00,138.58725,-5.33644,15.8,V,056,UCAC4,CCD
8086,99942,,99942,2021-03-08 21:58:15.744000+00:00,138.58362,-5.33386,15.8,V,056,UCAC4,CCD
8087,99942,,99942,2021-03-08 22:02:57.408000+00:00,138.57992,-5.33114,15.8,V,056,UCAC4,CCD
8088,99942,,99942,2021-03-08 22:04:04+00:00,138.58417,-5.33109,15.6,G,Z80,Gaia2,CCD
8089,99942,,99942,2021-03-08 22:07:38.208000+00:00,138.57633,-5.32853,15.9,V,056,UCAC4,CCD
8090,99942,,99942,2021-03-08 22:09:04+00:00,138.58018,-5.32832,15.7,G,Z80,Gaia2,CCD
8091,99942,,99942,2021-03-08 22:12:19.008000+00:00,138.57262,-5.32594,15.9,V,056,UCAC4,CCD
8092,99942,,99942,2021-03-08 22:14:04+00:00,138.57623,-5.32547,15.7,G,Z80,Gaia2,CCD
8093,99942,,99942,2021-03-08 23:32:04.099000+00:00,138.50992,-5.27997,15.7,G,L54,Gaia2,CCD
8094,99942,,99942,2021-03-09 02:35:43.296000+00:00,138.39233,-5.17444,15.4,G,W50,Gaia2,CCD
8095,99942,,99942,2021-03-09 02:37:11.424000+00:00,138.39121,-5.17361,15.3,G,W50,Gaia2,CCD
8096,99942,,99942,2021-03-09 02:38:57.696000+00:00,138.38975,-5.17264,15.3,G,W50,Gaia2,CCD
8097,99942,,99942,2021-03-09 02:40:24.960000+00:00,138.38858,-5.17178,15.3,G,W50,Gaia2,CCD
8098,99942,,99942,2021-03-09 02:41:53.088000+00:00,138.3875,-5.17097,15.4,G,W50,Gaia2,CCD
8099,99942,,99942,2021-03-09 02:44:18.240000+00:00,138.38563,-5.16964,15.4,G,W50,Gaia2,CCD
8100,99942,,99942,2021-03-09 02:45:55.008000+00:00,138.38425,-5.16872,15.4,G,W50,Gaia2,CCD
8101,99942,,99942,2021-03-09 02:47:29.184000+00:00,138.38304,-5.16783,15.3,G,W50,Gaia2,CCD
8102,99942,,99942,2021-03-09 02:50:09.888000+00:00,138.38088,-5.16631,15.4,G,W50,Gaia2,CCD
8103,99942,,99942,2021-03-09 02:51:38.016000+00:00,138.37979,-5.16556,15.4,G,W50,Gaia2,CCD
8104,99942,,99942,2021-03-09 02:53:07.872000+00:00,138.37862,-5.16469,15.3,G,W50,Gaia2,CCD
8105,99942,,99942,2021-03-09 02:54:36+00:00,138.37729,-5.16381,15.3,G,W50,Gaia2,CCD
8106,99942,,99942,2021-03-09 02:56:13.632000+00:00,138.37604,-5.16289,15.3,G,W50,Gaia2,CCD
8107,99942,,99942,2021-03-09 02:59:15.072000+00:00,138.37371,-5.16125,15.3,G,W50,Gaia2,CCD
8108,99942,,99942,2021-03-09 03:00:44.064000+00:00,138.37258,-5.16042,15.3,G,W50,Gaia2,CCD
8109,99942,,99942,2021-03-09 03:02:47.616000+00:00,138.37075,-5.15922,15.3,G,W50,Gaia2,CCD
8110,99942,,99942,2021-03-09 03:05:37.824000+00:00,138.36867,-5.15764,15.4,G,W50,Gaia2,CCD
8111,99942,,99942,2021-03-09 03:07:10.272000+00:00,138.3675,-5.15678,15.3,G,W50,Gaia2,CCD
8112,99942,,99942,2021-03-09 03:08:38.400000+00:00,138.36621,-5.15594,15.3,G,W50,Gaia2,CCD
8113,99942,,99942,2021-03-09 03:10:21.216000+00:00,138.36479,-5.155,15.3,G,W50,Gaia2,CCD
8114,99942,,99942,2021-03-09 03:11:57.984000+00:00,138.36358,-5.15408,15.3,G,W50,Gaia2,CCD
8115,99942,,99942,2021-03-09 03:13:32.160000+00:00,138.36221,-5.15314,15.3,G,W50,Gaia2,CCD
8116,99942,,99942,2021-03-09 03:15:42.624000+00:00,138.36067,-5.152,15.3,G,W50,Gaia2,CCD
8117,99942,,99942,2021-03-09 03:17:11.616000+00:00,138.35946,-5.15114,15.3,G,W50,Gaia2,CCD
8118,99942,,99942,2021-03-09 03:18:38.880000+00:00,138.35825,-5.15031,15.3,G,W50,Gaia2,CCD
8119,99942,,99942,2021-03-09 14:25:48.864000+00:00,137.89046,-4.77803,15.6,G,N82,Gaia2,CCD
8120,99942,,99942,2021-03-09 14:48:08.928000+00:00,137.87346,-4.76547,15.7,G,N82,Gaia2,CCD
8121,99942,,99942,2021-03-09 15:10:28.128000+00:00,137.8565,-4.75294,15.6,G,N82,Gaia2,CCD
8122,99942,,99942,2021-03-09 16:28:28.416000+00:00,137.80587,-4.70153,15.7,V,C97,UCAC4,CCD
8123,99942,,99942,2021-03-09 16:29:10.752000+00:00,137.80533,-4.70114,15.8,V,C97,UCAC4,CCD
8124,99942,,99942,2021-03-09 16:29:53.088000+00:00,137.80479,-4.70075,15.6,V,C97,UCAC4,CCD
8125,99942,,99942,2021-03-09 16:30:34.560000+00:00,137.80421,-4.70036,15.7,V,C97,UCAC4,CCD
8126,99942,,99942,2021-03-09 16:31:16.896000+00:00,137.80371,-4.69994,15.7,V,C97,UCAC4,CCD
8127,99942,,99942,2021-03-09 16:31:59.232000+00:00,137.80313,-4.69953,15.7,V,C97,UCAC4,CCD
8128,99942,,99942,2021-03-09 16:32:41.568000+00:00,137.80262,-4.69917,15.7,V,C97,UCAC4,CCD
8129,99942,,99942,2021-03-09 16:33:23.904000+00:00,137.80225,-4.69878,15.7,V,C97,UCAC4,CCD
8130,99942,,99942,2021-03-09 17:14:33.216000+00:00,137.77442,-4.68153,15.6,G,094,Gaia2,CCD
8131,99942,,99942,2021-03-09 17:31:25.824000+00:00,137.75717,-4.66633,15.3,V,M44,UCAC4,CCD
8132,99942,,99942,2021-03-09 17:43:10.848000+00:00,137.75267,-4.6655,15.5,G,094,Gaia2,CCD
8133,99942,,99942,2021-03-09 17:44:21.696000+00:00,137.74725,-4.65914,15.3,V,M44,UCAC4,CCD
8134,99942,,99942,2021-03-09 17:55:26.976000+00:00,137.74325,-4.65864,15.4,G,094,Gaia2,CCD
8135,99942,,99942,2021-03-09 17:58:31.008000+00:00,137.74092,-4.65692,15.5,G,094,Gaia2,CCD
8136,99942,,99942,2021-03-09 18:02:25.152000+00:00,137.73296,-4.649,15.3,V,M44,UCAC4,CCD
8137,99942,,CZ21004,2021-03-09 20:38:23.136000+00:00,137.62067,-4.56919,15.1,R,152,UCAC3,CCD
8138,99942,,CZ21001,2021-03-09 20:40:33.600000+00:00,137.619,-4.56794,15.0,R,152,USNOB1,CCD
8139,99942,,CZ21001,2021-03-09 20:41:35.808000+00:00,137.61825,-4.56744,14.9,R,152,USNOB1,CCD
8140,99942,,CZ21004,2021-03-09 20:42:38.016000+00:00,137.61746,-4.56681,15.0,R,152,UCAC3,CCD
8141,99942,,CZ21004,2021-03-09 20:43:40.224000+00:00,137.61662,-4.56619,15.0,R,152,UCAC3,CCD
8142,99942,,CZ21004,2021-03-09 20:44:41.568000+00:00,137.61592,-4.56561,15.2,R,152,UCAC3,CCD
8143,99942,,CZ21004,2021-03-09 20:56:07.584000+00:00,137.60729,-4.55922,15.1,R,152,UCAC3,CCD
8144,99942,,CZ21004,2021-03-09 20:57:09.792000+00:00,137.6065,-4.55856,15.0,R,152,UCAC3,CCD
8145,99942,,99942,2021-03-09 21:00:26.784000+00:00,137.60646,-4.556,15.2,G,C43,Gaia2,CCD
8146,99942,,CZ21004,2021-03-09 21:05:25.728000+00:00,137.60025,-4.55389,15.0,R,152,UCAC3,CCD
8147,99942,,CZ21001,2021-03-09 21:06:27.936000+00:00,137.59946,-4.55336,15.0,R,152,USNOB1,CCD
8148,99942,,CZ21001,2021-03-09 21:07:30.144000+00:00,137.59867,-4.55278,15.0,R,152,USNOB1,CCD
8149,99942,,CZ21004,2021-03-09 21:08:32.352000+00:00,137.59796,-4.55217,15.0,R,152,UCAC3,CCD
8150,99942,,CZ21004,2021-03-09 21:09:33.696000+00:00,137.59717,-4.55156,15.0,R,152,UCAC3,CCD
8151,99942,,CZ21004,2021-03-09 21:16:50.880000+00:00,137.59162,-4.54744,15.0,R,152,UCAC3,CCD
8152,99942,,99942,2021-03-09 21:19:48.864000+00:00,137.59171,-4.54508,15.3,G,C43,Gaia2,CCD
8153,99942,,CZ21001,2021-03-09 21:48:41.184000+00:00,137.56771,-4.52947,15.0,R,152,USNOB1,CCD
8154,99942,,CZ21001,2021-03-09 21:49:43.392000+00:00,137.567,-4.52894,15.0,R,152,USNOB1,CCD
8155,99942,,CZ21001,2021-03-09 22:06:14.400000+00:00,137.55458,-4.51956,15.0,R,152,USNOB1,CCD
8156,99942,,CZ21001,2021-03-09 22:07:15.744000+00:00,137.55375,-4.51897,14.9,R,152,USNOB1,CCD
8157,99942,,CZ21001,2021-03-09 22:20:40.992000+00:00,137.54379,-4.51142,15.0,R,152,USNOB1,CCD
8158,99942,,CZ21001,2021-03-09 22:21:42.336000+00:00,137.54308,-4.51086,14.9,R,152,USNOB1,CCD
8159,99942,,99942,2021-03-10 00:53:11.616000+00:00,137.44813,-4.39619,,,834,UCAC4,CCD
8160,99942,,99942,2021-03-10 01:23:33.792000+00:00,137.42854,-4.40519,15.0,R,932,URAT1,CCD
8161,99942,,99942,2021-03-10 01:29:59.136000+00:00,137.41963,-4.37547,,,834,UCAC4,CCD
8162,99942,,99942,2021-03-10 01:53:06.720000+00:00,137.40592,-4.38853,15.2,R,932,URAT1,CCD
8163,99942,,99942,2021-03-10 02:53:40.704000+00:00,137.35942,-4.35442,15.4,R,932,URAT1,CCD
8164,99942,,99942,2021-03-10 10:44:29.184000+00:00,137.04467,-4.08625,14.4,R,P66,PPMXL,CCD
8165,99942,,99942,2021-03-10 10:44:59.424000+00:00,137.04467,-4.08628,14.4,R,P66,PPMXL,CCD
8166,99942,,99942,2021-03-10 11:09:55.872000+00:00,137.02554,-4.07197,14.5,R,P66,PPMXL,CCD
8167,99942,,99942,2021-03-10 11:10:26.112000+00:00,137.02554,-4.07197,14.4,R,P66,PPMXL,CCD
8168,99942,,99942,2021-03-10 11:36:17.856000+00:00,137.00558,-4.05717,14.5,R,P66,PPMXL,CCD
8169,99942,,99942,2021-03-10 11:36:48.096000+00:00,137.00558,-4.05719,14.5,R,P66,PPMXL,CCD
8170,99942,,99942,2021-03-10 12:02:38.112000+00:00,136.98554,-4.04233,14.2,R,P66,PPMXL,CCD
8171,99942,,99942,2021-03-10 12:03:08.352000+00:00,136.98554,-4.04233,14.3,R,P66,PPMXL,CCD
8172,99942,,99942,2021-03-10 12:29:05.280000+00:00,136.96538,-4.02747,14.7,R,P66,PPMXL,CCD
8173,99942,,99942,2021-03-10 12:29:34.656000+00:00,136.96542,-4.02747,14.6,R,P66,PPMXL,CCD
8174,99942,,99942,2021-03-10 12:55:28.128000+00:00,136.94525,-4.01261,14.6,R,P66,PPMXL,CCD
8175,99942,,99942,2021-03-10 12:55:58.368000+00:00,136.94525,-4.01261,14.5,R,P66,PPMXL,CCD
8176,99942,,99942,2021-03-10 13:21:48.384000+00:00,136.92513,-3.99778,14.6,R,P66,PPMXL,CCD
8177,99942,,99942,2021-03-10 13:22:17.760000+00:00,136.92513,-3.99778,14.6,R,P66,PPMXL,CCD
8178,99942,,99942,2021-03-10 13:48:20.736000+00:00,136.90483,-3.98281,14.6,R,P66,PPMXL,CCD
8179,99942,,99942,2021-03-10 13:48:50.976000+00:00,136.90483,-3.98281,14.6,R,P66,PPMXL,CCD
8180,99942,,99942,2021-03-10 14:06:09.504000+00:00,136.90196,-3.97689,15.1,G,N82,Gaia2,CCD
8181,99942,,99942,2021-03-10 14:14:40.992000+00:00,136.88471,-3.96792,14.5,R,P66,PPMXL,CCD
8182,99942,,99942,2021-03-10 14:15:11.232000+00:00,136.88471,-3.96792,14.5,R,P66,PPMXL,CCD
8183,99942,,99942,2021-03-10 14:28:31.296000+00:00,136.88542,-3.96439,15.2,G,N82,Gaia2,CCD
8184,99942,,99942,2021-03-10 14:41:01.248000+00:00,136.86467,-3.95303,14.6,R,P66,PPMXL,CCD
8185,99942,,99942,2021-03-10 14:41:30.624000+00:00,136.86467,-3.95303,14.6,R,P66,PPMXL,CCD
8186,99942,,99942,2021-03-10 14:50:53.088000+00:00,136.86892,-3.95178,15.2,G,N82,Gaia2,CCD
8187,99942,,99942,2021-03-10 15:05:13.632000+00:00,136.84633,-3.93931,14.6,R,P66,PPMXL,CCD
8188,99942,,99942,2021-03-10 15:05:43.872000+00:00,136.84633,-3.93931,14.6,R,P66,PPMXL,CCD
8189,99942,,99942,2021-03-10 17:28:13.152000+00:00,136.76038,-3.85594,15.3,V,M44,UCAC4,CCD
8190,99942,,99942,2021-03-10 17:43:04.800000+00:00,136.74875,-3.84756,15.1,V,M44,UCAC4,CCD
8191,99942,,99942,2021-03-10 17:59:20.256000+00:00,136.73633,-3.83814,15.5,V,M44,UCAC4,CCD
8192,99942,,99942,2021-03-10 18:36:11.232000+00:00,136.71787,-3.82444,,,557,UCAC5,CCD
8193,99942,,99942,2021-03-10 18:50:30.912000+00:00,136.71021,-3.81497,15.9,G,K19,Gaia2,CCD
8194,99942,,99942,2021-03-10 18:55:52.320000+00:00,136.70625,-3.81189,15.9,G,K19,Gaia2,CCD
8195,99942,,99942,2021-03-10 19:02:14.208000+00:00,136.69983,-3.80786,15.6,V,L47,UCAC4,CCD
8196,99942,,99942,2021-03-10 19:13:48.864000+00:00,136.69121,-3.80197,15.9,V,L47,UCAC4,CCD
8197,99942,,99942,2021-03-10 19:26:59.424000+00:00,136.6805,-3.79569,15.9,G,C47,Gaia2,CCD
8198,99942,,99942,2021-03-10 19:30:48.384000+00:00,136.67871,-3.79194,15.5,V,L47,UCAC4,CCD
8199,99942,,99942,2021-03-10 19:31:30.720000+00:00,136.68062,-3.79139,15.9,G,C35,Gaia2,CCD
8200,99942,,CZ21002,2021-03-10 19:31:48+00:00,136.67413,-3.79433,15.7,R,152,UCAC3,CCD
8201,99942,,CZ21002,2021-03-10 19:32:33.792000+00:00,136.6735,-3.79381,15.4,R,152,UCAC3,CCD
8202,99942,,CZ21003,2021-03-10 19:33:21.312000+00:00,136.67292,-3.79336,15.5,R,152,UCAC3,CCD
8203,99942,,CZ21002,2021-03-10 19:34:07.968000+00:00,136.67242,-3.79306,15.7,R,152,UCAC3,CCD
8204,99942,,99942,2021-03-10 19:34:45.120000+00:00,136.67479,-3.7915,,,557,UCAC5,CCD
8205,99942,,CZ21002,2021-03-10 19:34:54.624000+00:00,136.67188,-3.79272,15.4,R,152,UCAC3,CCD
8206,99942,,CZ21003,2021-03-10 19:35:41.280000+00:00,136.67129,-3.79217,15.8,R,152,UCAC3,CCD
8207,99942,,99942,2021-03-10 19:35:43.872000+00:00,136.67792,-3.78897,15.9,G,C35,Gaia2,CCD
8208,99942,,99942,2021-03-10 19:37:37.056000+00:00,136.67262,-3.78967,16.0,G,C47,Gaia2,CCD
8209,99942,,99942,2021-03-10 19:48:14.688000+00:00,136.66479,-3.78367,15.9,G,C47,Gaia2,CCD
8210,99942,,CZ21003,2021-03-10 19:48:48.384000+00:00,136.66163,-3.78478,15.5,R,152,UCAC3,CCD
8211,99942,,CZ21003,2021-03-10 19:50:59.712000+00:00,136.66,-3.7835,15.5,R,152,UCAC3,CCD
8212,99942,,CZ21003,2021-03-10 19:52:40.800000+00:00,136.65875,-3.78253,15.7,R,152,UCAC3,CCD
8213,99942,,CZ21003,2021-03-10 19:54:19.296000+00:00,136.65758,-3.78156,15.5,R,152,UCAC3,CCD
8214,99942,,CZ21003,2021-03-10 20:03:57.312000+00:00,136.65046,-3.77622,15.6,R,152,UCAC3,CCD
8215,99942,,CZ21003,2021-03-10 20:05:24.576000+00:00,136.64942,-3.77536,15.5,R,152,UCAC3,CCD
8216,99942,,99942,2021-03-10 20:09:29.088000+00:00,136.649,-3.77172,15.8,G,C47,Gaia2,CCD
8217,99942,,CZ21002,2021-03-10 20:20:30.912000+00:00,136.63833,-3.76686,15.5,R,152,UCAC3,CCD
8218,99942,,99942,2021-03-10 20:21:02.016000+00:00,136.63921,-3.76533,16.0,V,056,UCAC4,CCD
8219,99942,,CZ21002,2021-03-10 20:24:37.152000+00:00,136.63533,-3.76458,15.4,R,152,UCAC3,CCD
8220,99942,,99942,2021-03-10 20:26:15.648000+00:00,136.63533,-3.76244,15.8,V,056,UCAC4,CCD
8221,99942,,99942,2021-03-10 20:31:31.008000+00:00,136.63137,-3.75936,16.0,V,056,UCAC4,CCD
8222,99942,,99942,2021-03-10 20:33:19.008000+00:00,136.63146,-3.75856,,,557,UCAC5,CCD
8223,99942,,99942,2021-03-10 20:36:46.368000+00:00,136.6275,-3.7565,16.0,V,056,UCAC4,CCD
8224,99942,,99942,2021-03-10 20:51:58.752000+00:00,136.6175,-3.74775,15.8,G,C47,Gaia2,CCD
8225,99942,,99942,2021-03-10 20:57:46.080000+00:00,136.61187,-3.7445,15.8,V,056,UCAC4,CCD
8226,99942,,99942,2021-03-10 21:03:00.576000+00:00,136.60804,-3.74161,15.8,V,056,UCAC4,CCD
8227,99942,,99942,2021-03-10 21:08:15.936000+00:00,136.60408,-3.73856,15.9,V,056,UCAC4,CCD
8228,99942,,99942,2021-03-10 21:13:16.300000+00:00,136.60266,-3.73469,,,160,Gaia2,CCD
8229,99942,,99942,2021-03-10 21:20:44.500000+00:00,136.59704,-3.73042,,,160,Gaia2,CCD
8230,99942,,99942,2021-03-10 21:28:13.500000+00:00,136.59152,-3.72609,,,160,Gaia2,CCD
8231,99942,,99942,2021-03-10 21:28:23.808000+00:00,136.59529,-3.72461,16.1,G,I79,Gaia2,CCD
8232,99942,,99942,2021-03-10 21:29:47.616000+00:00,136.58962,-3.72672,,,557,UCAC5,CCD
8233,99942,,99942,2021-03-10 21:33:52.128000+00:00,136.59108,-3.72153,15.9,G,I79,Gaia2,CCD
8234,99942,,99942,2021-03-10 21:39:22.176000+00:00,136.58708,-3.7185,15.9,G,I79,Gaia2,CCD
8235,99942,,99942,2021-03-10 21:50:16.224000+00:00,136.57867,-3.71217,15.8,G,I79,Gaia2,CCD
8236,99942,,99942,2021-03-10 21:52:22.368000+00:00,136.57358,-3.71256,15.6,G,L63,Gaia2,CCD
8237,99942,,99942,2021-03-10 22:01:23.232000+00:00,136.56675,-3.70736,15.7,G,L63,Gaia2,CCD
8238,99942,,99942,2021-03-10 22:04:03.936000+00:00,136.5685,-3.70464,15.8,G,I79,Gaia2,CCD
8239,99942,,99942,2021-03-10 22:10:26.688000+00:00,136.56004,-3.70236,15.6,G,L63,Gaia2,CCD
8240,99942,,99942,2021-03-10 22:13:20.352000+00:00,136.55746,-3.70211,,,557,UCAC5,CCD
8241,99942,,99942,2021-03-10 22:14:57.984000+00:00,136.56025,-3.69839,15.8,G,I79,Gaia2,CCD
8242,99942,,99942,2021-03-10 23:57:46.944000+00:00,136.48421,-3.64006,15.7,G,J37,Gaia2,CCD
8243,99942,,99942,2021-03-11 00:14:24.864000+00:00,136.47167,-3.63053,15.5,G,J37,Gaia2,CCD
8244,99942,,99942,2021-03-11 00:30:07.488000+00:00,136.46004,-3.62169,15.6,G,J37,Gaia2,CCD
8245,99942,,99942,2021-03-11 00:36:46.656000+00:00,136.45513,-3.61792,15.3,G,J37,Gaia2,CCD
8246,99942,,99942,2021-03-11 00:44:28.896000+00:00,136.44942,-3.6135,15.4,G,J37,Gaia2,CCD
8247,99942,,99942,2021-03-11 00:51:08.064000+00:00,136.44458,-3.60983,15.4,G,J37,Gaia2,CCD
8248,99942,,99942,2021-03-11 00:57:52.416000+00:00,136.43958,-3.60592,15.6,G,J37,Gaia2,CCD
8249,99942,,99942,2021-03-11 01:04:33.312000+00:00,136.43463,-3.60208,15.2,G,J37,Gaia2,CCD
8250,99942,,99942,2021-03-11 01:11:12.480000+00:00,136.42992,-3.59839,15.3,G,J37,Gaia2,CCD
8251,99942,,99942,2021-03-11 01:26:13.632000+00:00,136.41896,-3.58983,15.4,G,J37,Gaia2,CCD
8252,99942,,99942,2021-03-11 01:32:51.936000+00:00,136.414,-3.58614,15.4,G,J37,Gaia2,CCD
8253,99942,,99942,2021-03-11 01:34:14.016000+00:00,136.41392,-3.58264,15.3,R,Z22,USNOB1,CCD
8254,99942,,99942,2021-03-11 01:39:30.240000+00:00,136.40917,-3.58225,15.5,G,J37,Gaia2,CCD
8255,99942,,99942,2021-03-11 01:49:39.360000+00:00,136.40242,-3.57383,14.7,R,Z22,USNOB1,CCD
8256,99942,,99942,2021-03-11 02:12:44.352000+00:00,136.38533,-3.5635,15.4,G,J37,Gaia2,CCD
8257,99942,,99942,2021-03-11 02:26:02.688000+00:00,136.37579,-3.55583,15.5,G,J37,Gaia2,CCD
8258,99942,,99942,2021-03-11 03:28:08.260000+00:00,136.34465,-3.497919,15.3,G,W87,Gaia2,CCD
8259,99942,,99942,2021-03-11 03:29:01.830000+00:00,136.343996,-3.4974,15.2,G,W87,Gaia2,CCD
8260,99942,,99942,2021-03-11 03:29:55.480000+00:00,136.3433,-3.496889,15.2,G,W87,Gaia2,CCD
8261,99942,,99942,2021-03-11 03:30:49.130000+00:00,136.342629,-3.496397,15.3,G,W87,Gaia2,CCD
8262,99942,,99942,2021-03-11 05:10:27.580000+00:00,136.268629,-3.439983,15.3,G,W87,Gaia2,CCD
8263,99942,,99942,2021-03-11 05:11:21.240000+00:00,136.267567,-3.439439,15.2,G,W87,Gaia2,CCD
8264,99942,,99942,2021-03-11 05:12:14.800000+00:00,136.266958,-3.438978,15.3,G,W87,Gaia2,CCD
8265,99942,,99942,2021-03-11 05:13:08.460000+00:00,136.2663,-3.438475,15.3,G,W87,Gaia2,CCD
8266,99942,,C1ZUYX1,2021-03-11 05:18:42.419000+00:00,136.274055,-3.45763,15.21,G,703,Gaia2,CCD
8267,99942,,C1ZUYX1,2021-03-11 05:26:22.972000+00:00,136.268325,-3.45333,15.34,G,703,Gaia2,CCD
8268,99942,,C1ZUYX1,2021-03-11 05:34:03.810000+00:00,136.262505,-3.44899,15.31,G,703,Gaia2,CCD
8269,99942,,C1ZUYX1,2021-03-11 05:41:44.478000+00:00,136.256745,-3.44466,15.33,G,703,Gaia2,CCD
8270,99942,,99942,2021-03-11 12:57:37.728000+00:00,135.96475,-3.20081,15.6,V,D95,UCAC4,CCD
8271,99942,,99942,2021-03-11 13:09:08.928000+00:00,135.95625,-3.19431,15.7,V,D95,UCAC4,CCD
8272,99942,,99942,2021-03-11 13:14:23.424000+00:00,135.95238,-3.19136,16.0,V,D95,UCAC4,CCD
8273,99942,,99942,2021-03-11 16:53:10.176000+00:00,135.80979,-3.06925,15.4,R,N42,UCAC5,CCD
8274,99942,,99942,2021-03-11 16:54:07.200000+00:00,135.80908,-3.06869,15.3,R,N42,UCAC5,CCD
8275,99942,,99942,2021-03-11 16:55:04.224000+00:00,135.80833,-3.06817,15.3,R,N42,UCAC5,CCD
8276,99942,,99942,2021-03-11 16:56:02.112000+00:00,135.80763,-3.06761,15.3,R,N42,UCAC5,CCD
8277,99942,,99942,2021-03-11 16:56:59.136000+00:00,135.80696,-3.06711,15.3,R,N42,UCAC5,CCD
8278,99942,,99942,2021-03-11 16:57:56.160000+00:00,135.80629,-3.06658,15.4,R,N42,UCAC5,CCD
8279,99942,,99942,2021-03-11 16:58:54.048000+00:00,135.80558,-3.06603,15.4,R,N42,UCAC5,CCD
8280,99942,,99942,2021-03-11 16:59:51.072000+00:00,135.80488,-3.0655,15.4,R,N42,UCAC5,CCD
8281,99942,,99942,2021-03-11 17:00:49.824000+00:00,135.80417,-3.06494,15.3,R,N42,UCAC5,CCD
8282,99942,,99942,2021-03-11 17:01:46.848000+00:00,135.8035,-3.06439,15.3,R,N42,UCAC5,CCD
8283,99942,,99942,2021-03-11 17:02:43.872000+00:00,135.80279,-3.06383,15.3,R,N42,UCAC5,CCD
8284,99942,,99942,2021-03-11 17:03:41.760000+00:00,135.80204,-3.06331,15.3,R,N42,UCAC5,CCD
8285,99942,,99942,2021-03-11 17:04:38.784000+00:00,135.80138,-3.06281,15.4,R,N42,UCAC5,CCD
8286,99942,,99942,2021-03-11 17:05:36.672000+00:00,135.80067,-3.06225,15.4,R,N42,UCAC5,CCD
8287,99942,,99942,2021-03-11 17:06:35.424000+00:00,135.79996,-3.06169,15.3,R,N42,UCAC5,CCD
8288,99942,,99942,2021-03-11 17:07:32.448000+00:00,135.79925,-3.06117,15.3,R,N42,UCAC5,CCD
8289,99942,,99942,2021-03-11 17:08:30.336000+00:00,135.79858,-3.06064,15.3,R,N42,UCAC5,CCD
8290,99942,,99942,2021-03-11 17:09:27.360000+00:00,135.79792,-3.06011,15.3,R,N42,UCAC5,CCD
8291,99942,,99942,2021-03-11 17:10:25.248000+00:00,135.79717,-3.05956,15.3,R,N42,UCAC5,CCD
8292,99942,,99942,2021-03-11 17:11:22.272000+00:00,135.80304,-3.05314,15.3,V,M44,UCAC4,CCD
8293,99942,,99942,2021-03-11 17:11:22.272000+00:00,135.79646,-3.059,15.2,R,N42,UCAC5,CCD
8294,99942,,99942,2021-03-11 17:12:20.160000+00:00,135.79575,-3.05844,15.3,R,N42,UCAC5,CCD
8295,99942,,99942,2021-03-11 17:13:18.048000+00:00,135.79504,-3.05789,15.3,R,N42,UCAC5,CCD
8296,99942,,99942,2021-03-11 17:14:15.072000+00:00,135.79438,-3.05739,15.3,R,N42,UCAC5,CCD
8297,99942,,99942,2021-03-11 17:15:12.096000+00:00,135.79367,-3.05683,15.4,R,N42,UCAC5,CCD
8298,99942,,99942,2021-03-11 17:16:09.120000+00:00,135.793,-3.05636,15.8,R,N42,UCAC5,CCD
8299,99942,,99942,2021-03-11 17:17:07.008000+00:00,135.79229,-3.05578,15.4,R,N42,UCAC5,CCD
8300,99942,,99942,2021-03-11 17:18:04.032000+00:00,135.79158,-3.05522,15.4,R,N42,UCAC5,CCD
8301,99942,,99942,2021-03-11 17:19:01.056000+00:00,135.79083,-3.05467,16.0,R,N42,UCAC5,CCD
8302,99942,,99942,2021-03-11 17:19:58.944000+00:00,135.79021,-3.05417,15.4,R,N42,UCAC5,CCD
8303,99942,,99942,2021-03-11 17:20:55.968000+00:00,135.7895,-3.05364,15.6,R,N42,UCAC5,CCD
8304,99942,,99942,2021-03-11 17:22:38.784000+00:00,135.78829,-3.05269,15.3,R,N42,UCAC5,CCD
8305,99942,,99942,2021-03-11 17:23:36.672000+00:00,135.78754,-3.05214,15.3,R,N42,UCAC5,CCD
8306,99942,,99942,2021-03-11 17:24:12.960000+00:00,135.79388,-3.04619,15.3,V,M44,UCAC4,CCD
8307,99942,,99942,2021-03-11 17:24:33.696000+00:00,135.78683,-3.05156,15.4,R,N42,UCAC5,CCD
8308,99942,,99942,2021-03-11 17:25:30.720000+00:00,135.78617,-3.05103,16.1,R,N42,UCAC5,CCD
8309,99942,,99942,2021-03-11 17:26:28.608000+00:00,135.78546,-3.0505,15.3,R,N42,UCAC5,CCD
8310,99942,,99942,2021-03-11 17:27:25.632000+00:00,135.78475,-3.04997,16.0,R,N42,UCAC5,CCD
8311,99942,,99942,2021-03-11 17:28:22.656000+00:00,135.78408,-3.04942,15.3,R,N42,UCAC5,CCD
8312,99942,,99942,2021-03-11 17:29:20.544000+00:00,135.78333,-3.04886,15.2,R,N42,UCAC5,CCD
8313,99942,,99942,2021-03-11 17:30:17.568000+00:00,135.78262,-3.04831,15.3,R,N42,UCAC5,CCD
8314,99942,,99942,2021-03-11 17:31:15.456000+00:00,135.782,-3.04781,15.3,R,N42,UCAC5,CCD
8315,99942,,99942,2021-03-11 17:32:12.480000+00:00,135.78129,-3.04725,15.6,R,N42,UCAC5,CCD
8316,99942,,99942,2021-03-11 17:33:09.504000+00:00,135.78063,-3.04672,15.3,R,N42,UCAC5,CCD
8317,99942,,99942,2021-03-11 17:34:07.392000+00:00,135.77988,-3.04619,15.3,R,N42,UCAC5,CCD
8318,99942,,99942,2021-03-11 17:35:04.416000+00:00,135.77917,-3.04564,15.3,R,N42,UCAC5,CCD
8319,99942,,99942,2021-03-11 17:36:01.440000+00:00,135.7785,-3.04514,15.3,R,N42,UCAC5,CCD
8320,99942,,99942,2021-03-11 17:36:59.328000+00:00,135.77779,-3.04458,15.6,R,N42,UCAC5,CCD
8321,99942,,99942,2021-03-11 17:37:56.352000+00:00,135.77717,-3.04406,15.3,R,N42,UCAC5,CCD
8322,99942,,99942,2021-03-11 17:38:53.376000+00:00,135.77642,-3.0435,15.3,R,N42,UCAC5,CCD
8323,99942,,99942,2021-03-11 17:39:51.264000+00:00,135.77571,-3.04297,15.3,R,N42,UCAC5,CCD
8324,99942,,99942,2021-03-11 17:40:48.288000+00:00,135.775,-3.04244,15.7,R,N42,UCAC5,CCD
8325,99942,,99942,2021-03-11 17:41:45.312000+00:00,135.77438,-3.04192,15.3,R,N42,UCAC5,CCD
8326,99942,,99942,2021-03-11 17:42:43.200000+00:00,135.77363,-3.04136,15.3,R,N42,UCAC5,CCD
8327,99942,,99942,2021-03-11 17:43:05.664000+00:00,135.78021,-3.03581,15.7,V,M44,UCAC4,CCD
8328,99942,,99942,2021-03-11 17:43:40.224000+00:00,135.77296,-3.04086,15.3,R,N42,UCAC5,CCD
8329,99942,,99942,2021-03-11 17:44:38.112000+00:00,135.77225,-3.04028,15.3,R,N42,UCAC5,CCD
8330,99942,,99942,2021-03-11 17:45:35.136000+00:00,135.77154,-3.03972,15.3,R,N42,UCAC5,CCD
8331,99942,,99942,2021-03-11 17:46:32.160000+00:00,135.77088,-3.03919,15.3,R,N42,UCAC5,CCD
8332,99942,,99942,2021-03-11 17:47:30.912000+00:00,135.77017,-3.03864,15.3,R,N42,UCAC5,CCD
8333,99942,,99942,2021-03-11 17:48:27.936000+00:00,135.76946,-3.03811,15.2,R,N42,UCAC5,CCD
8334,99942,,99942,2021-03-11 17:55:30.432000+00:00,135.76917,-3.03731,15.0,R,168,UCAC4,CCD
8335,99942,,99942,2021-03-11 18:29:30.336000+00:00,135.74492,-3.01814,15.1,R,168,UCAC4,CCD
8336,99942,,99942,2021-03-11 18:39:30.816000+00:00,135.73783,-3.0125,15.1,R,168,UCAC4,CCD
8337,99942,,99942,2021-03-11 18:51:30.528000+00:00,135.72933,-3.00578,15.0,R,168,UCAC4,CCD
8338,99942,,99942,2021-03-11 21:32:57.696000+00:00,135.61821,-2.912,15.1,R,094,Gaia2,CCD
8339,99942,,99942,2021-03-11 21:46:01.344000+00:00,135.60892,-2.90464,15.0,R,094,Gaia2,CCD
8340,99942,,99942,2021-03-11 22:03:02.592000+00:00,135.59842,-2.89556,15.7,V,L22,UCAC4,CCD
8341,99942,,99942,2021-03-11 22:08:18.816000+00:00,135.59467,-2.89258,16.0,V,L22,UCAC4,CCD
8342,99942,,99942,2021-03-11 22:27:33.984000+00:00,135.57942,-2.88122,15.1,R,094,Gaia2,CCD
8343,99942,,99942,2021-03-11 22:33:13.100000+00:00,135.58384,-2.88005,15.5,G,Z80,Gaia2,CCD
8344,99942,,99942,2021-03-11 22:41:16.512000+00:00,135.57775,-2.872,15.8,G,I79,Gaia2,CCD
8345,99942,,99942,2021-03-11 22:46:33+00:00,135.57419,-2.87247,15.5,G,Z80,Gaia2,CCD
8346,99942,,99942,2021-03-11 22:59:53+00:00,135.56478,-2.86497,15.6,G,Z80,Gaia2,CCD
8347,99942,,99942,2021-03-11 23:04:05.952000+00:00,135.565,-2.85622,15.3,R,Z22,USNOB1,CCD
8348,99942,,99942,2021-03-11 23:14:13+00:00,135.55461,-2.85697,15.7,G,Z80,Gaia2,CCD
8349,99942,,99942,2021-03-11 23:15:59.616000+00:00,135.55275,-2.85269,16.0,G,I79,Gaia2,CCD
8350,99942,,99942,2021-03-11 23:24:06.912000+00:00,135.55025,-2.84511,15.5,R,Z22,USNOB1,CCD
8351,99942,,99942,2021-03-11 23:35:57.984000+00:00,135.53179,-2.84247,15.7,R,094,Gaia2,CCD
8352,99942,,99942,2021-03-11 23:44:04.416000+00:00,135.53537,-2.83358,15.6,R,Z22,USNOB1,CCD
8353,99942,,99942,2021-03-12 17:28:30.432000+00:00,134.851,-2.24369,15.7,R,168,UCAC4,CCD
8354,99942,,99942,2021-03-12 17:40:30.144000+00:00,134.84275,-2.23697,15.5,R,168,UCAC4,CCD
8355,99942,,99942,2021-03-12 17:56:30.048000+00:00,134.83171,-2.22797,15.6,R,168,UCAC4,CCD
8356,99942,,99942,2021-03-12 18:01:54.134000+00:00,134.83633,-2.22208,15.6,G,073,Gaia2,CCD
8357,99942,,99942,2021-03-12 18:10:30.720000+00:00,134.822,-2.22019,15.7,R,168,UCAC4,CCD
8358,99942,,99942,2021-03-12 18:14:30.048000+00:00,134.81921,-2.21786,15.7,R,168,UCAC4,CCD
8359,99942,,99942,2021-03-12 18:53:01.334000+00:00,134.8005,-2.19361,15.6,G,073,Gaia2,CCD
8360,99942,,99942,2021-03-12 19:49:45.840000+00:00,134.76063,-2.16186,15.6,G,073,Gaia2,CCD
8361,99942,,99942,2021-03-12 19:59:04.502000+00:00,134.75692,-2.15819,15.7,G,G34,Gaia2,CCD
8362,99942,,99942,2021-03-12 20:01:44.342000+00:00,134.755,-2.15658,15.8,G,G34,Gaia2,CCD
8363,99942,,99942,2021-03-12 20:04:40.858000+00:00,134.75296,-2.15508,15.0,G,G34,Gaia2,CCD
8364,99942,,99942,2021-03-12 20:09:27.014000+00:00,134.74988,-2.15222,15.5,G,G34,Gaia2,CCD
8365,99942,,99942,2021-03-12 20:30:32.256000+00:00,134.73733,-2.13886,15.7,G,K19,Gaia2,CCD
8366,99942,,99942,2021-03-12 20:37:41.664000+00:00,134.73229,-2.13486,15.7,G,K19,Gaia2,CCD
8367,99942,,99942,2021-03-12 20:45:06.624000+00:00,134.72704,-2.13069,15.7,G,K19,Gaia2,CCD
8368,99942,,99942,2021-03-12 21:13:58.598000+00:00,134.70158,-2.11489,15.6,G,073,Gaia2,CCD
8369,99942,,99942,2021-03-12 21:26:52.224000+00:00,134.69425,-2.10844,15.9,V,056,UCAC4,CCD
8370,99942,,99942,2021-03-12 21:31:33.024000+00:00,134.69104,-2.10567,15.8,V,056,UCAC4,CCD
8371,99942,,99942,2021-03-12 21:36:13.824000+00:00,134.68792,-2.10356,15.7,V,056,UCAC4,CCD
8372,99942,,99942,2021-03-12 21:40:54.624000+00:00,134.68454,-2.10053,15.7,V,056,UCAC4,CCD
8373,99942,,99942,2021-03-12 22:09:02.102000+00:00,134.66325,-2.08389,15.6,G,073,Gaia2,CCD
8374,99942,,99942,2021-03-12 22:13:13.526000+00:00,134.66046,-2.08158,15.5,G,073,Gaia2,CCD
8375,99942,,99942,2021-03-12 22:19:30.576000+00:00,134.65612,-2.07806,15.5,G,073,Gaia2,CCD
8376,99942,,99942,2021-03-13 03:29:59.712000+00:00,134.45996,-1.87772,,,834,UCAC4,CCD
8377,99942,,99942,2021-03-13 04:07:45.984000+00:00,134.43375,-1.85647,,,834,UCAC4,CCD
8378,99942,,99942,2021-03-13 10:52:40.800000+00:00,134.20075,-1.65436,15.2,R,P66,PPMXL,CCD
8379,99942,,99942,2021-03-13 10:53:11.040000+00:00,134.20075,-1.65436,15.2,R,P66,PPMXL,CCD
8380,99942,,99942,2021-03-13 11:21:14.976000+00:00,134.18108,-1.63847,15.1,R,P66,PPMXL,CCD
8381,99942,,99942,2021-03-13 11:21:45.216000+00:00,134.18108,-1.63847,15.1,R,P66,PPMXL,CCD
8382,99942,,99942,2021-03-13 11:49:09.408000+00:00,134.16163,-1.62292,15.0,R,P66,PPMXL,CCD
8383,99942,,99942,2021-03-13 11:49:38.784000+00:00,134.16163,-1.62292,15.0,R,P66,PPMXL,CCD
8384,99942,,99942,2021-03-13 12:14:45.600000+00:00,134.14383,-1.60864,15.1,R,P66,PPMXL,CCD
8385,99942,,99942,2021-03-13 12:15:15.840000+00:00,134.14383,-1.60864,15.1,R,P66,PPMXL,CCD
8386,99942,,99942,2021-03-13 12:41:10.176000+00:00,134.1255,-1.594,15.1,R,P66,PPMXL,CCD
8387,99942,,99942,2021-03-13 12:41:40.416000+00:00,134.1255,-1.594,15.1,R,P66,PPMXL,CCD
8388,99942,,99942,2021-03-13 13:07:33.888000+00:00,134.10708,-1.57928,15.1,R,P66,PPMXL,CCD
8389,99942,,99942,2021-03-13 13:08:04.128000+00:00,134.10708,-1.57928,15.1,R,P66,PPMXL,CCD
8390,99942,,99942,2021-03-13 13:34:09.696000+00:00,134.08854,-1.56447,15.0,R,P66,PPMXL,CCD
8391,99942,,99942,2021-03-13 13:34:39.936000+00:00,134.08854,-1.56447,15.0,R,P66,PPMXL,CCD
8392,99942,,99942,2021-03-13 14:00:33.408000+00:00,134.07021,-1.54975,15.0,R,P66,PPMXL,CCD
8393,99942,,99942,2021-03-13 14:01:02.784000+00:00,134.07021,-1.54975,15.0,R,P66,PPMXL,CCD
8394,99942,,99942,2021-03-13 14:53:28.608000+00:00,134.03367,-1.52028,14.9,R,P66,PPMXL,CCD
8395,99942,,99942,2021-03-13 14:53:58.848000+00:00,134.03367,-1.52028,14.9,R,P66,PPMXL,CCD
8396,99942,,99942,2021-03-13 15:19:49.728000+00:00,134.01563,-1.50558,14.8,R,P66,PPMXL,CCD
8397,99942,,99942,2021-03-13 15:20:19.968000+00:00,134.01563,-1.50558,14.8,R,P66,PPMXL,CCD
8398,99942,,99942,2021-03-13 16:41:15.648000+00:00,133.97817,-1.46625,15.3,R,168,UCAC4,CCD
8399,99942,,99942,2021-03-13 16:49:16.032000+00:00,133.97287,-1.46181,15.2,R,168,UCAC4,CCD
8400,99942,,99942,2021-03-13 17:03:15.840000+00:00,133.96354,-1.454,15.3,R,168,UCAC4,CCD
8401,99942,,99942,2021-03-13 17:59:30.624000+00:00,133.926,-1.42272,15.3,R,168,UCAC4,CCD
8402,99942,,99942,2021-03-13 18:17:30.624000+00:00,133.91404,-1.41269,15.5,R,168,UCAC4,CCD
8403,99942,,99942,2021-03-13 19:14:46.752000+00:00,133.88671,-1.37775,15.4,V,L47,UCAC4,CCD
8404,99942,,99942,2021-03-13 19:34:33.024000+00:00,133.87333,-1.36692,15.8,V,L47,UCAC4,CCD
8405,99942,,99942,2021-03-13 19:50:30.336000+00:00,133.86279,-1.35825,15.4,V,L47,UCAC4,CCD
8406,99942,,99942,2021-03-13 20:12:48.499000+00:00,133.84458,-1.34617,15.9,G,L54,Gaia2,CCD
8407,99942,,99942,2021-03-13 21:36:54.605000+00:00,133.78792,-1.29942,15.9,G,L54,Gaia2,CCD
8408,99942,,99942,2021-03-13 22:00:33.120000+00:00,133.77458,-1.28769,15.7,G,C43,Gaia2,CCD
8409,99942,,99942,2021-03-13 22:12:51.840000+00:00,133.76633,-1.28083,15.5,G,C43,Gaia2,CCD
8410,99942,,99942,2021-03-13 22:22:06.800000+00:00,133.76345,-1.27584,16.0,G,Z80,Gaia2,CCD
8411,99942,,99942,2021-03-13 22:32:19.400000+00:00,133.75652,-1.27009,15.7,G,Z80,Gaia2,CCD
8412,99942,,99942,2021-03-13 22:37:45+00:00,133.75303,-1.2671,16.0,G,Z80,Gaia2,CCD
8413,99942,,99942,2021-03-13 23:01:02.006000+00:00,133.73208,-1.25258,16.0,G,L54,Gaia2,CCD
8414,99942,,99942,2021-03-14 10:56:53.952000+00:00,133.318,-0.85325,14.9,R,P66,PPMXL,CCD
8415,99942,,99942,2021-03-14 10:57:24.192000+00:00,133.318,-0.85325,14.9,R,P66,PPMXL,CCD
8416,99942,,99942,2021-03-14 11:22:12.864000+00:00,133.30108,-0.83925,15.0,R,P66,PPMXL,CCD
8417,99942,,99942,2021-03-14 11:22:43.104000+00:00,133.30108,-0.83925,15.0,R,P66,PPMXL,CCD
8418,99942,,99942,2021-03-14 11:48:42.624000+00:00,133.28333,-0.82467,15.0,R,P66,PPMXL,CCD
8419,99942,,99942,2021-03-14 11:49:12.864000+00:00,133.28333,-0.82467,15.0,R,P66,PPMXL,CCD
8420,99942,,99942,2021-03-14 12:15:04.608000+00:00,133.26562,-0.81008,15.1,R,P66,PPMXL,CCD
8421,99942,,99942,2021-03-14 12:15:34.848000+00:00,133.26562,-0.81008,15.1,R,P66,PPMXL,CCD
8422,99942,,99942,2021-03-14 12:44:41.856000+00:00,133.24571,-0.79378,13.9,R,P66,PPMXL,CCD
8423,99942,,99942,2021-03-14 12:45:12.096000+00:00,133.24571,-0.79378,13.9,R,P66,PPMXL,CCD
8424,99942,,99942,2021-03-14 13:11:13.344000+00:00,133.22788,-0.77917,15.3,R,P66,PPMXL,CCD
8425,99942,,99942,2021-03-14 13:11:42.720000+00:00,133.22788,-0.77917,15.3,R,P66,PPMXL,CCD
8426,99942,,99942,2021-03-14 14:03:54.720000+00:00,133.19254,-0.75008,15.4,R,P66,PPMXL,CCD
8427,99942,,99942,2021-03-14 14:04:24.960000+00:00,133.19254,-0.75008,15.4,R,P66,PPMXL,CCD
8428,99942,,99942,2021-03-14 14:10:45.984000+00:00,133.18829,-0.74664,15.4,R,P66,PPMXL,CCD
8429,99942,,99942,2021-03-14 14:30:19.296000+00:00,133.17492,-0.73553,15.5,R,P66,PPMXL,CCD
8430,99942,,99942,2021-03-14 14:30:48.672000+00:00,133.17492,-0.73553,15.5,R,P66,PPMXL,CCD
8431,99942,,99942,2021-03-14 14:41:21.120000+00:00,133.16796,-0.72972,15.4,R,P66,PPMXL,CCD
8432,99942,,99942,2021-03-14 15:09:56.160000+00:00,133.14875,-0.71367,15.5,R,P66,PPMXL,CCD
8433,99942,,99942,2021-03-14 15:10:26.400000+00:00,133.14875,-0.71367,15.5,R,P66,PPMXL,CCD
8434,99942,,99942,2021-03-14 16:14:45.024000+00:00,133.12942,-0.68108,16.1,G,C40,Gaia2,CCD
8435,99942,,99942,2021-03-14 16:25:33.024000+00:00,133.1225,-0.67519,16.1,G,C40,Gaia2,CCD
8436,99942,,99942,2021-03-14 16:28:37.920000+00:00,133.1205,-0.6735,16.1,G,C40,Gaia2,CCD
8437,99942,,99942,2021-03-14 16:33:15.264000+00:00,133.11754,-0.67097,16.1,G,C40,Gaia2,CCD
8438,99942,,99942,2021-03-14 16:34:47.712000+00:00,133.11654,-0.67008,16.1,G,C40,Gaia2,CCD
8439,99942,,99942,2021-03-14 16:39:31.968000+00:00,133.11346,-0.66747,16.1,G,C40,Gaia2,CCD
8440,99942,,99942,2021-03-14 16:42:36.864000+00:00,133.1115,-0.66578,16.1,G,C40,Gaia2,CCD
8441,99942,,99942,2021-03-14 16:44:09.312000+00:00,133.11046,-0.66494,16.1,G,C40,Gaia2,CCD
8442,99942,,99942,2021-03-14 16:45:41.760000+00:00,133.1095,-0.66411,16.1,G,C40,Gaia2,CCD
8443,99942,,99942,2021-03-14 16:50:19.104000+00:00,133.1065,-0.66153,16.1,G,C40,Gaia2,CCD
8444,99942,,99942,2021-03-14 16:51:52.416000+00:00,133.10546,-0.66072,16.1,G,C40,Gaia2,CCD
8445,99942,,99942,2021-03-14 16:53:24+00:00,133.1045,-0.65983,16.1,G,C40,Gaia2,CCD
8446,99942,,99942,2021-03-14 16:56:28.896000+00:00,133.1025,-0.65817,16.1,G,C40,Gaia2,CCD
8447,99942,,99942,2021-03-14 16:59:33.792000+00:00,133.10046,-0.65647,16.1,G,C40,Gaia2,CCD
8448,99942,,99942,2021-03-14 17:01:07.104000+00:00,133.0995,-0.65558,16.1,G,C40,Gaia2,CCD
8449,99942,,99942,2021-03-14 17:05:19.392000+00:00,133.09675,-0.65331,16.1,G,C40,Gaia2,CCD
8450,99942,,99942,2021-03-14 17:06:51.840000+00:00,133.09575,-0.65247,16.1,G,C40,Gaia2,CCD
8451,99942,,99942,2021-03-14 17:07:20.352000+00:00,133.09471,-0.65178,16.2,R,B18,Gaia2,CCD
8452,99942,,99942,2021-03-14 17:11:29.184000+00:00,133.09271,-0.64992,16.1,G,C40,Gaia2,CCD
8453,99942,,99942,2021-03-14 17:12:53.856000+00:00,133.09108,-0.64872,15.8,R,B18,Gaia2,CCD
8454,99942,,99942,2021-03-14 17:13:01.632000+00:00,133.09171,-0.64908,16.1,G,C40,Gaia2,CCD
8455,99942,,99942,2021-03-14 17:14:34.080000+00:00,133.09071,-0.64822,16.1,G,C40,Gaia2,CCD
8456,99942,,99942,2021-03-14 17:17:38.976000+00:00,133.08871,-0.64653,16.1,G,C40,Gaia2,CCD
8457,99942,,99942,2021-03-14 17:18:42.048000+00:00,133.08729,-0.64556,15.7,R,B18,Gaia2,CCD
8458,99942,,99942,2021-03-14 17:20:43.872000+00:00,133.08671,-0.64483,16.1,G,C40,Gaia2,CCD
8459,99942,,99942,2021-03-14 17:23:48.768000+00:00,133.08467,-0.64314,15.9,G,C40,Gaia2,CCD
8460,99942,,99942,2021-03-14 17:28:26.976000+00:00,133.08163,-0.64058,16.0,G,C40,Gaia2,CCD
8461,99942,,99942,2021-03-14 17:31:31.872000+00:00,133.07963,-0.63889,16.1,G,C40,Gaia2,CCD
8462,99942,,99942,2021-03-14 17:33:10.368000+00:00,133.07783,-0.63756,15.4,R,B18,Gaia2,CCD
8463,99942,,99942,2021-03-14 17:38:19.680000+00:00,133.07517,-0.63514,16.1,G,C40,Gaia2,CCD
8464,99942,,99942,2021-03-14 17:39:08.928000+00:00,133.07388,-0.63436,15.5,R,B18,Gaia2,CCD
8465,99942,,99942,2021-03-14 17:39:52.992000+00:00,133.07417,-0.63431,16.1,G,C40,Gaia2,CCD
8466,99942,,99942,2021-03-14 17:42:57.888000+00:00,133.07212,-0.63261,16.1,G,C40,Gaia2,CCD
8467,99942,,99942,2021-03-14 17:44:30.336000+00:00,133.07112,-0.63178,16.1,G,C40,Gaia2,CCD
8468,99942,,99942,2021-03-14 17:45:43.776000+00:00,133.0695,-0.63072,15.2,R,B18,Gaia2,CCD
8469,99942,,99942,2021-03-14 17:46:02.784000+00:00,133.07013,-0.63089,16.1,G,C40,Gaia2,CCD
8470,99942,,99942,2021-03-14 17:47:35.232000+00:00,133.06913,-0.63008,16.0,G,C40,Gaia2,CCD
8471,99942,,99942,2021-03-14 17:49:07.680000+00:00,133.06808,-0.62919,16.1,G,C40,Gaia2,CCD
8472,99942,,99942,2021-03-14 17:50:40.128000+00:00,133.06708,-0.62836,16.1,G,C40,Gaia2,CCD
8473,99942,,99942,2021-03-14 17:51:46.656000+00:00,133.06558,-0.62736,15.4,R,B18,Gaia2,CCD
8474,99942,,99942,2021-03-14 17:52:12.576000+00:00,133.06608,-0.62753,16.0,G,C40,Gaia2,CCD
8475,99942,,99942,2021-03-14 17:55:18.336000+00:00,133.06404,-0.62583,16.1,G,C40,Gaia2,CCD
8476,99942,,99942,2021-03-14 17:57:56.448000+00:00,133.06583,-0.62417,15.7,G,073,Gaia2,CCD
8477,99942,,99942,2021-03-14 17:59:55.680000+00:00,133.06104,-0.62331,15.9,G,C40,Gaia2,CCD
8478,99942,,99942,2021-03-14 18:01:28.128000+00:00,133.06,-0.62244,16.0,G,C40,Gaia2,CCD
8479,99942,,99942,2021-03-14 18:03:00.576000+00:00,133.059,-0.62156,16.0,G,C40,Gaia2,CCD
8480,99942,,99942,2021-03-14 18:03:21.312000+00:00,133.05783,-0.62097,15.5,R,B18,Gaia2,CCD
8481,99942,,99942,2021-03-14 18:04:24.384000+00:00,133.05808,-0.62078,16.0,G,C40,Gaia2,CCD
8482,99942,,99942,2021-03-14 18:05:56.832000+00:00,133.05708,-0.61997,16.1,G,C40,Gaia2,CCD
8483,99942,,99942,2021-03-14 18:07:04.224000+00:00,133.05154,-0.62211,15.5,R,168,UCAC4,CCD
8484,99942,,99942,2021-03-14 18:08:59.136000+00:00,133.05425,-0.61792,15.4,R,B18,Gaia2,CCD
8485,99942,,99942,2021-03-14 18:09:01.728000+00:00,133.05504,-0.61828,16.0,G,C40,Gaia2,CCD
8486,99942,,99942,2021-03-14 18:12:06.624000+00:00,133.05304,-0.61656,16.1,G,C40,Gaia2,CCD
8487,99942,,99942,2021-03-14 18:13:39.936000+00:00,133.052,-0.61575,16.1,G,C40,Gaia2,CCD
8488,99942,,99942,2021-03-14 18:14:36.960000+00:00,133.05042,-0.61481,15.0,R,B18,Gaia2,CCD
8489,99942,,99942,2021-03-14 18:15:12.384000+00:00,133.051,-0.61489,16.0,G,C40,Gaia2,CCD
8490,99942,,99942,2021-03-14 18:19:08.256000+00:00,133.04842,-0.61275,16.0,G,C40,Gaia2,CCD
8491,99942,,99942,2021-03-14 18:20:24.288000+00:00,133.04671,-0.61164,14.9,R,B18,Gaia2,CCD
8492,99942,,99942,2021-03-14 18:22:03.648000+00:00,133.042,-0.61389,15.6,R,168,UCAC4,CCD
8493,99942,,99942,2021-03-14 18:22:13.152000+00:00,133.04638,-0.61103,16.0,G,C40,Gaia2,CCD
8494,99942,,99942,2021-03-14 18:23:45.600000+00:00,133.04538,-0.61017,16.1,G,C40,Gaia2,CCD
8495,99942,,99942,2021-03-14 18:26:51.360000+00:00,133.04333,-0.60847,16.0,G,C40,Gaia2,CCD
8496,99942,,99942,2021-03-14 18:28:03.936000+00:00,133.03813,-0.61056,15.5,R,168,UCAC4,CCD
8497,99942,,99942,2021-03-14 18:31:27.840000+00:00,133.04033,-0.60594,15.9,G,C40,Gaia2,CCD
8498,99942,,99942,2021-03-14 18:33:01.152000+00:00,133.03929,-0.60508,15.9,G,C40,Gaia2,CCD
8499,99942,,99942,2021-03-14 18:34:09.408000+00:00,133.03762,-0.60403,14.9,R,B18,Gaia2,CCD
8500,99942,,99942,2021-03-14 18:34:32.736000+00:00,133.03829,-0.60425,15.9,G,C40,Gaia2,CCD
8501,99942,,99942,2021-03-14 18:39:46.368000+00:00,133.034,-0.601,14.9,R,B18,Gaia2,CCD
8502,99942,,99942,2021-03-14 18:42:15.840000+00:00,133.03321,-0.6,16.0,G,C40,Gaia2,CCD
8503,99942,,99942,2021-03-14 18:45:16.416000+00:00,133.03037,-0.59797,15.1,R,B18,Gaia2,CCD
8504,99942,,99942,2021-03-14 18:45:20.736000+00:00,133.03121,-0.59831,15.9,G,C40,Gaia2,CCD
8505,99942,,99942,2021-03-14 18:47:02.688000+00:00,133.03704,-0.59703,15.4,R,L89,PPMXL,CCD
8506,99942,,99942,2021-03-14 18:49:03.648000+00:00,133.02475,-0.59889,15.5,R,168,UCAC4,CCD
8507,99942,,99942,2021-03-14 18:56:08.304000+00:00,133.02779,-0.59214,15.7,G,073,Gaia2,CCD
8508,99942,,99942,2021-03-14 18:56:24.288000+00:00,133.03108,-0.59183,15.2,R,L89,PPMXL,CCD
8509,99942,,99942,2021-03-14 18:58:40.800000+00:00,133.0215,-0.59056,15.3,R,B18,Gaia2,CCD
8510,99942,,99942,2021-03-14 19:04:28.992000+00:00,133.01771,-0.58739,15.2,R,B18,Gaia2,CCD
8511,99942,,99942,2021-03-14 19:05:43.296000+00:00,133.025,-0.58669,15.3,R,L89,PPMXL,CCD
8512,99942,,99942,2021-03-14 19:10:05.952000+00:00,133.01396,-0.58425,15.2,R,B18,Gaia2,CCD
8513,99942,,99942,2021-03-14 19:15:47.232000+00:00,133.01025,-0.58114,15.1,R,B18,Gaia2,CCD
8514,99942,,99942,2021-03-14 19:21:31.104000+00:00,133.0065,-0.57806,14.8,R,B18,Gaia2,CCD
8515,99942,,99942,2021-03-14 19:28:04.224000+00:00,133.00221,-0.57442,15.1,R,B18,Gaia2,CCD
8516,99942,,99942,2021-03-14 19:33:48.096000+00:00,132.99842,-0.57125,14.9,R,B18,Gaia2,CCD
8517,99942,,99942,2021-03-14 19:39:27.648000+00:00,132.99471,-0.56808,15.1,R,B18,Gaia2,CCD
8518,99942,,99942,2021-03-14 19:47:08.938000+00:00,132.99442,-0.56419,15.7,G,073,Gaia2,CCD
8519,99942,,99942,2021-03-14 19:50:45.888000+00:00,132.98737,-0.56192,15.1,R,B18,Gaia2,CCD
8520,99942,,99942,2021-03-14 20:13:51.744000+00:00,132.97229,-0.54919,15.2,R,B18,Gaia2,CCD
8521,99942,,99942,2021-03-14 20:19:50.304000+00:00,132.96842,-0.54594,14.9,R,B18,Gaia2,CCD
8522,99942,,99942,2021-03-14 20:21:42.624000+00:00,132.97517,-0.54517,15.1,R,233,USNOA1,CCD
8523,99942,,99942,2021-03-14 20:26:43.296000+00:00,132.96404,-0.54219,15.0,R,B18,Gaia2,CCD
8524,99942,,99942,2021-03-14 20:27:17.856000+00:00,132.97179,-0.54239,14.6,R,233,USNOA1,CCD
8525,99942,,99942,2021-03-14 20:27:44.467000+00:00,132.979975,-0.537153,15.5,G,J04,Gaia2,CCD
8526,99942,,99942,2021-03-14 20:28:35.875000+00:00,132.979392,-0.536678,15.5,G,J04,Gaia2,CCD
8527,99942,,99942,2021-03-14 20:29:26.938000+00:00,132.978846,-0.536217,15.5,G,J04,Gaia2,CCD
8528,99942,,99942,2021-03-14 20:32:53.088000+00:00,132.96792,-0.53908,15.0,R,233,USNOA1,CCD
8529,99942,,99942,2021-03-14 20:38:26.592000+00:00,132.96425,-0.536,15.0,R,233,USNOA1,CCD
8530,99942,,99942,2021-03-14 20:42:46.829000+00:00,132.95754,-0.53378,15.7,G,073,Gaia2,CCD
8531,99942,,99942,2021-03-14 20:44:08.736000+00:00,132.95267,-0.53256,14.8,R,B18,Gaia2,CCD
8532,99942,,99942,2021-03-14 20:52:21.475000+00:00,132.95163,-0.52808,15.7,G,073,Gaia2,CCD
8533,99942,,99942,2021-03-14 20:53:24.288000+00:00,132.95096,-0.5275,15.4,G,073,Gaia2,CCD
8534,99942,,99942,2021-03-14 20:55:26.112000+00:00,132.94546,-0.52639,14.9,R,B18,Gaia2,CCD
8535,99942,,99942,2021-03-14 21:01:01.344000+00:00,132.94187,-0.52333,15.0,R,B18,Gaia2,CCD
8536,99942,,99942,2021-03-14 21:03:53.021000+00:00,132.94392,-0.52178,15.4,G,073,Gaia2,CCD
8537,99942,,99942,2021-03-14 21:06:45.216000+00:00,132.93813,-0.52014,15.1,R,B18,Gaia2,CCD
8538,99942,,99942,2021-03-14 21:08:04.358000+00:00,132.94125,-0.5195,15.5,G,073,Gaia2,CCD
8539,99942,,99942,2021-03-14 21:12:19.584000+00:00,132.93462,-0.51711,14.9,R,B18,Gaia2,CCD
8540,99942,,99942,2021-03-14 21:55:31.700000+00:00,132.91408,-0.49348,15.6,R,160,Gaia2,CCD
8541,99942,,99942,2021-03-14 22:00:37.300000+00:00,132.91069,-0.49068,15.2,R,160,Gaia2,CCD
8542,99942,,99942,2021-03-14 22:05:44.700000+00:00,132.90736,-0.48782,15.2,R,160,Gaia2,CCD
8543,99942,,99942,2021-03-14 22:09:33.984000+00:00,132.90496,-0.48764,15.4,G,C43,Gaia2,CCD
8544,99942,,99942,2021-03-14 22:28:36.192000+00:00,132.89283,-0.47717,15.4,G,C43,Gaia2,CCD
8545,99942,,A10vL6o,2021-03-15 08:05:01.040000+00:00,132.56189,-0.15216,15.82,Ao,T08,Gaia2,CCD
8546,99942,,A10vL6o,2021-03-15 08:09:39.860000+00:00,132.55881,-0.14963,15.86,Ao,T08,Gaia2,CCD
8547,99942,,A10vL6o,2021-03-15 08:17:37.620000+00:00,132.55355,-0.1453,15.8,Ao,T08,Gaia2,CCD
8548,99942,,A10vL6o,2021-03-15 09:08:41.300000+00:00,132.51984,-0.11741,15.74,Ao,T08,Gaia2,CCD
8549,99942,,99942,2021-03-15 18:45:42.336000+00:00,132.20417,0.18953,15.1,R,L89,PPMXL,CCD
8550,99942,,99942,2021-03-15 18:49:45.984000+00:00,132.18942,0.1975,14.9,V,M44,UCAC4,CCD
8551,99942,,99942,2021-03-15 18:56:22.560000+00:00,132.1975,0.19531,15.1,R,L89,PPMXL,CCD
8552,99942,,99942,2021-03-15 19:02:24.576000+00:00,132.181,0.20431,14.8,V,M44,UCAC4,CCD
8553,99942,,99942,2021-03-15 19:07:05.376000+00:00,132.19075,0.20114,15.2,R,L89,PPMXL,CCD
8554,99942,,99942,2021-03-15 19:17:49.056000+00:00,132.18404,0.20694,15.3,R,L89,PPMXL,CCD
8555,99942,,99942,2021-03-15 19:20:16.800000+00:00,132.16921,0.21378,15.0,V,M44,UCAC4,CCD
8556,99942,,99942,2021-03-15 19:28:31.872000+00:00,132.17729,0.21272,15.3,R,L89,PPMXL,CCD
8557,99942,,99942,2021-03-15 19:38:43.584000+00:00,132.17021,0.21842,16.0,V,L47,UCAC4,CCD
8558,99942,,99942,2021-03-15 19:55:37.056000+00:00,132.15438,0.22731,15.2,L,095,USNOA2,CCD
8559,99942,,99942,2021-03-15 19:56:02.976000+00:00,132.15408,0.22747,15.2,L,095,USNOA2,CCD
8560,99942,,99942,2021-03-15 19:56:54.816000+00:00,132.15358,0.22797,15.2,L,095,USNOA2,CCD
8561,99942,,99942,2021-03-15 19:57:20.736000+00:00,132.15325,0.22819,15.2,L,095,USNOA2,CCD
8562,99942,,99942,2021-03-15 19:57:46.656000+00:00,132.15304,0.22844,15.2,L,095,USNOA2,CCD
8563,99942,,99942,2021-03-15 19:58:11.712000+00:00,132.15275,0.22869,15.2,L,095,USNOA2,CCD
8564,99942,,99942,2021-03-15 19:58:37.632000+00:00,132.1525,0.22889,15.2,L,095,USNOA2,CCD
8565,99942,,99942,2021-03-15 19:59:03.552000+00:00,132.15225,0.22911,15.2,L,095,USNOA2,CCD
8566,99942,,99942,2021-03-15 19:59:29.472000+00:00,132.152,0.22939,15.2,L,095,USNOA2,CCD
8567,99942,,99942,2021-03-15 19:59:55.392000+00:00,132.15171,0.22961,15.2,L,095,USNOA2,CCD
8568,99942,,99942,2021-03-15 20:00:21.312000+00:00,132.15142,0.22983,15.2,L,095,USNOA2,CCD
8569,99942,,99942,2021-03-15 20:00:47.232000+00:00,132.15117,0.23006,15.2,L,095,USNOA2,CCD
8570,99942,,99942,2021-03-15 20:01:13.152000+00:00,132.15083,0.23028,15.2,L,095,USNOA2,CCD
8571,99942,,99942,2021-03-15 20:01:39.936000+00:00,132.15058,0.23053,15.2,L,095,USNOA2,CCD
8572,99942,,99942,2021-03-15 20:02:05.856000+00:00,132.15029,0.23078,15.2,L,095,USNOA2,CCD
8573,99942,,99942,2021-03-15 20:02:31.776000+00:00,132.15004,0.231,15.2,L,095,USNOA2,CCD
8574,99942,,99942,2021-03-15 20:03:22.752000+00:00,132.1495,0.23142,15.2,L,095,USNOA2,CCD
8575,99942,,99942,2021-03-15 20:03:48.672000+00:00,132.14925,0.23172,15.2,L,095,USNOA2,CCD
8576,99942,,99942,2021-03-15 20:04:14.592000+00:00,132.14896,0.23192,15.2,L,095,USNOA2,CCD
8577,99942,,99942,2021-03-15 20:04:40.512000+00:00,132.14871,0.23214,15.2,L,095,USNOA2,CCD
8578,99942,,99942,2021-03-15 20:05:06.432000+00:00,132.14842,0.23239,15.2,L,095,USNOA2,CCD
8579,99942,,99942,2021-03-15 20:05:32.352000+00:00,132.14812,0.23264,15.2,L,095,USNOA2,CCD
8580,99942,,99942,2021-03-15 20:05:58.272000+00:00,132.14788,0.23286,15.2,L,095,USNOA2,CCD
8581,99942,,99942,2021-03-15 20:06:24.192000+00:00,132.14758,0.23311,15.2,L,095,USNOA2,CCD
8582,99942,,99942,2021-03-15 20:06:49.248000+00:00,132.14733,0.23333,15.2,L,095,USNOA2,CCD
8583,99942,,99942,2021-03-15 20:07:15.168000+00:00,132.14704,0.23358,15.2,L,095,USNOA2,CCD
8584,99942,,99942,2021-03-15 20:07:41.088000+00:00,132.14683,0.23381,15.2,L,095,USNOA2,CCD
8585,99942,,99942,2021-03-15 20:08:07.008000+00:00,132.14654,0.23397,15.2,L,095,USNOA2,CCD
8586,99942,,99942,2021-03-15 20:08:32.928000+00:00,132.14629,0.23422,15.2,L,095,USNOA2,CCD
8587,99942,,99942,2021-03-15 20:09:24.768000+00:00,132.14571,0.23475,15.2,L,095,USNOA2,CCD
8588,99942,,99942,2021-03-15 20:09:50.688000+00:00,132.14542,0.23492,15.2,L,095,USNOA2,CCD
8589,99942,,99942,2021-03-15 20:10:16.608000+00:00,132.14521,0.23519,15.2,L,095,USNOA2,CCD
8590,99942,,99942,2021-03-15 20:11:07.584000+00:00,132.14463,0.23567,15.2,L,095,USNOA2,CCD
8591,99942,,99942,2021-03-15 20:11:33.504000+00:00,132.14437,0.23589,15.2,L,095,USNOA2,CCD
8592,99942,,99942,2021-03-15 20:11:59.424000+00:00,132.14413,0.23611,15.2,L,095,USNOA2,CCD
8593,99942,,99942,2021-03-15 20:12:25.344000+00:00,132.14383,0.23631,15.2,L,095,USNOA2,CCD
8594,99942,,99942,2021-03-15 20:12:51.264000+00:00,132.14354,0.23656,15.2,L,095,USNOA2,CCD
8595,99942,,99942,2021-03-15 20:23:02.976000+00:00,132.14242,0.24272,16.1,V,L47,UCAC4,CCD
8596,99942,,99942,2021-03-15 21:25:02.496000+00:00,132.10783,0.27681,16.2,G,J27,Gaia2,CCD
8597,99942,,99942,2021-03-15 21:40:17.472000+00:00,132.09817,0.28508,16.3,G,J27,Gaia2,CCD
8598,99942,,99942,2021-03-15 21:52:55.200000+00:00,132.09021,0.29192,16.2,G,J27,Gaia2,CCD
8599,99942,,99942,2021-03-16 11:13:35.328000+00:00,131.65238,0.72606,15.4,R,P66,PPMXL,CCD
8600,99942,,99942,2021-03-16 11:23:04.704000+00:00,131.64646,0.73119,15.4,R,P66,PPMXL,CCD
8601,99942,,99942,2021-03-16 11:33:38.016000+00:00,131.63988,0.73703,15.5,R,P66,PPMXL,CCD
8602,99942,,99942,2021-03-16 11:44:18.240000+00:00,131.63333,0.74261,15.6,R,P66,PPMXL,CCD
8603,99942,,99942,2021-03-16 11:54:50.688000+00:00,131.62675,0.74831,15.5,R,P66,PPMXL,CCD
8604,99942,,99942,2021-03-16 12:05:23.136000+00:00,131.62025,0.75383,15.5,R,P66,PPMXL,CCD
8605,99942,,99942,2021-03-16 12:15:55.584000+00:00,131.61363,0.75967,15.5,R,P66,PPMXL,CCD
8606,99942,,99942,2021-03-16 12:26:28.896000+00:00,131.607,0.76517,15.4,R,P66,PPMXL,CCD
8607,99942,,99942,2021-03-16 12:37:11.712000+00:00,131.60042,0.77108,15.6,R,P66,PPMXL,CCD
8608,99942,,99942,2021-03-16 12:47:45.024000+00:00,131.59371,0.77672,15.6,R,P66,PPMXL,CCD
8609,99942,,99942,2021-03-16 12:58:19.200000+00:00,131.58725,0.78236,15.5,R,P66,PPMXL,CCD
8610,99942,,99942,2021-03-16 13:08:54.240000+00:00,131.58063,0.78811,15.5,R,P66,PPMXL,CCD
8611,99942,,99942,2021-03-16 13:19:31.872000+00:00,131.574,0.79389,15.5,R,P66,PPMXL,CCD
8612,99942,,99942,2021-03-16 13:30:05.184000+00:00,131.56746,0.79953,15.5,R,P66,PPMXL,CCD
8613,99942,,99942,2021-03-16 13:40:40.224000+00:00,131.56092,0.80517,15.6,R,P66,PPMXL,CCD
8614,99942,,99942,2021-03-16 13:51:14.400000+00:00,131.55437,0.81094,15.5,R,P66,PPMXL,CCD
8615,99942,,99942,2021-03-16 14:01:48.576000+00:00,131.54788,0.81661,15.5,R,P66,PPMXL,CCD
8616,99942,,99942,2021-03-16 14:12:27.936000+00:00,131.54125,0.82228,15.4,R,P66,PPMXL,CCD
8617,99942,,99942,2021-03-16 14:23:01.248000+00:00,131.53475,0.82794,15.5,R,P66,PPMXL,CCD
8618,99942,,99942,2021-03-16 14:33:32.832000+00:00,131.52833,0.83353,15.5,R,P66,PPMXL,CCD
8619,99942,,99942,2021-03-16 14:44:07.008000+00:00,131.52188,0.83919,15.4,R,P66,PPMXL,CCD
8620,99942,,99942,2021-03-16 14:54:48.096000+00:00,131.51542,0.84503,15.1,R,P66,PPMXL,CCD
8621,99942,,99942,2021-03-16 15:05:26.592000+00:00,131.50892,0.85067,15.3,R,P66,PPMXL,CCD
8622,99942,,99942,2021-03-16 15:16:06.816000+00:00,131.50246,0.85639,15.3,R,P66,PPMXL,CCD
8623,99942,,99942,2021-03-16 15:27:24.192000+00:00,131.49575,0.86236,15.3,R,P66,PPMXL,CCD
8624,99942,,99942,2021-03-16 15:37:58.368000+00:00,131.48917,0.86806,15.3,R,P66,PPMXL,CCD
8625,99942,,99942,2021-03-16 15:43:13.728000+00:00,131.48617,0.87092,15.2,R,P66,PPMXL,CCD
8626,99942,,99942,2021-03-16 16:12:30.240000+00:00,131.47983,0.8825,15.9,G,N82,Gaia2,CCD
8627,99942,,99942,2021-03-16 16:36:06.336000+00:00,131.46562,0.89514,15.9,G,N82,Gaia2,CCD
8628,99942,,99942,2021-03-16 16:59:39.840000+00:00,131.4515,0.90778,15.8,G,N82,Gaia2,CCD
8629,99942,,99942,2021-03-16 17:23:20.256000+00:00,131.43742,0.92044,15.8,G,N82,Gaia2,CCD
8630,99942,,99942,2021-03-16 17:47:01.536000+00:00,131.42333,0.93311,15.8,G,N82,Gaia2,CCD
8631,99942,,99942,2021-03-16 18:10:41.088000+00:00,131.40942,0.94575,15.7,G,N82,Gaia2,CCD
8632,99942,,99942,2021-03-16 18:34:21.504000+00:00,131.39554,0.95836,15.7,G,N82,Gaia2,CCD
8633,99942,,99942,2021-03-16 18:50:57.696000+00:00,131.38883,0.975,15.8,V,C97,UCAC4,CCD
8634,99942,,99942,2021-03-16 18:52:22.368000+00:00,131.38779,0.97578,15.6,V,C97,UCAC4,CCD
8635,99942,,99942,2021-03-16 18:53:03.840000+00:00,131.38742,0.97608,16.0,V,C97,UCAC4,CCD
8636,99942,,99942,2021-03-16 18:53:46.176000+00:00,131.387,0.97656,16.3,V,C97,UCAC4,CCD
8637,99942,,99942,2021-03-16 18:54:29.376000+00:00,131.38663,0.97694,15.8,V,C97,UCAC4,CCD
8638,99942,,99942,2021-03-16 19:02:04.704000+00:00,131.3795,0.97317,15.7,G,N82,Gaia2,CCD
8639,99942,,99942,2021-03-16 21:14:10.700000+00:00,131.31569,1.04555,15.6,R,160,Gaia2,CCD
8640,99942,,99942,2021-03-16 21:17:00.100000+00:00,131.31397,1.04702,15.4,R,160,Gaia2,CCD
8641,99942,,99942,2021-03-16 21:19:51.200000+00:00,131.31221,1.04863,15.2,R,160,Gaia2,CCD
8642,99942,,99942,2021-03-16 21:57:17+00:00,131.29302,1.06664,15.5,G,Z80,Gaia2,CCD
8643,99942,,99942,2021-03-16 22:14:12+00:00,131.28295,1.07565,15.6,G,Z80,Gaia2,CCD
8644,99942,,99942,2021-03-16 22:25:24.470000+00:00,131.27642,1.08122,15.6,G,Z99,Gaia2,CCD
8645,99942,,99942,2021-03-16 22:29:16.800000+00:00,131.27412,1.08331,15.6,G,Z99,Gaia2,CCD
8646,99942,,99942,2021-03-16 22:31:07+00:00,131.27289,1.08472,15.5,G,Z80,Gaia2,CCD
8647,99942,,99942,2021-03-16 22:33:09.475000+00:00,131.27192,1.08536,15.7,G,Z99,Gaia2,CCD
8648,99942,,99942,2021-03-16 22:37:04.224000+00:00,131.26954,1.08747,15.7,G,Z99,Gaia2,CCD
8649,99942,,99942,2021-03-16 22:40:56.986000+00:00,131.26733,1.08958,15.7,G,Z99,Gaia2,CCD
8650,99942,,99942,2021-03-16 22:45:02.016000+00:00,131.26133,1.09403,15.1,G,108,UNK,CCD
8651,99942,,99942,2021-03-16 22:48:02+00:00,131.26297,1.09376,15.6,G,Z80,Gaia2,CCD
8652,99942,,99942,2021-03-16 22:48:14.688000+00:00,131.25929,1.09583,15.7,G,108,UNK,CCD
8653,99942,,99942,2021-03-16 22:52:33.024000+00:00,131.25696,1.09817,15.1,G,108,UNK,CCD
8654,99942,,99942,2021-03-16 22:56:51.360000+00:00,131.25442,1.10033,15.2,G,108,UNK,CCD
8655,99942,,99942,2021-03-16 23:05:42.100000+00:00,131.25262,1.10322,15.6,G,Z80,Gaia2,CCD
8656,99942,,99942,2021-03-17 12:32:45.600000+00:00,130.8305,1.53675,14.9,R,P66,PPMXL,CCD
8657,99942,,99942,2021-03-17 12:42:14.976000+00:00,130.82488,1.54175,14.9,R,P66,PPMXL,CCD
8658,99942,,99942,2021-03-17 12:52:48.288000+00:00,130.81854,1.54733,15.0,R,P66,PPMXL,CCD
8659,99942,,99942,2021-03-17 13:03:19.872000+00:00,130.81225,1.55286,15.0,R,P66,PPMXL,CCD
8660,99942,,99942,2021-03-17 13:13:52.320000+00:00,130.80596,1.55844,15.0,R,P66,PPMXL,CCD
8661,99942,,99942,2021-03-17 13:24:29.952000+00:00,130.79962,1.56406,15.0,R,P66,PPMXL,CCD
8662,99942,,99942,2021-03-17 13:35:02.400000+00:00,130.79333,1.56967,15.0,R,P66,PPMXL,CCD
8663,99942,,99942,2021-03-17 13:45:33.120000+00:00,130.78713,1.57519,15.1,R,P66,PPMXL,CCD
8664,99942,,99942,2021-03-17 13:56:19.392000+00:00,130.78075,1.58089,15.1,R,P66,PPMXL,CCD
8665,99942,,99942,2021-03-17 14:06:50.976000+00:00,130.7745,1.58644,15.1,R,P66,PPMXL,CCD
8666,99942,,99942,2021-03-17 14:17:38.112000+00:00,130.76817,1.59211,15.1,R,P66,PPMXL,CCD
8667,99942,,99942,2021-03-17 14:31:16.320000+00:00,130.76017,1.59931,15.1,R,P66,PPMXL,CCD
8668,99942,,99942,2021-03-17 14:42:04.320000+00:00,130.75379,1.605,15.2,R,P66,PPMXL,CCD
8669,99942,,99942,2021-03-17 14:52:35.904000+00:00,130.74767,1.61056,15.2,R,P66,PPMXL,CCD
8670,99942,,99942,2021-03-17 15:03:18.720000+00:00,130.74146,1.61619,15.1,R,P66,PPMXL,CCD
8671,99942,,99942,2021-03-17 15:13:58.080000+00:00,130.73525,1.62181,15.1,R,P66,PPMXL,CCD
8672,99942,,99942,2021-03-17 19:04:54.048000+00:00,130.63004,1.74128,16.1,G,L47,Gaia2,CCD
8673,99942,,99942,2021-03-17 20:14:03.840000+00:00,130.5905,1.77742,16.8,G,L47,Gaia2,CCD
8674,99942,,99942,2021-03-17 20:15:10.368000+00:00,130.58987,1.77806,16.7,G,L47,Gaia2,CCD
8675,99942,,99942,2021-03-17 20:25:38.200000+00:00,130.58672,1.78166,16.2,G,Z80,Gaia2,CCD
8676,99942,,99942,2021-03-17 20:46:10.600000+00:00,130.57494,1.79252,15.9,G,Z80,Gaia2,CCD
8677,99942,,99942,2021-03-17 20:58:28+00:00,130.56794,1.79892,16.1,G,Z80,Gaia2,CCD
8678,99942,,99942,2021-03-17 21:00:01.728000+00:00,130.56767,1.80322,16.2,G,I79,Gaia2,CCD
8679,99942,,99942,2021-03-17 21:10:09.120000+00:00,130.56171,1.80856,16.2,G,I79,Gaia2,CCD
8680,99942,,99942,2021-03-17 21:17:11.400000+00:00,130.55719,1.80869,16.2,G,Z80,Gaia2,CCD
8681,99942,,99942,2021-03-17 21:20:25.152000+00:00,130.55567,1.81397,16.0,G,I79,Gaia2,CCD
8682,99942,,99942,2021-03-17 21:30:55.872000+00:00,130.54954,1.81947,16.2,G,I79,Gaia2,CCD
8683,99942,,99942,2021-03-17 21:41:00.672000+00:00,130.54367,1.82481,16.0,G,I79,Gaia2,CCD
8684,99942,,99942,2021-03-17 21:51:07.200000+00:00,130.53775,1.83008,16.1,G,I79,Gaia2,CCD
8685,99942,,99942,2021-03-17 22:37:17.184000+00:00,130.51183,1.85153,,,Z43,Gaia2,CCD
8686,99942,,99942,2021-03-17 22:46:24.096000+00:00,130.50675,1.85636,16.0,G,Z43,Gaia2,CCD
8687,99942,,99942,2021-03-17 22:55:14.592000+00:00,130.50167,1.861,15.9,G,Z43,Gaia2,CCD
8688,99942,,99942,2021-03-18 00:12:07.488000+00:00,130.47825,1.91619,15.2,R,H78,UNK,CCD
8689,99942,,99942,2021-03-18 00:24:38.304000+00:00,130.47033,1.92303,15.0,R,H78,UNK,CCD
8690,99942,,99942,2021-03-18 09:32:43.872000+00:00,130.1825,2.22242,16.1,R,E89,UCAC4,CCD
8691,99942,,99942,2021-03-18 09:49:31.296000+00:00,130.17292,2.23125,15.9,R,E89,UCAC4,CCD
8692,99942,,99942,2021-03-18 15:54:13.824000+00:00,129.99292,2.39414,16.0,R,N42,UCAC5,CCD
8693,99942,,99942,2021-03-18 15:55:30.720000+00:00,129.99221,2.39481,16.0,R,N42,UCAC5,CCD
8694,99942,,99942,2021-03-18 15:56:48.480000+00:00,129.9915,2.3955,15.9,R,N42,UCAC5,CCD
8695,99942,,99942,2021-03-18 15:58:06.240000+00:00,129.99079,2.39617,15.9,R,N42,UCAC5,CCD
8696,99942,,99942,2021-03-18 15:59:24+00:00,129.99008,2.39683,15.9,R,N42,UCAC5,CCD
8697,99942,,99942,2021-03-18 16:00:40.896000+00:00,129.98933,2.3975,15.9,R,N42,UCAC5,CCD
8698,99942,,99942,2021-03-18 16:01:58.656000+00:00,129.98858,2.39817,15.9,R,N42,UCAC5,CCD
8699,99942,,99942,2021-03-18 16:03:16.416000+00:00,129.98788,2.39886,15.8,R,N42,UCAC5,CCD
8700,99942,,99942,2021-03-18 16:04:33.312000+00:00,129.98713,2.39956,15.8,R,N42,UCAC5,CCD
8701,99942,,99942,2021-03-18 16:05:51.072000+00:00,129.98646,2.40017,15.8,R,N42,UCAC5,CCD
8702,99942,,99942,2021-03-18 16:07:08.832000+00:00,129.98571,2.40083,15.8,R,N42,UCAC5,CCD
8703,99942,,99942,2021-03-18 20:16:04.800000+00:00,129.86354,2.52947,15.6,V,L47,UCAC4,CCD
8704,99942,,99942,2021-03-18 20:32:04.704000+00:00,129.85421,2.53778,15.8,V,L47,UCAC4,CCD
8705,99942,,99942,2021-03-18 21:25:56.928000+00:00,129.82313,2.56444,16.1,V,056,UCAC4,CCD
8706,99942,,99942,2021-03-18 21:31:07.968000+00:00,129.82075,2.56686,16.1,V,056,UCAC4,CCD
8707,99942,,99942,2021-03-18 21:36:19.008000+00:00,129.818,2.56939,16.3,V,056,UCAC4,CCD
8708,99942,,99942,2021-03-18 21:57:03.168000+00:00,129.80667,2.58039,16.1,V,056,UCAC4,CCD
8709,99942,,99942,2021-03-18 22:02:15.072000+00:00,129.80417,2.58317,16.1,V,056,UCAC4,CCD
8710,99942,,99942,2021-03-18 22:12:37.152000+00:00,129.79867,2.5885,16.3,V,056,UCAC4,CCD
8711,99942,,99942,2021-03-18 22:17:48.192000+00:00,129.79567,2.59089,16.2,V,056,UCAC4,CCD
8712,99942,,99942,2021-03-18 22:22:59.232000+00:00,129.79292,2.59358,16.4,V,056,UCAC4,CCD
8713,99942,,99942,2021-03-18 22:28:09.408000+00:00,129.79008,2.59603,16.4,V,056,UCAC4,CCD
8714,99942,,99942,2021-03-18 22:33:19.584000+00:00,129.78746,2.59881,16.2,V,056,UCAC4,CCD
8715,99942,,99942,2021-03-18 22:38:30.624000+00:00,129.78471,2.60144,16.2,V,056,UCAC4,CCD
8716,99942,,99942,2021-03-18 22:43:41.664000+00:00,129.78217,2.60442,16.3,V,056,UCAC4,CCD
8717,99942,,99942,2021-03-18 22:48:52.704000+00:00,129.77913,2.60689,16.2,V,056,UCAC4,CCD
8718,99942,,99942,2021-03-18 22:54:02.880000+00:00,129.77608,2.60986,16.3,V,056,UCAC4,CCD
8719,99942,,99942,2021-03-18 22:59:13.920000+00:00,129.77367,2.61231,16.4,V,056,UCAC4,CCD
8720,99942,,C20J4T1,2021-03-19 04:08:41.334000+00:00,129.63423,2.77611,16.25,G,703,Gaia2,CCD
8721,99942,,C20J4T1,2021-03-19 04:16:48.567000+00:00,129.6297,2.7803,16.35,G,703,Gaia2,CCD
8722,99942,,C20J4T1,2021-03-19 04:24:56.464000+00:00,129.624765,2.7843,,,703,Gaia2,CCD
8723,99942,,C20J4T1,2021-03-19 04:33:04.245000+00:00,129.62031,2.78866,16.28,G,703,Gaia2,CCD
8724,99942,,A10vSdh,2021-03-19 07:53:17.550000+00:00,129.52217,2.89544,15.74,Ao,T08,Gaia2,CCD
8725,99942,,A10vSdh,2021-03-19 07:57:56.550000+00:00,129.51957,2.89781,15.73,Ao,T08,Gaia2,CCD
8726,99942,,A10vSdh,2021-03-19 08:08:33.140000+00:00,129.51362,2.90323,15.73,Ao,T08,Gaia2,CCD
8727,99942,,A10vSdh,2021-03-19 08:23:25.200000+00:00,129.50527,2.91084,15.68,Ao,T08,Gaia2,CCD
8728,99942,,99942,2021-03-19 10:42:07.488000+00:00,129.44775,2.97575,15.9,V,D95,UCAC4,CCD
8729,99942,,99942,2021-03-19 10:55:45.696000+00:00,129.44029,2.98269,15.8,V,D95,UCAC4,CCD
8730,99942,,99942,2021-03-19 10:58:54.048000+00:00,129.43858,2.98431,15.9,V,D95,UCAC4,CCD
8731,99942,,99942,2021-03-19 15:21:23.040000+00:00,129.31129,3.11511,16.1,G,N82,Gaia2,CCD
8732,99942,,99942,2021-03-19 15:49:18.336000+00:00,129.29654,3.12931,16.2,G,N82,Gaia2,CCD
8733,99942,,99942,2021-03-19 16:17:12.768000+00:00,129.28188,3.14344,16.4,G,N82,Gaia2,CCD
8734,99942,,99942,2021-03-19 16:28:22.368000+00:00,129.27746,3.15106,16.2,R,N42,UCAC5,CCD
8735,99942,,99942,2021-03-19 16:29:36.672000+00:00,129.27683,3.15167,16.4,R,N42,UCAC5,CCD
8736,99942,,99942,2021-03-19 16:30:50.976000+00:00,129.27613,3.15228,15.6,R,N42,UCAC5,CCD
8737,99942,,99942,2021-03-19 16:32:05.280000+00:00,129.27558,3.15292,17.2,R,N42,UCAC5,CCD
8738,99942,,99942,2021-03-19 16:33:20.448000+00:00,129.27479,3.15361,16.3,R,N42,UCAC5,CCD
8739,99942,,99942,2021-03-19 16:34:34.752000+00:00,129.27417,3.15419,16.4,R,N42,UCAC5,CCD
8740,99942,,99942,2021-03-19 16:35:49.056000+00:00,129.2735,3.15483,16.4,R,N42,UCAC5,CCD
8741,99942,,99942,2021-03-19 16:37:03.360000+00:00,129.27279,3.15544,16.5,R,N42,UCAC5,CCD
8742,99942,,99942,2021-03-19 16:38:18.528000+00:00,129.27225,3.15617,17.5,R,N42,UCAC5,CCD
8743,99942,,99942,2021-03-19 16:39:32.832000+00:00,129.27154,3.15658,17.8,R,N42,UCAC5,CCD
8744,99942,,99942,2021-03-19 16:40:47.136000+00:00,129.27088,3.15733,16.2,R,N42,UCAC5,CCD
8745,99942,,99942,2021-03-19 16:45:08.928000+00:00,129.26725,3.15767,16.4,G,N82,Gaia2,CCD
8746,99942,,99942,2021-03-19 17:13:04.224000+00:00,129.25267,3.17178,16.5,G,N82,Gaia2,CCD
8747,99942,,99942,2021-03-19 17:40:59.520000+00:00,129.23825,3.18592,16.5,G,N82,Gaia2,CCD
8748,99942,,99942,2021-03-19 18:08:55.680000+00:00,129.22396,3.20011,16.5,G,N82,Gaia2,CCD
8749,99942,,99942,2021-03-19 18:36:51.840000+00:00,129.20975,3.21411,16.3,G,N82,Gaia2,CCD
8750,99942,,99942,2021-03-19 18:40:58.944000+00:00,129.21112,3.22397,15.7,V,M44,UCAC4,CCD
8751,99942,,99942,2021-03-19 18:56:04.416000+00:00,129.20263,3.23172,15.5,V,M44,UCAC4,CCD
8752,99942,,99942,2021-03-19 19:12:06.048000+00:00,129.19404,3.23978,15.5,V,M44,UCAC4,CCD
8753,99942,,99942,2021-03-19 22:35:05.500000+00:00,129.10337,3.33457,15.9,G,Z80,Gaia2,CCD
8754,99942,,99942,2021-03-19 22:40:05.100000+00:00,129.10077,3.33701,15.9,G,Z80,Gaia2,CCD
8755,99942,,99942,2021-03-19 22:45:05.100000+00:00,129.09817,3.33968,15.9,G,Z80,Gaia2,CCD
8756,99942,,VpJ601,2021-03-20 06:03:52.416000+00:00,128.89375,3.56617,16.3,V,691,USNOB1,CCD
8757,99942,,VpJ601,2021-03-20 06:05:36.096000+00:00,128.89283,3.56703,16.3,V,691,USNOB1,CCD
8758,99942,,VpJ601,2021-03-20 06:07:20.640000+00:00,128.89192,3.56789,16.3,V,691,USNOB1,CCD
8759,99942,,99942,2021-03-20 17:58:12.864000+00:00,128.57462,3.92575,15.2,V,M44,UCAC4,CCD
8760,99942,,99942,2021-03-20 18:11:12.192000+00:00,128.56808,3.93233,15.4,V,M44,UCAC4,CCD
8761,99942,,99942,2021-03-20 18:29:18.240000+00:00,128.55821,3.94147,15.7,V,M44,UCAC4,CCD
8762,99942,,99942,2021-03-20 19:56:36.672000+00:00,128.52658,3.97875,15.7,R,233,USNOA1,CCD
8763,99942,,99942,2021-03-20 20:01:37.344000+00:00,128.52404,3.98122,15.9,R,233,USNOA1,CCD
8764,99942,,99942,2021-03-20 20:07:12.576000+00:00,128.52125,3.98394,15.6,R,233,USNOA1,CCD
8765,99942,,99942,2021-03-20 20:12:46.944000+00:00,128.51842,3.98675,15.7,R,233,USNOA1,CCD
8766,99942,,99942,2021-03-20 21:14:25.728000+00:00,128.49088,4.01822,15.9,G,J27,Gaia2,CCD
8767,99942,,99942,2021-03-20 21:17:57.408000+00:00,128.48908,4.02,16.0,G,J27,Gaia2,CCD
8768,99942,,99942,2021-03-20 21:21:10.080000+00:00,128.48742,4.02153,16.0,G,J27,Gaia2,CCD
8769,99942,,99942,2021-03-20 21:39:22.176000+00:00,128.47475,4.02956,16.2,G,L63,Gaia2,CCD
8770,99942,,99942,2021-03-20 21:45:07.776000+00:00,128.47192,4.03253,16.2,G,L63,Gaia2,CCD
8771,99942,,99942,2021-03-20 21:51:01.152000+00:00,128.469,4.03539,16.4,G,L63,Gaia2,CCD
8772,99942,,99942,2021-03-20 22:21:38.880000+00:00,128.4555,4.05053,16.1,V,G07,UCAC4,CCD
8773,99942,,99942,2021-03-20 22:38:47.904000+00:00,128.447,4.059,16.3,V,G07,UCAC4,CCD
8774,99942,,99942,2021-03-20 22:52:14.880000+00:00,128.44038,4.06556,16.4,V,G07,UCAC4,CCD
8775,99942,,99942,2021-03-20 23:20:49.920000+00:00,128.42633,4.07969,16.1,V,G07,UCAC4,CCD
8776,99942,,99942,2021-03-21 02:22:43.536000+00:00,128.35788,4.17069,16.4,G,V93,Gaia2,CCD
8777,99942,,99942,2021-03-21 03:17:09.024000+00:00,128.33033,4.19747,16.4,G,V93,Gaia2,CCD
8778,99942,,C52R0G2,2021-03-21 03:42:50.683000+00:00,128.32278,4.2126,16.15,G,G96,Gaia2,CCD
8779,99942,,C52R0G2,2021-03-21 03:50:56.295000+00:00,128.318655,4.21659,16.1,G,G96,Gaia2,CCD
8780,99942,,C52R0G2,2021-03-21 03:59:01.295000+00:00,128.314545,4.22058,16.13,G,G96,Gaia2,CCD
8781,99942,,C52R0G2,2021-03-21 04:07:06.466000+00:00,128.310405,4.22457,16.11,G,G96,Gaia2,CCD
8782,99942,,99942,2021-03-21 04:10:18.739000+00:00,128.30388,4.22375,16.1,G,V93,Gaia2,CCD
8783,99942,,99942,2021-03-21 06:33:13.248000+00:00,128.23504,4.29864,15.6,G,V26,UCAC5,CCD
8784,99942,,99942,2021-03-21 06:57:52.416000+00:00,128.22292,4.31064,16.3,G,V26,UCAC5,CCD
8785,99942,,99942,2021-03-21 07:17:00.672000+00:00,128.21375,4.31992,16.3,G,V26,UCAC5,CCD
8786,99942,,99942,2021-03-21 07:22:28.992000+00:00,128.21104,4.32267,16.1,G,V26,UCAC5,CCD
8787,99942,,99942,2021-03-21 17:11:45.600000+00:00,127.97258,4.61122,16.2,V,M44,UCAC4,CCD
8788,99942,,99942,2021-03-21 17:25:09.984000+00:00,127.96579,4.61794,16.1,V,M44,UCAC4,CCD
8789,99942,,99942,2021-03-21 17:43:26.400000+00:00,127.95667,4.62653,16.0,V,M44,UCAC4,CCD
8790,99942,,99942,2021-03-21 18:59:03.264000+00:00,127.93167,4.658,16.3,V,L47,UCAC4,CCD
8791,99942,,99942,2021-03-21 19:21:00.864000+00:00,127.92063,4.66844,16.2,V,L47,UCAC4,CCD
8792,99942,,CZ21006,2021-03-21 21:08:08.160000+00:00,127.86792,4.7175,15.8,R,152,UCAC3,CCD
8793,99942,,CZ21006,2021-03-21 21:08:53.952000+00:00,127.86754,4.71783,15.6,R,152,UCAC3,CCD
8794,99942,,CZ21006,2021-03-21 21:10:29.856000+00:00,127.86675,4.71861,15.8,R,152,UCAC3,CCD
8795,99942,,CZ21006,2021-03-21 21:12:06.624000+00:00,127.86604,4.71933,15.6,R,152,UCAC3,CCD
8796,99942,,CZ21006,2021-03-21 21:13:44.256000+00:00,127.86525,4.72017,15.6,R,152,UCAC3,CCD
8797,99942,,CZ21006,2021-03-21 21:15:21.024000+00:00,127.86458,4.72086,15.7,R,152,UCAC3,CCD
8798,99942,,99942,2021-03-21 21:22:19.200000+00:00,127.86121,4.72439,15.7,R,152,UCAC3,CCD
8799,99942,,99942,2021-03-21 21:32:16.224000+00:00,127.85692,4.729,15.7,R,152,UCAC3,CCD
8800,99942,,99942,2021-03-21 22:16:51.800000+00:00,127.84006,4.75165,15.9,G,Z80,Gaia2,CCD
8801,99942,,99942,2021-03-21 22:21:51.900000+00:00,127.83761,4.75412,15.9,G,Z80,Gaia2,CCD
8802,99942,,99942,2021-03-21 22:26:51.900000+00:00,127.83542,4.75646,15.9,G,Z80,Gaia2,CCD
8803,99942,,99942,2021-03-22 07:00:21.888000+00:00,127.61471,5.01153,15.0,G,V26,UCAC5,CCD
8804,99942,,99942,2021-03-22 07:27:07.200000+00:00,127.6025,5.02419,16.7,G,V26,UCAC5,CCD
8805,99942,,99942,2021-03-22 07:52:07.104000+00:00,127.59129,5.03597,15.7,G,V26,UCAC5,CCD
8806,99942,,99942,2021-03-22 08:17:04.416000+00:00,127.58033,5.04783,16.3,G,V26,UCAC5,CCD
8807,99942,,99942,2021-03-22 11:08:15.648000+00:00,127.53121,5.12778,15.5,R,P66,PPMXL,CCD
8808,99942,,99942,2021-03-22 11:14:28.032000+00:00,127.52821,5.13078,15.6,R,P66,PPMXL,CCD
8809,99942,,99942,2021-03-22 11:22:13.728000+00:00,127.52454,5.13447,15.5,R,P66,PPMXL,CCD
8810,99942,,99942,2021-03-22 11:30:01.152000+00:00,127.52083,5.13817,15.6,R,P66,PPMXL,CCD
8811,99942,,99942,2021-03-22 11:37:46.848000+00:00,127.51713,5.14194,15.5,R,P66,PPMXL,CCD
8812,99942,,99942,2021-03-22 11:45:34.272000+00:00,127.51346,5.14561,15.6,R,P66,PPMXL,CCD
8813,99942,,99942,2021-03-22 11:53:19.968000+00:00,127.50971,5.14931,15.1,R,P66,PPMXL,CCD
8814,99942,,99942,2021-03-22 12:01:10.848000+00:00,127.506,5.15311,15.6,R,P66,PPMXL,CCD
8815,99942,,99942,2021-03-22 12:08:58.272000+00:00,127.50225,5.15681,15.5,R,P66,PPMXL,CCD
8816,99942,,99942,2021-03-22 12:16:43.968000+00:00,127.49854,5.16056,15.4,R,P66,PPMXL,CCD
8817,99942,,99942,2021-03-22 12:24:29.664000+00:00,127.49492,5.16422,15.5,R,P66,PPMXL,CCD
8818,99942,,99942,2021-03-22 12:32:17.088000+00:00,127.49117,5.16794,15.4,R,P66,PPMXL,CCD
8819,99942,,99942,2021-03-22 12:40:02.784000+00:00,127.48746,5.17167,15.4,R,P66,PPMXL,CCD
8820,99942,,99942,2021-03-22 12:48:00.576000+00:00,127.48371,5.17544,15.5,R,P66,PPMXL,CCD
8821,99942,,99942,2021-03-22 12:55:47.136000+00:00,127.48004,5.17914,15.5,R,P66,PPMXL,CCD
8822,99942,,99942,2021-03-22 13:03:33.696000+00:00,127.47633,5.18286,15.4,R,P66,PPMXL,CCD
8823,99942,,99942,2021-03-22 13:11:21.120000+00:00,127.47262,5.18661,15.4,R,P66,PPMXL,CCD
8824,99942,,99942,2021-03-22 13:19:06.816000+00:00,127.46896,5.19028,15.4,R,P66,PPMXL,CCD
8825,99942,,99942,2021-03-22 16:18:59.904000+00:00,127.4035,5.27961,16.2,V,C97,UCAC4,CCD
8826,99942,,99942,2021-03-22 16:19:57.792000+00:00,127.40308,5.28003,16.1,V,C97,UCAC4,CCD
8827,99942,,99942,2021-03-22 16:20:54.816000+00:00,127.40262,5.28047,16.1,V,C97,UCAC4,CCD
8828,99942,,99942,2021-03-22 16:21:51.840000+00:00,127.40208,5.28094,16.2,V,C97,UCAC4,CCD
8829,99942,,99942,2021-03-22 16:28:15.456000+00:00,127.39842,5.27478,16.0,R,168,UCAC4,CCD
8830,99942,,99942,2021-03-22 16:35:30.048000+00:00,127.3965,5.28744,16.0,V,M44,UCAC4,CCD
8831,99942,,99942,2021-03-22 16:45:53.856000+00:00,127.39125,5.29222,15.3,V,M44,UCAC4,CCD
8832,99942,,99942,2021-03-22 16:52:14.880000+00:00,127.38771,5.28619,16.3,R,168,UCAC4,CCD
8833,99942,,99942,2021-03-22 17:10:26.112000+00:00,127.37983,5.30353,15.8,V,M44,UCAC4,CCD
8834,99942,,99942,2021-03-22 17:12:14.976000+00:00,127.37879,5.29569,15.8,R,168,UCAC4,CCD
8835,99942,,99942,2021-03-22 17:32:15.072000+00:00,127.36987,5.30517,15.8,R,168,UCAC4,CCD
8836,99942,,99942,2021-03-22 20:16:23.400000+00:00,127.30547,5.38633,16.2,R,160,Gaia2,CCD
8837,99942,,99942,2021-03-22 20:21:42.300000+00:00,127.30288,5.38887,15.9,R,160,Gaia2,CCD
8838,99942,,99942,2021-03-22 20:27:02.800000+00:00,127.30043,5.39141,16.2,R,160,Gaia2,CCD
8839,99942,,99942,2021-03-22 21:07:26+00:00,127.28494,5.40864,16.3,G,Z80,Gaia2,CCD
8840,99942,,99942,2021-03-22 21:12:26+00:00,127.28278,5.41093,16.5,G,Z80,Gaia2,CCD
8841,99942,,99942,2021-03-22 21:12:43.776000+00:00,127.27958,5.41297,16.2,G,L63,Gaia2,CCD
8842,99942,,99942,2021-03-22 21:17:26+00:00,127.28058,5.41317,16.0,G,Z80,Gaia2,CCD
8843,99942,,99942,2021-03-22 21:22:20.064000+00:00,127.27525,5.41742,16.1,G,L63,Gaia2,CCD
8844,99942,,99942,2021-03-22 21:31:58.944000+00:00,127.27092,5.42206,17.0,G,L63,Gaia2,CCD
8845,99942,,99942,2021-03-22 21:43:51.744000+00:00,127.26596,5.42581,16.6,G,G34,Gaia2,CCD
8846,99942,,99942,2021-03-22 21:48:04.118000+00:00,127.26404,5.42778,16.6,G,G34,Gaia2,CCD
8847,99942,,99942,2021-03-22 21:56:28.781000+00:00,127.26029,5.43172,16.4,G,G34,Gaia2,CCD
8848,99942,,99942,2021-03-23 17:20:49.920000+00:00,126.81337,5.98594,16.3,V,C97,UCAC4,CCD
8849,99942,,99942,2021-03-23 17:21:46.944000+00:00,126.81292,5.98639,16.6,V,C97,UCAC4,CCD
8850,99942,,99942,2021-03-23 17:22:44.832000+00:00,126.81254,5.98683,16.4,V,C97,UCAC4,CCD
8851,99942,,99942,2021-03-23 19:28:29.280000+00:00,126.771,6.03908,16.2,G,K19,Gaia2,CCD
8852,99942,,99942,2021-03-23 19:39:31.104000+00:00,126.76625,6.04425,16.1,G,K19,Gaia2,CCD
8853,99942,,99942,2021-03-23 19:44:59.424000+00:00,126.76221,6.04661,15.4,V,L47,UCAC4,CCD
8854,99942,,99942,2021-03-23 19:50:29.472000+00:00,126.76137,6.04931,16.1,G,K19,Gaia2,CCD
8855,99942,,99942,2021-03-23 19:50:47.616000+00:00,126.75983,6.04986,15.3,V,L47,UCAC4,CCD
8856,99942,,99942,2021-03-23 19:55:25.824000+00:00,126.75804,6.05172,16.0,R,233,USNOA1,CCD
8857,99942,,99942,2021-03-23 20:00:00.576000+00:00,126.75608,6.05386,15.8,R,233,USNOA1,CCD
8858,99942,,99942,2021-03-23 20:04:35.328000+00:00,126.75404,6.05594,15.7,R,233,USNOA1,CCD
8859,99942,,99942,2021-03-23 20:07:17.760000+00:00,126.75242,6.05711,16.2,V,L47,UCAC4,CCD
8860,99942,,99942,2021-03-23 20:09:08.352000+00:00,126.75204,6.05806,15.7,R,233,USNOA1,CCD
8861,99942,,99942,2021-03-23 20:17:29.700000+00:00,126.74833,6.06192,15.6,R,160,Gaia2,CCD
8862,99942,,99942,2021-03-23 20:21:37.900000+00:00,126.74654,6.06379,15.6,R,160,Gaia2,CCD
8863,99942,,99942,2021-03-23 20:25:46.400000+00:00,126.74473,6.06572,15.6,R,160,Gaia2,CCD
8864,99942,,99942,2021-03-23 22:08:00.672000+00:00,126.70075,6.11289,16.2,G,L63,Gaia2,CCD
8865,99942,,99942,2021-03-23 22:17:09.312000+00:00,126.69683,6.117,16.0,G,L63,Gaia2,CCD
8866,99942,,99942,2021-03-23 22:27:17.568000+00:00,126.69271,6.12164,16.5,G,L63,Gaia2,CCD
8867,99942,,99942,2021-03-23 22:48:58.600000+00:00,126.6868,6.12986,15.8,G,Z80,Gaia2,CCD
8868,99942,,99942,2021-03-23 22:53:58.600000+00:00,126.68466,6.13193,16.0,G,Z80,Gaia2,CCD
8869,99942,,99942,2021-03-23 22:58:58.600000+00:00,126.68259,6.13434,16.3,G,Z80,Gaia2,CCD
8870,99942,,99942,2021-03-24 18:57:21.312000+00:00,126.25575,6.68481,16.2,V,L47,UCAC4,CCD
8871,99942,,99942,2021-03-24 19:03:45.792000+00:00,126.25333,6.68753,16.4,V,L47,UCAC4,CCD
8872,99942,,99942,2021-03-24 21:17:08.074000+00:00,126.20187,6.74536,16.7,G,Z99,Gaia2,CCD
8873,99942,,99942,2021-03-24 21:21:44.208000+00:00,126.2,6.74739,16.6,G,Z99,Gaia2,CCD
8874,99942,,99942,2021-03-24 21:26:18.528000+00:00,126.19808,6.74947,16.9,G,Z99,Gaia2,CCD
8875,99942,,99942,2021-03-24 21:30:52.502000+00:00,126.19629,6.75153,16.5,G,Z99,Gaia2,CCD
8876,99942,,99942,2021-03-24 21:35:25.613000+00:00,126.19454,6.75361,16.5,G,Z99,Gaia2,CCD
8877,99942,,99942,2021-03-24 22:11:17.664000+00:00,126.17588,6.77264,16.7,G,L74,Gaia2,CCD
8878,99942,,99942,2021-03-24 22:23:31.805000+00:00,126.171,6.778,16.7,G,L74,Gaia2,CCD
8879,99942,,99942,2021-03-24 22:36:24.826000+00:00,126.16592,6.78375,16.8,G,L74,Gaia2,CCD
8880,99942,,99942,2021-03-24 22:55:48.500000+00:00,126.16002,6.79304,16.5,G,K14,Gaia2,CCD
8881,99942,,99942,2021-03-24 23:04:35+00:00,126.15657,6.79695,16.3,G,K14,Gaia2,CCD
8882,99942,,99942,2021-03-24 23:13:22+00:00,126.15302,6.80102,16.1,G,K14,Gaia2,CCD
8883,99942,,99942,2021-03-24 23:24:35.500000+00:00,126.14865,6.80586,16.1,G,K14,Gaia2,CCD
8884,99942,,99942,2021-03-24 23:29:34.600000+00:00,126.14923,6.80528,16.5,G,Z80,Gaia2,CCD
8885,99942,,99942,2021-03-24 23:31:11+00:00,126.14605,6.80878,16.1,G,K14,Gaia2,CCD
8886,99942,,99942,2021-03-24 23:32:04.600000+00:00,126.14836,6.80632,16.4,G,Z80,Gaia2,CCD
8887,99942,,99942,2021-03-24 23:35:19.600000+00:00,126.14676,6.80756,16.4,G,Z80,Gaia2,CCD
8888,99942,,99942,2021-03-25 18:35:33.216000+00:00,125.76658,7.3175,16.4,V,056,UCAC4,CCD
8889,99942,,99942,2021-03-25 18:43:48.288000+00:00,125.76337,7.32092,16.1,V,056,UCAC4,CCD
8890,99942,,99942,2021-03-25 19:00:18.432000+00:00,125.75687,7.32836,16.7,V,056,UCAC4,CCD
8891,99942,,99942,2021-03-25 19:08:31.776000+00:00,125.75338,7.33256,16.8,V,056,UCAC4,CCD
8892,99942,,99942,2021-03-25 19:16:46.848000+00:00,125.75038,7.33578,16.3,V,056,UCAC4,CCD
8893,99942,,99942,2021-03-25 19:25:01.920000+00:00,125.74721,7.33914,16.5,V,056,UCAC4,CCD
8894,99942,,99942,2021-03-25 19:49:46.272000+00:00,125.73758,7.35003,16.5,V,056,UCAC4,CCD
8895,99942,,99942,2021-03-25 20:23:49.027000+00:00,125.72342,7.366,16.2,G,L54,UNK,CCD
8896,99942,,99942,2021-03-25 20:40:25.910000+00:00,125.71708,7.37319,16.2,G,L54,UNK,CCD
8897,99942,,99942,2021-03-25 21:11:17.981000+00:00,125.70538,7.38653,16.0,G,L54,UNK,CCD
8898,99942,,99942,2021-03-25 21:36:13.738000+00:00,125.69613,7.39767,16.0,G,L54,UNK,CCD
8899,99942,,99942,2021-03-25 22:55:41.600000+00:00,125.67125,7.43113,16.3,G,Z80,Gaia2,CCD
8900,99942,,99942,2021-03-25 23:09:43.100000+00:00,125.66596,7.43723,16.8,G,Z80,Gaia2,CCD
8901,99942,,99942,2021-03-25 23:33:18.400000+00:00,125.65757,7.44754,16.5,G,Z80,Gaia2,CCD
8902,99942,,99942,2021-03-26 12:31:25.075000+00:00,125.408,7.79189,16.4,V,900,UCAC4,CCD
8903,99942,,99942,2021-03-26 12:41:30.134000+00:00,125.40412,7.79628,16.5,V,900,UCAC4,CCD
8904,99942,,99942,2021-03-26 12:53:51.274000+00:00,125.39942,7.80161,16.6,V,900,UCAC4,CCD
8905,99942,,99942,2021-03-26 13:04:02.554000+00:00,125.39558,7.80594,16.6,V,900,UCAC4,CCD
8906,99942,,99942,2021-03-26 22:48:50.100000+00:00,125.21142,8.05343,16.7,G,Z80,Gaia2,CCD
8907,99942,,99942,2021-03-26 22:51:26.800000+00:00,125.21075,8.05446,16.5,G,Z80,Gaia2,CCD
8908,99942,,99942,2021-03-26 22:54:00.100000+00:00,125.20979,8.05564,16.4,G,Z80,Gaia2,CCD
8909,99942,,A10w48W,2021-03-27 07:39:21.380000+00:00,125.05041,8.28918,16.48,Ao,T08,Gaia2,CCD
8910,99942,,A10w48W,2021-03-27 07:44:00.890000+00:00,125.04869,8.29108,16.31,Ao,T08,Gaia2,CCD
8911,99942,,A10w48W,2021-03-27 08:12:36.820000+00:00,125.03787,8.30316,16.74,Ao,T08,Gaia2,CCD
8912,99942,,99942,2021-03-28 18:24:47.808000+00:00,124.447,9.15142,16.8,G,C40,Gaia2,CCD
8913,99942,,99942,2021-03-28 18:52:31.872000+00:00,124.43762,9.16275,16.9,G,C40,Gaia2,CCD
8914,99942,,99942,2021-03-28 19:26:36.096000+00:00,124.42646,9.17644,16.8,G,C40,Gaia2,CCD
8915,99942,,99942,2021-03-28 19:32:51.936000+00:00,124.4305,9.17964,16.4,G,G17,Gaia2,CCD
8916,99942,,99942,2021-03-28 19:43:01.920000+00:00,124.42708,9.18372,16.6,G,G17,Gaia2,CCD
8917,99942,,99942,2021-03-28 19:45:06.336000+00:00,124.42062,9.18389,16.7,G,C40,Gaia2,CCD
8918,99942,,99942,2021-03-28 19:51:16.128000+00:00,124.41867,9.18636,16.8,G,C40,Gaia2,CCD
8919,99942,,99942,2021-03-28 19:53:12.768000+00:00,124.42367,9.18794,16.4,G,G17,Gaia2,CCD
8920,99942,,99942,2021-03-29 01:53:51.994000+00:00,124.32779,9.33575,16.8,G,V93,Gaia2,CCD
8921,99942,,99942,2021-03-29 02:37:09.091000+00:00,124.31337,9.35331,16.9,G,V93,Gaia2,CCD
8922,99942,,99942,2021-03-29 03:23:24.259000+00:00,124.298,9.37192,17.0,G,V93,Gaia2,CCD
8923,99942,,99942,2021-03-29 09:45:51.840000+00:00,124.20088,9.54861,16.9,V,E23,UCAC4,CCD
8924,99942,,99942,2021-03-29 10:06:20.448000+00:00,124.19404,9.55683,16.9,V,E23,UCAC4,CCD
8925,99942,,99942,2021-03-29 10:27:08.064000+00:00,124.18708,9.56514,16.5,V,E23,UCAC4,CCD
8926,99942,,99942,2021-03-29 19:00:35.366000+00:00,124.05496,9.74622,16.6,G,G34,Gaia2,CCD
8927,99942,,99942,2021-03-29 19:05:47.962000+00:00,124.05338,9.74831,16.7,G,G34,Gaia2,CCD
8928,99942,,99942,2021-03-29 19:11:00.384000+00:00,124.05175,9.75039,16.7,G,G34,Gaia2,CCD
8929,99942,,99942,2021-03-29 19:16:12.979000+00:00,124.05017,9.75247,16.7,G,G34,Gaia2,CCD
8930,99942,,99942,2021-03-29 19:36:02.880000+00:00,124.04546,9.75983,16.5,G,G33,Gaia2,CCD
8931,99942,,99942,2021-03-29 19:37:43.882000+00:00,124.04496,9.7605,16.5,G,G33,Gaia2,CCD
8932,99942,,99942,2021-03-29 19:39:27.475000+00:00,124.04433,9.76128,16.4,G,G33,Gaia2,CCD
8933,99942,,99942,2021-03-29 19:41:06.058000+00:00,124.04379,9.76192,16.6,G,G33,Gaia2,CCD
8934,99942,,99942,2021-03-29 19:42:33.840000+00:00,124.04329,9.76261,16.3,G,G33,Gaia2,CCD
8935,99942,,99942,2021-03-29 20:18:25.200000+00:00,124.03008,9.77958,17.1,V,L74,ATLAS2,CCD
8936,99942,,99942,2021-03-29 21:12:48.960000+00:00,124.01317,9.80094,17.3,V,L74,ATLAS2,CCD
8937,99942,,99942,2021-03-29 21:35:14.122000+00:00,124.0105,9.80753,17.2,G,J69,Gaia2,CCD
8938,99942,,99942,2021-03-29 21:42:34.243000+00:00,124.00813,9.81039,17.3,G,J69,Gaia2,CCD
8939,99942,,99942,2021-03-29 21:49:54.365000+00:00,124.00596,9.81328,17.1,G,J69,Gaia2,CCD
8940,99942,,99942,2021-03-29 22:08:19.162000+00:00,123.99646,9.82261,17.7,V,L74,ATLAS2,CCD
8941,99942,,A10w4ps,2021-03-30 08:22:46.950000+00:00,123.84202,10.0718,16.45,Ao,T05,Gaia2,CCD
8942,99942,,A10w4ps,2021-03-30 08:30:05.710000+00:00,123.83973,10.07464,16.51,Ao,T05,Gaia2,CCD
8943,99942,,A10w4ps,2021-03-30 08:45:33.840000+00:00,123.83494,10.0806,16.4,Ao,T05,Gaia2,CCD
8944,99942,,A10w4ps,2021-03-30 08:53:46.360000+00:00,123.83242,10.08377,16.64,Ao,T05,Gaia2,CCD
8945,99942,,99942,2021-03-30 18:43:31.008000+00:00,123.69938,10.30833,16.2,G,L47,Gaia2,CCD
8946,99942,,99942,2021-03-30 19:00:02.880000+00:00,123.69454,10.31481,16.5,G,L47,Gaia2,CCD
8947,99942,,99942,2021-03-30 19:08:35.232000+00:00,123.69221,10.31806,16.9,R,233,USNOA1,CCD
8948,99942,,99942,2021-03-30 19:14:09.600000+00:00,123.69062,10.32022,16.7,R,233,USNOA1,CCD
8949,99942,,99942,2021-03-30 19:19:43.968000+00:00,123.68896,10.32239,16.3,R,233,USNOA1,CCD
8950,99942,,99942,2021-03-30 19:20:18.528000+00:00,123.68996,10.32253,16.8,V,K19,ATLAS2,CCD
8951,99942,,99942,2021-03-30 19:25:19.200000+00:00,123.68729,10.32458,16.6,R,233,USNOA1,CCD
8952,99942,,99942,2021-03-30 19:30:21.600000+00:00,123.68692,10.32642,16.7,V,K19,ATLAS2,CCD
8953,99942,,99942,2021-03-30 19:40:22.080000+00:00,123.68392,10.33025,,,K19,ATLAS2,CCD
8954,99942,,99942,2021-03-30 20:43:05.664000+00:00,123.66729,10.3535,16.5,G,Z43,Gaia2,CCD
8955,99942,,99942,2021-03-30 20:49:19.100000+00:00,123.66229,10.35683,15.9,R,160,Gaia2,CCD
8956,99942,,99942,2021-03-30 20:51:56.160000+00:00,123.66475,10.35692,16.4,G,Z43,Gaia2,CCD
8957,99942,,99942,2021-03-30 20:53:17.100000+00:00,123.66116,10.35827,16.0,R,160,Gaia2,CCD
8958,99942,,99942,2021-03-30 20:57:16.700000+00:00,123.65995,10.35988,15.6,R,160,Gaia2,CCD
8959,99942,,99942,2021-03-30 21:01:07.392000+00:00,123.66204,10.36044,16.4,G,Z43,Gaia2,CCD
8960,99942,,99942,2021-03-30 21:09:52.704000+00:00,123.65942,10.36372,16.5,G,Z43,Gaia2,CCD
8961,99942,,99942,2021-03-30 22:05:57+00:00,123.64337,10.3845,16.3,G,Z80,Gaia2,CCD
8962,99942,,99942,2021-03-30 22:09:56.900000+00:00,123.64228,10.38601,16.2,G,Z80,Gaia2,CCD
8963,99942,,99942,2021-03-30 22:13:56.600000+00:00,123.64109,10.38748,16.4,G,Z80,Gaia2,CCD
8964,99942,,99942,2021-03-31 00:32:57.696000+00:00,123.61113,10.46608,,,834,UCAC4,CCD
8965,99942,,99942,2021-03-31 01:04:56.640000+00:00,123.601,10.47828,,,834,UCAC4,CCD
8966,99942,,A10w55E,2021-03-31 07:36:57.070000+00:00,123.50789,10.61366,16.6,Ao,T08,Gaia2,CCD
8967,99942,,A10w55E,2021-03-31 07:42:17.230000+00:00,123.50628,10.61563,16.59,Ao,T08,Gaia2,CCD
8968,99942,,A10w55E,2021-03-31 07:50:54.790000+00:00,123.50369,10.61889,16.58,Ao,T08,Gaia2,CCD
8969,99942,,A10w55E,2021-03-31 08:07:31.480000+00:00,123.49872,10.62516,16.5,Ao,T08,Gaia2,CCD
8970,99942,,99942,2021-03-31 13:02:01.939000+00:00,123.43054,10.73303,16.8,V,900,UCAC4,CCD
8971,99942,,99942,2021-03-31 13:12:07.085000+00:00,123.42771,10.73683,16.8,V,900,UCAC4,CCD
8972,99942,,99942,2021-03-31 13:23:00.096000+00:00,123.42462,10.74086,16.7,V,900,UCAC4,CCD
8973,99942,,99942,2021-03-31 13:33:11.376000+00:00,123.42183,10.74469,16.8,V,900,UCAC4,CCD
8974,99942,,99942,2021-03-31 18:49:01.056000+00:00,123.36037,10.86314,16.6,G,L47,Gaia2,CCD
8975,99942,,99942,2021-03-31 18:57:55.008000+00:00,123.35213,10.86586,16.8,G,C40,Gaia2,CCD
8976,99942,,99942,2021-03-31 19:00:59.904000+00:00,123.35125,10.86703,16.8,G,C40,Gaia2,CCD
8977,99942,,99942,2021-03-31 19:19:15.294000+00:00,123.3515,10.873167,,,246,Gaia2,CCD
8978,99942,,99942,2021-03-31 19:19:51.058000+00:00,123.351333,10.873444,,,246,Gaia2,CCD
8979,99942,,99942,2021-03-31 19:20:14.590000+00:00,123.35125,10.873556,,,246,Gaia2,CCD
8980,99942,,99942,2021-03-31 19:20:32.503000+00:00,123.351167,10.873694,,,246,Gaia2,CCD
8981,99942,,99942,2021-03-31 19:21:16.990000+00:00,123.351,10.873944,,,246,Gaia2,CCD
8982,99942,,99942,2021-03-31 19:21:57.190000+00:00,123.35075,10.874194,,,246,Gaia2,CCD
8983,99942,,99942,2021-03-31 19:31:10.848000+00:00,123.34825,10.87908,16.7,G,L47,Gaia2,CCD
8984,99942,,99942,2021-03-31 20:32:58.272000+00:00,123.32671,10.90117,16.9,G,C40,Gaia2,CCD
8985,99942,,99942,2021-03-31 20:45:12.672000+00:00,123.32358,10.90569,16.8,G,C40,Gaia2,CCD
8986,99942,,N00i455,2021-03-31 21:49:27.840000+00:00,123.31842,10.94119,17.0,R,C51,2MASS,CCD
8987,99942,,C216ZA1,2021-04-01 03:12:13.209000+00:00,123.24705,11.056,16.4,G,703,Gaia2,CCD
8988,99942,,C216ZA1,2021-04-01 03:19:58.665000+00:00,123.244815,11.05893,16.16,G,703,Gaia2,CCD
8989,99942,,C216ZA1,2021-04-01 03:27:44.786000+00:00,123.242655,11.06172,16.15,G,703,Gaia2,CCD
8990,99942,,C216ZA1,2021-04-01 03:35:30.147000+00:00,123.24036,11.06459,16.59,G,703,Gaia2,CCD
8991,99942,,N00i455,2021-04-01 04:05:54.528000+00:00,123.23471,11.08297,,,C51,2MASS,CCD
8992,99942,,N00i455,2021-04-01 05:40:09.408000+00:00,123.214,11.11817,,,C51,2MASS,CCD
8993,99942,,N00i455,2021-04-01 07:14:13.920000+00:00,123.19342,11.15347,,,C51,2MASS,CCD
8994,99942,,A10w7hv,2021-04-01 07:49:35.100000+00:00,123.17913,11.16341,16.49,Ao,T08,Gaia2,CCD
8995,99942,,A10w7hv,2021-04-01 08:04:13.280000+00:00,123.17496,11.16879,16.6,Ao,T08,Gaia2,CCD
8996,99942,,A10w7hv,2021-04-01 08:11:38.070000+00:00,123.17291,11.17148,16.64,Ao,T08,Gaia2,CCD
8997,99942,,A10w7hv,2021-04-01 08:16:16.510000+00:00,123.17161,11.17318,16.64,Ao,T08,Gaia2,CCD
8998,99942,,99942,2021-04-01 09:33:08.928000+00:00,123.15858,11.21839,17.3,R,E89,UCAC4,CCD
8999,99942,,99942,2021-04-01 09:39:25.632000+00:00,123.15671,11.22064,17.3,R,E89,UCAC4,CCD
9000,99942,,99942,2021-04-01 09:45:42.336000+00:00,123.15492,11.22289,17.3,R,E89,UCAC4,CCD
9001,99942,,N00i455,2021-04-01 11:56:36.960000+00:00,123.13217,11.25892,,,C51,2MASS,CCD
9002,99942,,N00i455,2021-04-01 15:04:55.488000+00:00,123.09188,11.32872,,,C51,2MASS,CCD
9003,99942,,99942,2021-04-01 18:57:31.680000+00:00,123.03779,11.40442,16.7,G,C40,Gaia2,CCD
9004,99942,,99942,2021-04-01 19:08:24+00:00,123.035,11.40836,16.7,G,C40,Gaia2,CCD
9005,99942,,99942,2021-04-01 19:11:28.896000+00:00,123.03421,11.40953,16.9,G,C40,Gaia2,CCD
9006,99942,,99942,2021-04-01 19:13:02.208000+00:00,123.03383,11.41003,16.6,G,C40,Gaia2,CCD
9007,99942,,99942,2021-04-01 19:14:33.792000+00:00,123.03346,11.41058,16.6,G,C40,Gaia2,CCD
9008,99942,,99942,2021-04-01 19:21:46.656000+00:00,123.03642,11.41406,16.7,G,L47,Gaia2,CCD
9009,99942,,99942,2021-04-01 19:35:49.056000+00:00,123.03346,11.41919,16.0,G,L47,Gaia2,CCD
9010,99942,,99942,2021-04-01 19:41:18.240000+00:00,123.02662,11.42028,16.8,G,C40,Gaia2,CCD
9011,99942,,99942,2021-04-01 19:49:01.344000+00:00,123.02471,11.42306,16.8,G,C40,Gaia2,CCD
9012,99942,,99942,2021-04-01 19:53:37.824000+00:00,123.02358,11.42475,17.0,G,C40,Gaia2,CCD
9013,99942,,99942,2021-04-01 20:01:20.928000+00:00,123.02167,11.42753,17.0,G,C40,Gaia2,CCD
9014,99942,,99942,2021-04-01 20:09:03.168000+00:00,123.01975,11.43028,16.9,G,C40,Gaia2,CCD
9015,99942,,99942,2021-04-01 20:10:35.616000+00:00,123.01933,11.43083,16.8,G,C40,Gaia2,CCD
9016,99942,,99942,2021-04-01 20:16:46.272000+00:00,123.01779,11.43311,16.8,G,C40,Gaia2,CCD
9017,99942,,99942,2021-04-01 20:27:33.408000+00:00,123.01521,11.43697,16.7,G,C40,Gaia2,CCD
9018,99942,,99942,2021-04-01 20:28:17.300000+00:00,123.01963,11.4383,16.4,R,160,UCAC4,CCD
9019,99942,,99942,2021-04-01 20:31:32.300000+00:00,123.01879,11.43951,16.4,R,160,UCAC4,CCD
9020,99942,,99942,2021-04-01 20:32:09.888000+00:00,123.01404,11.43864,16.9,G,C40,Gaia2,CCD
9021,99942,,99942,2021-04-01 20:34:46.500000+00:00,123.01793,11.44068,16.5,R,160,UCAC4,CCD
9022,99942,,99942,2021-04-01 20:38:19.680000+00:00,123.0125,11.44086,16.8,G,C40,Gaia2,CCD
9023,99942,,99942,2021-04-01 20:39:57.500000+00:00,123.01953,11.44079,16.7,G,Z80,Gaia2,CCD
9024,99942,,99942,2021-04-01 20:48:46.500000+00:00,123.01735,11.44397,,,Z80,Gaia2,CCD
9025,99942,,99942,2021-04-01 20:49:07.680000+00:00,123.00996,11.44483,16.9,G,C40,Gaia2,CCD
9026,99942,,99942,2021-04-01 20:57:13.200000+00:00,123.015,11.4471,16.6,G,Z80,Gaia2,CCD
9027,99942,,99942,2021-04-02 02:06:58.147000+00:00,122.95287,11.56383,17.1,G,V93,Gaia2,CCD
9028,99942,,Vq1102,2021-04-02 02:47:23.136000+00:00,122.947,11.58111,17.5,V,691,USNOB1,CCD
9029,99942,,99942,2021-04-02 02:47:29.702000+00:00,122.94217,11.57861,17.0,G,V93,Gaia2,CCD
9030,99942,,Vq1102,2021-04-02 03:25:51.744000+00:00,122.93654,11.59519,17.7,V,691,USNOB1,CCD
9031,99942,,99942,2021-04-02 03:33:43.747000+00:00,122.92992,11.59589,17.1,G,V93,Gaia2,CCD
9032,99942,,Vq1102,2021-04-02 04:01:46.560000+00:00,122.92679,11.60822,17.9,V,691,USNOB1,CCD
9033,99942,,99942,2021-04-02 12:13:58.944000+00:00,122.82475,11.78656,16.7,V,900,UCAC4,CCD
9034,99942,,99942,2021-04-02 12:24:04.608000+00:00,122.82212,11.79011,16.6,V,900,UCAC4,CCD
9035,99942,,99942,2021-04-02 12:36:56.592000+00:00,122.81887,11.79469,16.6,V,900,UCAC4,CCD
9036,99942,,99942,2021-04-02 12:47:08.822000+00:00,122.81629,11.79833,16.7,V,900,UCAC4,CCD
9037,99942,,99942,2021-04-02 18:53:38.400000+00:00,122.75208,11.92742,17.3,G,K74,Gaia2,CCD
9038,99942,,99942,2021-04-02 19:01:15.456000+00:00,122.75025,11.93019,17.2,G,K74,Gaia2,CCD
9039,99942,,99942,2021-04-02 19:01:15.600000+00:00,122.75,11.9317,17.1,R,160,UCAC4,CCD
9040,99942,,99942,2021-04-02 19:04:21.216000+00:00,122.7495,11.93131,17.0,G,K74,Gaia2,CCD
9041,99942,,99942,2021-04-02 19:06:27.300000+00:00,122.74867,11.93356,16.9,R,160,UCAC4,CCD
9042,99942,,99942,2021-04-02 19:07:03.648000+00:00,122.74783,11.93414,16.7,V,L47,UCAC4,CCD
9043,99942,,99942,2021-04-02 19:09:07.200000+00:00,122.74825,11.93297,17.2,G,K74,Gaia2,CCD
9044,99942,,99942,2021-04-02 19:11:39.500000+00:00,122.7473,11.93541,17.0,R,160,UCAC4,CCD
9045,99942,,99942,2021-04-02 19:12:40.608000+00:00,122.74742,11.93428,17.0,G,K74,Gaia2,CCD
9046,99942,,99942,2021-04-02 19:30:44.064000+00:00,122.74225,11.94181,16.9,V,L47,UCAC4,CCD
9047,99942,,99942,2021-04-02 19:55:30.144000+00:00,122.73638,11.95108,17.1,R,233,USNOA1,CCD
9048,99942,,99942,2021-04-02 20:01:35.616000+00:00,122.735,11.95331,17.4,R,233,USNOA1,CCD
9049,99942,,99942,2021-04-02 20:07:40.224000+00:00,122.73342,11.95539,17.3,R,233,USNOA1,CCD
9050,99942,,99942,2021-04-02 20:13:44.832000+00:00,122.73196,11.95758,17.2,R,233,USNOA1,CCD
9051,99942,,99942,2021-04-02 22:46:33.400000+00:00,122.6986,12.00986,16.8,G,Z80,Gaia2,CCD
9052,99942,,99942,2021-04-02 22:51:33.500000+00:00,122.69746,12.0116,16.9,G,Z80,Gaia2,CCD
9053,99942,,99942,2021-04-02 22:56:33.600000+00:00,122.69629,12.01352,16.8,G,Z80,Gaia2,CCD
9054,99942,,99942,2021-04-03 03:21:30.816000+00:00,122.64617,12.11156,16.9,V,W29,UCAC4,CCD
9055,99942,,99942,2021-04-03 03:46:48.864000+00:00,122.64029,12.12036,16.9,V,W29,UCAC4,CCD
9056,99942,,C21A5K1,2021-04-03 03:52:25.313000+00:00,122.644395,12.12532,,,703,Gaia2,CCD
9057,99942,,C21A5K1,2021-04-03 04:00:00.645000+00:00,122.642475,12.12798,,,703,Gaia2,CCD
9058,99942,,Vq2307,2021-04-03 04:00:29.664000+00:00,122.64225,12.12814,,,691,USNOB1,CCD
9059,99942,,C21A5K1,2021-04-03 04:07:35.439000+00:00,122.640555,12.13052,16.87,G,703,Gaia2,CCD
9060,99942,,99942,2021-04-03 04:11:54.816000+00:00,122.63442,12.12903,16.9,V,W29,UCAC4,CCD
9061,99942,,C21A5K1,2021-04-03 04:15:10.080000+00:00,122.639145,12.13335,,,703,Gaia2,CCD
9062,99942,,Vq2307,2021-04-03 04:42:43.776000+00:00,122.63167,12.14294,,,691,USNOB1,CCD
9063,99942,,Vq2307,2021-04-03 05:22:08.544000+00:00,122.622,12.15669,,,691,USNOB1,CCD
9064,99942,,Vq2405,2021-04-03 05:24:57.024000+00:00,122.62133,12.15767,17.1,V,691,USNOB1,CCD
9065,99942,,Vq2405,2021-04-03 06:07:10.272000+00:00,122.61125,12.17231,17.1,V,691,USNOB1,CCD
9066,99942,,Vq2405,2021-04-03 06:46:35.904000+00:00,122.60217,12.18586,17.2,V,691,USNOB1,CCD
9067,99942,,Vq2502,2021-04-03 06:49:24.384000+00:00,122.60162,12.18675,17.2,V,691,USNOB1,CCD
9068,99942,,A10wbWT,2021-04-03 06:58:10.920000+00:00,122.60824,12.19473,16.62,Ao,T05,Gaia2,CCD
9069,99942,,Vq2502,2021-04-03 07:23:11.328000+00:00,122.59429,12.19847,17.4,V,691,USNOB1,CCD
9070,99942,,A10wbWT,2021-04-03 07:42:22.060000+00:00,122.59691,12.21015,16.77,Ao,T05,Gaia2,CCD
9071,99942,,Vq2502,2021-04-03 07:54:09.792000+00:00,122.58783,12.20906,17.5,V,691,USNOB1,CCD
9072,99942,,A10wbWT,2021-04-03 07:54:17.570000+00:00,122.59394,12.21429,16.81,Ao,T05,Gaia2,CCD
9073,99942,,CE2147B,2021-04-03 18:31:58.944000+00:00,122.48267,12.43053,17.3,R,069,USNOB1,CCD
9074,99942,,CE2147B,2021-04-03 18:41:49.056000+00:00,122.48042,12.434,17.3,R,069,USNOB1,CCD
9075,99942,,CE2147B,2021-04-03 18:51:48.672000+00:00,122.47817,12.4375,17.3,R,069,USNOB1,CCD
9076,99942,,CE2143F,2021-04-04 18:43:48.288000+00:00,122.22783,12.93464,17.9,R,069,USNOB1,CCD
9077,99942,,99942,2021-04-04 18:48:19.584000+00:00,122.229,12.93903,17.2,V,L47,UCAC4,CCD
9078,99942,,CE2143F,2021-04-04 18:53:47.904000+00:00,122.22571,12.93797,18.0,R,069,USNOB1,CCD
9079,99942,,CE2143F,2021-04-04 19:03:48.384000+00:00,122.22358,12.94139,17.8,R,069,USNOB1,CCD
9080,99942,,99942,2021-04-04 19:21:52.704000+00:00,122.22108,12.95108,16.8,V,L47,UCAC4,CCD
9081,99942,,99942,2021-04-04 19:41:21.696000+00:00,122.21912,12.95747,17.4,UNK,242,UCAC4,CCD
9082,99942,,99942,2021-04-04 19:46:33.600000+00:00,122.21796,12.95922,17.3,UNK,242,UCAC4,CCD
9083,99942,,99942,2021-04-04 20:25:49.728000+00:00,122.20933,12.9725,17.1,UNK,242,UCAC4,CCD
9084,99942,,99942,2021-04-04 20:50:37.536000+00:00,122.20396,12.98086,17.1,UNK,242,UCAC4,CCD
9085,99942,,99942,2021-04-04 21:11:03.400000+00:00,122.2007,12.98594,17.2,G,Z80,Gaia2,CCD
9086,99942,,99942,2021-04-04 21:16:03.800000+00:00,122.19965,12.98756,16.7,G,Z80,Gaia2,CCD
9087,99942,,99942,2021-04-05 02:55:06.240000+00:00,122.14175,13.10608,17.1,V,W29,UCAC4,CCD
9088,99942,,99942,2021-04-05 02:59:20.256000+00:00,122.14079,13.10742,17.0,V,W29,UCAC4,CCD
9089,99942,,99942,2021-04-05 03:03:23.904000+00:00,122.13983,13.10883,16.8,V,W29,UCAC4,CCD
9090,99942,,99942,2021-04-05 03:48:39.802000+00:00,122.139,13.12233,17.0,G,U55,Gaia3E,CCD
9091,99942,,99942,2021-04-05 04:02:09.888000+00:00,122.13612,13.12694,16.8,G,U55,Gaia3E,CCD
9092,99942,,99942,2021-04-05 04:15:34.877000+00:00,122.13329,13.13142,17.1,G,U55,Gaia3E,CCD
9093,99942,,A10wg3E,2021-04-05 07:47:46.200000+00:00,122.09234,13.21102,17.75,Ac,T08,Gaia2,CCD
9094,99942,,A10wg3E,2021-04-05 07:50:26.130000+00:00,122.09179,13.21192,17.73,Ac,T08,Gaia2,CCD
9095,99942,,A10wg3E,2021-04-05 07:52:27.760000+00:00,122.09133,13.21255,17.76,Ac,T08,Gaia2,CCD
9096,99942,,A10wg3E,2021-04-05 08:13:46.660000+00:00,122.0867,13.2196,17.69,Ac,T08,Gaia2,CCD
9097,99942,,A10wg3E,2021-04-05 08:14:26.500000+00:00,122.08648,13.21977,17.71,Ac,T08,Gaia2,CCD
9098,99942,,A10wg3E,2021-04-05 08:20:20.210000+00:00,122.08529,13.22172,17.73,Ac,T08,Gaia2,CCD
9099,99942,,A10wg3E,2021-04-05 08:23:00.260000+00:00,122.08464,13.22258,17.73,Ac,T08,Gaia2,CCD
9100,99942,,A10wg3E,2021-04-05 08:33:26.900000+00:00,122.08244,13.22596,17.56,Ac,T08,Gaia2,CCD
9101,99942,,99942,2021-04-05 22:11:38.500000+00:00,121.95791,13.49242,17.1,G,Z80,Gaia2,CCD
9102,99942,,99942,2021-04-05 22:16:38.500000+00:00,121.95671,13.49425,16.7,G,Z80,Gaia2,CCD
9103,99942,,99942,2021-04-06 01:05:39.840000+00:00,121.93571,13.56511,16.9,R,H78,UNK,CCD
9104,99942,,99942,2021-04-06 01:07:50.304000+00:00,121.93521,13.56583,17.3,R,H78,UNK,CCD
9105,99942,,99942,2021-04-06 01:11:06.432000+00:00,121.93429,13.56669,17.7,R,H78,UNK,CCD
9106,99942,,99942,2021-04-06 01:12:12.096000+00:00,121.93408,13.56711,17.3,R,H78,UNK,CCD
9107,99942,,99942,2021-04-06 01:13:16.896000+00:00,121.93375,13.56744,17.8,R,H78,UNK,CCD
9108,99942,,99942,2021-04-06 01:21:41.472000+00:00,121.93192,13.57036,17.6,R,H78,UNK,CCD
9109,99942,,C21NV91,2021-04-06 04:21:50.513000+00:00,121.902345,13.62076,16.9,G,703,Gaia2,CCD
9110,99942,,C21NV91,2021-04-06 04:30:00.758000+00:00,121.900695,13.62336,17.02,G,703,Gaia2,CCD
9111,99942,,C21NV91,2021-04-06 04:38:10.838000+00:00,121.89897,13.62602,16.89,G,703,Gaia2,CCD
9112,99942,,C21NV91,2021-04-06 04:46:20.731000+00:00,121.89729,13.62869,16.98,G,703,Gaia2,CCD
9113,99942,,99942,2021-04-06 16:47:29.760000+00:00,121.79533,13.86047,17.0,R,168,UCAC4,CCD
9114,99942,,99942,2021-04-06 17:50:30.624000+00:00,121.78408,13.88069,16.8,R,168,UCAC4,CCD
9115,99942,,99942,2021-04-06 17:56:30.048000+00:00,121.78296,13.88258,16.9,R,168,UCAC4,CCD
9116,99942,,99942,2021-04-06 18:58:00.192000+00:00,121.77258,13.90228,16.4,R,168,UCAC4,CCD
9117,99942,,CE211EC,2021-04-06 20:12:33.120000+00:00,121.76363,13.92719,16.2,R,069,USNOB1,CCD
9118,99942,,CE211EC,2021-04-06 20:24:32.832000+00:00,121.76138,13.93122,16.2,R,069,USNOB1,CCD
9119,99942,,CE211EC,2021-04-06 20:32:20.256000+00:00,121.76021,13.93353,16.7,R,069,USNOB1,CCD
9120,99942,,99942,2021-04-06 22:46:53.100000+00:00,121.73922,13.97811,17.1,G,Z80,Gaia2,CCD
9121,99942,,99942,2021-04-06 22:51:53.100000+00:00,121.73837,13.97985,17.4,G,Z80,Gaia2,CCD
9122,99942,,99942,2021-04-06 22:56:53.200000+00:00,121.73751,13.98132,17.0,G,Z80,Gaia2,CCD
9123,99942,,C5D2P12,2021-04-07 04:06:53.652000+00:00,121.697145,14.08771,17.52,G,G96,Gaia2,CCD
9124,99942,,C5D2P12,2021-04-07 04:13:43.210000+00:00,121.695765,14.08985,17.5,G,G96,Gaia2,CCD
9125,99942,,C5D2P12,2021-04-07 04:20:32.596000+00:00,121.694475,14.09203,17.52,G,G96,Gaia2,CCD
9126,99942,,C5D2P12,2021-04-07 04:27:23.251000+00:00,121.693125,14.09416,17.5,G,G96,Gaia2,CCD
9127,99942,,99942,2021-04-07 13:44:06.806000+00:00,121.61283,14.27183,17.1,V,900,UCAC4,CCD
9128,99942,,99942,2021-04-07 13:54:12.298000+00:00,121.61113,14.27497,17.0,V,900,UCAC4,CCD
9129,99942,,CE2121C,2021-04-07 19:12:19.872000+00:00,121.57667,14.37272,17.5,R,069,USNOB1,CCD
9130,99942,,99942,2021-04-07 19:16:20.064000+00:00,121.57738,14.37703,16.8,V,L47,UCAC4,CCD
9131,99942,,CE2121C,2021-04-07 19:24:19.584000+00:00,121.57467,14.3765,17.6,R,069,USNOB1,CCD
9132,99942,,99942,2021-04-07 19:36:13.248000+00:00,121.57358,14.38331,17.6,V,L47,UCAC4,CCD
9133,99942,,CE2121C,2021-04-07 19:36:20.160000+00:00,121.5725,14.38014,18.2,R,069,USNOB1,CCD
9134,99942,,99942,2021-04-07 20:18:29.700000+00:00,121.5661,14.39662,17.7,R,160,UCAC4,CCD
9135,99942,,99942,2021-04-07 20:21:24.200000+00:00,121.56562,14.39761,17.5,R,160,UCAC4,CCD
9136,99942,,99942,2021-04-07 20:24:17.500000+00:00,121.56504,14.39857,17.6,R,160,UCAC4,CCD
9137,99942,,99942,2021-04-08 19:23:27.744000+00:00,121.39413,14.83372,17.1,V,L47,UCAC4,CCD
9138,99942,,99942,2021-04-08 19:40:49.728000+00:00,121.39154,14.83908,17.4,V,L47,UCAC4,CCD
9139,99942,,99942,2021-04-09 00:03:35.136000+00:00,121.36483,14.93286,17.5,R,H78,UNK,CCD
9140,99942,,99942,2021-04-09 00:07:56.928000+00:00,121.36396,14.93433,18.1,R,H78,UNK,CCD
9141,99942,,99942,2021-04-09 00:22:22.656000+00:00,121.35896,14.92628,17.3,G,I22,Gaia2,CCD
9142,99942,,99942,2021-04-09 00:23:02.400000+00:00,121.35883,14.92656,17.5,G,I22,Gaia2,CCD
9143,99942,,99942,2021-04-09 00:23:41.280000+00:00,121.35875,14.92669,17.7,G,I22,Gaia2,CCD
9144,99942,,99942,2021-04-09 00:24:20.160000+00:00,121.35846,14.92689,17.6,G,I22,Gaia2,CCD
9145,99942,,99942,2021-04-09 00:24:59.040000+00:00,121.3585,14.92706,17.5,G,I22,Gaia2,CCD
9146,99942,,99942,2021-04-09 00:25:37.920000+00:00,121.35842,14.92725,17.5,G,I22,Gaia2,CCD
9147,99942,,99942,2021-04-09 00:26:16.800000+00:00,121.35821,14.9275,17.3,G,I22,Gaia2,CCD
9148,99942,,99942,2021-04-09 00:26:54.816000+00:00,121.35813,14.92764,17.5,G,I22,Gaia2,CCD
9149,99942,,99942,2021-04-09 00:27:33.696000+00:00,121.35817,14.92786,17.6,G,I22,Gaia2,CCD
9150,99942,,99942,2021-04-09 00:28:12.576000+00:00,121.35804,14.92811,17.6,G,I22,Gaia2,CCD
9151,99942,,99942,2021-04-09 00:28:52.320000+00:00,121.35783,14.92831,17.7,G,I22,Gaia2,CCD
9152,99942,,99942,2021-04-09 00:29:31.200000+00:00,121.35763,14.92847,17.7,G,I22,Gaia2,CCD
9153,99942,,99942,2021-04-09 00:30:10.080000+00:00,121.35763,14.92867,17.4,G,I22,Gaia2,CCD
9154,99942,,99942,2021-04-09 00:30:48.960000+00:00,121.35746,14.92892,17.8,G,I22,Gaia2,CCD
9155,99942,,99942,2021-04-09 00:31:27.840000+00:00,121.35738,14.92908,17.5,G,I22,Gaia2,CCD
9156,99942,,99942,2021-04-09 00:32:06.720000+00:00,121.35721,14.92922,17.6,G,I22,Gaia2,CCD
9157,99942,,99942,2021-04-09 00:32:44.736000+00:00,121.35721,14.92944,17.6,G,I22,Gaia2,CCD
9158,99942,,99942,2021-04-09 00:33:28.800000+00:00,121.35708,14.92967,17.5,G,I22,Gaia2,CCD
9159,99942,,99942,2021-04-09 00:34:07.680000+00:00,121.357,14.92986,17.9,G,I22,Gaia2,CCD
9160,99942,,99942,2021-04-09 00:34:47.424000+00:00,121.35688,14.93003,17.7,G,I22,Gaia2,CCD
9161,99942,,99942,2021-04-09 00:35:24.576000+00:00,121.35667,14.93019,17.6,G,I22,Gaia2,CCD
9162,99942,,99942,2021-04-09 00:36:06.048000+00:00,121.35658,14.93056,17.7,G,I22,Gaia2,CCD
9163,99942,,99942,2021-04-09 00:36:44.928000+00:00,121.35654,14.93044,17.6,G,I22,Gaia2,CCD
9164,99942,,99942,2021-04-09 00:37:23.808000+00:00,121.35629,14.93083,17.7,G,I22,Gaia2,CCD
9165,99942,,99942,2021-04-09 00:38:02.688000+00:00,121.35625,14.93108,17.4,G,I22,Gaia2,CCD
9166,99942,,99942,2021-04-09 00:38:41.568000+00:00,121.35604,14.93133,17.5,G,I22,Gaia2,CCD
9167,99942,,99942,2021-04-09 00:39:21.312000+00:00,121.35617,14.93156,17.5,G,I22,Gaia2,CCD
9168,99942,,99942,2021-04-09 00:40:00.192000+00:00,121.35608,14.93175,17.6,G,I22,Gaia2,CCD
9169,99942,,99942,2021-04-09 00:40:38.208000+00:00,121.35588,14.93183,17.6,G,I22,Gaia2,CCD
9170,99942,,99942,2021-04-09 00:41:17.088000+00:00,121.35575,14.93203,17.4,G,I22,Gaia2,CCD
9171,99942,,99942,2021-04-09 00:42:01.152000+00:00,121.35575,14.93233,17.6,G,I22,Gaia2,CCD
9172,99942,,99942,2021-04-09 00:42:40.032000+00:00,121.35558,14.9325,17.7,G,I22,Gaia2,CCD
9173,99942,,99942,2021-04-09 00:43:18.912000+00:00,121.35529,14.93267,17.4,G,I22,Gaia2,CCD
9174,99942,,99942,2021-04-09 00:43:57.792000+00:00,121.35538,14.93289,17.5,G,I22,Gaia2,CCD
9175,99942,,99942,2021-04-09 00:44:36.672000+00:00,121.35517,14.933,17.4,G,I22,Gaia2,CCD
9176,99942,,99942,2021-04-09 00:45:16.416000+00:00,121.35525,14.93319,17.8,G,I22,Gaia2,CCD
9177,99942,,99942,2021-04-09 00:45:55.296000+00:00,121.35496,14.93358,17.6,G,I22,Gaia2,CCD
9178,99942,,99942,2021-04-09 00:46:34.176000+00:00,121.35492,14.93367,17.5,G,I22,Gaia2,CCD
9179,99942,,99942,2021-04-09 00:47:13.056000+00:00,121.35475,14.93381,17.6,G,I22,Gaia2,CCD
9180,99942,,99942,2021-04-09 00:47:51.936000+00:00,121.35475,14.93408,17.7,G,I22,Gaia2,CCD
9181,99942,,99942,2021-04-09 00:49:08.832000+00:00,121.35446,14.93447,17.6,G,I22,Gaia2,CCD
9182,99942,,99942,2021-04-09 00:51:06.336000+00:00,121.35408,14.93506,17.7,G,I22,Gaia2,CCD
9183,99942,,99942,2021-04-09 01:22:59.232000+00:00,121.35458,14.94769,17.2,R,H45,UCAC4,CCD
9184,99942,,99942,2021-04-09 01:25:45.120000+00:00,121.35408,14.94875,18.2,R,H45,UCAC4,CCD
9185,99942,,99942,2021-04-09 01:28:17.184000+00:00,121.35333,14.94947,18.1,R,H45,UCAC4,CCD
9186,99942,,99942,2021-04-09 01:31:04.800000+00:00,121.353,14.95028,17.6,R,H45,UCAC4,CCD
9187,99942,,99942,2021-04-09 01:34:12.288000+00:00,121.35246,14.95131,17.8,R,H45,UCAC4,CCD
9188,99942,,99942,2021-04-09 01:36:19.296000+00:00,121.35221,14.95197,17.9,R,H45,UCAC4,CCD
9189,99942,,Vq820E,2021-04-09 02:51:57.024000+00:00,121.34304,14.97619,18.3,V,691,USNOB1,CCD
9190,99942,,Vq820E,2021-04-09 03:25:25.824000+00:00,121.337,14.98642,18.3,V,691,USNOB1,CCD
9191,99942,,Vq820E,2021-04-09 03:56:41.568000+00:00,121.3315,14.99594,18.3,V,691,USNOB1,CCD
9192,99942,,C220LA1,2021-04-09 04:01:11.378000+00:00,121.33068,14.99713,17.98,G,703,Gaia2,CCD
9193,99942,,C220LA1,2021-04-09 04:09:24.482000+00:00,121.32921,14.99951,17.74,G,703,Gaia2,CCD
9194,99942,,C220LA1,2021-04-09 04:17:37.066000+00:00,121.32777,15.00202,18.14,G,703,Gaia2,CCD
9195,99942,,C220LA1,2021-04-09 04:25:49.580000+00:00,121.326405,15.00456,17.76,G,703,Gaia2,CCD
9196,99942,,A10wmLh,2021-04-09 07:14:38.830000+00:00,121.30648,15.06036,17.05,Ac,T08,Gaia2,CCD
9197,99942,,A10wmLh,2021-04-09 07:19:17.370000+00:00,121.30564,15.06172,17.05,Ac,T08,Gaia2,CCD
9198,99942,,A10wmLh,2021-04-09 07:29:57.140000+00:00,121.3038,15.06494,17.09,Ac,T08,Gaia2,CCD
9199,99942,,A10wmLh,2021-04-09 07:44:10.910000+00:00,121.3013,15.06914,17.02,Ac,T08,Gaia2,CCD
9200,99942,,99942,2021-04-09 13:11:03.149000+00:00,121.26296,15.16483,17.7,V,900,UCAC4,CCD
9201,99942,,99942,2021-04-09 13:26:11.472000+00:00,121.26075,15.16922,17.9,V,900,UCAC4,CCD
9202,99942,,99942,2021-04-10 12:53:34.080000+00:00,121.10946,15.59542,17.5,V,D95,UCAC4,CCD
9203,99942,,99942,2021-04-10 13:09:03.744000+00:00,121.10742,15.59975,17.5,V,D95,UCAC4,CCD
9204,99942,,99942,2021-04-10 13:12:09.504000+00:00,121.107,15.60078,17.4,V,D95,UCAC4,CCD
9205,99942,,CE21208,2021-04-10 18:55:54.912000+00:00,121.07896,15.70036,17.4,R,069,USNOB1,CCD
9206,99942,,CE21208,2021-04-10 19:10:55.200000+00:00,121.07679,15.70478,17.3,R,069,USNOB1,CCD
9207,99942,,CE21208,2021-04-10 19:25:54.624000+00:00,121.07483,15.70922,17.3,R,069,USNOB1,CCD
9208,99942,,C217405,2021-04-11 00:02:58.600000+00:00,121.04354,15.81164,17.6,G,Y00,Gaia3E,CCD
9209,99942,,C217405,2021-04-11 00:10:43+00:00,121.04209,15.81384,17.9,G,Y00,Gaia3E,CCD
9210,99942,,C217405,2021-04-11 00:18:27.400000+00:00,121.04113,15.81616,18.2,G,Y00,Gaia3E,CCD
9211,99942,,C217405,2021-04-11 00:26:11.900000+00:00,121.03986,15.81839,17.7,G,Y00,Gaia3E,CCD
9212,99942,,C217405,2021-04-11 00:33:56.600000+00:00,121.03844,15.82061,17.6,G,Y00,Gaia3E,CCD
9213,99942,,99942,2021-04-11 17:21:19.296000+00:00,120.94329,16.10617,17.5,V,C97,UCAC4,CCD
9214,99942,,99942,2021-04-11 17:23:45.312000+00:00,120.94283,16.107,17.8,V,C97,UCAC4,CCD
9215,99942,,99942,2021-04-11 17:31:02.496000+00:00,120.94183,16.10892,17.9,V,C97,UCAC4,CCD
9216,99942,,99942,2021-04-11 17:33:28.512000+00:00,120.9415,16.10964,17.7,V,C97,UCAC4,CCD
9217,99942,,99942,2021-04-11 17:35:53.664000+00:00,120.941,16.10978,17.7,V,C97,UCAC4,CCD
9218,99942,,99942,2021-04-11 21:31:27.500000+00:00,120.92252,16.17159,17.3,G,Z80,Gaia2,CCD
9219,99942,,99942,2021-04-11 21:36:52.600000+00:00,120.92182,16.17323,17.2,G,Z80,Gaia2,CCD
9220,99942,,99942,2021-04-12 04:36:26.554000+00:00,120.88592,16.29794,,,U52,Gaia2,CCD
9221,99942,,99942,2021-04-12 05:04:04.915000+00:00,120.88204,16.30594,17.1,G,U52,Gaia2,CCD
9222,99942,,99942,2021-04-12 05:31:43.277000+00:00,120.87838,16.31378,17.3,G,U52,Gaia2,CCD
9223,99942,,99942,2021-04-12 17:03:50.400000+00:00,120.82112,16.50969,17.0,R,168,UCAC4,CCD
9224,99942,,99942,2021-04-12 17:23:30.624000+00:00,120.81863,16.51525,17.6,R,168,UCAC4,CCD
9225,99942,,99942,2021-04-12 18:47:30.336000+00:00,120.80958,16.53861,17.8,R,168,UCAC4,CCD
9226,99942,,99942,2021-04-12 20:48:35.700000+00:00,120.80213,16.5754,18.0,G,Z80,Gaia2,CCD
9227,99942,,99942,2021-04-12 20:53:35.700000+00:00,120.80131,16.57655,18.3,G,Z80,Gaia2,CCD
9228,99942,,99942,2021-04-12 20:58:35.700000+00:00,120.80103,16.57796,18.5,G,Z80,Gaia2,CCD
9229,99942,,99942,2021-04-13 04:44:38.515000+00:00,120.76233,16.71331,,,U52,Gaia2,CCD
9230,99942,,99942,2021-04-13 05:05:52.742000+00:00,120.75958,16.71931,17.2,G,U52,Gaia2,CCD
9231,99942,,99942,2021-04-13 05:27:07.229000+00:00,120.75679,16.72519,16.8,G,U52,Gaia2,CCD
9232,99942,,99942,2021-04-13 19:37:05.952000+00:00,120.69367,16.96508,16.7,R,511,NOMAD,CCD
9233,99942,,99942,2021-04-13 19:47:46.176000+00:00,120.69237,16.96781,16.7,R,511,NOMAD,CCD
9234,99942,,99942,2021-04-13 19:58:27.264000+00:00,120.69104,16.97089,16.7,R,511,NOMAD,CCD
9235,99942,,99942,2021-04-13 20:14:39.600000+00:00,120.68809,16.97508,16.3,R,160,Gaia2,CCD
9236,99942,,99942,2021-04-13 20:17:33.600000+00:00,120.68774,16.9759,16.5,R,160,Gaia2,CCD
9237,99942,,99942,2021-04-13 20:20:28.300000+00:00,120.68736,16.97669,17.1,R,160,Gaia2,CCD
9238,99942,,99942,2021-04-13 21:27:52.300000+00:00,120.6825,16.99369,16.9,G,Z80,Gaia2,CCD
9239,99942,,99942,2021-04-13 21:35:22.300000+00:00,120.68158,16.9958,16.9,G,Z80,Gaia2,CCD
9240,99942,,99942,2021-04-14 16:56:30.624000+00:00,120.59825,17.31772,17.5,R,168,UCAC4,CCD
9241,99942,,99942,2021-04-14 17:04:30.144000+00:00,120.59767,17.31992,17.6,R,168,UCAC4,CCD
9242,99942,,99942,2021-04-14 18:23:30.048000+00:00,120.58983,17.34089,18.5,R,168,UCAC4,CCD
9243,99942,,99942,2021-04-14 18:31:30.432000+00:00,120.58887,17.34308,18.3,R,168,UCAC4,CCD
9244,99942,,99942,2021-04-14 19:49:30.720000+00:00,120.58258,17.36372,17.7,R,168,UCAC4,CCD
9245,99942,,99942,2021-04-14 19:52:31.296000+00:00,120.58613,17.36939,17.7,V,K19,ATLAS2,CCD
9246,99942,,99942,2021-04-14 20:05:51.360000+00:00,120.58458,17.37294,18.4,V,K19,ATLAS2,CCD
9247,99942,,99942,2021-04-14 20:19:08.832000+00:00,120.58308,17.37656,18.1,V,K19,ATLAS2,CCD
9248,99942,,99942,2021-04-14 21:00:28.300000+00:00,120.58058,17.38597,,,Z80,Gaia2,CCD
9249,99942,,99942,2021-04-14 21:07:57.900000+00:00,120.57967,17.38816,,,Z80,Gaia2,CCD
9250,99942,,A10wqZJ,2021-04-15 06:01:00.230000+00:00,120.54517,17.54261,17.2,Ao,T05,Gaia2,CCD
9251,99942,,A10wqZJ,2021-04-15 06:15:39.130000+00:00,120.54322,17.54645,17.09,Ao,T05,Gaia2,CCD
9252,99942,,A10wqZJ,2021-04-15 06:24:57.120000+00:00,120.54199,17.54892,17.27,Ao,T05,Gaia2,CCD
9253,99942,,A10wqZJ,2021-04-15 06:29:33.810000+00:00,120.5414,17.55016,17.28,Ao,T05,Gaia2,CCD
9254,99942,,99942,2021-04-15 17:02:30.048000+00:00,120.50012,17.71314,17.2,R,168,UCAC4,CCD
9255,99942,,99942,2021-04-15 18:30:29.952000+00:00,120.49204,17.73617,17.4,R,168,UCAC4,CCD
9256,99942,,99942,2021-04-15 18:32:30.048000+00:00,120.49192,17.73658,16.8,R,168,UCAC4,CCD
9257,99942,,99942,2021-04-15 19:44:34.400000+00:00,120.48938,17.76002,16.8,R,160,Gaia2,CCD
9258,99942,,99942,2021-04-15 19:48:47.600000+00:00,120.48892,17.76113,16.9,R,160,Gaia2,CCD
9259,99942,,99942,2021-04-15 19:53:25.200000+00:00,120.48844,17.76233,17.0,R,160,Gaia2,CCD
9260,99942,,99942,2021-04-15 20:56:05.900000+00:00,120.48461,17.77731,17.4,G,Z80,Gaia2,CCD
9261,99942,,99942,2021-04-15 21:03:36+00:00,120.48388,17.77951,17.9,G,Z80,Gaia2,CCD
9262,99942,,99942,2021-04-16 20:57:13.500000+00:00,120.39611,18.16346,18.0,G,Z80,Gaia2,CCD
9263,99942,,99942,2021-04-16 21:02:13.500000+00:00,120.39577,18.16483,17.9,G,Z80,Gaia2,CCD
9264,99942,,99942,2021-04-16 21:07:13.500000+00:00,120.39511,18.16631,18.3,G,Z80,Gaia2,CCD
9265,99942,,A10wvSP,2021-04-17 06:14:03.510000+00:00,120.36401,18.31963,17.88,Ao,T08,Gaia2,CCD
9266,99942,,A10wvSP,2021-04-17 06:18:44.250000+00:00,120.36344,18.3208,17.94,Ao,T08,Gaia2,CCD
9267,99942,,A10wvSP,2021-04-17 06:29:26.060000+00:00,120.36221,18.32359,17.91,Ao,T08,Gaia2,CCD
9268,99942,,CE2121E,2021-04-17 19:21:12.960000+00:00,120.32008,18.51706,17.2,R,069,USNOB1,CCD
9269,99942,,CE2121E,2021-04-17 19:36:36.576000+00:00,120.31879,18.52097,17.0,R,069,USNOB1,CCD
9270,99942,,99942,2021-04-17 19:38:56.800000+00:00,120.31888,18.52477,,,160,Gaia2,CCD
9271,99942,,99942,2021-04-17 19:43:15+00:00,120.31851,18.5259,,,160,Gaia2,CCD
9272,99942,,99942,2021-04-17 19:47:26+00:00,120.31815,18.52689,,,160,Gaia2,CCD
9273,99942,,CE2121E,2021-04-17 19:51:36.864000+00:00,120.31763,18.52478,17.1,R,069,USNOB1,CCD
9274,99942,,CE2123A,2021-04-18 19:17:11.040000+00:00,120.24383,18.89028,17.5,R,069,USNOB1,CCD
9275,99942,,CE2123A,2021-04-18 19:32:11.328000+00:00,120.24267,18.89403,17.6,R,069,USNOB1,CCD
9276,99942,,CE2123A,2021-04-18 19:47:10.752000+00:00,120.2415,18.89772,17.5,R,069,USNOB1,CCD
9277,99942,,99942,2021-04-18 21:06:09+00:00,120.23723,18.9193,17.8,G,Z80,Gaia2,CCD
9278,99942,,99942,2021-04-18 21:11:09+00:00,120.23659,18.92063,18.1,G,Z80,Gaia2,CCD
9279,99942,,99942,2021-04-18 21:16:09+00:00,120.23652,18.92193,17.8,G,Z80,Gaia2,CCD
9280,99942,,99942,2021-04-18 21:21:13.100000+00:00,120.23602,18.92293,17.7,G,Z80,Gaia2,CCD
9281,99942,,99942,2021-04-21 12:33:10.656000+00:00,120.05054,19.88658,17.4,V,900,UCAC4,CCD
9282,99942,,99942,2021-04-21 12:43:16.147000+00:00,120.04979,19.889,17.7,V,900,UCAC4,CCD
9283,99942,,99942,2021-04-21 20:47:05.500000+00:00,120.03222,20.00625,18.8,G,Z80,Gaia2,CCD
9284,99942,,99942,2021-04-21 20:53:45.600000+00:00,120.03143,20.0079,17.8,G,Z80,Gaia2,CCD
9285,99942,,99942,2021-04-21 21:00:25.600000+00:00,120.03101,20.00967,18.8,G,Z80,Gaia2,CCD
9286,99942,,99942,2021-04-22 19:44:46.400000+00:00,119.96915,20.34844,16.7,R,160,Gaia2,CCD
9287,99942,,99942,2021-04-22 19:48:23.700000+00:00,119.96883,20.34934,16.7,R,160,Gaia2,CCD
9288,99942,,99942,2021-04-22 19:52:00.700000+00:00,119.96853,20.35016,16.7,R,160,Gaia2,CCD
9289,99942,,99942,2021-04-22 20:51:33.400000+00:00,119.96648,20.36293,17.6,G,Z80,Gaia2,CCD
9290,99942,,99942,2021-04-22 20:58:22.500000+00:00,119.96573,20.36463,17.8,G,Z80,Gaia2,CCD
9291,99942,,99942,2021-04-22 21:05:27.500000+00:00,119.96531,20.36641,17.5,G,Z80,Gaia2,CCD
9292,99942,,99942,2021-04-23 19:56:50+00:00,119.90297,20.70326,18.3,R,160,Gaia2,CCD
9293,99942,,99942,2021-04-23 20:04:17+00:00,119.90201,20.70524,18.8,R,160,Gaia2,CCD
9294,99942,,99942,2021-04-23 20:11:19.100000+00:00,119.90135,20.70685,18.3,R,160,Gaia2,CCD
9295,99942,,C23J171,2021-04-24 03:32:11.406000+00:00,119.88171,20.81734,17.8,G,703,Gaia2,CCD
9296,99942,,C23J171,2021-04-24 03:39:34.075000+00:00,119.881065,20.81894,17.69,G,703,Gaia2,CCD
9297,99942,,C23J171,2021-04-24 03:46:56.674000+00:00,119.880375,20.82062,17.68,G,703,Gaia2,CCD
9298,99942,,C23J171,2021-04-24 03:54:19.737000+00:00,119.87964,20.82235,17.88,G,703,Gaia2,CCD
9299,99942,,99942,2021-04-24 03:56:33.792000+00:00,119.87958,20.82314,17.5,R,691,USNOB1,CCD
9300,99942,,99942,2021-04-24 04:04:16.032000+00:00,119.87892,20.82492,17.5,R,691,USNOB1,CCD
9301,99942,,99942,2021-04-24 04:15:48.096000+00:00,119.87787,20.82758,17.5,R,691,USNOB1,CCD
9302,99942,,99942,2021-04-24 19:42:49.400000+00:00,119.83682,21.04934,,,160,UCAC4,CCD
9303,99942,,99942,2021-04-24 19:48:41.200000+00:00,119.83654,21.0508,16.8,R,160,UCAC4,CCD
9304,99942,,99942,2021-04-24 20:46:04.600000+00:00,119.83448,21.06293,17.8,G,Z80,Gaia2,CCD
9305,99942,,99942,2021-04-24 20:56:04.700000+00:00,119.83376,21.06519,18.1,G,Z80,Gaia2,CCD
9306,99942,,99942,2021-04-24 21:06:24.600000+00:00,119.83269,21.06761,17.6,G,Z80,Gaia2,CCD
9307,99942,,A10wMTR,2021-04-25 07:09:15.250000+00:00,119.80101,21.22073,17.06,Ao,T08,Gaia2,CCD
9308,99942,,A10wMTR,2021-04-25 07:15:14.080000+00:00,119.80061,21.22197,17.5,Ao,T08,Gaia2,CCD
9309,99942,,A10wMTR,2021-04-25 07:23:11.670000+00:00,119.79982,21.22378,17.21,Ao,T08,Gaia2,CCD
9310,99942,,A10wMTR,2021-04-25 07:41:08.900000+00:00,119.79824,21.22775,17.59,Ao,T08,Gaia2,CCD
9311,99942,,CE21258,2021-04-30 20:12:57.312000+00:00,119.34629,23.10778,18.6,R,069,USNOB1,CCD
9312,99942,,CE21258,2021-04-30 20:18:16.128000+00:00,119.34583,23.10889,18.5,R,069,USNOB1,CCD
9313,99942,,CE21258,2021-04-30 20:23:15.936000+00:00,119.34567,23.10997,18.7,R,069,USNOB1,CCD
9314,99942,,99942,2021-04-30 21:17:11.700000+00:00,119.34121,23.12417,,,Z80,Gaia2,CCD
9315,99942,,99942,2021-04-30 21:25:56.700000+00:00,119.34064,23.12607,18.6,G,Z80,Gaia2,CCD
9316,99942,,99942,2021-05-02 21:06:11+00:00,119.12073,23.79942,19.5,G,Z80,Gaia2,CCD
9317,99942,,99942,2021-05-02 21:23:49.200000+00:00,119.11853,23.80349,19.2,G,Z80,Gaia2,CCD
9318,99942,,C246RH1,2021-05-06 04:21:10.908000+00:00,118.653195,24.92469,18.6,G,703,Gaia2,CCD
9319,99942,,C246RH1,2021-05-06 04:39:09.244000+00:00,118.650705,24.92845,18.58,G,703,Gaia2,CCD
9320,99942,,C246RH1,2021-05-06 04:47:24.219000+00:00,118.649505,24.9303,18.7,G,703,Gaia2,CCD
9321,99942,,K04M04N,2021-05-06 04:50:07.008000+00:00,118.64929,24.93119,18.4,R,691,USNOB1,CCD
9322,99942,,K04M04N,2021-05-06 04:52:21.792000+00:00,118.64904,24.93172,18.4,R,691,USNOB1,CCD
9323,99942,,K04M04N,2021-05-06 04:54:35.712000+00:00,118.64875,24.93222,18.2,R,691,USNOB1,CCD
9324,99942,,C246RH1,2021-05-06 04:55:38.790000+00:00,118.648455,24.93216,18.8,G,703,Gaia2,CCD
9325,99942,,A10x7vw,2021-05-11 06:03:22.910000+00:00,117.62148,26.67157,18.54,Ao,T08,Gaia2,CCD
9326,99942,,A10x7vw,2021-05-11 06:08:04.050000+00:00,117.62051,26.67267,18.51,Ao,T08,Gaia2,CCD
9327,99942,,A10x7vw,2021-05-11 06:20:00.580000+00:00,117.61788,26.67514,18.74,Ao,T08,Gaia2,CCD
9328,99942,,A10x7vw,2021-05-11 06:34:37.440000+00:00,117.61477,26.67837,18.74,Ao,T08,Gaia2,CCD
9329,99942,,K04M04N,2021-05-12 03:34:56.064000+00:00,117.38783,26.98017,,,691,USNOB1,CCD
9330,99942,,K04M04N,2021-05-12 03:37:10.848000+00:00,117.38738,26.98069,19.5,R,691,USNOB1,CCD
9331,99942,,K04M04N,2021-05-12 03:39:26.496000+00:00,117.38692,26.98125,19.4,R,691,USNOB1,CCD
9332,99942,,P11gd4f,2021-05-12 06:13:40.800000+00:00,117.357683,27.021572,19.7,w,F51,Gaia1,CCD
9333,99942,,P11gd4f,2021-05-12 06:21:08.352000+00:00,117.355963,27.023222,19.8,w,F51,Gaia1,CCD
9334,99942,,P11gd4f,2021-05-12 06:28:35.904000+00:00,117.35425,27.024858,19.8,w,F51,Gaia1,CCD
9335,99942,,99942,2021-05-20 18:48:48.960000+00:00,114.07313,30.03192,18.5,R,B18,PPMXL,CCD
9336,99942,,99942,2021-05-20 18:59:26.592000+00:00,114.06937,30.03478,19.4,R,B18,PPMXL,CCD
