99942K04M04N  C2004 03 15.10789 04 06 08.08 +16 55 04.6                om6394691
99942K04M04N  C2004 03 15.11039 04 06 08.58 +16 55 06.1 MPS123345      o53585691
99942K04M04N  C2004 03 15.12365 04 06 11.75 +16 55 15.5 MPS123345      o53585691
99942K04M04N  C2004 03 15.12628 04 06 12.40 +16 55 17.7 MPS123345      o53585691
99942K04M04N  C2004 03 15.13723 04 06 14.90 +16 55 25.4 MPS123345      o53585691
99942K04M04N  C2004 03 15.13998 04 06 15.58 +16 55 27.1 MPS123345      o53585691
99942K04M04N* X2004 06 19.17015 09 44 29.658+13 18 50.95MPC 53585      o54280695
99942        'C2004 06 19.17015009 44 29.677+13 18 50.67               L~09vB695
99942        'C2004 06 19.17486109 44 30.604+13 18 46.81               L~09vB695
99942        'C2004 06 19.17967609 44 31.507+13 18 42.91               L~09vB695
99942        'C2004 06 20.15951409 47 41.116+13 05 24.49               L~09vB695
99942        'C2004 06 20.16431709 47 42.006+13 05 20.50               L~09vB695
99942        'C2004 06 20.16906309 47 42.926+13 05 16.74               L~09vB695
99942K04M04N  C2004 12 18.42318 23 12 07.07 -36 37 10.2          18.7 Rrm2709E12
99942K04M04N  C2004 12 18.43083 23 12 13.22 -36 36 52.6          18.1 Rrm2709E12
99942K04M04N  C2004 12 18.43846 23 12 19.16 -36 36 34.0          19.1 Rrm2709E12
99942K04M04N  C2004 12 18.44610 23 12 25.19 -36 36 14.7          18.2 Rrm2709E12
99942K04M04N  C2004 12 18.45550 23 12 32.70 -36 35 52.1          18.6 Rrm2709E12
99942K04M04N  C2004 12 18.45631 23 12 33.34 -36 35 50.2          18.3 Rrm2709E12
99942K04M04N  C2004 12 18.45713 23 12 33.99 -36 35 48.0          18.0 Rrm2709E12
99942K04M04N  C2004 12 18.45793 23 12 34.64 -36 35 45.6          18.7 Rrm2709E12
99942K04M04N  C2004 12 18.49052 23 13 00.72 -36 34 24.5          18.5 Rrm2709E12
99942K04M04N  C2004 12 18.49133 23 13 01.34 -36 34 22.1          18.0 Rrm2709E12
99942K04M04N  C2004 12 18.49214 23 13 02.02 -36 34 20.7          18.4 Rrm2709E12
99942K04M04N  C2004 12 18.49295 23 13 02.61 -36 34 18.6          18.0 Rrm2709E12
99942K04M04N  C2004 12 19.07902 23 21 05.63 -36 12 57.6          18.7 Rcm2709854
99942K04M04N  C2004 12 19.08384 23 21 09.30 -36 12 42.9          18.8 Rcm2709854
99942K04M04N  C2004 12 19.08868 23 21 13.23 -36 12 31.5          18.6 Rcm2709854
99942K04M04N  C2004 12 19.09354 23 21 16.88 -36 12 20.1          18.3 Rcm2709854
99942K04M04N  C2004 12 19.09850 23 21 20.79 -36 12 07.1          18.7 Rcm2709854
99942K04M04N  C2004 12 19.45943 23 26 11.18 -35 54 52.0          16.7 Rcm2709474
99942K04M04N  C2004 12 19.46059 23 26 12.10 -35 54 48.7          16.9 Rcm2709474
99942K04M04N  C2004 12 19.46140 23 26 12.73 -35 54 46.6          16.5 Rcm2709474
99942K04M04N  C2004 12 19.46464 23 26 15.34 -35 54 37.2          16.6 Rcm2709474
99942K04M04N 5C2004 12 20.06921 23 34 27.46 -35 29 30.2          18.5 Rcm2709673
99942K04M04N 5C2004 12 20.07691 23 34 33.36 -35 29 07.9                cm2709673
99942K04M04N 5C2004 12 20.08287 23 34 37.90 -35 28 51.3                cm2709673
99942K04M04N 5C2004 12 20.09000 23 34 43.37 -35 28 30.6                cm2709673
99942K04M04N  C2004 12 22.47267400 05 38.68 -33 20 43.4          18.5 Rrm2709E12
99942K04M04N  C2004 12 22.47304400 05 38.95 -33 20 42.2          17.6 Rrm2710E12
99942K04M04N  C2004 12 22.47340400 05 39.14 -33 20 41.1          17.6 Rrm2710E12
99942K04M04N  C2004 12 22.47375400 05 39.50 -33 20 39.4          16.6 Rrm2710E12
99942K04M04N  C2004 12 23.06407 00 13 05.41 -32 46 52.9          17.3  cm2710704
99942K04M04N  C2004 12 23.06412 00 13 05.63 -32 46 54.1          18.2  cm2710704
99942K04M04N  C2004 12 23.09138 00 13 24.67 -32 45 13.5          17.7  cm2710704
99942K04M04N  C2004 12 23.09276 00 13 25.79 -32 45 09.4          17.5  cm2710704
99942K04M04N  C2004 12 23.10519 00 13 34.51 -32 44 20.7          17.7  cm2710704
99942K04M04N  C2004 12 23.10762 00 13 36.28 -32 44 13.3          17.8  cm2710704
99942K04M04N  C2004 12 23.11882 00 13 44.09 -32 43 30.1          17.5  cm2710704
99942K04M04N  C2004 12 23.12169 00 13 46.17 -32 43 20.2          17.5  cm2710704
99942K04M04N  C2004 12 23.44269 00 17 41.60 -32 22 03.6          16.3 Rrm2710E12
99942K04M04N  C2004 12 23.44304 00 17 41.76 -32 22 01.9          17.3 Rrm2710E12
99942K04M04N  C2004 12 23.44338 00 17 42.05 -32 22 00.5          17.1 Rrm2710E12
99942K04M04N  C2004 12 23.44373 00 17 42.30 -32 21 59.6          17.2 Rrm2710E12
99942K04M04N  C2004 12 23.44440 00 17 42.75 -32 21 56.8          17.0 Rrm2710E12
99942K04M04N  C2004 12 23.44474 00 17 43.01 -32 21 55.3          17.4 Rrm2710E12
99942K04M04N  C2004 12 23.44509 00 17 43.27 -32 21 54.2          16.7 Rrm2710E12
99942K04M04N  C2004 12 23.44544 00 17 43.50 -32 21 52.6          16.9 Rrm2710E12
99942K04M04N  C2004 12 23.48399 00 18 10.63 -32 19 20.8          17.5 Rrm2710E12
99942K04M04N  C2004 12 23.48434 00 18 10.94 -32 19 20.2          16.8 Rrm2710E12
99942K04M04N  C2004 12 23.48470 00 18 11.15 -32 19 17.9          17.1 Rrm2710E12
99942K04M04N  C2004 12 23.48505 00 18 11.37 -32 19 16.8          17.3 Rrm2710E12
99942K04M04N  C2004 12 23.48934 00 18 14.43 -32 18 59.6          17.3 Rrm2710E12
99942K04M04N  C2004 12 23.48969 00 18 14.66 -32 18 58.0          17.0 Rrm2710E12
99942K04M04N  C2004 12 23.49003 00 18 14.95 -32 18 57.6          17.1 Rrm2710E12
99942K04M04N  C2004 12 23.49038 00 18 15.16 -32 18 56.1          17.4 Rrm2710E12
99942K04M04N  C2004 12 23.53207 00 18 44.87 -32 16 09.7          17.2 Rrm2710E12
99942K04M04N  C2004 12 23.53242 00 18 45.08 -32 16 07.8          17.9 Rrm2710E12
99942K04M04N  C2004 12 23.53277 00 18 45.34 -32 16 07.1          17.7 Rrm2710E12
99942K04M04N  C2004 12 23.53314 00 18 45.67 -32 16 05.6          17.9 Rrm2710E12
99942K04M04N  C2004 12 24.07659 00 25 23.84 -31 43 12.7          17.7 Rmm2710683
99942K04M04N  C2004 12 24.07977 00 25 26.08 -31 43 00.1          17.5 Rmm2710683
99942K04M04N  C2004 12 24.11017 00 25 46.71 -31 41 02.6          16.8 Rom2710699
99942K04M04N  C2004 12 24.11751 00 25 51.71 -31 40 33.3                om2710699
99942K04M04N  C2004 12 24.12486 00 25 56.71 -31 40 04.2                om2710699
99942K04M04N  C2004 12 24.13220 00 26 01.70 -31 39 35.4                om2710699
99942K04M04N  C2004 12 24.14981 00 26 13.82 -31 38 26.2          17.2 Rom2710699
99942K04M04N  C2004 12 24.15260 00 26 15.53 -31 38 12.6                om2710699
99942K04M04N  C2004 12 24.15539 00 26 17.51 -31 38 02.8                om2710699
99942K04M04N  C2004 12 24.15819 00 26 19.41 -31 37 50.6                om2710699
99942K04M04N  C2004 12 24.75058 00 33 20.811-30 58 58.19         16.6 Rom3345620
99942K04M04N  C2004 12 24.75872 00 33 26.197-30 58 25.32         16.9 Rom3345620
99942K04M04N  C2004 12 24.76625 00 33 31.205-30 57 55.28         16.9 Rom3345620
99942K04M04N 3C2004 12 25.06596 00 36 58.97 -30 37 42.5          17.6 Rom3345H06
99942K04M04N 3C2004 12 25.07141 00 37 02.54 -30 37 20.2          17.8 Rom3345H06
99942K04M04N  C2004 12 25.07510 00 37 05.59 -30 37 05.1          19.2 Rmm3345683
99942K04M04N  C2004 12 25.07746 00 37 07.12 -30 36 55.6          18.9 Rmm3345683
99942K04M04N 3C2004 12 25.07783 00 37 06.76 -30 36 54.3          17.7 Rom3346H06
99942K04M04N  C2004 12 25.07928 00 37 08.27 -30 36 49.2          18.0 Rmm3346683
99942K04M04N  C2004 12 25.08111 00 37 09.45 -30 36 40.6          18.5 Rmm3346683
99942K04M04N  C2004 12 25.08299 00 37 10.73 -30 36 33.3          18.6 Rmm3346683
99942K04M04N  C2004 12 25.08480 00 37 11.93 -30 36 26.4          19.6 Rmm3346683
99942K04M04N  C2004 12 25.08745 00 37 13.60 -30 36 15.0          19.4 Rmm3346683
99942K04M04N  C2004 12 25.09175 00 37 16.43 -30 35 57.5          18.9 Rmm3346683
99942K04M04N  C2004 12 25.10048 00 37 22.07 -30 35 22.0          18.5 Rmm3346683
99942K04M04N  C2004 12 25.10417 00 37 24.51 -30 35 07.0          18.1 Rmm3346683
99942K04M04N  C2004 12 25.10812 00 37 27.10 -30 34 50.3          18.2 Rmm3346683
99942K04M04N  C2004 12 25.11469 00 37 31.33 -30 34 22.7          18.3 Rmm3346683
99942K04M04N  C2004 12 25.11955 00 37 34.49 -30 34 03.3          18.1 Rmm3346683
99942K04M04N  C2004 12 25.12160 00 37 35.88 -30 33 55.1          17.9 Rmm3346683
99942K04M04N  C2004 12 25.12552 00 37 38.48 -30 33 38.5          18.7 Rmm3346683
99942K04M04N  C2004 12 25.12798 00 37 40.07 -30 33 28.4          17.9 Rmm3346683
99942K04M04N  C2004 12 25.12987 00 37 41.29 -30 33 20.0          18.1 Rmm3346683
99942K04M04N  C2004 12 25.13450 00 37 44.26 -30 33 02.1          18.1 Rmm3346683
99942K04M04N  C2004 12 25.13829 00 37 46.83 -30 32 45.8          18.5 Rmm3346683
99942K04M04N  C2004 12 25.18418 00 38 16.55 -30 29 31.1          16.3 Rrm3346448
99942K04M04N  C2004 12 25.18641 00 38 18.02 -30 29 21.7          16.3 Rrm3346448
99942K04M04N  C2004 12 25.18909 00 38 19.78 -30 29 10.3          16.3 Rrm3346448
99942K04M04N  C2004 12 26.00134 00 47 32.86 -29 33 26.1          16.9 Vrm3346H36
99942K04M04N  C2004 12 26.00461 00 47 34.97 -29 33 12.2          17.3 Vrm3346H36
99942K04M04N  C2004 12 26.01803 00 47 43.38 -29 32 17.8          17.8 Vrm3346H36
99942K04M04N  C2004 12 26.02625 00 47 48.57 -29 31 43.1          17.1 Vrm3346H36
99942K04M04N  C2004 12 26.03827 00 47 56.21 -29 30 52.8          17.3 Vrm3346H36
99942K04M04N  C2004 12 26.04647 00 48 01.35 -29 30 17.8          17.6 Vrm3346H36
99942K04M04N 3C2004 12 26.04857 00 48 03.52 -29 30 05.8          17.1 Vom3346H06
99942K04M04N  C2004 12 26.05109 00 48 05.27 -29 29 54.7          17.2 Rrm3346715
99942K04M04N 3C2004 12 26.05327 00 48 06.48 -29 29 46.0          17.3 Vom3346H06
99942K04M04N 2C2004 12 26.05415 00 48 07.01 -29 29 41.3          16.5 Rom3346H06
99942K04M04N  C2004 12 26.05426 00 48 06.18 -29 29 45.6          17.6 Vrm3346H36
99942K04M04N  C2004 12 26.05506 00 48 07.74 -29 29 38.0          17.2 Rrm3346715
99942K04M04N 2C2004 12 26.05557 00 48 07.97 -29 29 35.4          16.5 Rom3346H06
99942K04M04N 2C2004 12 26.05698 00 48 08.82 -29 29 30.0          16.5 Rom3346H06
99942K04M04N 3C2004 12 26.05772 00 48 09.27 -29 29 27.2          17.1 Vom3346H06
99942K04M04N  C2004 12 26.05899 00 48 10.20 -29 29 21.8          17.4 Rrm3346715
99942K04M04N  C2004 12 26.06287 00 48 12.62 -29 29 05.6          17.1 Rrm3346715
99942K04M04N 3C2004 12 26.06821 00 48 15.83 -29 28 43.1          17.2 Vom3346H06
99942K04M04N  C2004 12 26.07657 00 48 21.63 -29 28 07.8          17.9 Rmm3346683
99942K04M04N  C2004 12 26.07883 00 48 23.03 -29 27 58.6          18.0 Rmm3346683
99942K04M04N 3C2004 12 26.07928 00 48 22.72 -29 27 55.8          17.0 Vom3346H06
99942K04M04N  C2004 12 26.08194 00 48 24.90 -29 27 44.9          18.5 Rmm3346683
99942K04M04N  C2004 12 26.08532 00 48 27.09 -29 27 30.8          19.3 Rmm3346683
99942K04M04N 3C2004 12 26.08588 00 48 26.89 -29 27 28.9          17.4 Vom3346H06
99942K04M04N  C2004 12 26.08724 00 48 28.26 -29 27 23.1          18.4 Rmm3346683
99942K04M04N  C2004 12 26.08970 00 48 29.90 -29 27 13.2          19.0 Rmm3346683
99942K04M04N 2C2004 12 26.09078 00 48 29.87 -29 27 07.1          16.5 Rom3346H06
99942K04M04N  C2004 12 26.09156 00 48 30.98 -29 27 05.2          18.2 Rmm3346683
99942K04M04N 2C2004 12 26.09315 00 48 31.38 -29 26 57.4          16.6 Rom3346H06
99942K04M04N 3C2004 12 26.09374 00 48 31.77 -29 26 56.1          17.3 Vom3346H06
99942K04M04N  C2004 12 26.09489 00 48 33.07 -29 26 50.9          19.0 Rmm3346683
99942K04M04N 2C2004 12 26.09547 00 48 32.89 -29 26 47.6          16.6 Rom3346H06
99942K04M04N  C2004 12 26.09675 00 48 34.19 -29 26 42.9          19.2 Rmm3346683
99942K04M04N  C2004 12 26.09856 00 48 35.47 -29 26 37.7          16.8 Rom3346699
99942K04M04N  C2004 12 26.09887 00 48 35.60 -29 26 35.7          19.3 Rmm3346683
99942K04M04N  C2004 12 26.09903 00 48 35.72 -29 26 35.1                om3346699
99942K04M04N  C2004 12 26.09948 00 48 36.05 -29 26 34.3                om3346699
99942K04M04N  C2004 12 26.09994 00 48 36.28 -29 26 31.7                om3346699
99942K04M04N  C2004 12 26.10072 00 48 36.66 -29 26 26.7          18.3 Rmm3346683
99942K04M04N  C2004 12 26.10275 00 48 37.94 -29 26 17.1          16.9 Rcm3346651
99942K04M04N  C2004 12 26.10286 00 48 38.05 -29 26 16.5          17.9 Rmm3346683
99942K04M04N  C2004 12 26.10420 00 48 38.84 -29 26 10.9          16.9 Rcm3346651
99942K04M04N  C2004 12 26.10510 00 48 39.42 -29 26 06.9          16.8 Rcm3346651
99942K04M04N  C2004 12 26.10968 00 48 42.25 -29 25 47.4          16.7 Rcm3346651
99942K04M04N  C2004 12 26.11017 00 48 42.62 -29 25 45.3          18.5 Rmm3346683
99942K04M04N  C2004 12 26.11028 00 48 42.25 -29 25 45.0          17.3 Rrm3346448
99942K04M04N 3C2004 12 26.11040 00 48 42.20 -29 25 44.8          16.7 Vom3346H06
99942K04M04N  C2004 12 26.11073 00 48 42.91 -29 25 43.0          16.8 Rcm3346651
99942K04M04N  C2004 12 26.11184 00 48 43.61 -29 25 38.1          16.9 Rcm3346651
99942K04M04N  C2004 12 26.11210 00 48 43.84 -29 25 38.1          18.1 Rmm3346683
99942K04M04N  C2004 12 26.11406 00 48 44.99 -29 25 29.3          18.4 Rmm3346683
99942K04M04N  C2004 12 26.11589 00 48 46.15 -29 25 21.2          18.8 Rmm3346683
99942K04M04N  C2004 12 26.11672 00 48 46.29 -29 25 17.4          17.5 Rrm3346448
99942K04M04N  C2004 12 26.11778 00 48 47.38 -29 25 13.2          18.0 Rmm3346683
99942K04M04N 3C2004 12 26.11845 00 48 47.24 -29 25 10.4          17.3 Vom3346H06
99942K04M04N  C2004 12 26.11846 00 48 47.75 -29 25 09.9          16.7 Rcm3346651
99942K04M04N  C2004 12 26.11984 00 48 48.61 -29 25 03.7          16.5 Rcm3346651
99942K04M04N  C2004 12 26.12074 00 48 49.17 -29 25 00.4          16.5 Rcm3346651
99942K04M04N  C2004 12 26.12165 00 48 49.74 -29 24 56.2          17.0 Rcm3346651
99942K04M04N  C2004 12 26.12258 00 48 50.30 -29 24 53.2          19.2 Rmm3346683
99942K04M04N  C2004 12 26.12302 00 48 50.59 -29 24 50.4          16.5 Rcm3346651
99942K04M04N  C2004 12 26.12317 00 48 50.31 -29 24 49.8          17.4 Rrm3346448
99942K04M04N  C2004 12 26.12642 00 48 52.84 -29 24 35.6          19.5 Rmm3346683
99942K04M04N  C2004 12 26.12876 00 48 54.19 -29 24 26.3          18.2 Rmm3346683
99942K04M04N  C2004 12 26.12961 00 48 54.32 -29 24 22.3          17.5 Rrm3346448
99942K04M04N  C2004 12 26.13063 00 48 55.36 -29 24 18.4          18.7 Rmm3346683
99942K04M04N  C2004 12 26.13175 00 48 56.05 -29 24 13.2          17.0 Rcm3346651
99942K04M04N  C2004 12 26.13247 00 48 56.44 -29 24 12.2          19.6 Rmm3346683
99942K04M04N  C2004 12 26.13293 00 48 56.81 -29 24 08.0          16.8 Rcm3346651
99942K04M04N  C2004 12 26.13392 00 48 57.40 -29 24 04.0          16.9 Rcm3346651
99942K04M04N  C2004 12 26.13439 00 48 57.77 -29 24 02.9          19.3 Rmm3346683
99942K04M04N  C2004 12 26.13606 00 48 58.39 -29 23 54.4          17.3 Rrm3346448
99942K04M04N  C2004 12 26.13644 00 48 58.99 -29 23 54.2          19.1 Rmm3346683
99942K04M04N  C2004 12 26.13836 00 49 00.21 -29 23 44.6          20.3 Rmm3346683
99942K04M04N  C2004 12 26.14032 00 49 01.42 -29 23 37.2          18.7 Rmm3346683
99942K04M04N  C2004 12 26.67579 00 54 52.45 -28 45 49.9          19.5  cm3346097
99942K04M04N  C2004 12 26.67878 00 54 54.27 -28 45 38.2          18.0  cm3346097
99942K04M04N  C2004 12 26.68205 00 54 56.42 -28 45 23.0          20.5  cm3346097
99942K04M04N  C2004 12 26.68317 00 54 57.02 -28 45 19.1          17.9  cm3346097
99942K04M04N  C2004 12 26.68429 00 54 57.75 -28 45 14.2          18.2  cm3346097
99942K04M04N  C2004 12 26.68524 00 54 58.26 -28 45 10.1          18.2  cm3346097
99942K04M04N  C2004 12 26.68602 00 54 58.67 -28 45 06.4          16.7  cm3346097
99942K04M04N  C2004 12 26.68679 00 54 59.21 -28 45 03.2          18.1  cm3346097
99942K04M04N  C2004 12 26.68755 00 54 59.64 -28 45 00.1          18.0  cm3346097
99942K04M04N  C2004 12 26.68833 00 55 00.14 -28 44 57.1          17.8  cm3346097
99942K04M04N  C2004 12 26.68912 00 55 00.61 -28 44 53.9          18.2  cm3346097
99942K04M04N  C2004 12 26.68990 00 55 01.08 -28 44 49.7          18.1  cm3346097
99942K04M04N  C2004 12 26.69067 00 55 01.54 -28 44 46.9          18.2  cm3346097
99942K04M04N  C2004 12 26.69802 00 55 06.00 -28 44 15.4          18.0  cm3346097
99942K04M04N  C2004 12 26.69990 00 55 07.12 -28 44 07.2          18.0  cm3346097
99942K04M04N  C2004 12 26.70067 00 55 07.59 -28 44 03.8          18.0  cm3346097
99942K04M04N  C2004 12 26.70145 00 55 08.06 -28 44 00.4          17.5  cm3346097
99942K04M04N  C2004 12 26.70221 00 55 08.57 -28 43 57.4          18.2  cm3346097
99942K04M04N  C2004 12 26.70392 00 55 09.62 -28 43 50.3          18.7  cm3346097
99942K04M04N  C2004 12 26.70464 00 55 10.04 -28 43 46.6          17.9  cm3346097
99942K04M04N  C2004 12 26.70542 00 55 10.51 -28 43 43.7          18.1  cm3346097
99942K04M04N  C2004 12 26.70616 00 55 10.93 -28 43 40.1          18.5  cm3346097
99942K04M04N  C2004 12 26.70834 00 55 12.27 -28 43 31.0          18.1  cm3346097
99942K04M04N  C2004 12 26.71025 00 55 13.44 -28 43 22.6          18.1  cm3346097
99942K04M04N  C2004 12 26.71098 00 55 13.87 -28 43 19.7          18.4  cm3346097
99942K04M04N  C2004 12 26.71245 00 55 14.78 -28 43 13.0          18.0  cm3346097
99942K04M04N  C2004 12 26.71318 00 55 15.20 -28 43 09.7          17.9  cm3346097
99942K04M04N  C2004 12 26.71392 00 55 15.65 -28 43 06.8          18.6  cm3346097
99942K04M04N  C2004 12 26.71465 00 55 16.07 -28 43 03.8          18.4  cm3346097
99942K04M04N  C2004 12 26.71538 00 55 16.51 -28 43 00.5          18.3  cm3346097
99942K04M04N  C2004 12 26.71612 00 55 16.95 -28 42 57.5          18.1  cm3346097
99942K04M04N  C2004 12 26.71686 00 55 17.47 -28 42 54.0          18.7  cm3346097
99942K04M04N  C2004 12 26.72205 00 55 20.63 -28 42 31.6          17.8  cm3346097
99942K04M04N  C2004 12 26.72279 00 55 21.08 -28 42 28.7          18.4  cm3346097
99942K04M04N  C2004 12 26.72644 00 55 23.26 -28 42 12.6          17.8  cm3346097
99942K04M04N  C2004 12 26.72909 00 55 24.85 -28 42 01.4          18.6  cm3346097
99942K04M04N  C2004 12 26.72983 00 55 25.30 -28 41 58.1          18.1  cm3346097
99942K04M04N  C2004 12 26.73059 00 55 25.76 -28 41 54.8          18.3  cm3346097
99942K04M04N  C2004 12 26.73131 00 55 26.20 -28 41 51.8          18.1  cm3346097
99942K04M04N  C2004 12 26.73204 00 55 26.68 -28 41 48.3          19.3  cm3346097
99942K04M04N  C2004 12 26.73350 00 55 27.55 -28 41 41.8          19.3  cm3346097
99942K04M04N  C2004 12 26.73500 00 55 28.45 -28 41 35.6          18.2  cm3346097
99942K04M04N  C2004 12 26.73573 00 55 28.94 -28 41 32.3          19.3  cm3346097
99942K04M04N  C2004 12 26.74019 00 55 31.59 -28 41 13.4          18.4  cm3346097
99942K04M04N  C2004 12 26.74091 00 55 32.04 -28 41 10.5          18.3  cm3346097
99942K04M04N  C2004 12 26.74241 00 55 32.96 -28 41 03.4          18.7  cm3346097
99942K04M04N  C2004 12 26.74316 00 55 33.44 -28 41 00.0          18.2  cm3346097
99942K04M04N  C2004 12 26.74917 00 55 37.14 -28 40 33.1          18.1  cm3346097
99942K04M04N  C2004 12 26.74990 00 55 37.57 -28 40 30.0          19.0  cm3346097
99942K04M04N  C2004 12 26.75067 00 55 37.98 -28 40 27.5          19.4  cm3346097
99942K04M04N  C2004 12 26.75289 00 55 39.33 -28 40 17.4          19.0  cm3346097
99942K04M04N 3C2004 12 27.07112 00 59 04.57 -28 17 39.0          16.9 Vom3346H06
99942K04M04N 3C2004 12 27.07563 00 59 07.29 -28 17 19.1          17.0 Vom3346H06
99942K04M04N 3C2004 12 27.08011 00 59 09.96 -28 17 00.1          17.2 Vom3346H06
99942K04M04N 3C2004 12 27.08433 00 59 12.47 -28 16 41.9          17.3 Vom3346H06
99942K04M04N  C2004 12 27.67719 01 05 22.98 -27 33 56.2          16.2 Rcm3346097
99942K04M04N  C2004 12 27.69990 01 05 36.14 -27 32 17.6          16.2 Rcm3346097
99942K04M04N  C2004 12 27.71875 01 05 47.05 -27 30 54.9          16.1 Rcm3346097
99942K04M04N  C2004 12 27.73956 01 05 59.13 -27 29 22.7          16.1 Rcm3346097
99942K04M04N  C2004 12 27.74017 01 06 02.85 -27 29 29.1          16.9 Rcm3346952
99942K04M04N  C2004 12 27.74131 01 06 03.50 -27 29 22.9          17.2 Rcm3346952
99942K04M04N  C2004 12 27.74282 01 06 04.36 -27 29 16.7          16.9 Rcm3346952
99942K04M04N  C2004 12 27.74585 01 06 06.10 -27 29 03.4          16.8 Rcm3346952
99942K04M04N  C2004 12 27.74887 01 06 07.87 -27 28 50.2          16.8 Rcm3346952
99942K04M04N  C2004 12 27.75114 01 06 09.20 -27 28 40.6          16.4 Rcm3346952
99942K04M04N  C2004 12 27.75493 01 06 11.38 -27 28 24.2          16.6 Rcm3346952
99942K04M04N  C2004 12 27.75574 01 06 08.55 -27 28 11.0          16.1 Rcm3346097
99942K04M04N  C2004 12 27.75796 01 06 13.15 -27 28 11.4          16.7 Rcm3346952
99942K04M04N  C2004 12 27.76099 01 06 14.90 -27 27 58.4          17.0 Rcm3346952
99942K04M04N  C2004 12 27.76241 01 06 15.72 -27 27 52.4          16.7 Vrm3346941
99942K04M04N  C2004 12 27.76401 01 06 16.66 -27 27 45.0          16.9 Rcm3346952
99942K04M04N  C2004 12 27.76417 01 06 16.74 -27 27 44.7          16.6 Vrm3346941
99942K04M04N  C2004 12 27.76704 01 06 18.42 -27 27 31.7          16.8 Rcm3346952
99942K04M04N  C2004 12 27.76770 01 06 18.79 -27 27 29.6          16.8 Vrm3346941
99942K04M04N  C2004 12 27.76888 01 06 19.48 -27 27 24.4          16.7 Vrm3346941
99942K04M04N  C2004 12 27.77281 01 06 21.75 -27 27 07.5          17.0 Vrm3346941
99942K04M04N  C2004 12 27.78403 01 06 28.14 -27 26 18.9          16.5 Vrm3346170
99942K04M04N  C2004 12 27.78579 01 06 29.15 -27 26 11.3          16.6 Vrm3346170
99942K04M04N  C2004 12 27.78652 01 06 29.58 -27 26 08.1          16.7 Vrm3346170
99942K04M04N  C2004 12 27.79178 01 06 32.62 -27 25 45.2          16.7 Vrm3346170
99942K04M04N  C2004 12 27.79294 01 06 33.30 -27 25 40.3          16.9 Vrm3346170
99942K04M04N  C2004 12 27.79424 01 06 34.21 -27 25 33.2          17.2 Rrm3346952
99942K04M04N  C2004 12 27.79484 01 06 34.39 -27 25 32.0          16.9 Vrm3346170
99942K04M04N  C2004 12 27.80011 01 06 37.62 -27 25 08.1          17.2 Rrm3346952
99942K04M04N  C2004 12 27.80616 01 06 41.11 -27 24 41.3          17.0 Rrm3346952
99942K04M04N  C2004 12 27.81222 01 06 44.66 -27 24 14.8          17.2 Rrm3346952
99942K04M04N  C2004 12 27.81827 01 06 48.11 -27 23 48.5          17.4 Rrm3346952
99942K04M04N  C2004 12 27.82430 01 06 51.67 -27 23 21.2          17.2 Rrm3346952
99942K04M04N  C2004 12 28.08457 01 09 29.63 -27 04 27.4          17.6 Rrm3346649
99942K04M04N  C2004 12 28.08743 01 09 31.37 -27 04 14.6          17.8 Rrm3346649
99942K04M04N  C2004 12 28.09028 01 09 32.89 -27 04 00.4          17.4 Rrm3346649
99942K04M04N  C2004 12 28.09313 01 09 34.57 -27 03 49.0          17.5 Rrm3346649
99942K04M04N  C2004 12 28.09598 01 09 36.22 -27 03 36.5          17.4 Rrm3346649
99942K04M04N  C2004 12 28.42179 01 12 50.81 -26 38 27.6          16.5 Vrm3346428
99942K04M04N  C2004 12 28.42288 01 12 51.43 -26 38 22.5          16.5 Vrm3346428
99942K04M04N  C2004 12 28.42397 01 12 52.08 -26 38 17.7          16.8 Vrm3346428
99942K04M04N  C2004 12 28.42506 01 12 52.68 -26 38 12.8          16.6 Vrm3346428
99942K04M04N  C2004 12 28.42615 01 12 53.24 -26 38 07.9          16.6 Vrm3346428
99942K04M04N  C2004 12 29.02487 01 18 47.23 -25 55 39.9          16.7 Rrm3346734
99942K04M04N  C2004 12 29.02598 01 18 47.80 -25 55 35.2          16.9 Rrm3346734
99942K04M04N  C2004 12 29.02709 01 18 48.46 -25 55 30.1          17.0 Rrm3346734
99942K04M04N  C2004 12 29.02821 01 18 49.04 -25 55 25.5          16.7 Rrm3346734
99942K04M04N  C2004 12 29.42910 01 22 37.04 -25 25 54.8          17.4 Vmm3568300
99942K04M04N  C2004 12 29.43081 01 22 37.96 -25 25 49.3          17.3 Vmm3568300
99942K04M04N  C2004 12 29.43252 01 22 38.99 -25 25 40.3          17.7 Vmm3568300
99942K04M04N  C2004 12 29.43998 01 22 41.04 -25 23 45.6          17.1 Vrm3346428
99942K04M04N  C2004 12 29.44106 01 22 41.55 -25 23 40.7          16.9 Vrm3346428
99942K04M04N  C2004 12 29.44216 01 22 42.13 -25 23 36.3          17.1 Vrm3346428
99942K04M04N  C2004 12 29.44326 01 22 42.80 -25 23 31.2          16.8 Vrm3346428
99942K04M04N  C2004 12 29.44434 01 22 43.33 -25 23 26.0          17.1 Vrm3346428
99942K04M04N  C2004 12 30.48254601 32 15.533-24 06 58.31         16.6  rm3346422
99942K04M04N  C2004 12 30.48341701 32 15.979-24 06 54.42         16.6  rm3346422
99942K04M04N  C2004 12 30.48443301 32 16.499-24 06 49.77         16.7  rm3346422
99942K04M04N  C2004 12 30.49493 01 32 22.01 -24 05 58.3          16.8 Rrm3346423
99942K04M04N  C2004 12 30.50087 01 32 25.09 -24 05 31.4          16.9 Rrm3346423
99942K04M04N  C2004 12 30.71166 01 34 22.88 -23 51 40.1          17.3 Vcm3568434
99942K04M04N  C2004 12 30.71340 01 34 23.61 -23 51 35.0          17.2 Vcm3568434
99942K04M04N  C2004 12 30.71558 01 34 24.80 -23 51 26.2          17.4 Vcm3568434
99942K04M04N  C2004 12 30.71707 01 34 25.66 -23 51 20.0          16.7 Rcm3346587
99942K04M04N  C2004 12 30.71755 01 34 25.66 -23 51 18.5          17.2 Vcm3568434
99942K04M04N  C2004 12 30.71889 01 34 26.49 -23 51 11.6          16.7 Rcm3346587
99942K04M04N  C2004 12 30.71940 01 34 26.63 -23 51 09.6          17.1 Vcm3568434
99942K04M04N  C2004 12 30.72250 01 34 28.32 -23 50 56.4          16.6 Rcm3346587
99942K04M04N  C2004 12 30.72624 01 34 30.23 -23 50 39.5          17.0 Rcm3346587
99942K04M04N  C2004 12 30.72804 01 34 31.20 -23 50 32.6          16.6 Rcm3347587
99942K04M04N  C2004 12 30.84260 01 35 29.14 -23 42 03.5          16.3 Rrm3347176
99942K04M04N  C2004 12 30.84314 01 35 29.44 -23 42 01.0          16.4 Rrm3347176
99942K04M04N  C2004 12 30.84367 01 35 29.71 -23 41 58.7          16.3 Rrm3347176
99942K04M04N  C2004 12 30.84421 01 35 29.97 -23 41 56.3          16.4 Rrm3347176
99942K04M04N  C2004 12 30.84475 01 35 30.25 -23 41 54.0          16.4 Rrm3347176
99942K04M04N  C2004 12 31.04524 01 37 13.30 -23 25 54.5          17.1 Rrm3347I77
99942K04M04N  C2004 12 31.04562 01 37 13.46 -23 25 53.1          17.2 Rrm3347I77
99942K04M04N  C2004 12 31.04601 01 37 13.76 -23 25 50.9          17.5 Rrm3347I77
99942K04M04N  C2004 12 31.05504 01 37 23.60 -23 26 24.7          17.4 Rrm3347715
99942K04M04N  C2004 12 31.06659 01 37 29.28 -23 25 34.1          17.3 Rrm3347715
99942K04M04N  C2004 12 31.07238 01 37 32.11 -23 25 09.0          17.2 Rrm3347715
99942K04M04N  C2004 12 31.07532 01 37 32.66 -23 25 01.2          17.7 Rrm3347734
99942K04M04N  C2004 12 31.07763 01 37 33.80 -23 24 50.2          17.7 Rrm3347734
99942K04M04N  C2004 12 31.07839 01 37 35.06 -23 24 42.5          17.3 Rrm3347715
99942K04M04N  C2004 12 31.07992 01 37 34.91 -23 24 40.2          17.7 Rrm3347734
99942K04M04N  C2004 12 31.47058 01 40 54.73 -22 54 32.7          16.5 Rrm3568423
99942K04M04N  C2004 12 31.47822 01 40 58.45 -22 53 58.7          16.5 Rrm3568423
99942K04M04N  C2004 12 31.48725 01 41 02.85 -22 53 17.9          16.5 Rrm3568423
99942K04M04N  C2004 12 31.49419 01 41 06.25 -22 52 46.3          16.5 Rrm3568423
99942K04M04N  C2004 12 31.74207 01 43 16.29 -22 36 20.4          17.7 Vcm3568104
99942K04M04N  C2004 12 31.74472 01 43 17.59 -22 36 08.4                cm3568104
99942K04M04N  C2004 12 31.74696 01 43 18.68 -22 35 58.6                cm3568104
99942K04M04N 3C2005 01 01.17595 01 46 50.00 -22 04 36.4          16.7 Vom3568H06
99942K04M04N 3C2005 01 01.18326 01 46 53.44 -22 04 04.0          16.6 Vom3568H06
99942K04M04N 3C2005 01 01.19395 01 46 58.44 -22 03 16.5          16.7 Vom3568H06
99942K04M04N  C2005 01 01.71163 01 51 15.59 -21 26 04.8          16.8 Rom3568185
99942K04M04N  C2005 01 01.71806 01 51 18.53 -21 25 37.9          16.5 Rom3568185
99942K04M04N  C2005 01 01.73956 01 51 28.22 -21 24 02.7          17.1 Vcm3568434
99942K04M04N  C2005 01 01.74195 01 51 29.34 -21 23 53.5          16.6 Vcm3568434
99942K04M04N  C2005 01 01.74391 01 51 30.09 -21 23 46.3          17.7 Vcm3568434
99942K04M04N  C2005 01 01.74628 01 51 31.20 -21 23 35.0          17.4 Vcm3568434
99942K04M04N  C2005 01 01.75459 01 51 35.92 -21 22 54.4          16.5 Rcm3568952
99942K04M04N  C2005 01 01.76214 01 51 39.38 -21 22 22.0          16.3 Rcm3568952
99942K04M04N  C2005 01 01.77349 01 51 44.49 -21 21 33.2          16.5 Rcm3568952
99942K04M04N  C2005 01 01.78321 01 51 48.05 -21 20 55.3                rm3568A30
99942K04M04N  C2005 01 01.78438 01 51 48.57 -21 20 50.4                rm3568A30
99942K04M04N  C2005 01 01.79239 01 51 53.02 -21 20 11.9          16.4 Rcm3568952
99942K04M04N  C2005 01 01.79316 01 51 52.55 -21 20 12.6                rm3568A30
99942K04M04N  C2005 01 01.79761 01 51 54.58 -21 19 53.6                rm3568A30
99942K04M04N  C2005 01 01.80374 01 51 58.15 -21 19 22.8          16.1 Rcm3568952
99942K04M04N  C2005 01 01.82313 01 52 06.94 -21 17 59.1          16.0 Vrm3568941
99942K04M04N  C2005 01 01.82471 01 52 07.66 -21 17 52.2          16.4 Vrm3568941
99942K04M04N  C2005 01 01.82649 01 52 08.45 -21 17 44.4          16.2 Vrm3568941
99942K04M04N  C2005 01 01.82787 01 52 09.07 -21 17 38.2          16.2 Vrm3568941
99942K04M04N 3C2005 01 02.13460 01 54 34.35 -20 55 32.0          17.6 Vom3568H06
99942K04M04N 3C2005 01 02.13702 01 54 35.43 -20 55 21.6          17.3 Vom3568H06
99942K04M04N 3C2005 01 02.13985 01 54 36.64 -20 55 09.1          17.5 Vom3568H06
99942K04M04N  C2005 01 02.44352 01 56 59.80 -20 33 29.8          17.3 Vmm4752300
99942K04M04N  C2005 01 02.44524 01 57 00.54 -20 33 22.3          16.9 Vmm4752300
99942K04M04N  C2005 01 02.44694 01 57 01.26 -20 33 15.1          17.1 Vmm4752300
99942K04M04N  C2005 01 02.44867 01 57 02.03 -20 33 07.7          17.2 Vmm4752300
99942K04M04N  C2005 01 02.45036 01 57 02.79 -20 33 00.4          17.2 Vmm4752300
99942K04M04N  C2005 01 02.45743 01 57 05.83 -20 32 29.5          17.1 Vmm4752300
99942K04M04N  C2005 01 02.75613 01 59 25.52 -20 11 18.7          16.6 Rcm3568952
99942K04M04N  C2005 01 02.75914 01 59 26.81 -20 11 06.3          16.9 Rcm3568952
99942K04M04N  C2005 01 02.76216 01 59 28.11 -20 10 53.2          17.1 Rcm3568952
99942K04M04N  C2005 01 02.76517 01 59 29.39 -20 10 40.9          17.1 Rcm3568952
99942K04M04N  C2005 01 02.76818 01 59 30.67 -20 10 28.0          17.0 Rcm3568952
99942K04M04N  C2005 01 02.78347 01 59 36.30 -20 09 25.6          17.0 Vdm3568589
99942K04M04N  C2005 01 02.80082 01 59 43.72 -20 08 11.1          17.2 Vdm3568589
99942K04M04N  C2005 01 02.80234 01 59 45.50 -20 08 10.4          17.4 Rrm3568J95
99942K04M04N  C2005 01 02.80990 01 59 48.78 -20 07 38.6          17.4 Rrm3568J95
99942K04M04N  C2005 01 02.81750 01 59 52.06 -20 07 06.0          17.4 Rrm3568J95
99942K04M04N  C2005 01 02.81818 01 59 51.25 -20 06 56.9          17.2 Vdm3568589
99942K04M04N  C2005 01 02.83554 01 59 58.79 -20 05 42.6          17.3 Vdm3568589
99942K04M04N  C2005 01 02.85291 02 00 06.25 -20 04 28.0          17.0 Vdm3568589
99942K04M04N  C2005 01 03.72667 02 06 39.12 -19 03 11.2          16.7 Rom3568185
99942K04M04N  C2005 01 03.72976 02 06 40.12 -19 02 56.2          16.8 Vdm3568589
99942K04M04N  C2005 01 03.72987 02 06 40.42 -19 02 58.2          16.7 Rom3568185
99942K04M04N  C2005 01 03.73385 02 06 42.11 -19 02 42.3          16.7 Rom3568185
99942K04M04N  C2005 01 03.73841 02 06 43.96 -19 02 23.1          16.7 Rom3568185
99942K04M04N  C2005 01 03.75164 02 06 49.17 -19 01 25.8          17.6 Vcm3568104
99942K04M04N  C2005 01 03.75334 02 06 49.93 -19 01 18.7          16.9 Vcm3568104
99942K04M04N  C2005 01 03.75509 02 06 50.65 -19 01 11.5          17.1 Vcm3568104
99942K04M04N  C2005 01 03.76101 02 06 52.91 -19 00 46.1          17.1 Vdm3568589
99942K04M04N  C2005 01 03.76337 02 06 54.14 -19 00 37.7          16.8 Rcm3568587
99942K04M04N  C2005 01 03.76517 02 06 54.89 -19 00 31.7          17.0 Rcm3568587
99942K04M04N  C2005 01 03.76698 02 06 55.65 -19 00 23.7          16.9 Rcm3568587
99942K04M04N  C2005 01 03.77441 02 06 58.86 -18 59 52.3          16.9 Vrm3568A13
99942K04M04N  C2005 01 03.77870 02 07 00.64 -18 59 34.4          16.8 Vrm3568A13
99942K04M04N  C2005 01 03.78274 02 07 02.29 -18 59 17.5          16.8 Vrm3568A13
99942K04M04N  C2005 01 03.78652 02 07 03.85 -18 59 01.8          16.8 Vrm3568A13
99942K04M04N  C2005 01 03.79572 02 07 07.15 -18 58 20.9          16.9 Vdm3568589
99942K04M04N  C2005 01 03.80602 02 07 11.87 -18 57 40.1          16.8 Vrm3568A13
99942K04M04N  C2005 01 03.80991 02 07 13.46 -18 57 24.0          16.9 Vrm3568A13
99942K04M04N  C2005 01 03.81049 02 07 13.35 -18 57 21.0                rm3568A30
99942K04M04N  C2005 01 03.81377 02 07 15.05 -18 57 07.7          16.9 Vrm3568A13
99942K04M04N  C2005 01 03.81435 02 07 14.95 -18 57 04.7                rm3568A30
99942K04M04N  C2005 01 03.82027 02 07 17.45 -18 56 39.4                rm3568A30
99942K04M04N  C2005 01 03.82156 02 07 17.98 -18 56 33.7                rm3568A30
99942K04M04N  C2005 01 04.74457 02 13 51.77 -17 53 04.7          17.4 Vom3568151
99942K04M04N  C2005 01 04.74542 02 13 52.15 -17 53 01.4          17.2 Vom3568151
99942K04M04N  C2005 01 04.77393 02 14 03.48 -17 51 04.4          16.8 Vrm3568A13
99942K04M04N  C2005 01 04.77705 02 14 04.70 -17 50 51.8          16.9 Vrm3568A13
99942K04M04N  C2005 01 04.78014 02 14 05.91 -17 50 39.2          16.8 Vrm3568A13
99942K04M04N  C2005 01 04.79827 02 14 13.01 -17 49 24.9          16.7 Vrm3568A13
99942K04M04N  C2005 01 04.80169 02 14 14.34 -17 49 11.0          16.7 Vrm3568A13
99942K04M04N  C2005 01 04.89575 02 14 51.17 -17 42 44.3          16.4 Rrm3568215
99942K04M04N  C2005 01 04.89602 02 14 51.22 -17 42 42.4          16.4 Rrm3568215
99942K04M04N  C2005 01 04.89655 02 14 51.44 -17 42 41.2          16.9 Rrm3568215
99942K04M04N  C2005 01 04.89681 02 14 51.50 -17 42 39.1          16.4 Rrm3568215
99942K04M04N  C2005 01 05.45491 02 18 39.15 -17 03 34.3          16.5 Rrm3568423
99942K04M04N  C2005 01 05.45769 02 18 40.25 -17 03 23.4          16.8 Rrm3568423
99942K04M04N  C2005 01 05.46880 02 18 44.44 -17 02 38.0          16.8 Rrm3568423
99942K04M04N  C2005 01 05.47227 02 18 45.75 -17 02 23.7          16.7 Rrm3568423
99942K04M04N  C2005 01 05.76503 02 20 45.68 -16 44 18.0          16.9 Vrm3568941
99942K04M04N  C2005 01 05.76544 02 20 45.82 -16 44 16.3          17.1 Vrm3568941
99942K04M04N  C2005 01 05.76845 02 20 46.93 -16 44 04.7          17.1 Vrm3568941
99942K04M04N  C2005 01 05.76988 02 20 47.47 -16 43 58.8          17.2 Vrm3568941
99942K04M04N 3C2005 01 06.08073 02 22 49.06 -16 23 18.9          16.8 Vom3568H06
99942K04M04N 3C2005 01 06.08485 02 22 50.59 -16 23 02.7          16.9 Vom3568H06
99942K04M04N 3C2005 01 06.08855 02 22 51.93 -16 22 47.7          17.0 Vom3568H06
99942K04M04N  C2005 01 06.43434 02 25 04.02 -15 58 47.0          16.9 Rrm3568423
99942K04M04N  C2005 01 06.44389 02 25 07.48 -15 58 09.1          16.8 Rrm3568423
99942K04M04N  C2005 01 06.45778 02 25 12.47 -15 57 14.2          16.7 Rrm3568423
99942K04M04N  C2005 01 06.46212 02 25 14.01 -15 56 56.9          16.9 Rrm3568423
99942K04M04N  C2005 01 06.71631 02 26 53.74 -15 41 53.6          16.2 Rcm3568046
99942K04M04N  C2005 01 06.71705 02 26 54.03 -15 41 50.8          16.3 Rcm3568046
99942K04M04N  C2005 01 06.71770 02 26 54.26 -15 41 48.3                cm3568046
99942K04M04N  C2005 01 06.71973 02 26 54.98 -15 41 40.2                cm3568046
99942K04M04N  C2005 01 06.72230 02 26 55.90 -15 41 30.5          16.3 Rcm3568046
99942K04M04N  C2005 01 06.73194 02 26 59.71 -15 40 51.7          17.0  rm4100130
99942K04M04N  C2005 01 06.73396 02 27 00.39 -15 40 44.3          17.4  rm4100130
99942K04M04N  C2005 01 06.73497 02 27 00.76 -15 40 40.0          17.1  rm4100130
99942K04M04N  C2005 01 06.73648 02 27 01.27 -15 40 33.5          17.1  rm4100130
99942K04M04N  C2005 01 06.74338 02 27 04.52 -15 40 01.0          16.3 Rrm3568952
99942K04M04N  C2005 01 06.74715 02 27 05.86 -15 39 46.8          16.3 Rrm3568952
99942K04M04N  C2005 01 06.74819 02 27 05.47 -15 39 49.9          16.5 Vcm3568A62
99942K04M04N  C2005 01 06.74861 02 27 05.56 -15 39 45.5          16.8 Vcm4100104
99942K04M04N  C2005 01 06.74970 02 27 05.97 -15 39 41.2          16.6 Vcm4100104
99942K04M04N  C2005 01 06.75091 02 27 07.20 -15 39 32.4          16.2 Rrm3568952
99942K04M04N  C2005 01 06.75098 02 27 06.41 -15 39 36.2          16.7 Vcm4100104
99942K04M04N  C2005 01 06.75157 02 27 06.72 -15 39 37.0          16.5 Vcm3568A62
99942K04M04N  C2005 01 06.75468 02 27 08.52 -15 39 17.7          16.1 Rrm3568952
99942K04M04N  C2005 01 06.75495 02 27 07.87 -15 39 23.9          16.9 Vcm3568A62
99942K04M04N  C2005 01 06.75562 02 27 08.86 -15 39 14.0          16.1 Rrm3568952
99942K04M04N  C2005 01 07.06605 02 29 04.03 -15 19 10.5          17.2 Rrm3568H41
99942K04M04N  C2005 01 07.06994 02 29 05.29 -15 18 56.0          17.2 Rrm3568H41
99942K04M04N  C2005 01 07.07166 02 29 05.93 -15 18 48.1          17.0 Rrm3568H41
99942K04M04N  C2005 01 07.07359 02 29 06.65 -15 18 41.0          17.0 Rrm3568H41
99942K04M04N 3C2005 01 07.10390 02 29 17.99 -15 16 42.5          17.4 Vom4100H06
99942K04M04N 3C2005 01 07.10800 02 29 19.45 -15 16 26.8          17.1 Vom4100H06
99942K04M04N 3C2005 01 07.11751 02 29 22.74 -15 15 50.7          17.3 Vom4100H06
99942K04M04N  C2005 01 07.77269 02 33 23.21 -14 34 19.0                rm4752A30
99942K04M04N  C2005 01 07.77360 02 33 23.52 -14 34 15.3                rm4752A30
99942K04M04N  C2005 01 07.77951 02 33 25.49 -14 33 52.7                rm4752A30
99942K04M04N  C2005 01 07.79190 02 33 29.87 -14 33 06.3          17.2 Vom3568151
99942K04M04N  C2005 01 07.79430 02 33 30.69 -14 32 57.7          17.4 Vom3568151
99942K04M04N  C2005 01 07.79502 02 33 30.97 -14 32 55.7          17.4 Vom3568151
99942K04M04N  C2005 01 07.92471 02 34 15.13 -14 24 39.8                cm3568587
99942K04M04N  C2005 01 07.92672 02 34 15.75 -14 24 32.5          16.6 Rcm3568587
99942K04M04N  C2005 01 07.92854 02 34 16.41 -14 24 25.5                cm3568587
99942K04M04N 3C2005 01 08.18616 02 35 48.88 -14 08 12.5          16.3 Vom4100H06
99942K04M04N 3C2005 01 08.19240 02 35 50.91 -14 07 48.8          16.6 Vom4100H06
99942K04M04N 3C2005 01 08.19658 02 35 52.28 -14 07 32.9          16.7 Vom4100H06
99942K04M04N  C2005 01 08.26469 02 36 18.21 -14 03 10.7          17.6 Rrm4101F60
99942K04M04N  C2005 01 08.27067 02 36 20.20 -14 02 48.8          17.8 Rrm4101F60
99942K04M04N  C2005 01 08.27816 02 36 22.56 -14 02 20.6          17.6 Rrm4101F60
99942K04M04N  C2005 01 08.28574 02 36 25.04 -14 01 51.9          17.6 Rrm4101F60
99942K04M04N  C2005 01 08.29322 02 36 27.47 -14 01 24.1          17.6 Rrm4101F60
99942K04M04N  C2005 01 08.30071 02 36 29.90 -14 00 56.6          17.8 Rrm4101F60
99942K04M04N  C2005 01 08.30818 02 36 32.32 -14 00 28.2          17.9 Rrm4101F60
99942K04M04N  C2005 01 08.31566 02 36 34.82 -13 59 59.4          17.6 Rrm4101F60
99942K04M04N  C2005 01 08.32315 02 36 37.27 -13 59 30.9          17.7 Rrm4101F60
99942K04M04N  C2005 01 08.34559 02 36 44.60 -13 58 06.5          17.9 Rrm4101F60
99942K04M04N  C2005 01 08.35306 02 36 47.06 -13 57 37.5          17.9 Rrm4101F60
99942K04M04N  C2005 01 08.76662 02 39 14.99 -13 32 26.5          16.3 Rrm4101952
99942K04M04N  C2005 01 08.76851 02 39 15.59 -13 32 19.9          16.4 Rrm4101952
99942K04M04N  C2005 01 08.77039 02 39 16.20 -13 32 12.8          16.5 Rrm4101952
99942K04M04N  C2005 01 08.77227 02 39 16.82 -13 32 05.8          16.5 Rrm4101952
99942K04M04N  C2005 01 10.75905 02 50 14.28 -11 34 02.1          16.5 Vcm4101A62
99942K04M04N  C2005 01 10.75945 02 50 14.41 -11 34 01.0          16.4 Vcm4101A62
99942K04M04N  C2005 01 10.76004 02 50 14.59 -11 33 58.9          16.3 Vcm4101A62
99942K04M04N  C2005 01 10.76044 02 50 14.73 -11 33 57.6          16.3 Vcm4101A62
99942K04M04N  C2005 01 10.76083 02 50 14.84 -11 33 56.6          16.4 Vcm4101A62
99942K04M04N  C2005 01 10.76103 02 50 14.91 -11 33 55.8          16.4 Vcm4101A62
99942K04M04N  C2005 01 10.76162 02 50 15.09 -11 33 53.5          16.4 Vcm4101A62
99942K04M04N  C2005 01 10.76201 02 50 15.20 -11 33 52.0          16.4 Vcm4101A62
99942K04M04N  C2005 01 10.76216 02 50 15.32 -11 33 50.9          16.7 Vom4101151
99942K04M04N  C2005 01 10.76241 02 50 15.32 -11 33 50.5          16.4 Vcm4101A62
99942K04M04N  C2005 01 10.76280 02 50 15.44 -11 33 49.0          16.5 Vcm4101A62
99942K04M04N  C2005 01 10.76331 02 50 15.57 -11 33 47.6          16.4 Vcm4101A62
99942K04M04N  C2005 01 10.76424 02 50 16.04 -11 33 42.9          16.6 Vrm4101A13
99942K04M04N  C2005 01 10.76433 02 50 15.90 -11 33 44.4          16.5 Vcm4101A62
99942K04M04N  C2005 01 10.76484 02 50 16.01 -11 33 42.1          16.6 Vcm4101A62
99942K04M04N  C2005 01 10.76535 02 50 16.19 -11 33 40.7          16.5 Vcm4101A62
99942K04M04N  C2005 01 10.76558 02 50 16.34 -11 33 39.2          16.9 Vom4101151
99942K04M04N  C2005 01 10.76586 02 50 16.35 -11 33 38.8          16.5 Vcm4101A62
99942K04M04N  C2005 01 10.76625 02 50 16.46 -11 33 37.5          16.3 Vcm4101A62
99942K04M04N  C2005 01 10.76664 02 50 16.58 -11 33 36.5          16.4 Vcm4101A62
99942K04M04N  C2005 01 10.76694 02 50 16.73 -11 33 34.4          17.0 Vom4101151
99942K04M04N  C2005 01 10.76704 02 50 16.68 -11 33 35.0          16.4 Vcm4101A62
99942K04M04N  C2005 01 10.76743 02 50 16.79 -11 33 33.5          16.4 Vcm4101A62
99942K04M04N  C2005 01 10.76793 02 50 17.14 -11 33 30.1          16.6 Vrm4101A13
99942K04M04N  C2005 01 10.76863 02 50 17.15 -11 33 29.5          16.4 Vcm4101A62
99942K04M04N  C2005 01 10.76909 02 50 17.29 -11 33 27.7          16.4 Vcm4101A62
99942K04M04N  C2005 01 10.76956 02 50 17.42 -11 33 26.0          16.3 Vcm4101A62
99942K04M04N  C2005 01 10.77003 02 50 17.58 -11 33 24.4          16.4 Vcm4101A62
99942K04M04N  C2005 01 10.77049 02 50 17.71 -11 33 22.9          16.5 Vcm4101A62
99942K04M04N  C2005 01 10.77096 02 50 17.85 -11 33 21.0          16.5 Vcm4101A62
99942K04M04N  C2005 01 10.77143 02 50 17.99 -11 33 19.6          16.5 Vcm4101A62
99942K04M04N  C2005 01 10.77181 02 50 18.29 -11 33 16.8          16.6 Vrm4101A13
99942K04M04N  C2005 01 10.77189 02 50 18.15 -11 33 18.1          16.8 Vcm4101A62
99942K04M04N  C2005 01 10.77236 02 50 18.27 -11 33 16.3          16.7 Vcm4101A62
99942K04M04N  C2005 01 10.77282 02 50 18.42 -11 33 15.0          16.7 Vcm4101A62
99942K04M04N  C2005 01 10.77329 02 50 18.58 -11 33 13.2          16.6 Vcm4101A62
99942K04M04N  C2005 01 10.77368 02 50 18.68 -11 33 11.8          16.7 Vcm4101A62
99942K04M04N  C2005 01 10.77408 02 50 18.80 -11 33 10.5          16.7 Vcm4101A62
99942K04M04N  C2005 01 10.77447 02 50 18.92 -11 33 09.1          16.7 Vcm4101A62
99942K04M04N  C2005 01 10.77486 02 50 19.02 -11 33 07.6          16.7 Vcm4101A62
99942K04M04N  C2005 01 10.77526 02 50 19.14 -11 33 06.0          16.6 Vcm4101A62
99942K04M04N  C2005 01 10.77546 02 50 19.20 -11 33 05.3          16.5 Vcm4101A62
99942K04M04N  C2005 01 10.77565 02 50 19.26 -11 33 04.9          16.5 Vcm4101A62
99942K04M04N  C2005 01 10.77585 02 50 19.34 -11 33 04.7          16.5 Vcm4101A62
99942K04M04N  C2005 01 10.77605 02 50 19.39 -11 33 03.5          16.5 Vcm4101A62
99942K04M04N  C2005 01 10.98741 02 51 24.58 -11 19 48.9          17.4 Rrm4101I77
99942K04M04N  C2005 01 10.98826 02 51 24.87 -11 19 43.7          17.0 Rrm4101I77
99942K04M04N  C2005 01 10.98870 02 51 25.10 -11 19 42.4          17.6 Rrm4101I77
99942K04M04N  C2005 01 11.09640 02 52 00.86 -11 14 27.2                rm4101701
99942K04M04N  C2005 01 11.12753 02 52 09.80 -11 12 41.3                rm4101701
99942K04M04N  C2005 01 11.23279 02 52 43.57 -11 06 31.2          17.3 Rrm4101F60
99942K04M04N  C2005 01 11.24286 02 52 46.18 -11 05 58.9          17.4 Rrm4101F60
99942K04M04N  C2005 01 11.25413 02 52 49.41 -11 05 20.2          17.3 Rrm4101F60
99942K04M04N  C2005 01 11.26531 02 52 52.59 -11 04 41.6          17.2 Rrm4101F60
99942K04M04N  C2005 01 11.28796 02 52 59.05 -11 03 24.4          17.4 Rrm4101F60
99942K04M04N  C2005 01 11.29925 02 53 02.29 -11 02 45.7          17.4 Rrm4101F60
99942K04M04N  C2005 01 11.31082 02 53 05.64 -11 02 05.9          17.3 Rrm4101F60
99942K04M04N  C2005 01 11.33597 02 53 12.83 -11 00 39.9          17.4 Rrm4101F60
99942K04M04N  C2005 01 11.43148 02 53 43.67 -10 54 16.0          16.8 Rrm4101423
99942K04M04N  C2005 01 11.44689 02 53 48.06 -10 53 23.4          16.8 Rrm4101423
99942K04M04N  C2005 01 11.45036 02 53 49.06 -10 53 11.6          16.9 Rrm4101423
99942K04M04N  C2005 01 11.45591 02 53 50.62 -10 52 52.8          17.0 Rrm4101423
99942K04M04N  C2005 01 11.52569 02 54 10.87 -10 48 55.1          18.6 Rrm4101E17
99942K04M04N  C2005 01 11.52749 02 54 11.37 -10 48 49.0          17.6 Rrm4101E17
99942K04M04N  C2005 01 11.52928 02 54 11.82 -10 48 42.9          17.9 Rrm4101E17
99942K04M04N  C2005 01 11.79693 02 55 36.65 -10 35 05.3                rm4101201
99942K04M04N  C2005 01 11.79837 02 55 37.04 -10 35 00.5                rm4101201
99942K04M04N  C2005 01 11.80144 02 55 37.94 -10 34 50.3                rm4101201
99942K04M04N  C2005 01 11.80219 02 55 38.13 -10 34 47.6                rm4101201
99942K04M04N  C2005 01 11.90016 02 56 06.25 -10 29 18.4          16.8 Vrm4101A13
99942K04M04N  C2005 01 11.90503 02 56 07.67 -10 29 02.2          16.8 Vrm4101A13
99942K04M04N  C2005 01 11.91620 02 56 10.91 -10 28 24.5          16.7 Vrm4101A13
99942K04M04N  C2005 01 11.92186 02 56 12.55 -10 28 05.3          16.6 Vrm4101A13
99942K04M04N  C2005 01 11.97780 02 56 30.60 -10 23 55.9          16.9 Rrm4101I77
99942K04M04N  C2005 01 11.97905 02 56 30.95 -10 23 52.0          16.6 Rrm4101I77
99942K04M04N  C2005 01 11.98029 02 56 31.30 -10 23 47.8          16.7 Rrm4101I77
99942K04M04N  C2005 01 12.43843 02 58 48.82 -09 58 16.7          16.5 Rrm4101423
99942K04M04N  C2005 01 12.44537 02 58 50.80 -09 57 54.1          16.6 Rrm4101423
99942K04M04N  C2005 01 12.45093 02 58 52.30 -09 57 35.8          16.8 Rrm4101423
99942K04M04N  C2005 01 12.45856 02 58 54.41 -09 57 10.7          16.5 Rrm4101423
99942K04M04N  C2005 01 12.80190 03 00 37.46 -09 39 53.1          18.0 Vcm4101951
99942K04M04N  C2005 01 12.82554 03 00 44.01 -09 38 37.1          17.8 Vcm4101951
99942K04M04N  C2005 01 12.84979 03 00 50.68 -09 37 18.0          17.7 Vcm4101951
99942K04M04N  C2005 01 13.78623 03 05 19.77 -08 47 22.4          17.5  im6394071
99942K04M04N  C2005 01 13.79162 03 05 21.18 -08 47 05.7          17.3  im6394071
99942K04M04N  C2005 01 13.79772 03 05 22.76 -08 46 45.0          17.4  im6394071
99942K04M04N  C2005 01 13.82574 03 05 31.64 -08 45 24.8                rm4101J95
99942K04M04N  C2005 01 13.83309 03 05 33.62 -08 45 02.4                rm4101J95
99942K04M04N  C2005 01 13.84031 03 05 35.53 -08 44 39.6          17.1 Rrm4101J95
99942K04M04N  C2005 01 14.07926 03 06 43.04 -08 31 56.8          17.0 Rrm5710735
99942K04M04N  C2005 01 14.14638 03 07 00.21 -08 28 32.1          17.4 Rrm4101H41
99942K04M04N  C2005 01 14.14905 03 07 00.90 -08 28 23.7          17.4 Rrm4101H41
99942K04M04N  C2005 01 14.15045 03 07 01.32 -08 28 19.2          17.2 Rrm4101H41
99942K04M04N  C2005 01 14.15084 03 07 01.46 -08 28 13.3          17.2 Rrm5710735
99942K04M04N  C2005 01 14.15166 03 07 01.61 -08 28 15.6          17.1 Rrm4101H41
99942K04M04N  C2005 01 14.15331 03 07 02.03 -08 28 10.6          17.0 Rrm4101H41
99942K04M04N  C2005 01 14.18855 03 07 11.25 -08 26 15.0          17.4 Rrm5710735
99942K04M04N  C2005 01 14.23933 03 07 24.63 -08 23 35.9          17.5 Rrm5710735
99942K04M04N  C2005 01 14.75904 03 09 51.43 -07 57 16.4          17.7 Vcm4101A62
99942K04M04N  C2005 01 14.75976 03 09 51.62 -07 57 14.6          17.7 Vcm4101A62
99942K04M04N  C2005 01 14.76048 03 09 51.81 -07 57 12.2          17.5 Vcm4101A62
99942K04M04N  C2005 01 14.76120 03 09 51.99 -07 57 10.0          17.5 Vcm4101A62
99942K04M04N  C2005 01 14.76192 03 09 52.18 -07 57 07.8          17.5 Vcm4101A62
99942K04M04N  C2005 01 14.76263 03 09 52.37 -07 57 05.5          17.5 Vcm4101A62
99942K04M04N  C2005 01 14.76335 03 09 52.55 -07 57 03.5          17.6 Vcm4101A62
99942K04M04N  C2005 01 14.76407 03 09 52.74 -07 57 01.3          17.6 Vcm4101A62
99942K04M04N  C2005 01 14.76479 03 09 52.93 -07 56 59.1          17.6 Vcm4101A62
99942K04M04N  C2005 01 14.76550 03 09 53.12 -07 56 56.8          17.7 Vcm4101A62
99942K04M04N  C2005 01 14.76622 03 09 53.30 -07 56 54.5          17.6 Vcm4101A62
99942K04M04N  C2005 01 14.76694 03 09 53.49 -07 56 52.5          17.6 Vcm4101A62
99942K04M04N  C2005 01 14.76766 03 09 53.68 -07 56 50.5          17.6 Vcm4101A62
99942K04M04N  C2005 01 14.76837 03 09 53.87 -07 56 48.2          17.6 Vcm4101A62
99942K04M04N  C2005 01 14.76909 03 09 54.04 -07 56 46.1          17.6 Vcm4101A62
99942K04M04N  C2005 01 14.76980 03 09 54.21 -07 56 44.1          17.6 Vcm4101A62
99942K04M04N  C2005 01 14.77012 03 09 54.29 -07 56 43.0          17.6 Vcm4101A62
99942K04M04N  C2005 01 14.77046 03 09 54.37 -07 56 42.2          17.6 Vcm4101A62
99942K04M04N  C2005 01 14.77081 03 09 54.47 -07 56 41.1          17.7 Vcm4101A62
99942K04M04N  C2005 01 14.82997 03 10 09.58 -07 53 40.9          17.6 Vom4752198
99942K04M04N  C2005 01 14.83214 03 10 10.15 -07 53 34.2          17.6 Vom4752198
99942K04M04N  C2005 01 14.83432 03 10 10.72 -07 53 27.6          17.6 Vom4752198
99942K04M04N  C2005 01 14.83722 03 10 11.47 -07 53 18.8          17.7 Vom4752198
99942K04M04N  C2005 01 14.83758 03 10 11.56 -07 53 17.7          17.7 Vom4752198
99942K04M04N  C2005 01 14.88042 03 10 22.59 -07 51 01.5          17.1 Rrm4101176
99942K04M04N  C2005 01 14.88131 03 10 22.81 -07 50 58.6          16.9 Rrm4101176
99942K04M04N  C2005 01 14.88219 03 10 23.05 -07 50 56.2          17.0 Rrm4101176
99942K04M04N  C2005 01 14.88308 03 10 23.28 -07 50 53.2          17.1 Rrm4101176
99942K04M04N  C2005 01 14.88396 03 10 23.50 -07 50 50.6          17.0 Rrm4101176
99942K04M04N  C2005 01 14.89600 03 10 26.46 -07 50 17.4          17.0 Rcm4101587
99942K04M04N  C2005 01 14.89780 03 10 26.91 -07 50 12.2          17.0 Rcm4101587
99942K04M04N  C2005 01 14.89961 03 10 27.38 -07 50 06.3          17.1 Rcm4101587
99942K04M04N  C2005 01 15.12282 03 11 28.83 -07 38 48.9          16.7 Vrm4752H36
99942K04M04N  C2005 01 15.12700 03 11 29.86 -07 38 36.2          16.9 Vrm4752H36
99942K04M04N  C2005 01 15.13117 03 11 30.89 -07 38 23.7          16.9 Vrm4752H36
99942K04M04N  C2005 01 15.14017 03 11 34.46 -07 37 53.4                cm4752670
99942K04M04N  C2005 01 15.16111 03 11 39.66 -07 36 50.0                cm4752670
99942K04M04N  C2005 01 15.16943 03 11 41.73 -07 36 25.4                cm4752670
99942K04M04N  C2005 01 15.75363 03 14 18.32 -07 07 35.8                cm4752246
99942K04M04N  C2005 01 15.75444 03 14 18.52 -07 07 33.6                cm4752246
99942K04M04N  C2005 01 15.75500 03 14 18.66 -07 07 31.9                cm4752246
99942K04M04N  C2005 01 15.75561 03 14 18.81 -07 07 30.3                cm4752246
99942K04M04N  C2005 01 15.75634 03 14 18.98 -07 07 28.1                cm4752246
99942K04M04N  C2005 01 15.75708 03 14 19.16 -07 07 25.8                cm4752246
99942K04M04N  C2005 01 15.76138 03 14 20.47 -07 07 12.8          16.6 Vcm4752A62
99942K04M04N  C2005 01 15.76195 03 14 20.60 -07 07 11.3          16.6 Vcm4752A62
99942K04M04N  C2005 01 15.76252 03 14 20.74 -07 07 09.4          16.5 Vcm4752A62
99942K04M04N  C2005 01 15.76310 03 14 20.90 -07 07 07.5          16.5 Vcm4752A62
99942K04M04N  C2005 01 15.76367 03 14 21.05 -07 07 05.8          16.4 Vcm4752A62
99942K04M04N  C2005 01 15.76425 03 14 21.18 -07 07 04.2          16.5 Vcm4752A62
99942K04M04N  C2005 01 15.76482 03 14 21.31 -07 07 02.7          16.6 Vcm4752A62
99942K04M04N  C2005 01 15.76539 03 14 21.46 -07 07 00.7          16.6 Vcm4752A62
99942K04M04N  C2005 01 15.76631 03 14 21.68 -07 06 58.1          16.6 Vcm4752A62
99942K04M04N  C2005 01 15.76723 03 14 21.91 -07 06 55.4          16.6 Vcm4752A62
99942K04M04N  C2005 01 15.76815 03 14 22.15 -07 06 52.6          16.6 Vcm4752A62
99942K04M04N  C2005 01 15.76872 03 14 22.27 -07 06 50.9          16.5 Vcm4752A62
99942K04M04N  C2005 01 15.76928 03 14 22.40 -07 06 49.9          16.4 Vcm4752A62
99942K04M04N  C2005 01 15.76985 03 14 22.56 -07 06 47.9          16.5 Vcm4752A62
99942K04M04N  C2005 01 15.77042 03 14 22.70 -07 06 46.1          16.4 Vcm4752A62
99942K04M04N  C2005 01 15.77099 03 14 22.85 -07 06 44.6          16.4 Vcm4752A62
99942K04M04N  C2005 01 15.77156 03 14 22.96 -07 06 43.1          16.6 Vcm4752A62
99942K04M04N  C2005 01 15.77213 03 14 23.11 -07 06 41.5          16.4 Vcm4752A62
99942K04M04N  C2005 01 15.77397 03 14 23.56 -07 06 35.5          16.4 Vcm4752A62
99942K04M04N  C2005 01 15.77460 03 14 23.72 -07 06 33.6          16.4 Vcm4752A62
99942K04M04N  C2005 01 15.77868 03 14 24.74 -07 06 21.9          16.5 Vcm4752A62
99942K04M04N  C2005 01 15.77869 03 14 24.76 -07 06 22.3          17.4 Vom4752198
99942K04M04N  C2005 01 15.77924 03 14 24.88 -07 06 20.2          16.6 Vcm4752A62
99942K04M04N  C2005 01 15.77979 03 14 25.03 -07 06 18.7          16.7 Vcm4752A62
99942K04M04N  C2005 01 15.78035 03 14 25.15 -07 06 17.2          16.5 Vcm4752A62
99942K04M04N  C2005 01 15.78090 03 14 25.28 -07 06 15.5          16.5 Vcm4752A62
99942K04M04N  C2005 01 15.78146 03 14 25.42 -07 06 14.1          16.5 Vcm4752A62
99942K04M04N  C2005 01 15.78201 03 14 25.55 -07 06 12.3          16.5 Vcm4752A62
99942K04M04N  C2005 01 15.78233 03 14 25.66 -07 06 11.4          17.4 Vom4752198
99942K04M04N  C2005 01 15.78257 03 14 25.69 -07 06 10.6          16.5 Vcm4752A62
99942K04M04N  C2005 01 15.78284 03 14 25.75 -07 06 09.7          16.5 Vcm4752A62
99942K04M04N  C2005 01 15.78595 03 14 26.56 -07 06 00.7          17.4 Vom4752198
99942K04M04N  C2005 01 15.78958 03 14 27.46 -07 05 49.9          17.3 Vom4752198
99942K04M04N  C2005 01 15.79321 03 14 28.34 -07 05 39.1          17.4 Vom4752198
99942K04M04N  C2005 01 15.82488 03 14 36.20 -07 04 04.3                rm4752201
99942K04M04N  C2005 01 15.82969 03 14 37.39 -07 03 50.4                rm4752201
99942K04M04N  C2005 01 15.83439 03 14 38.54 -07 03 36.4                rm4752201
99942K04M04N  C2005 01 15.88058 03 14 49.89 -07 01 19.9          16.4 Rrn3122204
99942K04M04N  C2005 01 15.88294 03 14 50.50 -07 01 12.7          16.1 Ron3122204
99942K04M04N  C2005 01 15.88554 03 14 51.13 -07 01 05.1                on3122204
99942K04M04N  C2005 01 15.88778 03 14 51.69 -07 00 58.5                rn3122204
99942K04M04N  C2005 01 16.16582 03 16 02.94 -06 46 07.4          16.9 Rcm4752844
99942K04M04N  C2005 01 16.16839 03 16 03.58 -06 46 00.1          17.0 Rcm4752844
99942K04M04N  C2005 01 16.16975 03 16 03.88 -06 45 56.4          17.0 Rcm4752844
99942K04M04N  C2005 01 16.17137 03 16 04.35 -06 45 51.7          16.9 Rcm4752844
99942K04M04N  C2005 01 16.24465 03 16 24.08 -06 43 26.4                rm6394G95
99942K04M04N  C2005 01 18.10509 03 24 14.90 -05 16 17.1          17.5 Vrm4752H36
99942K04M04N  C2005 01 18.10697 03 24 15.37 -05 16 10.9          17.3 Vrm4752H36
99942K04M04N 7C2005 01 18.10843 03 24 16.49 -05 16 02.2          16.7 Rom4752696
99942K04M04N 7C2005 01 18.11576 03 24 18.16 -05 15 42.0          16.5 Rom4752696
99942K04M04N  C2005 01 19.86828 03 31 14.65 -03 58 23.6          17.3 Rcm5710A53
99942K04M04N  C2005 01 19.87269 03 31 15.41 -03 58 09.5          17.1 Rcm5710A53
99942K04M04N  C2005 01 20.02240 03 31 52.59 -03 51 41.9          17.4 Vrm4752H36
99942K04M04N  C2005 01 20.02553 03 31 53.22 -03 51 34.7          17.1 Vrm4752H36
99942K04M04N  C2005 01 21.10093 03 35 55.33 -03 05 17.6          16.8 Rcm4752844
99942K04M04N  C2005 01 21.10263 03 35 55.61 -03 05 14.4          16.8 Rcm4752844
99942K04M04N  C2005 01 21.11086 03 35 57.46 -03 04 54.7          16.8 Rcm4752844
99942K04M04N  C2005 01 21.11639 03 35 58.65 -03 04 41.3          16.6 Rcm4752844
99942K04M04N  C2005 01 21.87897 03 38 49.00 -02 34 42.7          17.5 Vcm5458A48
99942K04M04N  C2005 01 21.88266 03 38 49.82 -02 34 34.1          17.4 Vcm5458A48
99942K04M04N  C2005 01 21.88635 03 38 50.76 -02 34 27.0          17.5 Vcm5458A48
99942K04M04N  C2005 01 22.80620 03 42 11.78 -01 57 56.4                cm5458A30
99942K04M04N  C2005 01 22.80682 03 42 11.90 -01 57 55.1                cm5458A30
99942K04M04N  C2005 01 22.80775 03 42 12.07 -01 57 52.9                cm5458A30
99942K04M04N  C2005 01 22.80914 03 42 12.36 -01 57 49.8                cm5458A30
99942K04M04N  C2005 01 22.84817 03 42 20.61 -01 56 14.3          17.7 Vrm5458941
99942K04M04N  C2005 01 22.84909 03 42 20.79 -01 56 12.0          17.8 Vrm5458941
99942K04M04N  C2005 01 22.85046 03 42 21.06 -01 56 08.8          17.7 Vrm5458941
99942K04M04N  C2005 01 22.85229 03 42 21.42 -01 56 04.4          17.7 Vrm5458941
99942K04M04N  C2005 01 22.87826 03 42 26.25 -01 55 07.5          17.9 Rcm5710A53
99942K04M04N  C2005 01 22.88523 03 42 27.57 -01 54 49.1          17.0 Rcm5710A53
99942K04M04N  C2005 01 22.89618 03 42 29.92 -01 54 26.0          17.6 Rcm5710A53
99942K04M04N  C2005 01 23.74568 03 45 32.44 -01 21 45.5          17.9 Vom5458198
99942K04M04N  C2005 01 23.74864 03 45 33.02 -01 21 38.9          18.1 Vom5458198
99942K04M04N  C2005 01 23.75193 03 45 33.66 -01 21 31.4          18.0 Vom5458198
99942K04M04N  C2005 01 23.75957 03 45 35.15 -01 21 14.2          18.0 Vom5458198
99942K04M04N  C2005 01 23.76212 03 45 35.65 -01 21 08.6          18.1 Vom5458198
99942K04M04N  C2005 01 24.04458 03 46 33.24 -01 09 20.8          16.8 Rcm5458844
99942K04M04N  C2005 01 24.05203 03 46 34.68 -01 09 04.0          16.6 Rcm5458844
99942K04M04N  C2005 01 24.06024 03 46 36.29 -01 08 44.7          16.7 Rcm5458844
99942K04M04N  C2005 01 24.06854 03 46 37.89 -01 08 25.8          16.4 Rcm5458844
99942K04M04N  C2005 01 24.07286 03 46 38.74 -01 08 16.8          16.7 Rcm5458844
99942K04M04N 3C2005 01 28.06576 03 59 58.99 +01 12 01.6          17.4 Vom5710H06
99942K04M04N 3C2005 01 28.12574 04 00 09.48 +01 14 00.2          17.4 Vom5710H06
99942K04M04N 3C2005 01 28.13424 04 00 10.94 +01 14 16.9          17.5 Vom5710H06
99942K04M04N  C2005 01 29.00278 04 02 57.00 +01 42 42.7          17.3 Rrm5710932
99942K04M04N  C2005 01 29.08750 04 03 11.81 +01 45 27.1          17.3 Rrm5710932
99942K04M04N  C2005 01 29.09444 04 03 13.03 +01 45 40.2          17.3 Rrm5710932
99942K04M04N  C2005 01 29.12535 04 03 19.81 +01 46 47.3                rm5710701
99942K04M04N  C2005 01 29.16096 04 03 25.93 +01 47 56.0                rm5710701
99942K04M04N  C2005 01 29.19164 04 03 31.31 +01 48 55.3                rm5710701
99942K04M04N 3C2005 01 29.21243 04 03 34.70 +01 49 34.3          17.7 Vom5710H06
99942K04M04N 3C2005 01 29.22247 04 03 36.48 +01 49 53.8          17.9 Vom5710H06
99942K04M04N 3C2005 01 29.23113 04 03 37.98 +01 50 10.5          17.6 Vom5710H06
99942K04M04N  C2005 01 29.80473 04 05 26.96 +02 08 20.3          17.3 Rrm5710185
99942K04M04N  C2005 01 29.80545 04 05 27.37 +02 08 25.9          17.7 Vrm5710941
99942K04M04N  C2005 01 29.80569 04 05 27.06 +02 08 22.4          17.4 Rrn1707143
99942K04M04N  C2005 01 29.80591 04 05 27.46 +02 08 26.8          17.8 Vrm5710941
99942K04M04N  C2005 01 29.80730 04 05 27.69 +02 08 29.5          17.8 Vrm5710941
99942K04M04N  C2005 01 29.80823 04 05 27.85 +02 08 31.3          17.6 Vrm5710941
99942K04M04N  C2005 01 29.80870 04 05 27.93 +02 08 32.3          17.5 Vrm5710941
99942K04M04N  C2005 01 29.80916 04 05 27.72 +02 08 28.4          17.3 Rrm5710185
99942K04M04N  C2005 01 29.81314 04 05 28.34 +02 08 36.6          17.3 Rrn1707143
99942K04M04N  C2005 01 29.81571 04 05 28.86 +02 08 41.0          17.6 Rrm5710185
99942K04M04N  C2005 01 29.82056 04 05 29.62 +02 08 50.7          17.5 Rrn1707143
99942K04M04N  C2005 01 29.82107 04 05 29.80 +02 08 51.2          17.4 Rrm5710185
99942K04M04N  C2005 01 31.10832 04 09 26.07 +02 48 52.6          17.5 Rrm5710932
99942K04M04N  C2005 01 31.11527 04 09 27.24 +02 49 05.3          17.2 Rrm5710932
99942K04M04N  C2005 01 31.11804 04 09 27.70 +02 49 10.2          17.2 Rrm5710932
99942K04M04N  C2005 02 01.73465 04 14 20.79 +03 37 16.6          18.0 Vom5710198
99942K04M04N  C2005 02 01.73880 04 14 21.49 +03 37 24.0          18.1 Vom5711198
99942K04M04N  C2005 02 01.74083 04 14 21.82 +03 37 27.5          18.1 Vom5711198
99942K04M04N  C2005 02 01.74459 04 14 22.45 +03 37 34.1          18.1 Vom5711198
99942K04M04N  C2005 02 01.74775 04 14 22.98 +03 37 39.7          18.0 Vom5711198
99942K04M04N  C2005 02 01.75477 04 14 24.14 +03 37 52.0          17.9 Vom5711198
99942K04M04N  C2005 02 01.85861 04 14 41.52 +03 40 57.9          17.0 Rrm5711176
99942K04M04N  C2005 02 01.86019 04 14 41.76 +03 41 00.5          16.9 Rrm5711176
99942K04M04N  C2005 02 01.86176 04 14 42.01 +03 41 03.0          17.1 Rrm5711176
99942K04M04N  C2005 02 01.86333 04 14 42.27 +03 41 05.6          17.2 Rrm5711176
99942K04M04N  C2005 02 01.86491 04 14 42.57 +03 41 09.0          17.0 Rrm5711176
99942K04M04N  C2005 02 01.86649 04 14 42.83 +03 41 11.3          17.0 Rrm5711176
99942K04M04N  C2005 02 02.83484 04 17 34.01 +04 08 53.2          18.0 Rcm6787A53
99942K04M04N  C2005 02 02.84649 04 17 35.88 +04 09 12.1          18.6 Rcm6787A53
99942K04M04N  C2005 02 02.85380 04 17 36.99 +04 09 24.7          17.8 Rcm6787A53
99942K04M04N 1C2005 02 03.73946 04 20 12.45 +04 34 00.3                on1707084
99942K04M04N  C2005 02 03.74756 04 20 14.35 +04 34 21.3          17.7 Vcm5711104
99942K04M04N  C2005 02 03.75034 04 20 14.80 +04 34 26.0          17.7 Vcm5711104
99942K04M04N  C2005 02 03.76929 04 20 17.85 +04 34 57.3          17.7 Vcm5711104
99942K04M04N 1C2005 02 03.79066 04 20 20.88 +04 35 24.7                on1707084
99942K04M04N  C2005 02 04.10312 04 21 15.55 +04 44 13.0          18.2 Rrm5711448
99942K04M04N  C2005 02 04.10779 04 21 16.30 +04 44 20.6          18.4 Rrm5711448
99942K04M04N  C2005 02 04.11121 04 21 16.85 +04 44 26.2          18.3 Rrm5711448
99942K04M04N  C2005 02 04.11514 04 21 17.07 +04 44 28.2          18.6 Rrm5711734
99942K04M04N  C2005 02 04.11720 04 21 17.41 +04 44 32.1          18.5 Rrm5711734
99942K04M04N  C2005 02 04.11926 04 21 17.73 +04 44 35.8          18.2 Rrm5711734
99942K04M04N  C2005 02 04.12132 04 21 18.07 +04 44 38.6          18.0 Rrm5711734
99942K04M04N  C2005 02 04.78950 04 23 13.69 +05 02 39.1                rm6394201
99942K04M04N  C2005 02 04.79616 04 23 14.74 +05 02 50.0                rm6394201
99942K04M04N  C2005 02 04.80100 04 23 15.56 +05 02 57.5                rm6394201
99942K04M04N  C2005 02 04.98889 04 23 48.18 +05 08 01.4          17.7 Rrm6394932
99942K04M04N  C2005 02 05.00556 04 23 50.81 +05 08 28.0          17.4 Rrm6394932
99942K04M04N  C2005 02 05.01250 04 23 51.90 +05 08 39.1          17.5 Rrm6394932
99942K04M04N  C2005 02 05.05334 04 23 59.17 +05 09 45.9          17.7 Rrm6394734
99942K04M04N  C2005 02 05.05642 04 23 59.67 +05 09 50.6          17.6 Rrm6394734
99942K04M04N  C2005 02 05.05909 04 24 00.08 +05 09 55.0          17.4 Rrm6394734
99942K04M04N  C2005 02 05.10567 04 24 07.46 +05 11 09.2          17.5 Rrm6394734
99942K04M04N  C2005 02 05.77110 04 26 01.34 +05 28 36.1          17.9 Vom6394198
99942K04M04N  C2005 02 05.77570 04 26 02.07 +05 28 43.2          18.0 Vom6394198
99942K04M04N  C2005 02 05.77866 04 26 02.54 +05 28 47.9          18.0 Vom6394198
99942K04M04N 1C2005 02 05.77979 04 26 02.26 +05 28 44.5                on1707084
99942K04M04N  C2005 02 05.78089 04 26 02.78 +05 28 50.8          17.1 Rcm6394113
99942K04M04N  C2005 02 05.78224 04 26 03.11 +05 28 53.5          18.0 Vom6394198
99942K04M04N 1C2005 02 05.78302 04 26 02.79 +05 28 49.4                on1707084
99942K04M04N  C2005 02 05.78419 04 26 03.31 +05 28 55.5          17.1 Rcm6394113
99942K04M04N  C2005 02 05.78618 04 26 03.73 +05 28 59.6          18.0 Vom6394198
99942K04M04N  C2005 02 05.78860 04 26 04.03 +05 29 02.3          17.3 Rcm6394113
99942K04M04N  C2005 02 05.79112 04 26 04.50 +05 29 07.4          17.9 Vom6394198
99942K04M04N  C2005 02 05.81080 04 26 07.55 +05 29 39.1          18.0 Vrm6787A30
99942K04M04N  C2005 02 05.81186 04 26 07.72 +05 29 40.9          17.9 Vrm6787A30
99942K04M04N  C2005 02 05.81211 04 26 07.76 +05 29 41.2          18.0 Vrm6787A30
99942K04M04N  C2005 02 05.81268 04 26 07.84 +05 29 42.2          17.8 Vrm6787A30
99942K04M04N  C2005 02 05.81819 04 26 08.70 +05 29 50.6          17.9 Vrm6787A30
99942K04M04N  C2005 02 06.82051 04 28 58.04 +05 55 35.7          17.2 Rcm6394639
99942K04M04N  C2005 02 06.82369 04 28 58.51 +05 55 40.9          17.5 Rcm6394639
99942K04M04N  C2005 02 06.83115 04 28 59.63 +05 55 52.9                cm6395246
99942K04M04N  C2005 02 06.83179 04 28 59.71 +05 55 53.8                cm6395246
99942K04M04N  C2005 02 06.83194 04 28 59.76 +05 55 53.5          17.4 Rcm6395639
99942K04M04N  C2005 02 06.83243 04 28 59.82 +05 55 55.2                cm6395246
99942K04M04N  C2005 02 06.83472 04 29 00.28 +05 55 57.7          17.2 Rcm6395639
99942K04M04N  C2005 02 06.83655 04 29 00.54 +05 56 00.6          17.4 Rcm6395639
99942K04M04N  C2005 02 06.84322 04 29 01.57 +05 56 10.2          17.5 Rcm6395639
99942K04M04N  C2005 02 06.84659 04 29 02.09 +05 56 14.9          17.2 Rcm6395639
99942K04M04N  C2005 02 07.07391 04 29 41.34 +06 02 12.3          17.6 Rcm6395711
99942K04M04N  C2005 02 07.07966 04 29 42.28 +06 02 20.9          17.6 Rcm6395711
99942K04M04N  C2005 02 07.08540 04 29 43.18 +06 02 29.5          17.6 Rcm6395711
99942K04M04N  C2005 02 07.76437 04 31 36.58 +06 19 19.3          18.4 Rcm6395A41
99942K04M04N  C2005 02 07.76768 04 31 37.26 +06 19 22.8          17.9 Vom6395198
99942K04M04N  C2005 02 07.77022 04 31 37.65 +06 19 26.6          18.2 Vom6395198
99942K04M04N  C2005 02 07.77313 04 31 38.10 +06 19 30.9          18.2 Vom6395198
99942K04M04N  C2005 02 07.77640 04 31 38.61 +06 19 35.8          18.2 Vom6395198
99942K04M04N  C2005 02 07.77749 04 31 38.78 +06 19 37.4          18.2 Vom6395198
99942K04M04N  C2005 02 07.78333 04 31 39.68 +06 19 46.2          18.1 Vom6395198
99942K04M04N  C2005 02 07.79348 04 31 41.11 +06 20 02.6          19.1 Rcm6395A41
99942K04M04N  C2005 02 07.82256 04 31 45.65 +06 20 45.6          20.0 Rcm6395A41
99942K04M04N  C2005 02 07.83957 04 31 48.37 +06 21 08.1                rm6395557
99942K04M04N  C2005 02 07.84123 04 31 48.61 +06 21 10.2                rm6395557
99942K04M04N  C2005 02 07.84289 04 31 48.85 +06 21 13.1                rm6395557
99942K04M04N  C2005 02 08.79611 04 34 27.75 +06 44 32.0          18.0 Vrm6395201
99942K04M04N  C2005 02 08.80384 04 34 28.95 +06 44 43.3          18.0 Vrm6395201
99942K04M04N  C2005 02 08.80575 04 34 29.54 +06 44 43.8                rm6395J95
99942K04M04N  C2005 02 08.81159 04 34 30.14 +06 44 54.0          17.7 Vrm6395201
99942K04M04N  C2005 02 08.81413 04 34 30.83 +06 44 55.6                rm6395J95
99942K04M04N  C2005 02 08.82100 04 34 31.91 +06 45 05.5          17.8 Rrm6395J95
99942K04M04N 1C2005 02 09.74551 04 37 04.24 +07 07 03.5                on1707084
99942K04M04N 1C2005 02 09.74873 04 37 04.74 +07 07 07.8                on1707084
99942K04M04N  C2005 02 09.76769 04 37 08.22 +07 07 40.9          18.2 Vrm6395151
99942K04M04N  C2005 02 09.77174 04 37 08.82 +07 07 46.3          18.1 Vrm6395151
99942K04M04N  C2005 02 09.77343 04 37 09.06 +07 07 48.4          18.1 Vrm6395151
99942K04M04N  C2005 02 09.87569 04 37 24.82 +07 10 13.6          17.9 Rcm6787A53
99942K04M04N  C2005 02 09.88426 04 37 26.01 +07 10 23.6          17.7 Rcm6787A53
99942K04M04N  C2005 02 09.89908 04 37 28.42 +07 10 44.5          17.7 Rcm6787A53
99942K04M04N  C2005 02 09.97366 04 37 40.27 +07 12 27.9                cm6395587
99942K04M04N  C2005 02 09.97617 04 37 40.69 +07 12 32.6                cm6395587
99942K04M04N  C2005 02 09.97867 04 37 41.05 +07 12 34.7                cm6395587
99942K04M04N 1C2005 02 10.67566 04 39 37.11 +07 28 41.0                on1707084
99942K04M04N  C2005 02 11.12520 04 40 49.46 +07 39 06.0          18.8 Rrm6395734
99942K04M04N  C2005 02 11.12848 04 40 49.95 +07 39 10.9          18.6 Rrm6395734
99942K04M04N  C2005 02 11.13204 04 40 50.47 +07 39 15.5          18.2 Rrm6395734
99942K04M04N  C2005 02 11.80797 04 42 40.99 +07 54 28.1          18.7 Vrm6787941
99942K04M04N  C2005 02 11.80981 04 42 41.27 +07 54 30.6          18.7 Vrm6787941
99942K04M04N  C2005 02 11.81119 04 42 41.47 +07 54 32.5          18.6 Vrm6787941
99942K04M04N  C2005 02 11.81257 04 42 41.68 +07 54 34.4          18.7 Vrm6787941
99942K04M04N  C2005 02 11.81396 04 42 41.90 +07 54 36.3          18.7 Vrm6787941
99942K04M04N  C2005 02 12.10377 04 43 28.45 +08 01 05.2          17.5 Rrm6787H41
99942K04M04N  C2005 02 12.10721 04 43 28.96 +08 01 09.6          17.7 Rrm6787H41
99942K04M04N  C2005 02 12.10889 04 43 29.20 +08 01 11.5          17.6 Rrm6787H41
99942K04M04N  C2005 02 12.11080 04 43 29.49 +08 01 14.2          17.5 Rrm6787H41
99942K04M04N  C2005 02 12.13968 04 43 33.94 +08 01 50.4          17.9 Rrm6787649
99942K04M04N  C2005 02 12.14145 04 43 34.21 +08 01 52.8          17.9 Rrm6787649
99942K04M04N  C2005 02 12.14323 04 43 34.47 +08 01 55.1          17.9 Rrm6787649
99942K04M04N  C2005 02 16.20104 04 54 24.18 +09 27 07.7          18.7 Vrm6787H36
99942K04M04N  C2005 02 16.21164 04 54 25.79 +09 27 19.8          19.2 Vrm6787H36
99942K04M04N  C2005 02 18.84312 05 01 22.28 +10 18 03.3          18.4 Rcm6787213
99942K04M04N  C2005 02 18.84438 05 01 22.45 +10 18 04.7          18.4 Rcm6787213
99942K04M04N  C2005 02 18.84690 05 01 22.80 +10 18 07.4          18.6 Rcm6787213
99942K04M04N  C2005 02 20.81300 05 06 31.20 +10 53 43.3          18.6 Vrm6787A68
99942K04M04N  C2005 02 20.81668 05 06 31.76 +10 53 47.6                rm6787A68
99942K04M04N  C2005 02 20.82042 05 06 32.34 +10 53 51.3                rm6787A68
99942K04M04N  C2005 02 22.05319 05 09 44.96 +11 15 29.4          18.4 Rrm7203H45
99942K04M04N  C2005 02 22.05535 05 09 45.26 +11 15 31.0          18.4 Rrm7203H45
99942K04M04N  C2005 02 22.06053 05 09 46.03 +11 15 37.0          18.3 Rrm7203H45
99942K04M04N 4C2005 02 23.22346 05 12 47.13 +11 35 23.7          18.7 Rom7203F65
99942K04M04N 4C2005 02 23.25738 05 12 51.99 +11 35 57.5          18.7 Rom7203F65
99942K04M04N 4C2005 02 23.28389 05 12 55.79 +11 36 23.5                om7203F65
99942K04M04N  C2005 02 25.05086 05 17 30.53 +12 04 57.5          19.1 Vrm7203H36
99942K04M04N  C2005 02 25.06647 05 17 32.83 +12 05 13.8                rm7203H36
99942K04M04N  C2005 02 25.16777 05 17 47.59 +12 06 47.8          18.9 Rrm7203649
99942K04M04N  C2005 02 25.17666 05 17 48.86 +12 06 56.8          18.9 Rrm7203649
99942K04M04N  C2005 02 25.17843 05 17 49.16 +12 06 58.3          18.8 Rrm7203649
99942K04M04N  C2005 02 25.76795 05 19 21.39 +12 16 10.7          18.7 Vom7203198
99942K04M04N  C2005 02 25.77237 05 19 22.04 +12 16 14.7          18.7 Vom7203198
99942K04M04N  C2005 02 25.77662 05 19 22.67 +12 16 18.3          18.8 Vom7203198
99942K04M04N  C2005 02 25.78250 05 19 23.53 +12 16 23.5          18.8 Vom7203198
99942K04M04N  C2005 02 25.78303 05 19 23.61 +12 16 24.0          18.8 Vom7203198
99942K04M04N  C2005 02 27.82223 05 24 38.45 +12 47 22.6                rm7203J95
99942K04M04N  C2005 02 27.83378 05 24 40.14 +12 47 32.8                rm7203J95
99942K04M04N  C2005 02 27.84287 05 24 41.46 +12 47 40.4          18.9 Rrm7203J95
99942K04M04N  C2005 02 28.79823 05 27 08.65 +13 01 32.9          19.0 Rcm7203A83
99942K04M04N  C2005 02 28.80012 05 27 08.90 +13 01 36.1          18.5 Rcm7203A83
99942K04M04N  C2005 02 28.80203 05 27 09.21 +13 01 35.9          19.5 Rcm7203A83
99942K04M04N  C2005 02 28.80683 05 27 10.00 +13 01 41.6          18.5 Rcm7203A83
99942K04M04N  C2005 02 28.82253 05 27 12.34 +13 01 55.5          19.3 Rcm7203A83
99942K04M04N  C2005 02 28.82512 05 27 12.64 +13 01 56.5          18.3 Rcm7203A83
99942K04M04N  C2005 03 02.09831 05 30 28.76 +13 20 10.1          18.9 Rrm7203H45
99942K04M04N  C2005 03 02.10020 05 30 29.04 +13 20 12.9          19.0 Rrm7203H45
99942K04M04N  C2005 03 02.10321 05 30 29.49 +13 20 15.3          18.9 Rrm7203H45
99942K04M04N  C2005 03 02.10558 05 30 29.82 +13 20 17.0          18.8 Rrm7203H45
99942K04M04N  C2005 03 02.82423 05 32 20.60 +13 30 07.5          19.4 Vrm7203240
99942K04M04N  C2005 03 02.82764 05 32 21.09 +13 30 10.1          19.4 Vrm7203240
99942K04M04N  C2005 03 02.83105 05 32 21.58 +13 30 12.8          19.5 Vrm7203240
99942K04M04N  C2005 03 02.83447 05 32 22.08 +13 30 15.4          19.4 Vrm7203240
99942K04M04N  C2005 03 02.83720 05 32 22.47 +13 30 17.6          19.3 Vrm7203240
99942K04M04N  C2005 03 02.84130 05 32 23.09 +13 30 21.1          19.3 Vrm7203240
99942K04M04N  C2005 03 02.84471 05 32 23.60 +13 30 24.0          19.1 Vrm7203240
99942K04M04N  C2005 03 04.83231 05 37 29.64 +13 56 56.9          19.0 Vrm8005941
99942K04M04N  C2005 03 04.83277 05 37 29.70 +13 56 57.2          19.0 Vrm8005941
99942K04M04N  C2005 03 04.83323 05 37 29.76 +13 56 57.5          19.0 Vrm8005941
99942K04M04N  C2005 03 04.83369 05 37 29.82 +13 56 57.8          19.1 Vrm8005941
99942K04M04N  C2005 03 04.83461 05 37 29.95 +13 56 58.4          18.9 Vrm8005941
99942K04M04N  C2005 03 26.83671 06 34 28.23 +17 26 17.3          19.8 Vrn0228941
99942K04M04N  C2005 03 26.83751 06 34 28.35 +17 26 17.5          19.9 Vrn0228941
99942K04M04N  C2005 03 26.83901 06 34 28.58 +17 26 18.0          19.8 Vrn0228941
99942K04M04N  C2005 03 26.84181 06 34 29.00 +17 26 19.0          19.8 Vrn0228941
99942K04M04N 7C2005 04 06.18251 07 01 37.80 +18 18 34.3                on1707696
99942K04M04N 7C2005 04 06.18442 07 01 38.16 +18 18 35.6                on1707696
99942K04M04N  C2005 04 08.10749 07 06 43.08 +18 25 26.4          19.7 Rrn0766734
99942K04M04N  C2005 04 08.11416 07 06 44.12 +18 25 26.7          20.3 Rrn0766734
99942K04M04N  C2005 04 08.12086 07 06 45.12 +18 25 28.7          20.3 Rrn0766734
99942K04M04N  C2005 04 28.83566 08 01 41.01 +18 48 51.5          20.2 Vrn3122941
99942K04M04N  C2005 04 28.83647 08 01 41.14 +18 48 51.4          20.4 Vrn3122941
99942K04M04N  C2005 04 28.83728 08 01 41.25 +18 48 51.3          20.3 Vrn3122941
99942K04M04N  C2005 04 28.83872 08 01 41.47 +18 48 51.1          20.2 Vrn3122941
99942K04M04N  C2005 04 28.84113 08 01 41.83 +18 48 50.9          20.2 Vrn3122941
99942K04M04N  C2005 04 30.13108 08 05 06.10 +18 47 34.6          20.3 Rrn3338734
99942K04M04N  C2005 04 30.13549 08 05 06.81 +18 47 34.2          20.3 Rrn3338734
99942K04M04N  C2005 04 30.13991 08 05 07.49 +18 47 34.0          20.3 Rrn3338734
99942K04M04N  C2005 04 30.83406 08 06 57.57 +18 46 43.1          20.3 Vrn3338A13
99942K04M04N  C2005 04 30.87300 08 07 03.53 +18 46 41.0          20.1 Vrn3338A13
99942K04M04N  C2005 04 30.87750 08 07 04.29 +18 46 38.7          19.8 Vrn3338A13
99942K04M04N  C2005 05 05.84766 08 20 09.21 +18 38 40.5          20.4 Vrn3338941
99942K04M04N  C2005 05 05.84847 08 20 09.34 +18 38 40.3          20.5 Vrn3338941
99942K04M04N  C2005 05 05.84929 08 20 09.47 +18 38 40.1          20.5 Vrn3338941
99942K04M04N  C2005 05 05.85011 08 20 09.59 +18 38 39.9          20.5 Vrn3338941
99942K04M04N  C2005 05 05.85174 08 20 09.84 +18 38 39.7          20.4 Vrn3338941
99942K04M04N  C2005 05 21.15534 08 59 47.25 +17 52 33.9          19.0 Vrn5358G96
99942K04M04N  C2005 05 21.15827 08 59 47.65 +17 52 33.5          19.8 Vrn5358G96
99942K04M04N  C2005 05 21.16123 08 59 48.08 +17 52 32.4          21.1 Vrn5358G96
99942K04M04N  C2005 05 21.16417 08 59 48.51 +17 52 31.6          20.7 Vrn5358G96
99942K04M04N  C2005 05 27.13458 09 14 45.36 +17 28 32.7          19.6 Rrn5358734
99942K04M04N  C2005 05 27.14239 09 14 46.46 +17 28 30.1          19.6 Rrn5358734
99942K04M04N  C2005 05 27.86616 09 16 33.58 +17 25 27.9          20.5 Vrn5606941
99942K04M04N  C2005 05 27.86697 09 16 33.69 +17 25 27.7          20.4 Vrn5606941
99942K04M04N  C2005 05 27.86860 09 16 33.94 +17 25 27.1          20.4 Vrn5606941
99942K04M04N  C2005 05 27.87023 09 16 34.17 +17 25 26.6          20.5 Vrn5606941
99942K04M04N  C2005 06 01.16684 09 27 00.87 +17 07 15.1          20.3 Vdn5606291
99942K04M04N  C2005 06 01.17202 09 27 01.59 +17 07 13.5          20.4 Vdn5606291
99942K04M04N  C2005 06 01.17715 09 27 02.34 +17 07 12.1          20.3 Vdn5606291
99942K04M04N  C2005 06 06.13693 09 38 44.76 +16 46 02.1          20.9 Rrn5958734
99942K04M04N IC2005 06 06.14576 09 38 46.00 +16 46 00.3                rn5958734
99942K04M04N IC2005 06 06.15469 09 38 47.11 +16 45 57.8                rn5958734
99942K04M04N  C2005 06 06.16213 09 38 48.19 +16 45 55.5          20.2 Rrn5958734
99942K04M04N  C2005 06 11.87313 09 51 41.03 +16 22 52.6          20.5 Vrn6539941
99942K04M04N  C2005 06 11.87388 09 51 41.13 +16 22 52.6          20.5 Vrn6539941
99942K04M04N  C2005 06 11.87464 09 51 41.23 +16 22 52.5          20.4 Vrn6539941
99942K04M04N  C2005 06 11.87617 09 51 41.43 +16 22 52.3          20.5 Vrn6539941
99942K04M04N  C2005 06 16.86563 10 02 14.57 +16 05 30.0          20.5 Vrn6539941
99942K04M04N  C2005 06 16.86647 10 02 14.67 +16 05 29.7          20.5 Vrn6539941
99942K04M04N  C2005 06 16.87044 10 02 15.17 +16 05 28.7          20.4 Vrn6539941
99942K04M04N  C2005 06 16.87176 10 02 15.34 +16 05 28.2          20.5 Vrn6539941
99942K04M04N  C2005 06 16.87317 10 02 15.51 +16 05 27.9          20.5 Vrn6539941
99942K04M04N  C2005 06 17.16008 10 02 50.38 +16 04 38.2                rn6539G96
99942K04M04N  C2005 06 17.16411 10 02 50.88 +16 04 37.2                rn6539G96
99942K04M04N  C2005 06 17.16814 10 02 51.36 +16 04 36.3                rn6539G96
99942K04M04N  C2005 06 17.17216 10 02 51.84 +16 04 35.2                rn6539G96
99942        'C2005 07 09.17600210 34 38.149+16 12 41.50               L~09vB695
99942        'C2005 07 09.17856510 34 38.215+16 12 42.47         20.4 Ron8787695
99942        'C2005 07 09.18080710 34 38.288+16 12 42.68               L~09vB695
99942        'C2005 07 10.17554310 35 10.909+16 18 25.82               L~09vB695
99942        'C2005 07 10.17819210 35 10.983+16 18 26.48               L~09vB695
99942        'C2005 07 11.16627510 35 36.614+16 24 45.48               on8787695
99942        'C2005 07 11.16972710 35 36.698+16 24 46.68               L~09vB695
99942        'C2005 07 11.17325710 35 36.755+16 24 48.09         21.0 Ron8787695
99942        'C2005 07 11.17611210 35 36.829+16 24 49.21               on8787695
99942        2C2005 09 04.63519408 25 00.085+22 18 13.02               L~09vB568
99942        2C2005 09 04.63627008 25 00.075+22 18 12.36               L~09vB568
99942         C2005 10 07.49230 09 11 11.86 +14 07 46.5          20.5 Vro7078G96
99942         C2005 10 07.49419 09 11 12.12 +14 07 44.9          20.6 Vro7078G96
99942         C2005 10 07.49610 09 11 12.37 +14 07 42.9          20.5 Vro7078G96
99942         C2005 10 07.49802 09 11 12.66 +14 07 41.0          20.6 Vro7078G96
99942        1C2005 10 18.62032 09 37 56.05 +10 57 57.5                co7078F65
99942        1C2005 10 18.62137 09 37 56.24 +10 57 56.1                co7078F65
99942        1C2005 10 18.62241 09 37 56.36 +10 57 55.2                co7078F65
99942         C2005 10 29.50813 10 05 17.85 +07 43 14.1          20.8 Vro8992G96
99942         C2005 10 29.51076 10 05 18.23 +07 43 11.2          20.5 Vro8992G96
99942         C2005 10 29.51338 10 05 18.64 +07 43 08.1          20.7 Vro8992G96
99942         C2005 12 07.40405 11 44 04.92 -04 24 35.0          21.2 Rrp6320932
99942         C2005 12 07.42413 11 44 07.88 -04 24 59.1          20.6 Rrp6320932
99942         C2005 12 07.44467 11 44 10.95 -04 25 22.1          20.8 Rrp6320932
99942         C2005 12 31.51599 12 46 07.75 -11 47 14.9          20.1 Rcp8679711
99942        FC2005 12 31.52282 12 46 08.78 -11 47 23.0                cp8679711
99942         C2005 12 31.52963 12 46 09.78 -11 47 30.4          19.8 Rcp8680711
99942        2C2005 12 31.64597612 46 28.407-11 49 33.02               L~09vB568
99942        2C2005 12 31.64713112 46 28.583-11 49 34.23               L~09vB568
99942        2C2005 12 31.64800212 46 28.708-11 49 35.16               L~09vB568
99942         C2006 01 25.45214 13 55 17.86 -18 48 31.2          19.1 Rrq1503734
99942         C2006 01 25.45749 13 55 18.78 -18 48 36.3          19.1 Rrq1503734
99942         C2006 01 25.46190 13 55 19.50 -18 48 40.4          19.0 Rrq1503734
99942         C2006 01 27.50137 14 01 26.50 -19 20 34.2          19.1 Vrq1503G96
99942         C2006 01 27.50640 14 01 27.40 -19 20 38.8          19.1 Vrq1503G96
99942         C2006 01 27.51145 14 01 28.27 -19 20 43.8          19.1 Vrq1503G96
99942        2C2006 03 05.54636616 20 49.786-26 34 29.32               L~09vB568
99942        2C2006 03 05.61052316 21 07.957-26 34 51.45               L~09vB568
99942        2C2006 03 05.65266816 21 19.828-26 35 04.75               L~09vB568
99942        2C2006 03 06.51985316 25 39.350-26 39 07.23               L~09vB568
99942        2C2006 03 06.52154416 25 39.838-26 39 07.85               L~09vB568
99942        2C2006 03 06.52319016 25 40.319-26 39 08.38               L~09vB568
99942        2C2006 03 06.52483716 25 40.802-26 39 08.75               L~09vB568
99942        2C2006 03 06.52649816 25 41.288-26 39 09.42               L~09vB568
99942        2C2006 03 06.53152916 25 42.744-26 39 11.09               L~09vB568
99942        2C2006 03 06.53317516 25 43.230-26 39 11.64               L~09vB568
99942        2C2006 03 06.53785116 25 44.576-26 39 13.17               L~09vB568
99942        2C2006 03 06.53950516 25 45.058-26 39 13.71               L~09vB568
99942        2C2006 03 06.54114016 25 45.528-26 39 14.25               L~09vB568
99942        2C2006 03 06.54279516 25 46.018-26 39 14.75               L~09vB568
99942        2C2006 03 06.54460416 25 46.542-26 39 15.35               L~09vB568
99942        2C2006 03 06.54622816 25 47.020-26 39 15.82               L~09vB568
99942        2C2006 03 06.54788716 25 47.487-26 39 16.37               L~09vB568
99942        2C2006 03 06.54963916 25 48.001-26 39 16.97               L~09vB568
99942        2C2006 03 06.55128516 25 48.473-26 39 17.49               L~09vB568
99942        2C2006 03 06.55294416 25 48.954-26 39 18.02               L~09vB568
99942        2C2006 03 06.58062516 25 56.956-26 39 26.69               L~09vB568
99942        2C2006 03 06.58226716 25 57.429-26 39 27.19               L~09vB568
99942        2C2006 03 06.58390316 25 57.889-26 39 27.56               L~09vB568
99942        2C2006 03 06.58565516 25 58.403-26 39 28.25               L~09vB568
99942        2C2006 03 06.58729516 25 58.884-26 39 28.74               L~09vB568
99942        2C2006 03 06.58894616 25 59.356-26 39 29.24               L~09vB568
99942        2C2006 03 06.59071316 25 59.860-26 39 29.79               L~09vB568
99942        2C2006 03 06.59240616 26 00.342-26 39 30.29               L~09vB568
99942        2C2006 03 06.59416916 26 00.854-26 39 30.79               L~09vB568
99942        2C2006 03 06.59581316 26 01.332-26 39 31.30               L~09vB568
99942        2C2006 03 06.59986316 26 02.494-26 39 32.45               L~09vB568
99942        2C2006 03 06.60160616 26 02.993-26 39 33.01               L~09vB568
99942        2C2006 03 06.60323516 26 03.457-26 39 33.48               L~09vB568
99942        2C2006 03 06.60488216 26 03.930-26 39 34.00               L~09vB568
99942        2C2006 03 06.60655416 26 04.414-26 39 34.45               L~09vB568
99942        2C2006 03 06.60819916 26 04.891-26 39 34.94               L~09vB568
99942        2C2006 03 06.60994916 26 05.388-26 39 35.44               L~09vB568
99942        2C2006 03 06.61161916 26 05.870-26 39 35.93               L~09vB568
99942        2C2006 03 06.61340316 26 06.381-26 39 36.46               L~09vB568
99942        2C2006 03 06.61522116 26 06.900-26 39 36.96               L~09vB568
99942        2C2006 03 06.61779416 26 07.648-26 39 37.74               L~09vB568
99942        2C2006 03 06.61944816 26 08.129-26 39 38.22               L~09vB568
99942        2C2006 03 06.62108316 26 08.593-26 39 38.68               L~09vB568
99942        2C2006 03 06.62287816 26 09.105-26 39 39.17               L~09vB568
99942        2C2006 03 06.62453816 26 09.584-26 39 39.65               L~09vB568
99942        2C2006 03 06.62634316 26 10.112-26 39 40.15               L~09vB568
99942        2C2006 03 06.62962316 26 11.039-26 39 41.09               L~09vB568
99942        2C2006 03 06.63137516 26 11.530-26 39 41.57               L~09vB568
99942        2C2006 03 06.63303116 26 12.016-26 39 42.05               L~09vB568
99942        2C2006 03 06.63501716 26 12.589-26 39 42.58               L~09vB568
99942        2C2006 03 06.63831016 26 13.532-26 39 43.51               L~09vB568
99942        2C2006 03 06.63998416 26 14.033-26 39 43.93               L~09vB568
99942        2C2006 03 06.64177816 26 14.532-26 39 44.44               L~09vB568
99942        2C2006 03 06.64342816 26 15.007-26 39 44.91               L~09vB568
99942        2C2006 03 06.64522616 26 15.513-26 39 45.40               L~09vB568
99942        2C2006 03 06.64689116 26 16.000-26 39 45.85               L~09vB568
99942        2C2006 03 06.64869616 26 16.534-26 39 46.31               L~09vB568
99942        2C2006 03 06.65033416 26 16.985-26 39 46.76               L~09vB568
99942        2C2006 03 08.52450916 35 51.633-26 46 44.58               L~09vB568
99942        2C2006 03 08.52614416 35 52.139-26 46 45.02               L~09vB568
99942        2C2006 03 08.52778416 35 52.632-26 46 45.44               L~09vB568
99942        2C2006 03 08.52940616 35 53.122-26 46 45.81               L~09vB568
99942        2C2006 03 08.53118916 35 53.668-26 46 46.23               L~09vB568
99942        2C2006 03 08.53282516 35 54.145-26 46 46.74               L~09vB568
99942        2C2006 03 08.53446116 35 54.645-26 46 47.05               L~09vB568
99942        2C2006 03 08.53622516 35 55.161-26 46 47.51               L~09vB568
99942        2C2006 03 08.53952316 35 56.166-26 46 48.34               L~09vB568
99942        2C2006 03 08.54821816 35 58.785-26 46 50.43               L~09vB568
99942        2C2006 03 08.54987016 35 59.291-26 46 50.85               L~09vB568
99942        2C2006 03 08.55150916 35 59.779-26 46 51.19               L~09vB568
99942        2C2006 03 08.55327516 36 00.314-26 46 51.64               L~09vB568
99942        2C2006 03 08.55494116 36 00.797-26 46 52.06               L~09vB568
99942        2C2006 03 08.55657116 36 01.305-26 46 52.45               L~09vB568
99942        2C2006 03 08.55820316 36 01.809-26 46 52.76               L~09vB568
99942        2C2006 03 08.55999116 36 02.337-26 46 53.31               L~09vB568
99942        2C2006 03 08.56165316 36 02.824-26 46 53.65               L~09vB568
99942        2C2006 03 08.56331116 36 03.321-26 46 54.00               L~09vB568
99942        2C2006 03 08.56529216 36 03.925-26 46 54.53               L~09vB568
99942        2C2006 03 08.56705816 36 04.447-26 46 54.94               L~09vB568
99942        2C2006 03 08.56870116 36 04.934-26 46 55.29               L~09vB568
99942        2C2006 03 08.57034116 36 05.423-26 46 55.67               L~09vB568
99942        2C2006 03 08.57210416 36 05.964-26 46 56.10               L~09vB568
99942        2C2006 03 08.57374816 36 06.447-26 46 56.43               L~09vB568
99942        2C2006 03 08.57878216 36 07.950-26 46 57.62               L~09vB568
99942        2C2006 03 08.58043616 36 08.453-26 46 57.97               L~09vB568
99942        2C2006 03 08.59506416 36 12.824-26 47 01.24               L~09vB568
99942        2C2006 03 08.59679916 36 13.342-26 47 01.59               L~09vB568
99942        2C2006 03 08.59842816 36 13.834-26 47 01.97               L~09vB568
99942        2C2006 03 08.60007616 36 14.327-26 47 02.20               L~09vB568
99942        2C2006 03 08.60176516 36 14.819-26 47 02.62               L~09vB568
99942        2C2006 03 08.60342016 36 15.335-26 47 03.00               L~09vB568
99942        2C2006 03 08.60506016 36 15.804-26 47 03.30               L~09vB568
99942        2C2006 03 08.60672516 36 16.308-26 47 03.66               L~09vB568
99942        2C2006 03 08.60840016 36 16.812-26 47 04.07               L~09vB568
99942        2C2006 03 08.61019116 36 17.347-26 47 04.43               L~09vB568
99942        2C2006 03 08.61180216 36 17.821-26 47 04.73               L~09vB568
99942        2C2006 03 08.61356016 36 18.338-26 47 05.15               L~09vB568
99942        2C2006 03 08.61522616 36 18.848-26 47 05.46               L~09vB568
99942        2C2006 03 08.61702416 36 19.384-26 47 05.80               L~09vB568
99942        2C2006 03 08.61880916 36 19.911-26 47 06.18               L~09vB568
99942        2C2006 03 08.62044116 36 20.397-26 47 06.50               L~09vB568
99942        2C2006 03 08.62209616 36 20.893-26 47 06.83               L~09vB568
99942        2C2006 03 08.62373616 36 21.391-26 47 07.18               L~09vB568
99942        2C2006 03 08.62551916 36 21.915-26 47 07.56               L~09vB568
99942        2C2006 03 08.62716816 36 22.403-26 47 07.90               L~09vB568
99942        2C2006 03 08.62914916 36 23.003-26 47 08.29               L~09vB568
99942        2C2006 03 08.63083816 36 23.503-26 47 08.58               L~09vB568
99942        2C2006 03 08.63248116 36 23.992-26 47 08.94               L~09vB568
99942        2C2006 03 08.63410316 36 24.477-26 47 09.24               L~09vB568
99942        2C2006 03 08.63588516 36 24.997-26 47 09.59               L~09vB568
99942        2C2006 03 08.63752916 36 25.500-26 47 09.91               L~09vB568
99942        2C2006 03 08.63917116 36 25.991-26 47 10.23               L~09vB568
99942        2C2006 03 08.64083116 36 26.480-26 47 10.54               L~09vB568
99942        2C2006 03 08.64263816 36 27.008-26 47 10.89               L~09vB568
99942        2C2006 03 08.64430016 36 27.506-26 47 11.22               L~09vB568
99942        2C2006 03 08.64589016 36 27.988-26 47 11.49               L~09vB568
99942        2C2006 03 08.64751516 36 28.476-26 47 11.82               L~09vB568
99942        2C2006 03 08.64930316 36 29.008-26 47 12.13               L~09vB568
99942        2C2006 03 08.65095316 36 29.492-26 47 12.45               L~09vB568
99942        2C2006 03 08.66103116 36 32.496-26 47 14.31               L~09vB568
99942        7C2006 03 25.50777 18 19 03.93 -25 16 51.7                oq9052696
99942        7C2006 03 25.50818 18 19 04.07 -25 16 51.1                oq9052696
99942        7C2006 03 25.50863 18 19 04.28 -25 16 50.6                oq9052696
99942        7C2006 03 25.51118 18 19 05.35 -25 16 48.5                oq9052696
99942        7C2006 03 25.51162 18 19 05.48 -25 16 48.1                oq9052696
99942        7C2006 03 26.49984 18 26 01.69 -25 00 01.3                oq9052696
99942        7C2006 03 26.50660 18 26 04.40 -24 59 54.3                oq9052696
99942        7C2006 03 26.50907 18 26 05.40 -24 59 52.0                oq9052696
99942        2C2006 05 01.62736922 43 36.580-01 20 46.01               L~09vB568
99942        2C2006 05 01.62821822 43 36.869-01 20 44.02               L~09vB568
99942        2C2006 06 01.60681201 12 41.522+14 14 31.91               L~09vB568
99942        2C2006 06 01.60868801 12 41.959+14 14 34.24               L~09vB568
99942        2C2006 06 02.59935901 16 48.755+14 34 20.07               L~09vB568
99942        2C2006 06 02.60078001 16 49.108+14 34 21.72               L~09vB568
99942        2C2006 06 02.60224201 16 49.478+14 34 23.59               L~09vB568
99942        2C2006 07 27.61254105 06 37.958+23 53 27.72               L~09vB568
99942        2C2006 07 27.61447305 06 38.465+23 53 27.83               L~09vB568
99942        2C2006 08 15.61852106 26 52.404+22 57 47.52               L~09vB568
99942        2C2006 08 15.62233206 26 53.348+22 57 46.02               L~09vB568
99942        2C2006 08 16.62183606 31 00.059+22 51 14.54               L~09vB568
99942        2C2006 08 16.62441906 31 00.629+22 51 13.69               L~09vB568
99942        2C2006 08 16.62695406 31 01.254+22 51 12.76               L~09vB568
99942        2C2006 09 04.59915907 45 57.632+19 48 13.43               L~09vB568
99942        2C2006 09 04.60174207 45 58.282+19 48 11.30               L~09vB568
99942        2C2006 09 04.60702707 45 59.441+19 48 07.57               L~09vB568
99942        2C2006 09 04.60960407 46 00.032+19 48 05.65               L~09vB568
99942        2C2006 09 04.61217807 46 00.596+19 48 03.81               L~09vC568
99942        2C2006 09 04.61475007 46 01.189+19 48 01.98               L~09vC568
99942        2C2006 09 04.61733207 46 01.771+19 48 00.12               L~09vC568
99942        2C2006 09 04.61991607 46 02.330+19 47 58.33               L~09vC568
99942        2C2006 09 04.62259307 46 02.963+19 47 56.27               L~09vC568
99942        2C2006 09 04.62517107 46 03.533+19 47 54.35               L~09vC568
99942        2C2006 09 04.62774407 46 04.120+19 47 52.46               L~09vC568
99942        2C2006 10 25.59993210 38 53.805+05 37 27.51               L~09vC568
99942        2C2006 10 25.60369210 38 54.499+05 37 23.28               L~09vC568
99942        2C2006 10 25.60744010 38 55.203+05 37 18.89               L~09vC568
99942        2C2006 10 25.61132210 38 55.912+05 37 14.36               L~09vC568
99942        2C2006 10 25.61506310 38 56.601+05 37 10.09               L~09vC568
99942        2C2006 10 25.61879910 38 57.275+05 37 05.78               L~09vC568
99942        2C2006 10 25.62267810 38 58.014+05 37 01.23               L~09vC568
99942        2C2006 10 25.62640510 38 58.696+05 36 56.87               L~09vC568
99942        2C2006 10 25.63014810 38 59.377+05 36 52.66               L~09vC568
99942        2C2006 10 25.63403010 39 00.098+05 36 48.23               L~09vC568
99942        2C2006 10 25.63779510 39 00.816+05 36 43.85               L~09vC568
99942        2C2006 11 28.59593412 23 24.533-05 33 25.55               L~09vC568
99942        2C2006 11 28.59911212 23 25.116-05 33 29.23               L~09vC568
99942        2C2006 11 28.60196112 23 25.630-05 33 32.60               L~09vC568
99942        2C2006 11 28.60444112 23 26.110-05 33 35.60               L~09vC568
99942        2C2006 11 28.60694712 23 26.572-05 33 38.57               L~09vC568
99942        2C2006 11 28.60930612 23 27.008-05 33 41.28               L~09vC568
99942        2C2006 11 28.61175812 23 27.455-05 33 44.13               L~09vC568
99942        2C2006 11 28.61410412 23 27.900-05 33 47.02               L~09vC568
99942        2C2006 11 28.61644012 23 28.333-05 33 49.76               L~09vC568
99942        2C2006 11 28.61881912 23 28.750-05 33 52.52               L~09vC568
99942        2C2006 11 28.62122512 23 29.200-05 33 55.26               L~09vC568
99942        2C2006 11 28.62509412 23 29.918-05 33 59.86               L~09vC568
99942        2C2006 11 28.62744612 23 30.356-05 34 02.67               L~09vC568
99942        2C2006 11 28.62980412 23 30.783-05 34 05.39               L~09vC568
99942        2C2006 11 28.63229412 23 31.243-05 34 08.35               L~09vC568
99942        2C2006 11 28.63463812 23 31.694-05 34 11.18               L~09vC568
99942        2C2006 11 28.63699212 23 32.122-05 34 13.96               L~09vC568
99942        2C2006 11 28.63939612 23 32.559-05 34 16.72               L~09vC568
99942        2C2006 11 28.64191212 23 33.023-05 34 19.79               L~09vC568
99942        2C2006 11 28.64780312 23 34.102-05 34 26.64               L~09vC568
99942        2C2006 12 25.61583813 51 22.763-13 59 56.70               L~09vC568
99942        2C2006 12 25.61784113 51 23.174-13 59 58.77               L~09vC568
99942        2C2006 12 25.61998413 51 23.614-14 00 01.00               L~09vC568
99942        2C2006 12 25.62212713 51 24.048-14 00 03.19               L~09vC568
99942        2C2006 12 25.62426613 51 24.483-14 00 05.46               L~09vC568
99942        2C2006 12 25.62626013 51 24.897-14 00 07.57               L~09vC568
99942        2C2006 12 25.62826013 51 25.303-14 00 09.63               L~09vC568
99942        2C2006 12 25.63026913 51 25.727-14 00 11.91               L~09vC568
99942        2C2006 12 25.63226613 51 26.111-14 00 13.98               L~09vC568
99942        2C2006 12 25.63432513 51 26.550-14 00 16.10               L~09vC568
99942        2C2006 12 25.63633713 51 26.944-14 00 18.32               L~09vC568
99942        2C2006 12 25.63845413 51 27.397-14 00 20.54               L~09vC568
99942        2C2006 12 25.64046913 51 27.795-14 00 22.50               L~09vC568
99942        2C2006 12 25.64260413 51 28.243-14 00 24.79               L~09vC568
99942        2C2006 12 25.64459413 51 28.632-14 00 26.91               L~09vC568
99942        2C2006 12 25.64658913 51 29.049-14 00 28.99               L~09vC568
99942        2C2006 12 25.64859613 51 29.453-14 00 31.11               L~09vC568
99942        2C2006 12 25.65072813 51 29.887-14 00 33.30               L~09vC568
99942        2C2006 12 25.65277913 51 30.308-14 00 35.48               L~09vC568
99942        2C2006 12 25.65477513 51 30.727-14 00 37.66               L~09vC568
99942        2C2006 12 26.61927413 54 51.077-14 17 22.37               L~09vC568
99942        2C2006 12 26.62186713 54 51.617-14 17 25.10               L~09vC568
99942        2C2006 12 26.62443413 54 52.140-14 17 27.76               L~09vC568
99942        2C2006 12 26.62701613 54 52.676-14 17 30.47               L~09vC568
99942        2C2006 12 26.62959313 54 53.203-14 17 33.18               L~09vC568
99942        2C2006 12 26.63231513 54 53.784-14 17 36.02               L~09vC568
99942        2C2006 12 26.63489013 54 54.277-14 17 38.64               L~09vC568
99942        2C2006 12 26.63746513 54 54.814-14 17 41.38               L~09vC568
99942        2C2006 12 26.64003713 54 55.344-14 17 44.03               L~09vC568
99942        2C2006 12 26.64443813 54 56.257-14 17 48.70               L~09vC568
99942        2C2006 12 26.64702413 54 56.800-14 17 51.38               L~09vC568
99942        2C2006 12 26.64960613 54 57.317-14 17 54.00               L~09vC568
99942        2C2006 12 26.65233913 54 57.885-14 17 56.94               L~09vC568
99942        2C2006 12 26.65491313 54 58.410-14 17 59.59               L~09vC568
99942        2C2006 12 26.65764213 54 58.975-14 18 02.42               L~09vC568
99942        2C2006 12 26.66021313 54 59.492-14 18 05.09               L~09vC568
99942        2C2006 12 26.66295113 55 00.066-14 18 08.04               L~09vC568
99942        2C2006 12 27.61377913 58 18.687-14 34 30.21               L~09vC568
99942        2C2006 12 27.61612413 58 19.180-14 34 32.59               L~09vC568
99942        2C2006 12 27.61846613 58 19.669-14 34 35.08               L~09vC568
99942        2C2006 12 27.62092113 58 20.171-14 34 37.59               L~09vC568
99942        2C2006 12 27.62343213 58 20.692-14 34 40.16               L~09vC568
99942        2C2006 12 27.62813013 58 21.676-14 34 45.11               L~09vC568
99942        2C2006 12 27.63047513 58 22.157-14 34 47.55               L~09vC568
99942        2C2006 12 27.63283013 58 22.638-14 34 49.94               L~09vC568
99942        2C2006 12 27.63536613 58 23.164-14 34 52.56               L~09vC568
99942        2C2006 12 27.63772213 58 23.654-14 34 55.02               L~09vC568
99942        2C2006 12 27.64018213 58 24.160-14 34 57.58               L~09vC568
99942        2C2006 12 27.64251713 58 24.633-14 34 59.93               L~09vC568
99942        2C2006 12 27.64486213 58 25.128-14 35 02.41               L~09vC568
99942        2C2006 12 27.64733813 58 25.643-14 35 05.02               L~09vC568
99942        2C2006 12 27.64968213 58 26.118-14 35 07.34               L~09vC568
99942        2C2006 12 27.65219913 58 26.645-14 35 10.02               L~09vC568
99942        2C2006 12 27.65454513 58 27.136-14 35 12.46               L~09vC568
99942        2C2006 12 27.65693913 58 27.617-14 35 14.94               L~09vC568
99942        2C2006 12 27.65923513 58 28.080-14 35 17.27               L~09vC568
99942        2C2006 12 27.66161613 58 28.593-14 35 19.73               L~09vC568
99942        2C2006 12 28.59892614 01 45.532-14 51 20.18               L~09vC568
99942        2C2006 12 28.60127214 01 45.990-14 51 22.22               L~09vC568
99942        2C2006 12 28.60361214 01 46.474-14 51 24.86               L~09vC568
99942        2C2006 12 28.60595614 01 46.965-14 51 27.09               L~09vC568
99942        2C2006 12 28.60834814 01 47.466-14 51 29.59               L~09vC568
99942        2C2006 12 28.61068214 01 47.954-14 51 31.93               L~09vC568
99942        2C2006 12 28.61313714 01 48.465-14 51 34.53               L~09vC568
99942        2C2006 12 28.61548314 01 48.954-14 51 36.90               L~09vC568
99942        2C2006 12 28.61782414 01 49.441-14 51 39.29               L~09vC568
99942        2C2006 12 28.62048314 01 49.989-14 51 42.06               L~09vC568
99942        2C2006 12 28.62284414 01 50.480-14 51 44.43               L~09vC568
99942        2C2006 12 28.62521914 01 50.990-14 51 46.97               L~09vC568
99942        2C2006 12 28.62755814 01 51.480-14 51 49.37               L~09vC568
99942        2C2006 12 28.62989814 01 51.941-14 51 51.72               L~09vC568
99942        2C2006 12 28.63223614 01 52.447-14 51 54.12               L~09vC568
99942        2C2006 12 28.63472114 01 52.958-14 51 56.69               L~09vC568
99942        2C2006 12 28.63709614 01 53.453-14 51 59.27               L~09vC568
99942        2C2006 12 28.63958114 01 53.965-14 52 01.62               L~09vC568
99942        2C2006 12 28.64222114 01 54.514-14 52 04.38               L~09vC568
99942        2C2006 12 28.64470914 01 55.039-14 52 06.96               L~09vC568
99942        2C2006 12 28.64705014 01 55.531-14 52 09.35               L~09vC568
99942        2C2006 12 28.64938714 01 55.996-14 52 11.67               L~09vC568
99942        2C2006 12 28.65175514 01 56.494-14 52 14.11               L~09vC568
99942        2C2006 12 28.65410114 01 57.003-14 52 16.60               L~09vC568
99942        2C2006 12 28.65644714 01 57.472-14 52 18.98               L~09vC568
99942        2C2006 12 28.65879714 01 57.960-14 52 21.42               L~09vC568
99942        2C2007 01 21.58245615 32 42.616-20 42 32.51               L~09vC568
99942        2C2007 01 21.58477315 32 43.182-20 42 34.17               L~09vC568
99942        2C2007 01 21.58711715 32 43.754-20 42 35.81               L~09vC568
99942        2C2007 01 21.58959315 32 44.371-20 42 37.63               L~09vC568
99942        2C2007 01 21.59195815 32 44.938-20 42 39.26               L~09vC568
99942        2C2007 01 21.59430315 32 45.499-20 42 40.83               L~09vC568
99942        2C2007 01 21.59664515 32 46.078-20 42 42.56               L~09vC568
99942        2C2007 01 21.59911315 32 46.703-20 42 44.34               L~09vC568
99942        2C2007 01 21.60382415 32 47.848-20 42 47.67               L~09vC568
99942        2C2007 01 21.60630415 32 48.443-20 42 49.39               L~09vC568
99942        2C2007 01 21.60865515 32 49.033-20 42 51.06               L~09vC568
99942        2C2007 01 21.61111115 32 49.620-20 42 52.79               L~09vC568
99942        2C2007 01 21.61348815 32 50.198-20 42 54.45               L~09vC568
99942        2C2007 01 21.61596315 32 50.816-20 42 56.26               L~09vC568
99942        2C2007 01 21.61830115 32 51.395-20 42 57.88               L~09vC568
99942        2C2007 01 21.62065315 32 51.961-20 42 59.57               L~09vC568
99942        2C2007 01 21.62537515 32 53.108-20 43 02.86               L~09vC568
99942        2C2007 01 21.63384715 32 55.168-20 43 08.85               L~09vC568
99942        2C2007 01 21.63855815 32 56.312-20 43 12.14               L~09vC568
99942        2C2007 01 21.64091415 32 56.911-20 43 13.89               L~09vC568
99942        2C2007 01 21.64325715 32 57.478-20 43 15.48               L~09vC568
99942        2C2007 01 21.65294215 32 59.821-20 43 22.32               L~09vC568
99942        2C2007 01 21.65549215 33 00.470-20 43 24.16               L~09vC568
99942        2C2007 01 21.65785015 33 01.030-20 43 25.75               L~09vC568
99942        2C2007 01 21.66020015 33 01.605-20 43 27.43               L~09vC568
99942        2C2007 01 21.66256215 33 02.171-20 43 29.04               L~09vC568
99942        2C2007 01 21.66506015 33 02.793-20 43 30.82               L~09vC568
99942        2C2007 01 21.66740615 33 03.361-20 43 32.52               L~09vC568
99942        2C2007 01 21.66975715 33 03.947-20 43 34.16               L~09vC568
99942        2C2007 01 22.57214015 36 47.728-20 53 51.02               L~09vC568
99942        2C2007 01 22.57654615 36 48.815-20 53 53.82               L~09vC568
99942        2C2007 01 22.58476015 36 50.845-20 53 59.54               L~09vC568
99942        2C2007 01 22.58756915 36 51.544-20 54 01.48               L~09vC568
99942        2C2007 01 22.59237415 36 52.723-20 54 04.90               L~09vC568
99942        2C2007 01 22.59473715 36 53.296-20 54 06.42               L~09vC568
99942        2C2007 01 22.59708115 36 53.865-20 54 07.99               L~09vC568
99942        2C2007 01 22.59954915 36 54.479-20 54 09.82               L~09vC568
99942        2C2007 01 22.60189015 36 55.064-20 54 11.36               L~09vC568
99942        2C2007 01 22.60423615 36 55.637-20 54 12.96               L~09vC568
99942        2C2007 01 22.60669315 36 56.236-20 54 14.69               L~09vC568
99942        2C2007 01 22.60915215 36 56.845-20 54 16.36               L~09vC568
99942        2C2007 01 22.61163715 36 57.473-20 54 18.12               L~09vC568
99942        2C2007 01 22.61397715 36 58.034-20 54 19.83               L~09vC568
99942        2C2007 01 22.61632415 36 58.619-20 54 21.25               L~09vC568
99942        2C2007 01 22.61878615 36 59.210-20 54 22.97               L~09vC568
99942        2C2007 01 22.62113415 36 59.808-20 54 24.59               L~09vC568
99942        2C2007 01 22.62347015 37 00.364-20 54 26.20               L~09vC568
99942        2C2007 01 22.62593415 37 00.969-20 54 27.89               L~09vC568
99942        2C2007 01 22.62827215 37 01.551-20 54 29.50               L~09vC568
99942        2C2007 01 22.63124215 37 02.296-20 54 31.56               L~09vC568
99942        2C2007 01 22.63360515 37 02.858-20 54 33.24               L~09vC568
99942        2C2007 01 22.63609015 37 03.468-20 54 34.88               L~09vC568
99942        2C2007 01 22.63845815 37 04.044-20 54 36.49               L~09vC568
99942        2C2007 01 22.64095315 37 04.663-20 54 38.24               L~09vC568
99942        2C2007 01 22.64329615 37 05.241-20 54 39.79               L~09vC568
99942        2C2007 01 22.64563215 37 05.805-20 54 41.42               L~09vC568
99942        2C2007 01 22.64797215 37 06.399-20 54 43.05               L~09vC568
99942        2C2007 01 22.65031215 37 06.975-20 54 44.58               L~09vC568
99942        2C2007 01 22.65520515 37 08.177-20 54 48.01               L~09vC568
99942        2C2007 01 22.65766615 37 08.765-20 54 49.68               L~09vC568
99942        2C2007 01 22.66000615 37 09.346-20 54 51.23               L~09vC568
99942        2C2007 01 22.66233915 37 09.914-20 54 52.83               L~09vC568
99942        2C2007 01 24.57992215 45 10.267-21 15 47.20               L~09vC568
99942        2C2007 01 24.58237315 45 10.845-21 15 48.76               L~09vC568
99942        2C2007 01 24.58473515 45 11.459-21 15 50.79               L~09vC568
99942        2C2007 01 24.58708115 45 12.051-21 15 52.00               L~09vC568
99942        2C2007 01 24.58943115 45 12.639-21 15 53.62               L~09vC568
99942        2C2007 01 24.59180315 45 13.201-21 15 55.01               L~09vC568
99942        2C2007 01 24.59415315 45 13.810-21 15 56.62               L~09vC568
99942        2C2007 01 24.59649815 45 14.398-21 15 58.15               L~09vC568
99942        2C2007 01 24.59884615 45 14.981-21 15 59.67               L~09vC568
99942        2C2007 01 24.60130815 45 15.601-21 16 01.20               L~09vC568
99942        2C2007 01 24.60397015 45 16.258-21 16 02.96               L~09vC568
99942        2C2007 01 24.60631615 45 16.864-21 16 04.53               L~09vC568
99942        2C2007 01 24.60865915 45 17.437-21 16 06.03               L~09vC568
99942        2C2007 01 24.61100715 45 18.015-21 16 07.64               L~09vC568
99942        2C2007 01 24.61337815 45 18.617-21 16 09.04               L~09vC568
99942        2C2007 01 24.61572015 45 19.205-21 16 10.60               L~09vC568
99942        2C2007 01 24.61806315 45 19.787-21 16 12.11               L~09vC568
99942        2C2007 01 24.62052215 45 20.394-21 16 13.80               L~09vC568
99942        2C2007 01 24.62288015 45 20.996-21 16 15.28               L~09vC568
99942        2C2007 01 24.62536915 45 21.610-21 16 16.86               L~09vC568
99942        2C2007 01 24.62770915 45 22.184-21 16 18.37               L~09vC568
99942        2C2007 01 24.63004715 45 22.784-21 16 19.89               L~09vC568
99942        2C2007 01 24.63253115 45 23.400-21 16 21.47               L~09vC568
99942        2C2007 01 24.63488415 45 23.956-21 16 22.98               L~09vC568
99942        2C2007 01 24.63722615 45 24.576-21 16 24.46               L~09vC568
99942        2C2007 01 24.63968615 45 25.180-21 16 26.08               L~09vC568
99942        2C2007 01 24.64206015 45 25.765-21 16 27.61               L~09vC568
99942        2C2007 01 24.64453715 45 26.385-21 16 29.24               L~09vC568
99942        2C2007 01 24.64749315 45 27.120-21 16 31.13               L~09vC568
99942        2C2007 01 24.64984515 45 27.716-21 16 32.67               L~09vD568
99942        2C2007 01 24.65218915 45 28.295-21 16 34.14               L~09vD568
99942        2C2007 01 24.65453715 45 28.875-21 16 35.68               L~09vD568
99942        2C2007 01 24.65700115 45 29.476-21 16 37.24               L~09vD568
99942        2C2007 01 24.65933815 45 30.069-21 16 38.76               L~09vD568
99942        2C2007 01 24.66186915 45 30.702-21 16 40.35               L~09vD568
99942        2C2007 01 24.66421415 45 31.282-21 16 41.89               L~09vD568
99942        2C2007 01 24.66673715 45 31.913-21 16 43.52               L~09vD568
99942        2C2007 01 24.66915915 45 32.521-21 16 45.04               L~09vD568
99942        2C2007 01 25.57819315 49 22.787-21 26 10.76               L~09vD568
99942        2C2007 01 25.58054715 49 23.382-21 26 12.24               L~09vD568
99942        2C2007 01 25.58288715 49 24.005-21 26 13.93               L~09vD568
99942        2C2007 01 25.58538115 49 24.619-21 26 15.27               L~09vD568
99942        2C2007 01 25.58871815 49 25.448-21 26 17.35               L~09vD568
99942        2C2007 01 25.59107515 49 26.056-21 26 18.94               L~09vD568
99942        2C2007 01 25.59341915 49 26.638-21 26 20.34               L~09vD568
99942        2C2007 01 25.59578215 49 27.232-21 26 21.81               L~09vD568
99942        2C2007 01 25.59814815 49 27.836-21 26 23.28               L~09vD568
99942        2C2007 01 25.60048815 49 28.426-21 26 24.78               L~09vD568
99942        2C2007 01 25.60298015 49 29.040-21 26 26.32               L~09vD568
99942        2C2007 01 25.60533815 49 29.635-21 26 27.79               L~09vD568
99942        2C2007 01 25.60768815 49 30.217-21 26 29.23               L~09vD568
99942        2C2007 01 25.61044415 49 30.921-21 26 30.98               L~09vD568
99942        2C2007 01 25.61280315 49 31.515-21 26 32.50               L~09vD568
99942        2C2007 01 25.61514615 49 32.099-21 26 33.92               L~09vD568
99942        2C2007 01 25.61763015 49 32.743-21 26 35.57               L~09vD568
99942        2C2007 01 25.62004115 49 33.333-21 26 37.04               L~09vD568
99942        2C2007 01 25.62238915 49 33.920-21 26 38.54               L~09vD568
99942        2C2007 01 25.62486615 49 34.551-21 26 40.09               L~09vD568
99942        2C2007 01 25.62721115 49 35.141-21 26 41.54               L~09vD568
99942        2C2007 01 25.62955615 49 35.721-21 26 42.96               L~09vD568
99942        2C2007 01 25.63218615 49 36.378-21 26 44.65               L~09vD568
99942        2C2007 01 25.63452915 49 36.980-21 26 46.10               L~09vD568
99942        2C2007 01 25.63686715 49 37.574-21 26 47.55               L~09vD568
99942        2C2007 01 25.63935415 49 38.186-21 26 49.11               L~09vD568
99942        2C2007 01 25.64171915 49 38.758-21 26 50.54               L~09vD568
99942        2C2007 01 25.64421215 49 39.407-21 26 52.14               L~09vD568
99942        2C2007 01 25.64655615 49 39.998-21 26 53.60               L~09vD568
99942        2C2007 01 25.64907615 49 40.623-21 26 54.91               L~09vD568
99942        2C2007 03 09.65417619 16 36.695-21 11 06.90               L~09vD568
99942        2C2007 03 09.65641119 16 37.371-21 11 04.96               L~09vD568
99942        2C2007 12 13.66071314 26 35.206-15 26 51.52               L~09vD568
99942        2C2008 01 06.63895716 03 51.245-20 51 51.34               L~09vD568
99942        2C2008 01 06.64603616 03 53.080-20 51 55.60               L~09vD568
99942        2C2008 01 06.64949016 03 53.986-20 51 57.69               L~09vD568
99942        2C2008 01 06.65292016 03 54.887-20 51 59.83               L~09vD568
99942        2C2008 01 06.65654416 03 55.801-20 52 01.94               L~09vD568
99942        2C2008 01 06.66000516 03 56.765-20 52 04.16               L~09vD568
99942        2C2008 01 06.66349216 03 57.618-20 52 06.04               L~09vD568
99942        2C2008 01 07.64179316 08 14.721-21 01 32.09               L~09vD568
99942        2C2008 01 07.64518616 08 15.608-21 01 33.99               L~09vD568
99942        2C2008 01 07.65285816 08 17.617-21 01 38.46               L~09vD568
99942        2C2008 01 07.65670716 08 18.608-21 01 40.57               L~09vD568
99942        2C2008 01 08.65407416 12 42.234-21 10 54.03               L~09vD568
99942        2C2008 01 08.65691716 12 42.968-21 10 55.80               L~09vD568
99942        2C2008 01 08.65923516 12 43.584-21 10 56.95               L~09vD568
99942        2C2008 01 08.66382416 12 44.803-21 10 59.64               L~09vD568
99942        2C2008 01 08.66575916 12 45.323-21 11 00.64               L~09vD568
99942        2C2008 01 09.64923016 17 06.855-21 19 43.21               L~09vD568
99942        2C2008 01 09.65116616 17 07.315-21 19 44.16               L~09vD568
99942        2C2008 01 09.65314116 17 07.868-21 19 45.05               L~09vD568
99942        2C2008 01 09.65508216 17 08.370-21 19 46.22               L~09vD568
99942        2C2008 01 09.65908916 17 09.415-21 19 48.28               L~09vD568
99942        2C2008 01 09.66102716 17 09.953-21 19 49.41               L~09vD568
99942        2C2008 01 09.66312516 17 10.506-21 19 50.39               L~09vD568
99942        2C2008 01 09.66508816 17 11.010-21 19 51.46               L~09vD568
99942        KC2011 03 04.81625 02 06 36.62 +10 26 28.4          20.4 Ro~0Tk5586
99942        KC2011 03 04.82038 02 06 37.76 +10 26 34.7          21.6 Rv~0Tk5586
99942        KC2011 03 04.82473 02 06 38.89 +10 26 40.1          21.3 Rv~0Tk5586
99942         C2011 03 05.78880 02 10 45.91 +10 46 49.5          19.4 Ro~0Tk5586
99942         C2011 03 05.79215 02 10 46.73 +10 46 53.3          19.8 Ro~0Tk5586
99942         C2011 03 05.79322 02 10 46.99 +10 46 54.8          19.3 Ro~0Tk5586
99942         C2011 03 05.79955 02 10 48.63 +10 47 02.4          20.1 Ro~0Tk5586
99942         C2011 03 05.80061 02 10 48.91 +10 47 04.3          19.9 Ro~0Tk5586
99942         C2011 03 05.80440 02 10 49.86 +10 47 08.6          20.1 Ro~0Tk5586
99942         C2011 03 05.80545 02 10 50.11 +10 47 10.1          20.1 Ro~0Tk5586
99942         C2011 03 05.80862 02 10 50.96 +10 47 14.1          20.1 Ro~0Tk5586
99942         C2011 03 05.80968 02 10 51.19 +10 47 15.4          20.0 Ro~0Tk5586
99942         C2011 03 05.81285 02 10 52.00 +10 47 18.7          20.2 Ro~0Tk5586
99942         C2011 03 05.81529 02 10 52.63 +10 47 21.9          19.8 Ro~0Tk5586
99942         C2011 03 05.81634 02 10 52.87 +10 47 23.5          19.6 Ro~0Tk5586
99942         C2011 03 05.81951 02 10 53.68 +10 47 27.3          20.0 Ro~0Tk5586
99942         C2011 03 05.82269 02 10 54.51 +10 47 31.1          19.8 Ro~0Tk5586
99942         C2011 03 05.82480 02 10 55.07 +10 47 34.0          19.9 Ro~0Tk5586
99942         C2011 03 05.82616 02 10 55.37 +10 47 35.4          19.5 Ro~0Tk5586
99942         C2011 03 05.83038 02 10 56.47 +10 47 40.5          19.7 Ro~0Tk5586
99942         C2011 03 05.83144 02 10 56.69 +10 47 41.7          20.3 Ro~0Tk5586
99942         C2011 03 06.79716 02 15 03.60 +11 07 35.4          19.8 Ro~0Tk5586
99942         C2011 03 06.79822 02 15 03.84 +11 07 36.4          19.9 Ro~0Tk5586
99942         C2011 03 06.79928 02 15 04.12 +11 07 37.8          19.9 Ro~0Tk5586
99942         C2011 03 06.80034 02 15 04.40 +11 07 39.1          20.0 Ro~0Tk5586
99942         C2011 03 06.80139 02 15 04.68 +11 07 40.5          19.8 Ro~0Tk5586
99942         C2011 03 06.80245 02 15 04.93 +11 07 41.7          20.1 Ro~0Tk5586
99942         C2011 03 06.80351 02 15 05.22 +11 07 43.0          19.5 Ro~0Tk5586
99942         C2011 03 06.80456 02 15 05.48 +11 07 44.3          19.5 Ro~0Tk5586
99942         C2011 03 06.80602 02 15 05.80 +11 07 45.2          20.0 Ro~0Tk5586
99942         C2011 03 06.80707 02 15 06.08 +11 07 47.1          19.7 Ro~0Tk5586
99942         C2011 03 06.80814 02 15 06.37 +11 07 48.4          19.6 Ro~0Tk5586
99942         C2011 03 06.80919 02 15 06.69 +11 07 50.1          19.9 Ro~0Tk5586
99942         C2011 03 06.81024 02 15 06.91 +11 07 51.4          19.6 Ro~0Tk5586
99942         C2011 03 06.81131 02 15 07.19 +11 07 52.4          19.1 Ro~0Tk5586
99942         C2011 03 06.81708 02 15 08.68 +11 07 59.4          19.7 Ro~0Tk5586
99942         C2011 03 06.81815 02 15 08.96 +11 08 01.3          20.0 Ro~0Tk5586
99942         C2011 03 06.81920 02 15 09.20 +11 08 01.7          19.9 Ro~0Tk5586
99942         C2011 03 06.82025 02 15 09.46 +11 08 03.4          19.9 Ro~0Tk5586
99942         C2011 03 06.82132 02 15 09.74 +11 08 04.8          19.8 Ro~0Tk5586
99942         C2011 03 06.82344 02 15 10.27 +11 08 07.4          19.9 Ro~0Tk5586
99942         C2011 03 06.82449 02 15 10.54 +11 08 08.7          19.9 Ro~0Tk5586
99942         C2011 03 06.82554 02 15 10.84 +11 08 09.9          19.5 Ro~0Tk5586
99942         C2011 03 06.82661 02 15 11.06 +11 08 11.1          19.9 Ro~0Tk5586
99942         C2011 03 06.82766 02 15 11.38 +11 08 12.7          19.9 Ro~0Tk5586
99942         C2011 03 07.79575 02 19 18.33 +11 27 50.2          19.7 Ro~0Tk5586
99942         C2011 03 07.79681 02 19 18.61 +11 27 51.3          19.9 Ro~0Tk5586
99942         C2011 03 07.79892 02 19 19.13 +11 27 54.0          20.2 Ro~0Tk5586
99942         C2011 03 07.80135 02 19 19.78 +11 27 57.0          20.0 Ro~0Tk5586
99942         C2011 03 07.80241 02 19 20.03 +11 27 58.4          20.1 Ro~0Tk5586
99942         C2011 03 07.80453 02 19 20.59 +11 28 00.9          20.3 Ro~0Tk5586
99942         C2011 03 07.80558 02 19 20.83 +11 28 02.2          20.2 Ro~0Tk5586
99942         C2011 03 07.80875 02 19 21.69 +11 28 06.0          20.3 Ro~0Tk5586
99942         C2011 03 07.80980 02 19 21.90 +11 28 07.3          20.1 Ro~0Tk5586
99942         C2011 03 07.81133 02 19 22.29 +11 28 09.0          19.5 Ro~0Tk5586
99942         C2011 03 07.81238 02 19 22.56 +11 28 10.4          20.0 Ro~0Tk5586
99942         C2011 03 07.81344 02 19 22.82 +11 28 11.4          19.9 Ro~0Tk5586
99942         C2011 03 07.81556 02 19 23.37 +11 28 14.1          19.6 Ro~0Tk5586
99942         C2011 03 07.81661 02 19 23.60 +11 28 15.2          20.1 Ro~0Tk5586
99942         C2011 03 07.81767 02 19 23.89 +11 28 16.6          20.1 Ro~0Tk5586
99942         C2011 03 07.81873 02 19 24.18 +11 28 17.7          20.1 Ro~0Tk5586
99942         C2011 03 07.81978 02 19 24.41 +11 28 18.7          20.0 Ro~0Tk5586
99942         C2011 03 07.82185 02 19 24.97 +11 28 21.6          20.2 Ro~0Tk5586
99942         C2011 03 07.82291 02 19 25.25 +11 28 23.1          20.1 Ro~0Tk5586
99942         C2011 03 07.82396 02 19 25.52 +11 28 24.3          19.8 Ro~0Tk5586
99942         C2011 03 07.82502 02 19 25.76 +11 28 25.5          19.8 Ro~0Tk5586
99942         C2011 03 07.82819 02 19 26.56 +11 28 29.1          20.1 Ro~0Tk5586
99942         C2011 03 07.82925 02 19 26.85 +11 28 30.2          19.2 Ro~0Tk5586
99942         C2011 03 07.83030 02 19 27.15 +11 28 31.9          19.7 Ro~0Tk5586
99942        KC2011 03 14.10386 02 45 56.11 +13 28 17.9          20.6 Ro~0TxoH01
99942        KC2011 03 14.11113 02 45 57.95 +13 28 25.8          20.9 Ro~0TxoH01
99942        KC2011 03 14.11778 02 45 59.60 +13 28 32.9          20.7 Ro~0TxoH01
99942        KC2011 03 14.12528 02 46 01.48 +13 28 40.9          21.1 Ro~0TxoH01
99942        [C2011 05 30.24784 07 45 50.03 +19 24 04.2                t~18qi568
99942        [C2011 05 30.24859 07 45 50.19 +19 24 03.8                t~18qi568
99942        [C2011 05 30.24928 07 45 50.33 +19 24 03.6                t~18qi568
99942        [C2011 05 30.25005 07 45 50.50 +19 24 03.1                t~18qi568
99942        [C2011 05 30.25075 07 45 50.64 +19 24 03.0                t~18qi568
99942        [C2011 05 30.25147 07 45 50.79 +19 24 02.5                t~18qi568
99942        [C2011 05 30.25224 07 45 50.96 +19 24 02.2                t~18qi568
99942        [C2011 05 30.25298 07 45 51.12 +19 24 02.0                t~18qi568
99942        [C2011 05 30.25375 07 45 51.29 +19 24 01.5                t~18qi568
99942        [C2011 05 30.25452 07 45 51.45 +19 24 01.1                t~18qi568
99942        [C2011 05 31.25886 07 49 24.79 +19 16 21.6                t~18qi568
99942        [C2011 05 31.25955 07 49 24.93 +19 16 21.3                t~18qi568
99942        [C2011 05 31.26024 07 49 25.07 +19 16 21.0                t~18qi568
99942        [C2011 05 31.26100 07 49 25.23 +19 16 20.6                t~18qi568
99942        [C2011 05 31.26170 07 49 25.39 +19 16 20.2                t~18qi568
99942        [C2011 06 01.27528 07 53 00.15 +19 08 20.4                t~18qi568
99942        [C2011 06 01.27597 07 53 00.29 +19 08 20.2                t~18qi568
99942        [C2011 06 01.27666 07 53 00.44 +19 08 19.6                t~18qi568
99942        [C2011 06 01.27736 07 53 00.59 +19 08 19.6                t~18qi568
99942        [C2011 07 02.25356 09 38 36.89 +13 12 18.6                t~18qi568
99942        [C2011 07 02.25425 09 38 37.05 +13 12 18.0                t~18qi568
99942        [C2011 07 02.25495 09 38 37.20 +13 12 17.5                t~18qi568
99942        [C2011 07 02.25567 09 38 37.33 +13 12 16.8                t~18qi568
99942        [C2011 07 02.25636 09 38 37.47 +13 12 16.2                t~18qi568
99942        KC2011 12 17.82100 21 43 14.77 -15 11 53.3          20.2 Rt~0baiJ04
99942        KC2011 12 17.84149 21 43 21.45 -15 11 26.9          20.2 Rt~0baiJ04
99942        KC2012 01 10.99799023 51 46.46 -04 59 38.7          20.1 Vo~0cL0H21
99942        KC2012 01 11.00792623 51 49.45 -04 59 22.0          20.3 Vo~0cL0H21
99942        KC2012 01 11.01800123 51 52.51 -04 59 05.3          20.0 Vo~0cL0H21
99942        KC2012 01 11.74258 23 55 32.82 -04 38 56.6          20.8 Rt~0cL0204
99942        KC2012 01 11.77734 23 55 43.17 -04 37 59.0                t~0cL0204
99942        KC2012 02 16.82357 02 42 15.30 +10 26 48.7          19.0 Rd~0dz0B66
99942        KC2012 02 16.86087 02 42 24.70 +10 27 34.1          19.7 Rd~0dz0B66
99942        KC2012 02 17.81297 02 46 24.77 +10 46 31.7          20.1 Rv~0eQKB04
99942        KC2012 02 17.82783 02 46 28.45 +10 46 48.8          20.7 Rv~0eQKB04
99942        KC2012 02 18.03996102 47 21.87 +10 51 00.8          20.5 Vt~0dz0H21
99942        KC2012 02 18.05445702 47 25.45 +10 51 17.5          20.3 Vt~0dz0H21
99942        KC2012 02 18.05926102 47 26.64 +10 51 23.4          20.4 Vt~0dz0H21
99942        KC2012 02 18.06393202 47 27.81 +10 51 29.3          20.4 Vt~0dz0H21
99942        KC2012 02 20.03941002 55 42.01 +11 29 37.3          20.2 Vr~0dz0H21
99942        KC2012 02 20.04634102 55 43.71 +11 29 44.9          20.3 Vr~0dz0H21
99942        KC2012 02 21.86762 03 03 15.33 +12 03 38.7          20.2 Rv~0eQKB04
99942        KC2012 02 22.79995 03 07 05.37 +12 20 33.3                d~0dz0B66
99942        KC2012 02 22.81820 03 07 09.97 +12 20 53.2                d~0dz0B66
99942        KC2012 02 26.05778303 20 21.84 +13 17 16.1          20.7 Vt~0eQKH21
99942        KC2012 02 26.06399603 20 23.35 +13 17 22.2          20.6 Vt~0eQKH21
99942        IC2012 02 26.07021003 20 24.87 +13 17 28.9                t~0eQKH21
99942        KC2012 02 26.07822203 20 26.73 +13 17 37.1          20.5 Vt~0eQKH21
99942        KC2012 03 02.82712 03 43 27.01 +14 48 16.8          20.2 Ru~0eQKB04
99942        KC2012 03 02.85585 03 43 33.74 +14 48 41.8          20.4 Ru~0eQKB04
99942        KC2012 03 14.81842 04 29 52.80 +17 19 52.9          20.0 Ru~0f5gB04
99942        KC2012 03 14.82797 04 29 55.00 +17 19 58.5          20.9 Ru~0f5gB04
99942        KC2012 03 14.83771 04 29 57.20 +17 20 05.0          20.7 Ru~0f5gB04
99942         C2012 03 23.77567 05 03 25.35 +18 41 11.9          21.0 Ro~0iO9461
99942         C2012 03 23.78294 05 03 26.91 +18 41 14.9          20.8 Ro~0iO9461
99942         C2012 03 23.79015 05 03 28.50 +18 41 18.2          20.8 Ro~0iO9461
99942         C2012 03 24.78155 05 07 08.23 +18 48 40.5          20.8 Ro~0iO9461
99942         C2012 03 24.79028 05 07 10.16 +18 48 44.7          21.2 Ro~0iO9461
99942         C2012 03 24.79829 05 07 11.89 +18 48 47.7          20.6 Ro~0iO9461
99942         C2012 04 20.14870 06 41 12.81 +20 14 34.7                r~0fzCG96
99942         C2012 04 20.14999 06 41 13.09 +20 14 34.4          21.1 Vr~0fzCG96
99942         C2012 04 20.15125 06 41 13.34 +20 14 34.2          21.1 Vr~0fzCG96
99942         C2012 05 08.25800 07 42 43.055+19 21 57.56         21.0 wL~0gczF51
99942         C2012 05 08.26263 07 42 43.972+19 21 55.84         21.1 wL~0gczF51
99942         C2012 05 08.26730 07 42 44.881+19 21 54.37         21.0 wL~0gczF51
99942         C2012 05 08.27193 07 42 45.811+19 21 52.86         21.0 wL~0gczF51
99942         C2012 12 03.05759 12 06 42.880-25 22 14.98         18.5 R ~0mGI188
99942         C2012 12 03.05912 12 06 42.482-25 22 15.92         18.7 R ~0mGI188
99942         C2012 12 03.06064 12 06 42.048-25 22 16.61         18.6 R ~0mGI188
99942         C2012 12 03.06201 12 06 41.663-25 22 17.56         18.7 R ~0mGI188
99942         C2012 12 03.06284 12 06 41.414-25 22 17.90         18.5 R ~0mGI188
99942         C2012 12 03.06366 12 06 41.165-25 22 18.48         19.1 R ~0mGI188
99942         C2012 12 03.06448 12 06 40.956-25 22 18.75         18.7 R ~0mGI188
99942         C2012 12 03.06613 12 06 40.488-25 22 20.07         18.5 R ~0mGI188
99942         C2012 12 03.06696 12 06 40.244-25 22 20.09         19.1 R ~0mGI188
99942         C2012 12 03.06778 12 06 40.015-25 22 20.76         18.8 R ~0mGI188
99942         C2012 12 03.06860 12 06 39.770-25 22 20.82         18.8 R ~0mGI188
99942         C2012 12 03.06942 12 06 39.565-25 22 21.28         18.8 R ~0mGI188
99942        KC2012 12 09.21783 11 41 13.69 -26 08 55.8          17.6 Rq~0mfl204
99942        KC2012 12 09.22319 11 41 12.23 -26 08 58.4                q~0mfl204
99942        KC2012 12 09.22850 11 41 10.80 -26 09 01.1                q~0mfl204
99942        |C2012 12 12.33230 11 28 40.30 -26 29 32.1          17.7 Vu~0mfl807
99942        |C2012 12 12.33730 11 28 38.97 -26 29 34.8          17.6 Vu~0mfl807
99942        |C2012 12 12.34221 11 28 37.64 -26 29 37.5          17.5 Vu~0mfl807
99942        |C2012 12 12.34712 11 28 36.33 -26 29 40.0          17.5 Vu~0mfl807
99942        |C2012 12 12.35054 11 28 35.40 -26 29 41.8          17.5 Vu~0mfl807
99942        KC2012 12 12.68153 11 27 15.86 -26 31 45.0          17.6 Vu~0mfl423
99942        KC2012 12 12.70598 11 27 09.39 -26 31 58.1          17.8 Vu~0mfl423
99942        %C2012 12 13.46321 11 24 03.49 -26 38 26.6          17.8 Rr~0mflH06
99942        %C2012 12 13.47595 11 24 00.00 -26 38 32.1          17.9 Rr~0mflH06
99942        %C2012 12 13.48874 11 23 56.51 -26 38 39.3          17.6 Rr~0mflH06
99942        KC2012 12 13.65746 11 23 18.00 -26 38 10.6          17.3 Vu~0mfl423
99942        KC2012 12 13.68460 11 23 10.87 -26 38 25.2          17.1 Vu~0mfl423
99942         C2012 12 14.00030 11 21 51.27 -26 42 01.8          18.2 R ~0myr188
99942         C2012 12 14.00147 11 21 50.98 -26 42 02.3          18.0 R ~0myr188
99942         C2012 12 14.00264 11 21 50.65 -26 42 02.9          18.1 R ~0myr188
99942         C2012 12 14.00381 11 21 50.34 -26 42 03.3          18.1 R ~0myr188
99942         C2012 12 14.00615 11 21 49.70 -26 42 04.3          18.1 R ~0myr188
99942         C2012 12 14.00731 11 21 49.37 -26 42 04.9          18.1 R ~0myr188
99942         C2012 12 14.00850 11 21 49.05 -26 42 05.4          18.0 R ~0myr188
99942         C2012 12 14.00966 11 21 48.75 -26 42 05.9          18.0 R ~0myr188
99942         C2012 12 14.01083 11 21 48.41 -26 42 06.4          18.0 R ~0myr188
99942         C2012 12 14.01200 11 21 48.09 -26 42 06.9          18.0 R ~0myr188
99942         C2012 12 14.01317 11 21 47.77 -26 42 07.5          17.9 R ~0myr188
99942         C2012 12 14.01434 11 21 47.46 -26 42 08.0          17.9 R ~0myr188
99942         C2012 12 14.01551 11 21 47.14 -26 42 08.5          18.2 R ~0myr188
99942         C2012 12 14.01668 11 21 46.80 -26 42 09.0          18.0 R ~0myr188
99942         C2012 12 14.01786 11 21 46.49 -26 42 09.4          18.1 R ~0myr188
99942         C2012 12 14.01903 11 21 46.16 -26 42 10.0          18.1 R ~0myr188
99942         C2012 12 14.02020 11 21 45.84 -26 42 10.5          18.0 R ~0myr188
99942         C2012 12 14.02137 11 21 45.52 -26 42 10.9          18.2 R ~0myr188
99942         C2012 12 14.02253 11 21 45.21 -26 42 11.4          18.1 R ~0myr188
99942         C2012 12 14.02370 11 21 44.89 -26 42 11.9          18.1 R ~0myr188
99942         C2012 12 14.02487 11 21 44.56 -26 42 12.5          18.1 R ~0myr188
99942         C2012 12 14.02604 11 21 44.25 -26 42 12.9          18.0 R ~0myr188
99942         C2012 12 14.02722 11 21 43.92 -26 42 13.5          18.1 R ~0myr188
99942         C2012 12 14.02839 11 21 43.61 -26 42 13.9          18.2 R ~0myr188
99942         C2012 12 14.02956 11 21 43.26 -26 42 14.5          18.2 R ~0myr188
99942         C2012 12 14.03073 11 21 42.96 -26 42 14.9          18.2 R ~0myr188
99942         C2012 12 14.03190 11 21 42.63 -26 42 15.4          18.1 R ~0myr188
99942         C2012 12 14.03736 11 21 41.11 -26 42 17.7          18.2 R ~0myr188
99942         C2012 12 14.03853 11 21 40.80 -26 42 18.2          18.2 R ~0myr188
99942         C2012 12 14.03970 11 21 40.49 -26 42 18.5          18.1 R ~0myr188
99942         C2012 12 14.04087 11 21 40.14 -26 42 19.1          18.2 R ~0myr188
99942         C2012 12 14.04204 11 21 39.83 -26 42 19.5          18.1 R ~0myr188
99942         C2012 12 14.05796 11 21 35.44 -26 42 25.8          18.1 R ~0myr188
99942         C2012 12 14.05913 11 21 35.12 -26 42 26.3          18.1 R ~0myr188
99942         C2012 12 14.06030 11 21 34.81 -26 42 26.7          18.3 R ~0myr188
99942         C2012 12 14.06148 11 21 34.49 -26 42 27.1          18.1 R ~0myr188
99942         C2012 12 14.06265 11 21 34.13 -26 42 27.6          18.0 R ~0myr188
99942         C2012 12 14.06382 11 21 33.83 -26 42 28.1          18.1 R ~0myr188
99942         C2012 12 14.06499 11 21 33.50 -26 42 28.5          18.0 R ~0myr188
99942         C2012 12 14.06616 11 21 33.21 -26 42 28.9          18.4 R ~0myr188
99942         C2012 12 14.06733 11 21 32.87 -26 42 29.3          18.2 R ~0myr188
99942         C2012 12 14.06851 11 21 32.55 -26 42 29.8          18.1 R ~0myr188
99942         C2012 12 14.06991 11 21 32.17 -26 42 30.3          18.0 R ~0myr188
99942         C2012 12 14.07108 11 21 31.83 -26 42 30.8          18.0 R ~0myr188
99942         C2012 12 14.07225 11 21 31.50 -26 42 31.3          18.2 R ~0myr188
99942         C2012 12 14.07343 11 21 31.19 -26 42 31.6          18.0 R ~0myr188
99942        GC2012 12 17.50823 11 07 17.45 -27 02 31.3          16.8 Rq~1tdtH06
99942        GC2012 12 17.51089 11 07 16.71 -27 02 32.2          16.9 Rq~1tdtH06
99942        GC2012 12 17.51354 11 07 15.99 -27 02 33.1          16.9 Rq~1tdtH06
99942        4C2012 12 18.64193 11 02 33.08 -27 06 32.3                t~0myrE10
99942        4C2012 12 18.64304 11 02 32.80 -27 06 32.7          16.9 Rt~0myrE10
99942        4C2012 12 18.64401 11 02 32.52 -27 06 33.2                t~0myrE10
99942        KC2012 12 19.22943 10 59 56.17 -27 10 50.6                t~0nWX204
99942        KC2012 12 19.23268 10 59 55.24 -27 10 50.6          17.1 Rt~0nWX204
99942         C2012 12 20.81577 10 53 03.35 -27 16 53.3          16.3 Ro~0pfE300
99942         C2012 12 20.81739 10 53 02.86 -27 16 53.9          16.3 Ro~0pfE300
99942         C2012 12 20.81901 10 53 02.37 -27 16 54.2          16.2 Ro~0pfE300
99942         C2012 12 20.82063 10 53 01.89 -27 16 54.4          16.3 Ro~0pfE300
99942         C2012 12 20.82226 10 53 01.40 -27 16 54.9          16.3 Ro~0pfE300
99942         C2012 12 20.82388 10 53 00.94 -27 16 55.1          16.3 Ro~0pfE300
99942         C2012 12 20.82550 10 53 00.44 -27 16 55.6          16.3 Ro~0pfE300
99942         C2012 12 20.82712 10 52 59.97 -27 16 56.0          16.2 Ro~0pfE300
99942         C2012 12 20.82874 10 52 59.49 -27 16 56.4          16.2 Ro~0pfE300
99942         C2012 12 20.83037 10 52 59.00 -27 16 56.7          16.2 Ro~0pfE300
99942         C2012 12 20.83199 10 52 58.53 -27 16 56.8          16.3 Ro~0pfE300
99942         C2012 12 20.83362 10 52 58.03 -27 16 57.4          16.4 Ro~0pfE300
99942         C2012 12 23.83412 10 39 26.62 -27 22 33.6          15.8 Rt~0nrUD20
99942         C2012 12 23.83461 10 39 26.48 -27 22 33.5          15.8 Rt~0nrUD20
99942         C2012 12 23.83502 10 39 26.34 -27 22 33.7          15.8 Rt~0nrUD20
99942         C2012 12 24.83385 10 34 46.53 -27 23 17.1          16.2 Rt~0nrUD20
99942         C2012 12 24.83433 10 34 46.37 -27 23 17.0          16.2 Rt~0nrUD20
99942         C2012 12 24.83481 10 34 46.22 -27 23 17.1          16.3 Rt~0nrUD20
99942         C2012 12 25.14950 10 33 15.06 -27 24 45.3          15.3 Ro~0nrU071
99942         C2012 12 25.15117 10 33 14.47 -27 24 45.2          15.5 Ro~0nrU071
99942         C2012 12 25.15288 10 33 14.01 -27 24 45.0          15.2 Ro~0nrU071
99942         C2012 12 25.15454 10 33 13.46 -27 24 45.0          15.4 Ro~0nrU071
99942         C2012 12 25.15626 10 33 12.90 -27 24 44.8          15.1 Ro~0nrU071
99942         C2012 12 25.15792 10 33 12.55 -27 24 44.8          15.0 Ro~0nrU071
99942         C2012 12 25.15964 10 33 11.84 -27 24 44.7          15.2 Ro~0nrU071
99942         C2012 12 25.16469 10 33 10.28 -27 24 44.4          15.4 Ro~0nrU071
99942         C2012 12 25.16640 10 33 09.72 -27 24 44.3          15.2 Ro~0nrU071
99942         C2012 12 25.16979 10 33 08.69 -27 24 44.0          15.3 Ro~0nrU071
99942         C2012 12 25.17227 10 33 07.91 -27 24 43.9          15.3 Ro~0nrU071
99942         C2012 12 25.17390 10 33 07.39 -27 24 43.8          15.2 Ro~0nrU071
99942         C2012 12 25.17553 10 33 06.90 -27 24 43.7          15.2 Ro~0nrU071
99942         C2012 12 25.17881 10 33 05.87 -27 24 43.3          15.3 Ro~0nrU071
99942         C2012 12 25.18044 10 33 05.33 -27 24 43.3          15.2 Ro~0nrU071
99942         C2012 12 25.18208 10 33 04.86 -27 24 43.0          15.3 Ro~0nrU071
99942         C2012 12 25.18372 10 33 04.34 -27 24 43.1          15.2 Ro~0nrU071
99942         C2012 12 25.18535 10 33 03.82 -27 24 42.8          15.3 Ro~0nrU071
99942         C2012 12 25.18699 10 33 03.29 -27 24 42.7          15.2 Ro~0nrU071
99942         C2012 12 25.81094 10 30 08.67 -27 23 05.0          15.7 Rt~0nrUD20
99942         C2012 12 25.81142 10 30 08.52 -27 23 05.1          15.7 Rt~0nrUD20
99942         C2012 12 25.81188 10 30 08.38 -27 23 05.1          15.7 Rt~0nrUD20
99942         C2012 12 25.81309 10 30 07.99 -27 23 05.1          15.7 Rt~0nrUD20
99942         C2012 12 25.81356 10 30 07.83 -27 23 05.1          15.7 Rt~0nrUD20
99942         C2012 12 25.81406 10 30 07.68 -27 23 05.1          15.7 Rt~0nrUD20
99942         C2012 12 26.80486 10 25 20.39 -27 21 54.8          16.1 Rt~0nrUD20
99942         C2012 12 26.80535 10 25 20.24 -27 21 54.8          16.1 Rt~0nrUD20
99942         C2012 12 26.80580 10 25 20.09 -27 21 54.7          16.1 Rt~0nrUD20
99942         C2012 12 26.80708 10 25 19.67 -27 21 54.6          16.1 Rt~0nrUD20
99942         C2012 12 26.81236 10 25 17.95 -27 21 54.5          16.2 Rt~0nrUD20
99942         C2012 12 26.81285 10 25 17.77 -27 21 54.5          16.2 Rt~0nrUD20
99942         C2012 12 26.81333 10 25 17.63 -27 21 54.3          16.2 Rt~0nrUD20
99942        |C2012 12 27.46405 10 22 04.71 -27 21 56.2          17.1 Vc~0nEsH06
99942        |C2012 12 27.46621 10 22 04.00 -27 21 55.9          17.0 Vc~0nEsH06
99942        |C2012 12 27.46835 10 22 03.26 -27 21 55.5          17.1 Vc~0nEsH06
99942        |C2012 12 27.47053 10 22 02.58 -27 21 55.1          16.8 Vc~0nEsH06
99942         C2012 12 28.06391 10 19 07.03 -27 20 21.4          16.8 Ro~0nrU071
99942         C2012 12 28.07685 10 19 02.81 -27 20 18.7          17.3 Ro~0nrU071
99942         C2012 12 28.08310 10 19 00.65 -27 20 17.7          16.5 Ro~0nrU071
99942         C2012 12 28.08475 10 19 00.30 -27 20 17.9          16.5 Ro~0nrU071
99942         C2012 12 28.08640 10 18 59.58 -27 20 17.3          16.1 Ro~0nrU071
99942         C2012 12 28.08804 10 18 59.21 -27 20 16.8          16.8 Ro~0nrU071
99942         C2012 12 28.08971 10 18 58.50 -27 20 17.3          16.7 Ro~0nrU071
99942         C2012 12 28.09255 10 18 57.67 -27 20 16.7          16.6 Ro~0nrU071
99942         C2012 12 28.10142 10 18 54.70 -27 20 14.5          16.6 Ro~0nrU071
99942         C2012 12 28.10449 10 18 53.65 -27 20 13.7          16.4 Ro~0nrU071
99942         C2012 12 28.10921 10 18 52.02 -27 20 13.2          17.4 Ro~0nrU071
99942         C2012 12 28.11465 10 18 50.25 -27 20 11.2          16.4 Ro~0nrU071
99942         C2012 12 28.11699 10 18 49.62 -27 20 10.4          16.0 Ro~0nrU071
99942         C2012 12 28.12166 10 18 48.00 -27 20 09.6          16.4 Ro~0nrU071
99942         C2012 12 28.12399 10 18 47.20 -27 20 10.0          16.4 Ro~0nrU071
99942         C2012 12 28.12759 10 18 46.06 -27 20 08.9          16.4 Ro~0nrU071
99942         C2012 12 28.12993 10 18 45.35 -27 20 08.5          16.7 Ro~0nrU071
99942         C2012 12 28.13226 10 18 44.46 -27 20 07.4          16.8 Ro~0nrU071
99942         C2012 12 28.14721 10 18 39.51 -27 20 04.3          16.8 Ro~0nrU071
99942         C2012 12 28.15189 10 18 37.89 -27 20 03.2          16.5 Ro~0nrU071
99942         C2012 12 29.07440 10 14 02.07 -27 16 33.7          15.5 Rv~0nEs470
99942         C2012 12 29.07586 10 14 01.58 -27 16 33.5          15.6 Rv~0nEs470
99942         C2012 12 29.07659 10 14 01.35 -27 16 32.3          15.5 Rv~0nEs470
99942         C2012 12 29.56804 10 11 30.158-27 13 58.32         16.3 rL~0nEsF51
99942         C2012 12 29.56925 10 11 29.742-27 13 58.00         16.4 rL~0nEsF51
99942         C2012 12 29.57914 10 11 26.311-27 13 55.18         16.2 rL~0nEsF51
99942         C2012 12 29.58034 10 11 25.896-27 13 54.83         16.4 rL~0nEsF51
99942         C2012 12 29.78667 10 10 23.53 -27 11 37.7          15.2 Rt~0nrUD20
99942         C2012 12 29.78715 10 10 23.36 -27 11 37.6          15.1 Rt~0nrUD20
99942         C2012 12 29.78764 10 10 23.19 -27 11 37.5          15.1 Rt~0nrUD20
99942         C2012 12 29.78899 10 10 22.73 -27 11 37.1          15.2 Rt~0nrUD20
99942         C2012 12 29.78948 10 10 22.56 -27 11 37.0          15.2 Rt~0nrUD20
99942         C2012 12 29.78997 10 10 22.39 -27 11 36.8          15.1 Rt~0nrUD20
99942         C2012 12 29.79125 10 10 21.95 -27 11 36.5          15.1 Rt~0nrUD20
99942         C2012 12 29.79174 10 10 21.78 -27 11 36.4          15.2 Rt~0nrUD20
99942         C2012 12 29.79222 10 10 21.62 -27 11 36.2          15.1 Rt~0nrUD20
99942         C2012 12 29.80970 10 10 15.60 -27 11 31.3          15.2 Rt~0nrUD20
99942         C2012 12 29.81019 10 10 15.43 -27 11 31.2          15.2 Rt~0nrUD20
99942         C2012 12 29.81067 10 10 15.26 -27 11 31.1          15.2 Rt~0nrUD20
99942         C2012 12 30.83844 10 04 51.81 -27 06 38.7          15.8 Ro~0pfE300
99942         C2012 12 30.83900 10 04 51.62 -27 06 38.4          16.3 Ro~0pfE300
99942         C2012 12 30.83956 10 04 51.49 -27 06 37.8          15.7 Ro~0pfE300
99942         C2012 12 30.84012 10 04 51.24 -27 06 37.5          15.8 Ro~0pfE300
99942         C2012 12 31.02154 10 03 57.80 -27 05 28.1          14.4 Ro~0nrU071
99942         C2012 12 31.02429 10 03 57.13 -27 05 27.3          15.0 Ro~0nrU071
99942         C2012 12 31.02792 10 03 55.83 -27 05 25.9          15.1 Ro~0nrU071
99942         C2012 12 31.03094 10 03 54.54 -27 05 24.4          14.9 Ro~0nrU071
99942         C2012 12 31.03650 10 03 52.58 -27 05 22.5          14.9 Ro~0nrU071
99942         C2012 12 31.03907 10 03 51.71 -27 05 21.5          15.0 Ro~0nrU071
99942         C2012 12 31.04178 10 03 50.90 -27 05 20.5          14.6 Ro~0nrU071
99942         C2012 12 31.04669 10 03 49.20 -27 05 18.7          14.9 Ro~0nrU071
99942         C2012 12 31.04832 10 03 48.61 -27 05 17.9          14.8 Ro~0nrU071
99942         C2012 12 31.05050 10 03 47.82 -27 05 17.1          14.9 Ro~0nrU071
99942         C2012 12 31.05213 10 03 47.32 -27 05 16.4          14.9 Ro~0nrU071
99942         C2012 12 31.05376 10 03 46.67 -27 05 15.8          15.0 Ro~0nrU071
99942         C2012 12 31.05541 10 03 46.16 -27 05 15.1          15.0 Ro~0nrU071
99942         C2012 12 31.05705 10 03 45.52 -27 05 14.5          15.0 Ro~0nrU071
99942         C2012 12 31.06244 10 03 43.71 -27 05 12.2          14.7 Ro~0nrU071
99942         C2012 12 31.06409 10 03 43.13 -27 05 11.5          14.8 Ro~0nrU071
99942         C2012 12 31.06572 10 03 42.57 -27 05 10.9          14.8 Ro~0nrU071
99942         C2012 12 31.06736 10 03 41.99 -27 05 10.2          14.8 Ro~0nrU071
99942         C2012 12 31.06900 10 03 41.44 -27 05 09.6          14.8 Ro~0nrU071
99942         C2012 12 31.07088 10 03 40.78 -27 05 08.7          14.8 Ro~0nrU071
99942         C2012 12 31.07451 10 03 39.57 -27 05 07.1          14.9 Ro~0nrU071
99942         C2012 12 31.07684 10 03 38.68 -27 05 06.5          14.8 Ro~0nrU071
99942         C2012 12 31.07917 10 03 37.85 -27 05 05.2          15.0 Ro~0nrU071
99942         C2012 12 31.08150 10 03 37.12 -27 05 04.2          15.0 Ro~0nrU071
99942         C2012 12 31.08389 10 03 36.26 -27 05 03.1          14.8 Ro~0nrU071
99942         C2012 12 31.08553 10 03 35.67 -27 05 02.4          14.8 Ro~0nrU071
99942         C2012 12 31.08716 10 03 35.11 -27 05 01.7          14.8 Ro~0nrU071
99942         C2012 12 31.08880 10 03 34.53 -27 05 00.9          14.7 Ro~0nrU071
99942         C2012 12 31.09044 10 03 33.97 -27 05 00.2          14.9 Ro~0nrU071
99942         C2012 12 31.09211 10 03 33.41 -27 04 59.4          14.9 Ro~0nrU071
99942         C2012 12 31.09374 10 03 32.80 -27 04 58.8          14.8 Ro~0nrU071
99942         C2012 12 31.09538 10 03 32.28 -27 04 57.9          14.8 Ro~0nrU071
99942         C2012 12 31.09701 10 03 31.68 -27 04 57.2          15.0 Ro~0nrU071
99942         C2012 12 31.09866 10 03 31.14 -27 04 56.4          15.0 Ro~0nrU071
99942         C2012 12 31.10113 10 03 30.26 -27 04 55.3          14.6 Ro~0nrU071
99942         C2012 12 31.10277 10 03 29.70 -27 04 54.5          14.4 Ro~0nrU071
99942         C2012 12 31.10440 10 03 29.11 -27 04 53.8          14.5 Ro~0nrU071
99942         C2012 12 31.10604 10 03 28.55 -27 04 53.1          14.9 Ro~0nrU071
99942         C2012 12 31.10767 10 03 27.98 -27 04 52.2          14.9 Ro~0nrU071
99942         C2013 01 02.05178 09 53 04.33 -26 48 01.6          15.3 Ro~0nrU071
99942         C2013 01 02.05341 09 53 03.56 -26 48 00.6          15.4 Ro~0nrU071
99942         C2013 01 02.05506 09 53 03.13 -26 47 59.6          15.3 Ro~0nrU071
99942         C2013 01 02.05693 09 53 02.40 -26 47 58.4          15.4 Ro~0nrU071
99942         C2013 01 02.05856 09 53 01.78 -26 47 57.4          15.4 Ro~0nrU071
99942         C2013 01 02.06021 09 53 01.19 -26 47 56.4          15.4 Ro~0nrU071
99942         C2013 01 02.07046 09 52 57.68 -26 47 50.2          15.3 Ro~0nrU071
99942         C2013 01 02.07213 09 52 57.01 -26 47 48.8          15.7 Ro~0nrU071
99942         C2013 01 02.07384 09 52 56.31 -26 47 47.1          15.5 Ro~0nrU071
99942         C2013 01 02.07550 09 52 55.72 -26 47 46.9          15.7 Ro~0nrU071
99942         C2013 01 02.07722 09 52 55.08 -26 47 45.9          15.4 Ro~0nrU071
99942         C2013 01 02.07888 09 52 54.56 -26 47 44.4          15.7 Ro~0nrU071
99942         C2013 01 02.08198 09 52 53.56 -26 47 42.0          16.1 Ro~0nrU071
99942         C2013 01 02.08674 09 52 51.94 -26 47 39.9          16.2 Ro~0nrU071
99942         C2013 01 02.08909 09 52 50.86 -26 47 37.4          16.4 Ro~0nrU071
99942         C2013 01 02.09385 09 52 49.26 -26 47 36.4          15.7 Ro~0nrU071
99942         C2013 01 02.09744 09 52 48.00 -26 47 32.8          15.5 Ro~0nrU071
99942         C2013 01 02.10225 09 52 46.23 -26 47 29.0          15.6 Ro~0nrU071
99942         C2013 01 02.10459 09 52 45.42 -26 47 28.5          15.9 Ro~0nrU071
99942         C2013 01 04.02110 09 42 11.83 -26 24 35.1          15.5 Ro~0nrU071
99942         C2013 01 04.02307 09 42 11.06 -26 24 33.7          15.5 Ro~0nrU071
99942         C2013 01 04.02498 09 42 10.39 -26 24 32.2          15.5 Ro~0nrU071
99942         C2013 01 04.02733 09 42 09.53 -26 24 30.3          15.6 Ro~0nrU071
99942         C2013 01 04.02966 09 42 08.73 -26 24 28.7          15.5 Ro~0nrU071
99942         C2013 01 04.03200 09 42 07.80 -26 24 26.5          15.3 Ro~0nrU071
99942         C2013 01 04.03433 09 42 07.09 -26 24 25.3          15.6 Ro~0nrU071
99942         C2013 01 04.03666 09 42 06.08 -26 24 22.9          15.5 Ro~0nrU071
99942         C2013 01 04.03947 09 42 05.12 -26 24 20.9          16.0 Ro~0nrU071
99942         C2013 01 04.04189 09 42 04.18 -26 24 18.4          15.7 Ro~0nrU071
99942         C2013 01 04.04664 09 42 02.34 -26 24 14.8          15.6 Ro~0nrU071
99942         C2013 01 04.04899 09 42 01.58 -26 24 13.2          16.1 Ro~0nrU071
99942         C2013 01 04.05141 09 42 00.66 -26 24 10.7          15.8 Ro~0nrU071
99942         C2013 01 04.05376 09 41 59.79 -26 24 08.6          15.9 Ro~0nrU071
99942         C2013 01 04.05617 09 41 58.98 -26 24 06.9          15.9 Ro~0nrU071
99942         C2013 01 04.07859 09 41 51.66 -26 23 48.7          15.8 Rv~0nWX470
99942         C2013 01 04.07976 09 41 51.22 -26 23 47.3          16.1 Rv~0nWX470
99942         C2013 01 04.08094 09 41 50.80 -26 23 46.1          15.6 Rv~0nWX470
99942         C2013 01 04.74763 09 38 05.18 -26 14 07.3          15.7 Ro~0rhI300
99942         C2013 01 04.74825 09 38 04.95 -26 14 06.9          15.7 Ro~0rhI300
99942         C2013 01 04.74885 09 38 04.73 -26 14 06.2          15.6 Ro~0rhI300
99942         C2013 01 04.74946 09 38 04.51 -26 14 05.9          15.7 Ro~0rhI300
99942         C2013 01 04.75007 09 38 04.27 -26 14 05.1          15.6 Ro~0rhI300
99942         C2013 01 04.75066 09 38 04.05 -26 14 04.7          15.7 Ro~0rhI300
99942         C2013 01 05.03655 09 36 28.26 -26 09 46.7          14.8 Rv~0nWX470
99942         C2013 01 05.03729 09 36 28.00 -26 09 46.1          15.2 Rv~0nWX470
99942         C2013 01 05.03802 09 36 27.72 -26 09 45.5          14.8 Rv~0nWX470
99942         C2013 01 08.05199 09 19 04.70 -25 13 59.9          15.5 Ru~0nWXJ38
99942         C2013 01 08.05244 09 19 04.53 -25 13 59.4          15.5 Ru~0nWXJ38
99942         C2013 01 08.05336 09 19 04.17 -25 13 58.2          15.4 Ru~0nWXJ38
99942         C2013 01 08.05655 09 19 02.97 -25 13 54.3          15.5 Ru~0nWXJ38
99942         C2013 01 08.05790 09 19 02.44 -25 13 52.8          15.4 Ru~0nWXJ38
99942         C2013 01 08.05835 09 19 02.28 -25 13 52.1          15.4 Ru~0nWXJ38
99942         C2013 01 08.05926 09 19 01.93 -25 13 51.0          15.4 Ru~0nWXJ38
99942         C2013 01 08.06289 09 19 00.55 -25 13 46.3          15.4 Ru~0nWXJ38
99942         C2013 01 08.06569 09 18 59.49 -25 13 42.9          15.4 Ru~0nWXJ38
99942         C2013 01 08.06704 09 18 58.98 -25 13 41.4          15.4 Ru~0nWXJ38
99942         C2013 01 08.06843 09 18 58.43 -25 13 39.3          15.4 Ru~0nWXJ38
99942         C2013 01 08.06888 09 18 58.27 -25 13 38.7          15.3 Ru~0nWXJ38
99942         C2013 01 08.07116 09 18 57.40 -25 13 36.0          15.4 Ru~0nWXJ38
99942        7C2013 01 08.44728 09 16 46.97 -25 04 57.3          15.4 Rt~0nWXF65
99942        7C2013 01 08.44820 09 16 46.64 -25 04 56.1                t~0nWXF65
99942        7C2013 01 08.44915 09 16 46.25 -25 04 54.8                t~0nWXF65
99942        7C2013 01 08.45008 09 16 45.91 -25 04 53.7                t~0nWXF65
99942        7C2013 01 08.45158 09 16 45.32 -25 04 51.9                t~0nWXF65
99942        7C2013 01 08.45241 09 16 45.00 -25 04 50.9                t~0nWXF65
99942        7C2013 01 08.45335 09 16 44.62 -25 04 49.6                t~0nWXF65
99942        7C2013 01 08.45461 09 16 44.14 -25 04 48.2                t~0nWXF65
99942        7C2013 01 08.48069 09 16 34.01 -25 04 15.1          15.7 Ro~0nWXF65
99942        7C2013 01 08.48163 09 16 33.65 -25 04 13.9          15.7 Ro~0nWXF65
99942        7C2013 01 08.48454 09 16 32.51 -25 04 10.1          15.9 Ro~0nWXF65
99942        7C2013 01 08.48650 09 16 31.74 -25 04 07.5          15.8 Ro~0nWXF65
99942        7C2013 01 08.48851 09 16 30.96 -25 04 04.9          15.9 Ro~0nWXF65
99942        7C2013 01 08.48947 09 16 30.59 -25 04 03.7          15.9 Ro~0nWXF65
99942        3C2013 01 08.49016 09 16 34.34 -25 02 29.4          15.7 Ro~0nWXE10
99942        7C2013 01 08.49140 09 16 29.83 -25 04 01.2          15.9 Ro~0nWXF65
99942        3C2013 01 08.49219 09 16 33.61 -25 02 27.2          15.7 Ro~0nWXE10
99942        3C2013 01 08.49313 09 16 33.26 -25 02 26.1          15.7 Ro~0nWXE10
99942        7C2013 01 08.49334 09 16 29.06 -25 03 58.6          15.9 Ro~0nWXF65
99942        7C2013 01 08.49431 09 16 28.68 -25 03 57.3          15.8 Ro~0nWXF65
99942        7C2013 01 08.49530 09 16 28.30 -25 03 56.0          15.9 Ro~0nWXF65
99942        7C2013 01 08.49630 09 16 27.91 -25 03 54.7          15.9 Ro~0nWXF65
99942        7C2013 01 08.49727 09 16 27.53 -25 03 53.5          15.9 Ro~0nWXF65
99942        3C2013 01 08.49769 09 16 31.58 -25 02 20.7          15.7 Ro~0nWXE10
99942         C2013 01 08.99284 09 13 32.67 -24 52 47.6          15.4 Ro~0nrU071
99942         C2013 01 09.00075 09 13 29.75 -24 52 37.4          15.2 Ro~0nrU071
99942         C2013 01 09.00286 09 13 28.92 -24 52 33.9          15.1 Ro~0nrU071
99942         C2013 01 09.00541 09 13 27.90 -24 52 30.6          14.6 Ro~0nrU071
99942         C2013 01 09.00670 09 13 27.42 -24 52 28.3          14.7 Ro~0nrU071
99942         C2013 01 09.00796 09 13 26.91 -24 52 26.7          14.6 Ro~0nrU071
99942         C2013 01 09.00860 09 13 26.69 -24 52 25.7          14.7 Ro~0nrU071
99942         C2013 01 09.00924 09 13 26.45 -24 52 25.0          14.7 Ro~0nrU071
99942         C2013 01 09.00988 09 13 26.25 -24 52 24.1          14.7 Ro~0nrU071
99942         C2013 01 09.01106 09 13 25.74 -24 52 22.2          14.8 Ro~0nrU071
99942         C2013 01 09.01223 09 13 25.30 -24 52 20.7          14.8 Ro~0nrU071
99942         C2013 01 09.01320 09 13 24.91 -24 52 19.2          14.8 Ro~0nrU071
99942         C2013 01 09.01409 09 13 24.55 -24 52 18.1          14.7 Ro~0nrU071
99942         C2013 01 09.01498 09 13 24.22 -24 52 16.7          14.7 Ro~0nrU071
99942         C2013 01 09.01589 09 13 23.88 -24 52 15.3          14.7 Ro~0nrU071
99942         C2013 01 09.01678 09 13 23.52 -24 52 14.2          14.7 Ro~0nrU071
99942         C2013 01 09.01767 09 13 23.19 -24 52 12.8          14.7 Ro~0nrU071
99942         C2013 01 09.01856 09 13 22.85 -24 52 11.6          14.8 Ro~0nrU071
99942         C2013 01 09.01945 09 13 22.51 -24 52 10.4          14.8 Ro~0nrU071
99942         C2013 01 09.02392 09 13 20.78 -24 52 03.8          15.2 Ro~0nrU071
99942         C2013 01 09.02568 09 13 20.11 -24 52 01.6          15.2 Ro~0nrU071
99942         C2013 01 09.02727 09 13 19.52 -24 51 59.3          15.2 Ro~0nrU071
99942         C2013 01 09.02887 09 13 18.88 -24 51 56.9          15.2 Ro~0nrU071
99942         C2013 01 09.03048 09 13 18.28 -24 51 54.8          14.9 Ro~0nrU071
99942         C2013 01 09.03208 09 13 17.65 -24 51 52.2          14.8 Ro~0nrU071
99942         C2013 01 09.03369 09 13 17.04 -24 51 49.4          14.8 Ro~0nrV071
99942         C2013 01 09.03528 09 13 16.42 -24 51 48.0          14.8 Ro~0nrV071
99942         C2013 01 09.03688 09 13 15.79 -24 51 45.4          15.0 Ro~0nrV071
99942         C2013 01 09.03849 09 13 15.18 -24 51 42.9          15.3 Ro~0nrV071
99942         C2013 01 09.04061 09 13 14.38 -24 51 40.0          14.7 Ro~0nrV071
99942         C2013 01 09.04126 09 13 14.13 -24 51 39.0          14.7 Ro~0nrV071
99942         C2013 01 09.04190 09 13 13.88 -24 51 38.1          14.8 Ro~0nrV071
99942         C2013 01 09.04255 09 13 13.67 -24 51 37.0          14.8 Ro~0nrV071
99942         C2013 01 09.04318 09 13 13.38 -24 51 36.2          14.8 Ro~0nrV071
99942         C2013 01 09.04382 09 13 13.16 -24 51 35.6          14.7 Ro~0nrV071
99942         C2013 01 09.04446 09 13 12.90 -24 51 34.6          14.7 Ro~0nrV071
99942         C2013 01 09.04510 09 13 12.66 -24 51 33.6          14.9 Ro~0nrV071
99942         C2013 01 09.04574 09 13 12.42 -24 51 32.6          14.8 Ro~0nrV071
99942         C2013 01 09.04638 09 13 12.17 -24 51 31.6          14.9 Ro~0nrV071
99942         C2013 01 09.04766 09 13 11.68 -24 51 29.8          15.0 Ro~0nrV071
99942         C2013 01 09.04855 09 13 11.34 -24 51 28.5          15.0 Ro~0nrV071
99942         C2013 01 09.04945 09 13 10.98 -24 51 27.1          15.0 Ro~0nrV071
99942         C2013 01 09.05034 09 13 10.64 -24 51 25.9          15.1 Ro~0nrV071
99942         C2013 01 09.05123 09 13 10.30 -24 51 24.6          15.0 Ro~0nrV071
99942         C2013 01 09.05212 09 13 09.96 -24 51 23.3          15.1 Ro~0nrV071
99942         C2013 01 09.05302 09 13 09.63 -24 51 22.0          15.0 Ro~0nrV071
99942         C2013 01 09.05391 09 13 09.28 -24 51 20.6          15.0 Ro~0nrV071
99942         C2013 01 09.05481 09 13 08.94 -24 51 19.4          15.0 Ro~0nrV071
99942         C2013 01 09.05570 09 13 08.59 -24 51 18.1          15.1 Ro~0nrV071
99942         C2013 01 09.05730 09 13 07.98 -24 51 15.3          15.3 Ro~0nrV071
99942         C2013 01 09.05891 09 13 07.39 -24 51 13.7          15.4 Ro~0nrV071
99942         C2013 01 09.05998 09 13 08.48 -24 51 14.4          15.0 Ru~0nWXB04
99942         C2013 01 09.06050 09 13 06.76 -24 51 10.9          15.5 Ro~0nrV071
99942         C2013 01 09.06210 09 13 06.08 -24 51 08.2          15.4 Ro~0nrV071
99942         C2013 01 09.06371 09 13 05.52 -24 51 06.1          15.4 Ro~0nrV071
99942         C2013 01 09.06531 09 13 04.93 -24 51 04.5          15.5 Ro~0nrV071
99942         C2013 01 09.06646 09 13 05.93 -24 51 05.4          15.1 Ru~0nWXB04
99942         C2013 01 09.06690 09 13 04.30 -24 51 01.5          15.4 Ro~0nrV071
99942         C2013 01 09.06851 09 13 03.67 -24 50 59.0          15.4 Ro~0nrV071
99942         C2013 01 09.07011 09 13 03.08 -24 50 56.7          15.3 Ro~0nrV071
99942         C2013 01 09.07172 09 13 02.46 -24 50 54.5          15.4 Ro~0nrV071
99942         C2013 01 09.07338 09 13 03.30 -24 50 55.9          15.2 Ru~0nWXB04
99942        QC2013 01 09.69085409 09 24.56 -24 34 17.6          15.3 Vq~0nWXE12
99942        QC2013 01 09.69856409 09 21.57 -24 34 05.8          15.2 Vq~0nWXE12
99942        QC2013 01 09.70643409 09 18.50 -24 33 53.5          15.3 Vq~0nWXE12
99942        QC2013 01 09.71440809 09 15.41 -24 33 41.1          15.4 Vq~0nWXE12
99942        1C2013 01 09.72846 09 09 09.96 -24 33 19.0          15.6 Vc~0rDCQ62
99942        1C2013 01 09.73012 09 09 09.31 -24 33 16.4          15.6 Vc~0rDCQ62
99942        1C2013 01 09.73167 09 09 08.71 -24 33 14.0          15.6 Vc~0rDCQ62
99942        1C2013 01 09.73309 09 09 08.17 -24 33 11.7          15.6 Vc~0rDCQ62
99942         C2013 01 09.95829 09 07 52.17 -24 29 06.9          16.3 Vq~0nWXC73
99942         C2013 01 09.95909 09 07 51.83 -24 29 05.9          16.2 Vq~0nWXC73
99942         C2013 01 09.95990 09 07 51.41 -24 29 04.7          16.4 Vq~0nWXC73
99942         C2013 01 09.96071 09 07 51.16 -24 29 03.2          16.1 Vq~0nWXC73
99942         C2013 01 09.96150 09 07 50.83 -24 29 01.5          16.0 Vq~0nWXC73
99942         C2013 01 09.96231 09 07 50.52 -24 29 00.2          16.0 Vq~0nWXC73
99942         C2013 01 09.96311 09 07 50.29 -24 28 59.9          16.1 Vq~0nWXC73
99942         C2013 01 09.96392 09 07 50.04 -24 28 58.1          16.2 Vq~0nWXC73
99942         C2013 01 09.96472 09 07 49.59 -24 28 56.8          16.1 Vq~0nWXC73
99942         C2013 01 09.96553 09 07 49.26 -24 28 53.8          16.3 Vq~0nWXC73
99942         C2013 01 09.96633 09 07 49.03 -24 28 54.9          16.2 Vq~0nWXC73
99942         C2013 01 09.96714 09 07 48.69 -24 28 53.6          16.0 Vq~0nWYC73
99942         C2013 01 09.96794 09 07 48.38 -24 28 52.5          16.1 Vq~0nWYC73
99942         C2013 01 09.96875 09 07 48.10 -24 28 51.2          16.3 Vq~0nWYC73
99942         C2013 01 09.96955 09 07 47.77 -24 28 49.7          16.0 Vq~0nWYC73
99942         C2013 01 09.97036 09 07 47.49 -24 28 49.1          16.1 Vq~0nWYC73
99942         C2013 01 09.97116 09 07 47.19 -24 28 47.8          16.0 Vq~0nWYC73
99942         C2013 01 09.97197 09 07 46.86 -24 28 46.0          15.9 Vq~0nWYC73
99942         C2013 01 09.97277 09 07 46.54 -24 28 45.7          16.1 Vq~0nWYC73
99942         C2013 01 09.97358 09 07 46.22 -24 28 43.6          16.1 Vq~0nWYC73
99942         C2013 01 09.97441 09 07 45.90 -24 28 42.9          16.1 Vq~0nWYC73
99942         C2013 01 09.97521 09 07 45.56 -24 28 41.2          15.9 Vq~0nWYC73
99942         C2013 01 09.97602 09 07 45.34 -24 28 39.9          16.0 Vq~0nWYC73
99942         C2013 01 09.97682 09 07 44.96 -24 28 38.8          16.1 Vq~0nWYC73
99942         C2013 01 09.97762 09 07 44.65 -24 28 38.0          15.8 Vq~0nWYC73
99942         C2013 01 09.97843 09 07 44.35 -24 28 36.2          15.9 Vq~0nWYC73
99942         C2013 01 09.97922 09 07 44.08 -24 28 35.9          16.0 Vq~0nWYC73
99942         C2013 01 09.98003 09 07 43.76 -24 28 34.8          16.0 Vq~0nWYC73
99942         C2013 01 09.98083 09 07 43.43 -24 28 32.5          15.9 Vq~0nWYC73
99942         C2013 01 09.98164 09 07 43.12 -24 28 31.4          15.8 Vq~0nWYC73
99942         C2013 01 09.98244 09 07 42.84 -24 28 30.8          16.2 Vq~0nWYC73
99942         C2013 01 09.98325 09 07 42.52 -24 28 28.4          16.0 Vq~0nWYC73
99942         C2013 01 09.98405 09 07 42.30 -24 28 29.3          15.8 Vq~0nWYC73
99942         C2013 01 09.98486 09 07 41.84 -24 28 26.2          15.8 Vq~0nWYC73
99942         C2013 01 09.98566 09 07 41.65 -24 28 25.3          16.0 Vq~0nWYC73
99942         C2013 01 09.98647 09 07 41.30 -24 28 24.2          16.0 Vq~0nWYC73
99942         C2013 01 10.04233009 07 18.722-24 26 53.34         15.81 q~0nrVC20
99942         C2013 01 10.04414809 07 18.042-24 26 50.37         15.71 q~0nrVC20
99942         C2013 01 10.04559909 07 17.503-24 26 48.33         15.80 q~0nrVC20
99942         C2013 01 10.04917009 07 16.136-24 26 42.54         15.71 q~0nrVC20
99942         C2013 01 10.05808409 07 12.757-24 26 27.64         15.66 q~0nrVC20
99942         C2013 01 10.07656 09 07 13.56 -24 24 10.5                u~0nWY844
99942         C2013 01 10.07841 09 07 12.87 -24 24 07.8                u~0nWY844
99942         C2013 01 10.08028 09 07 12.17 -24 24 05.3                u~0nWY844
99942         C2013 01 10.08213 09 07 11.47 -24 24 02.6                u~0nWY844
99942         C2013 01 10.08399 09 07 10.80 -24 24 00.1                u~0nWY844
99942         C2013 01 10.08584 09 07 10.10 -24 23 57.5                u~0nWY844
99942         C2013 01 10.08771 09 07 09.40 -24 23 54.9                u~0nWY844
99942         C2013 01 10.08956 09 07 08.70 -24 23 52.4                u~0nWY844
99942         C2013 01 10.09142 09 07 07.99 -24 23 49.7                u~0nWY844
99942         C2013 01 10.09328 09 07 07.28 -24 23 47.1                u~0nWY844
99942         C2013 01 10.19161 09 06 30.84 -24 21 20.4          14.8 Ru~0nWYI47
99942         C2013 01 10.19199 09 06 30.69 -24 21 19.7          14.8 Ru~0nWYI47
99942         C2013 01 10.19238 09 06 30.54 -24 21 19.2          14.8 Ru~0nWYI47
99942         C2013 01 10.19315 09 06 30.24 -24 21 18.0          14.8 Ru~0nWYI47
99942         C2013 01 10.19354 09 06 30.09 -24 21 17.5          14.8 Ru~0nWYI47
99942         C2013 01 10.19470 09 06 29.66 -24 21 15.8          14.7 Ru~0nWYI47
99942         C2013 01 10.19479 09 06 29.62 -24 21 15.5          14.9 Ru~0nWYI47
99942         C2013 01 10.19739 09 06 28.62 -24 21 11.8          14.5 Ru~0nWYI47
99942         C2013 01 10.19778 09 06 28.47 -24 21 11.2          14.8 Ru~0nWYI47
99942         C2013 01 10.90687609 02 16.345-24 03 52.57         15.85 q~0nrVC20
99942         C2013 01 10.91056809 02 14.938-24 03 46.66         16.03 q~0nrVC20
99942         C2013 01 10.91319709 02 13.924-24 03 42.29         15.83 q~0nrVC20
99942         C2013 01 10.92514009 02 09.350-24 03 23.15         15.79 q~0nrVC20
99942         C2013 01 10.92769709 02 08.361-24 03 18.89         16.03 q~0nrVC20
99942         C2013 01 10.92851109 02 08.043-24 03 17.46         15.84 q~0nrVC20
99942         C2013 01 10.92939209 02 07.706-24 03 16.05         15.90 q~0nrVC20
99942         C2013 01 10.93122909 02 07.010-24 03 13.17         15.91 q~0nrVC20
99942         C2013 01 10.93201909 02 06.692-24 03 11.76         15.86 q~0nrVC20
99942         C2013 01 10.93280709 02 06.398-24 03 10.50         15.84 q~0nrVC20
99942         C2013 01 10.93386009 02 05.986-24 03 08.80         15.84 q~0nrVC20
99942         C2013 01 10.93464909 02 05.693-24 03 07.52         15.90 q~0nrVC20
99942         C2013 01 10.93948409 02 03.806-24 02 59.61         15.82 q~0nrVC20
99942         C2013 01 10.94119809 02 03.166-24 02 56.78         15.91 q~0nrVC20
99942         C2013 01 10.94198509 02 02.856-24 02 55.27         15.99 q~0nrVC20
99942         C2013 01 10.94720409 02 00.875-24 02 46.60         16.16 q~0nrVC20
99942         C2013 01 10.94799409 02 00.550-24 02 45.44         15.80 q~0nrVC20
99942         C2013 01 10.94963609 01 59.912-24 02 42.47         15.86 q~0nrVC20
99942         C2013 01 10.95042509 01 59.644-24 02 41.61         15.80 q~0nrVC20
99942         C2013 01 10.95121309 01 59.309-24 02 40.10         15.86 q~0nrVC20
99942         C2013 01 10.95125 09 02 00.43 -24 02 34.9          15.2 Vr~0qKMA84
99942         C2013 01 10.95217409 01 58.968-24 02 38.70         15.92 q~0nrVC20
99942         C2013 01 10.95296309 01 58.645-24 02 37.37         15.97 q~0nrVC20
99942         C2013 01 10.95311 09 01 59.72 -24 02 31.8          15.2 Vr~0qKMA84
99942         C2013 01 10.95379909 01 58.304-24 02 35.84         16.02 q~0nrVC20
99942         C2013 01 10.95403 09 01 59.32 -24 02 30.1          15.2 Vr~0qKMA84
99942         C2013 01 10.95458609 01 58.024-24 02 34.44         15.82 q~0nrVC20
99942         C2013 01 10.95498 09 01 58.97 -24 02 28.5          15.2 Vr~0qKMA84
99942         C2013 01 10.95537509 01 57.712-24 02 33.21         15.90 q~0nrVC20
99942         C2013 01 10.95590 09 01 58.59 -24 02 27.0          15.2 Vr~0qKMA84
99942         C2013 01 10.95616209 01 57.407-24 02 31.90         15.95 q~0nrVC20
99942         C2013 01 10.95683 09 01 58.23 -24 02 25.9          15.1 Vr~0qKMA84
99942         C2013 01 10.95695009 01 57.111-24 02 30.62         15.83 q~0nrVC20
99942         C2013 01 10.95775 09 01 57.89 -24 02 24.2          15.2 Vr~0qKMA84
99942         C2013 01 10.95869 09 01 57.54 -24 02 22.7          15.2 Vr~0qKMA84
99942         C2013 01 10.95911409 01 56.285-24 02 27.03         15.97 q~0nrVC20
99942         C2013 01 10.95961 09 01 57.18 -24 02 21.3          15.2 Vr~0qKMA84
99942         C2013 01 10.95990409 01 55.972-24 02 25.72         15.92 q~0nrVC20
99942         C2013 01 10.96054 09 01 56.79 -24 02 19.7          15.2 Vr~0qKMA84
99942         C2013 01 10.96069209 01 55.676-24 02 24.38         15.94 q~0nrVC20
99942         C2013 01 10.96152 09 01 56.43 -24 02 17.6          15.3 Vr~0qKMA84
99942         C2013 01 10.96154709 01 55.350-24 02 22.94         15.86 q~0nrVC20
99942         C2013 01 10.96233509 01 55.038-24 02 21.55         15.93 q~0nrVC20
99942         C2013 01 10.96312309 01 54.750-24 02 20.44         15.98 q~0nrVC20
99942         C2013 01 10.96391209 01 54.437-24 02 18.90         15.89 q~0nrVC20
99942         C2013 01 10.96469909 01 54.145-24 02 17.70         15.94 q~0nrVC20
99942         C2013 01 10.96526 09 01 54.97 -24 02 11.5          15.1 Vr~0qKMA84
99942         C2013 01 10.96548609 01 53.816-24 02 16.35         15.93 q~0nrVC20
99942         C2013 01 10.96620 09 01 54.61 -24 02 10.2          15.1 Vr~0qKMA84
99942         C2013 01 10.96627709 01 53.522-24 02 15.06         15.95 q~0nrVC20
99942         C2013 01 10.96718 09 01 54.23 -24 02 08.5          15.2 Vr~0qKMA84
99942         C2013 01 10.96840409 01 52.700-24 02 11.50         15.96 q~0nrVC20
99942         C2013 01 10.96905 09 01 53.52 -24 02 05.7          15.3 Vr~0qKMA84
99942         C2013 01 10.96925209 01 52.382-24 02 10.09         15.97 q~0nrVC20
99942         C2013 01 10.96999 09 01 53.14 -24 02 04.0          15.2 Vr~0qKMA84
99942         C2013 01 10.97004409 01 52.075-24 02 08.62         15.98 q~0nrVC20
99942         C2013 01 10.97088109 01 51.747-24 02 07.32         15.94 q~0nrVC20
99942         C2013 01 10.97092 09 01 52.79 -24 02 02.5          15.1 Vr~0qKMA84
99942         C2013 01 10.97171809 01 51.427-24 02 05.83         15.93 q~0nrVC20
99942         C2013 01 10.97192 09 01 52.40 -24 02 01.1          15.1 Vr~0qKMA84
99942         C2013 01 10.97253609 01 51.122-24 02 04.47         15.87 q~0nrVC20
99942         C2013 01 10.97285 09 01 52.01 -24 01 59.1          15.2 Vr~0qKMA84
99942         C2013 01 10.97470 09 01 51.33 -24 01 56.4          15.2 Vr~0qKMA84
99942         C2013 01 10.97657 09 01 50.59 -24 01 53.4          15.2 Vr~0qKMA84
99942         C2013 01 10.97752 09 01 50.22 -24 01 51.5          15.0 Vr~0qKMA84
99942         C2013 01 10.97844 09 01 49.88 -24 01 50.3          15.1 Vr~0qKMA84
99942         C2013 01 10.98068009 01 47.983-24 01 50.65         15.90 q~0nrVC20
99942         C2013 01 10.98242 09 01 48.32 -24 01 43.4          15.1 Vr~0qKMA84
99942         C2013 01 10.98334 09 01 47.95 -24 01 41.9          15.2 Vr~0qKMA84
99942         C2013 01 10.98425 09 01 47.63 -24 01 40.7          15.2 Vr~0qKMA84
99942         C2013 01 10.98517 09 01 47.26 -24 01 39.1          15.1 Vr~0qKMA84
99942         C2013 01 10.98608 09 01 46.91 -24 01 37.5          15.2 Vr~0qKMA84
99942         C2013 01 10.98666309 01 45.686-24 01 40.56         16.05 q~0nrVC20
99942         C2013 01 10.98703 09 01 46.54 -24 01 35.7          15.1 Vr~0qKMA84
99942         C2013 01 10.98791409 01 45.210-24 01 38.34         16.13 q~0nrVC20
99942         C2013 01 10.98799 09 01 46.19 -24 01 34.5          15.2 Vr~0qKMA84
99942         C2013 01 10.98871809 01 44.910-24 01 36.96         16.07 q~0nrVC20
99942         C2013 01 10.98892 09 01 45.79 -24 01 32.6          15.1 Vr~0qKMA84
99942         C2013 01 10.98950609 01 44.613-24 01 35.76         16.11 q~0nrVC20
99942         C2013 01 10.98984 09 01 45.48 -24 01 31.1          15.2 Vr~0qKMA84
99942         C2013 01 10.99057609 01 44.196-24 01 33.95         16.06 q~0nrVC20
99942         C2013 01 10.99075 09 01 45.10 -24 01 29.6          15.2 Vr~0qKMA84
99942         C2013 01 10.99136309 01 43.895-24 01 32.60         16.00 q~0nrVC20
99942         C2013 01 10.99166 09 01 44.76 -24 01 28.0          15.2 Vr~0qKMA84
99942         C2013 01 10.99215209 01 43.596-24 01 31.29         16.05 q~0nrVC20
99942         C2013 01 10.99258 09 01 44.39 -24 01 26.7          15.2 Vr~0qKMA84
99942         C2013 01 10.99295009 01 43.283-24 01 29.84         15.97 q~0nrVC20
99942         C2013 01 10.99349 09 01 44.05 -24 01 25.1          15.3 Vr~0qKMA84
99942         C2013 01 10.99373909 01 42.975-24 01 28.44         15.89 q~0nrVC20
99942         C2013 01 10.99442 09 01 43.68 -24 01 23.8          15.1 Vr~0qKMA84
99942         C2013 01 10.99452709 01 42.681-24 01 27.05         15.93 q~0nrVC20
99942         C2013 01 10.99531509 01 42.369-24 01 25.85         16.02 q~0nrVC20
99942         C2013 01 10.99534 09 01 43.32 -24 01 21.9          15.2 Vr~0qKMA84
99942         C2013 01 10.99626 09 01 42.96 -24 01 20.3          15.2 Vr~0qKMA84
99942         C2013 01 10.99717 09 01 42.64 -24 01 19.1          15.3 Vr~0qKMA84
99942         C2013 01 10.99809 09 01 42.25 -24 01 17.2          15.2 Vr~0qKMA84
99942         C2013 01 10.99900 09 01 41.93 -24 01 16.0          15.3 Vr~0qKMA84
99942         C2013 01 10.99994 09 01 41.54 -24 01 14.0          15.3 Vr~0qKMA84
99942         C2013 01 11.00086 09 01 41.17 -24 01 12.7          15.3 Vr~0qKMA84
99942         C2013 01 11.00178 09 01 40.83 -24 01 11.1          15.2 Vr~0qKMA84
99942         C2013 01 11.00270 09 01 40.48 -24 01 09.8          15.3 Vr~0qKMA84
99942         C2013 01 11.00362 09 01 40.09 -24 01 07.9          15.2 Vr~0qKMA84
99942         C2013 01 11.00453 09 01 39.78 -24 01 06.5          15.2 Vr~0qKMA84
99942         C2013 01 11.00545 09 01 39.42 -24 01 05.1          15.3 Vr~0qKMA84
99942         C2013 01 11.00637 09 01 39.05 -24 01 03.4          15.2 Vr~0qKMA84
99942         C2013 01 11.00731 09 01 38.68 -24 01 01.7          15.2 Vr~0qKMA84
99942         C2013 01 11.00821 09 01 38.33 -24 00 59.7          15.3 Vr~0qKMA84
99942         C2013 01 11.00914 09 01 37.97 -24 00 58.7          15.2 Vr~0qKMA84
99942         C2013 01 11.01004 09 01 37.63 -24 00 57.1          15.3 Vr~0qKMA84
99942         C2013 01 11.01097 09 01 37.29 -24 00 55.7          15.3 Vr~0qKMA84
99942         C2013 01 11.01188 09 01 36.91 -24 00 54.3          15.3 Vr~0qKMA84
99942         C2013 01 11.01281 09 01 36.54 -24 00 52.5          15.3 Vr~0qKMA84
99942         C2013 01 11.01372 09 01 36.20 -24 00 51.0          15.3 Vr~0qKMA84
99942         C2013 01 11.01464 09 01 35.84 -24 00 48.9          15.3 Vr~0qKMA84
99942         C2013 01 11.01737 09 01 34.77 -24 00 44.6          15.3 Vr~0qKMA84
99942         C2013 01 11.01888 09 01 34.21 -24 00 42.3          15.3 Vr~0qKMA84
99942         C2013 01 11.01979 09 01 33.85 -24 00 40.5          15.3 Vr~0qKMA84
99942         C2013 01 11.02071 09 01 33.51 -24 00 39.1          15.3 Vr~0qKMA84
99942         C2013 01 11.02161 09 01 33.13 -24 00 37.2          15.3 Vr~0qKMA84
99942         C2013 01 11.02344 09 01 32.42 -24 00 34.3          15.3 Vr~0qKMA84
99942         C2013 01 11.02527 09 01 31.71 -24 00 31.2          15.3 Vr~0qKMA84
99942         C2013 01 11.04171 09 01 25.38 -24 00 02.8          15.4 Vr~0qKMA84
99942         C2013 01 11.04357 09 01 24.66 -23 59 59.3          15.4 Vr~0qKMA84
99942         C2013 01 11.04448 09 01 24.33 -23 59 58.2          15.4 Vr~0qKMA84
99942         C2013 01 11.04540 09 01 23.96 -23 59 56.4          15.4 Vr~0qKMA84
99942         C2013 01 11.04632 09 01 23.60 -23 59 54.8          15.4 Vr~0qKMA84
99942         C2013 01 11.04724 09 01 23.23 -23 59 53.1          15.4 Vr~0qKMA84
99942         C2013 01 11.04818 09 01 22.88 -23 59 51.6          15.4 Vr~0qKMA84
99942         C2013 01 11.04908 09 01 22.54 -23 59 50.0          15.4 Vr~0qKMA84
99942         C2013 01 11.05001 09 01 22.19 -23 59 48.3          15.5 Vr~0qKMA84
99942         C2013 01 11.05091 09 01 21.84 -23 59 46.6          15.5 Vr~0qKMA84
99942         C2013 01 11.05183 09 01 21.48 -23 59 45.3          15.4 Vr~0qKMA84
99942         C2013 01 11.05274 09 01 21.14 -23 59 43.4          15.5 Vr~0qKMA84
99942         C2013 01 11.05366 09 01 20.76 -23 59 42.0          15.4 Vr~0qKMA84
99942         C2013 01 11.05455 09 01 20.42 -23 59 40.3          15.3 Vr~0qKMA84
99942         C2013 01 11.05602 09 01 19.89 -23 59 37.6          15.4 Vr~0qKMA84
99942         C2013 01 11.05693 09 01 19.51 -23 59 35.9          15.5 Vr~0qKMA84
99942         C2013 01 11.05785 09 01 19.18 -23 59 34.7          15.4 Vr~0qKMA84
99942         C2013 01 11.05876 09 01 18.80 -23 59 33.1          15.5 Vr~0qKMA84
99942         C2013 01 11.05968 09 01 18.47 -23 59 31.3          15.3 Vr~0qKMA84
99942         C2013 01 11.06057 09 01 18.12 -23 59 29.8          15.5 Vr~0qKMA84
99942         C2013 01 11.06155 09 01 17.75 -23 59 28.2          15.5 Vr~0qKMA84
99942         C2013 01 11.06246 09 01 17.41 -23 59 26.4          15.5 Vr~0qKMA84
99942         C2013 01 11.06338 09 01 17.08 -23 59 25.1          15.4 Vr~0qKMA84
99942         C2013 01 11.06429 09 01 16.68 -23 59 23.3          15.6 Vr~0qKMA84
99942         C2013 01 11.06521 09 01 16.32 -23 59 21.5          15.4 Vr~0qKMA84
99942         C2013 01 11.06611 09 01 16.00 -23 59 20.0          15.5 Vr~0qKMA84
99942         C2013 01 11.06703 09 01 15.62 -23 59 18.2          15.5 Vr~0qKMA84
99942         C2013 01 11.06793 09 01 15.28 -23 59 16.5          15.6 Vr~0qKMA84
99942         C2013 01 11.06885 09 01 14.93 -23 59 15.2          15.5 Vr~0qKMA84
99942         C2013 01 11.06976 09 01 14.58 -23 59 13.5          15.6 Vr~0qKMA84
99942         C2013 01 11.07068 09 01 14.24 -23 59 11.8          15.5 Vr~0qKMA84
99942         C2013 01 11.07160 09 01 13.89 -23 59 10.3          15.4 Vr~0qKMA84
99942         C2013 01 11.07252 09 01 13.54 -23 59 08.4          15.5 Vr~0qKMA84
99942         C2013 01 11.07342 09 01 13.18 -23 59 06.9          15.6 Vr~0qKMA84
99942         C2013 01 11.07435 09 01 12.81 -23 59 05.4          15.5 Vr~0qKMA84
99942         C2013 01 11.07525 09 01 12.50 -23 59 03.8          15.5 Vr~0qKMA84
99942         C2013 01 11.07617 09 01 12.14 -23 59 02.2          15.5 Vr~0qKMA84
99942         C2013 01 11.07800 09 01 11.45 -23 58 59.2          15.6 Vr~0qKMA84
99942         C2013 01 11.07894 09 01 11.07 -23 58 57.2          15.6 Vr~0qKMA84
99942         C2013 01 11.07986 09 01 10.71 -23 58 55.5          15.5 Vr~0qKMA84
99942         C2013 01 11.08079 09 01 10.39 -23 58 53.7          15.5 Vr~0qKMA84
99942         C2013 01 11.08446 09 01 08.95 -23 58 47.1          15.5 Vr~0qKMA84
99942         C2013 01 11.13513 09 00 52.06 -23 57 28.6          16.4 Ru~0nWYB74
99942         C2013 01 11.14368 09 00 48.81 -23 57 13.5          16.4 Ru~0nWYB74
99942         C2013 01 11.15197 09 00 45.69 -23 56 58.2          16.4 Ru~0nWYB74
99942         C2013 01 11.15807 09 00 43.30 -23 56 48.2          16.3 Ru~0nWYB74
99942        2C2013 01 11.70280108 57 31.37 -23 39 39.2          16.2 Vu~0nrVQ62
99942        2C2013 01 11.70334508 57 31.16 -23 39 38.2          16.2 Vu~0nrVQ62
99942        2C2013 01 11.70387708 57 30.97 -23 39 37.3          16.2 Vu~0nrVQ62
99942        2C2013 01 11.70439808 57 30.76 -23 39 36.3          16.1 Vu~0nrVQ62
99942        2C2013 01 11.70493108 57 30.55 -23 39 35.4          16.1 Vu~0nrVQ62
99942         C2013 01 11.85921408 56 40.308-23 36 36.08         15.93 q~0nrVC20
99942         C2013 01 11.86086108 56 39.703-23 36 33.52         16.16 q~0nrVC20
99942         C2013 01 11.86292208 56 38.913-23 36 30.05         16.05 q~0nrVC20
99942         C2013 01 11.86403008 56 38.509-23 36 28.12         15.99 q~0nrVC20
99942         C2013 01 11.86520108 56 38.057-23 36 26.18         16.23 q~0nrVC20
99942         C2013 01 11.86669708 56 37.474-23 36 23.52         15.95 q~0nrVC20
99942         C2013 01 11.86794108 56 37.014-23 36 21.50         16.23 q~0nrVC20
99942         C2013 01 11.86910908 56 36.566-23 36 19.55         16.11 q~0nrVC20
99942         C2013 01 11.86991308 56 36.264-23 36 17.91         16.12 q~0nrVC20
99942         C2013 01 11.87103008 56 35.840-23 36 16.25         16.15 q~0nrVC20
99942         C2013 01 11.87187708 56 35.515-23 36 14.91         16.09 q~0nrVC20
99942         C2013 01 11.87270408 56 35.203-23 36 13.59         16.17 q~0nrVC20
99942         C2013 01 11.87356808 56 34.879-23 36 12.06         16.04 q~0nrVC20
99942         C2013 01 11.87401308 56 34.693-23 36 11.12         16.18 q~0nrVC20
99942         C2013 01 11.87445808 56 34.535-23 36 10.49         16.05 q~0nrVC20
99942         C2013 01 11.87490008 56 34.365-23 36 09.74         16.13 q~0nrVC20
99942         C2013 01 11.87578608 56 34.037-23 36 08.51         16.14 q~0nrVC20
99942         C2013 01 11.87622908 56 33.854-23 36 07.25         16.15 q~0nrVC20
99942         C2013 01 11.87667308 56 33.672-23 36 06.54         16.15 q~0nrVC20
99942         C2013 01 11.87711608 56 33.514-23 36 06.03         16.06 q~0nrVC20
99942         C2013 01 11.87755808 56 33.350-23 36 05.01         16.04 q~0nrVC20
99942         C2013 01 11.87800008 56 33.186-23 36 04.52         16.22 q~0nrVC20
99942         C2013 01 11.87844208 56 33.022-23 36 03.64         16.11 q~0nrVC20
99942         C2013 01 11.87888608 56 32.853-23 36 02.93         16.15 q~0nrVC20
99942         C2013 01 11.87932708 56 32.687-23 36 02.17         16.12 q~0nrVC20
99942         C2013 01 11.87977008 56 32.498-23 36 01.40         16.05 q~0nrVC20
99942         C2013 01 11.88020908 56 32.335-23 36 00.66         16.02 q~0nrVC20
99942         C2013 01 11.88065108 56 32.168-23 36 00.01         15.99 q~0nrVC20
99942         C2013 01 11.88109308 56 32.000-23 35 59.21         16.04 q~0nrVC20
99942         C2013 01 11.88153408 56 31.849-23 35 58.51         16.04 q~0nrVC20
99942         C2013 01 11.88196508 56 31.669-23 35 57.67         16.12 q~0nrVC20
99942         C2013 01 11.88240708 56 31.497-23 35 56.86         16.22 q~0nrVC20
99942         C2013 01 11.88285008 56 31.337-23 35 55.99         16.18 q~0nrVC20
99942         C2013 01 11.88329208 56 31.163-23 35 55.40         16.23 q~0nrVC20
99942         C2013 01 11.88372808 56 30.995-23 35 54.63         16.08 q~0nrVC20
99942         C2013 01 11.88416708 56 30.845-23 35 53.87         16.13 q~0nrVC20
99942         C2013 01 11.88461008 56 30.663-23 35 53.08         16.28 q~0nrVC20
99942         C2013 01 11.88505108 56 30.488-23 35 52.43         16.14 q~0nrVC20
99942         C2013 01 11.88549408 56 30.326-23 35 51.64         16.26 q~0nrVC20
99942         C2013 01 11.88593508 56 30.152-23 35 50.87         16.13 q~0nrVC20
99942         C2013 01 11.88636908 56 29.983-23 35 50.01         16.11 q~0nrVC20
99942         C2013 01 11.88681108 56 29.822-23 35 49.39         16.08 q~0nrVC20
99942         C2013 01 11.88725308 56 29.649-23 35 48.50         16.11 q~0nrVC20
99942         C2013 01 11.88769408 56 29.476-23 35 47.84         16.29 q~0nrVC20
99942         C2013 01 11.88813408 56 29.317-23 35 47.04         16.10 q~0nrVC20
99942         C2013 01 11.88857508 56 29.146-23 35 46.29         16.10 q~0nrVC20
99942         C2013 01 11.88901108 56 28.982-23 35 45.47         16.15 q~0nrVC20
99942         C2013 01 11.88945208 56 28.808-23 35 44.75         16.01 q~0nrVC20
99942         C2013 01 11.88989408 56 28.644-23 35 44.00         16.04 q~0nrVC20
99942         C2013 01 11.89033608 56 28.466-23 35 43.26         16.15 q~0nrVC20
99942         C2013 01 11.89077908 56 28.313-23 35 42.68         16.14 q~0nrVC20
99942         C2013 01 11.89122208 56 28.141-23 35 41.89         16.20 q~0nrVC20
99942         C2013 01 11.89166408 56 27.969-23 35 40.98         16.04 q~0nrVC20
99942         C2013 01 11.89210408 56 27.799-23 35 40.22         15.99 q~0nrVC20
99942         C2013 01 11.89254608 56 27.626-23 35 39.37         16.06 q~0nrVC20
99942         C2013 01 11.89298808 56 27.461-23 35 38.39         16.11 q~0nrVC20
99942         C2013 01 11.89342508 56 27.299-23 35 38.01         16.07 q~0nrVC20
99942         C2013 01 11.89386408 56 27.115-23 35 37.10         16.29 q~0nrVC20
99942         C2013 01 11.89430608 56 26.960-23 35 36.38         16.07 q~0nrVC20
99942         C2013 01 11.89474408 56 26.793-23 35 35.71         15.99 q~0nrVC20
99942         C2013 01 11.89518608 56 26.618-23 35 34.83         16.08 q~0nrVC20
99942         C2013 01 11.89562708 56 26.443-23 35 34.02         16.18 q~0nrVC20
99942         C2013 01 11.89606908 56 26.285-23 35 33.41         16.10 q~0nrVC20
99942         C2013 01 11.89650408 56 26.115-23 35 32.59         16.18 q~0nrVC20
99942         C2013 01 11.89694608 56 25.949-23 35 31.91         16.07 q~0nrVC20
99942         C2013 01 11.89738808 56 25.767-23 35 30.93         16.01 q~0nrVC20
99942         C2013 01 11.89783008 56 25.618-23 35 30.29         16.10 q~0nrVC20
99942         C2013 01 11.89827208 56 25.434-23 35 29.40         16.15 q~0nrVC20
99942         C2013 01 11.89871108 56 25.268-23 35 28.76         16.06 q~0nrVC20
99942         C2013 01 11.89914808 56 25.111-23 35 27.98         16.01 q~0nrVC20
99942         C2013 01 11.89959108 56 24.945-23 35 27.16         16.23 q~0nrVC20
99942         C2013 01 11.90003208 56 24.779-23 35 26.70         16.03 q~0nrVC20
99942         C2013 01 11.90046908 56 24.578-23 35 25.94         16.12 q~0nrVC20
99942         C2013 01 11.90091108 56 24.415-23 35 24.66         15.91 q~0nrVC20
99942         C2013 01 11.90147008 56 24.204-23 35 23.70         15.82 q~0nrVC20
99942         C2013 01 11.90190708 56 24.039-23 35 22.84         15.93 q~0nrVC20
99942         C2013 01 11.90234308 56 23.884-23 35 22.11         15.79 q~0nrVC20
99942         C2013 01 11.90278508 56 23.714-23 35 21.74         15.93 q~0nrVC20
99942         C2013 01 11.90322708 56 23.543-23 35 20.94         16.15 q~0nrVC20
99942         C2013 01 11.90368208 56 23.377-23 35 20.15         16.05 q~0nrVC20
99942         C2013 01 11.90412408 56 23.202-23 35 19.38         16.15 q~0nrVC20
99942         C2013 01 11.90456608 56 23.044-23 35 18.72         16.13 q~0nrVC20
99942         C2013 01 11.90500808 56 22.857-23 35 17.71         16.18 q~0nrVC20
99942         C2013 01 11.90544908 56 22.689-23 35 17.11         16.08 q~0nrVC20
99942         C2013 01 11.90588308 56 22.522-23 35 16.34         16.05 q~0nrVC20
99942         C2013 01 11.90632608 56 22.345-23 35 15.40         16.10 q~0nrVC20
99942         C2013 01 11.90676608 56 22.191-23 35 14.84         16.14 q~0nrVC20
99942         C2013 01 11.90720808 56 22.011-23 35 14.03         16.16 q~0nrVC20
99942         C2013 01 11.90764808 56 21.843-23 35 13.08         16.07 q~0nrVC20
99942         C2013 01 11.90809008 56 21.679-23 35 12.52         16.10 q~0nrVC20
99942         C2013 01 11.90852708 56 21.522-23 35 11.62         16.11 q~0nrVC20
99942         C2013 01 11.90896708 56 21.332-23 35 10.49         15.97 q~0nrVC20
99942         C2013 01 11.90985208 56 21.015-23 35 09.42         15.85 q~0nrVC20
99942         C2013 01 11.91029408 56 20.853-23 35 08.46         16.27 q~0nrVC20
99942         C2013 01 11.91073608 56 20.651-23 35 07.60         15.95 q~0nrVC20
99942         C2013 01 11.91117808 56 20.506-23 35 07.05         16.07 q~0nrVC20
99942         C2013 01 11.91162008 56 20.319-23 35 06.42         15.84 q~0nrVC20
99942         C2013 01 11.91206408 56 20.161-23 35 05.59         16.18 q~0nrVC20
99942         C2013 01 11.91301 08 56 19.94 -23 35 03.7          15.8 Ru~0nrVC40
99942         C2013 01 11.91394 08 56 19.57 -23 35 01.4          15.9 Ru~0nrVC40
99942         C2013 01 11.94372 08 56 10.78 -23 34 04.9          15.7 Vo~0nrVC77
99942         C2013 01 11.94410 08 56 10.54 -23 34 04.8          15.8 Vo~0nrVC77
99942         C2013 01 11.94447 08 56 10.44 -23 34 02.7          15.8 Vo~0nrVC77
99942         C2013 01 11.94485 08 56 10.31 -23 34 02.4          15.9 Vo~0nrVC77
99942         C2013 01 11.94523 08 56 10.17 -23 34 01.6          16.0 Vo~0nrVC77
99942        KC2013 01 11.94542 08 56 10.09 -23 34 01.8          15.9 Vo~0nrVC77
99942         C2013 01 11.94561 08 56 09.99 -23 34 02.4          15.7 Vo~0nrVC77
99942         C2013 01 11.94600 08 56 09.92 -23 34 00.8          15.9 Vo~0nrVC77
99942        KC2013 01 11.97760 08 55 58.06 -23 33 06.3          15.3 Ru~0nrVK21
99942         C2013 01 11.98934 08 55 52.98 -23 32 46.1          15.3 Rq~0nrV470
99942         C2013 01 11.99013 08 55 52.70 -23 32 44.8          15.3 Rq~0nrV470
99942         C2013 01 11.99052 08 55 52.53 -23 32 44.1          15.3 Rq~0nrV470
99942         C2013 01 11.99091 08 55 52.37 -23 32 43.0          14.6 Rq~0nrV470
99942         C2013 01 11.99131 08 55 52.18 -23 32 42.5          15.3 Rq~0nrW470
99942        KC2013 01 11.99375 08 55 51.87 -23 32 38.5          15.0 Ru~0nrWK21
99942        KC2013 01 12.01543 08 55 43.61 -23 32 00.5          15.1 Ru~0nrWK21
99942        KC2013 01 12.04724 08 55 31.66 -23 31 02.6          14.7 Rc~0nrW213
99942        KC2013 01 12.05272 08 55 29.55 -23 30 52.8          14.7 Rc~0nrW213
99942         C2013 01 12.07422 08 55 21.36 -23 30 13.7          15.7 Ru~0nrWB74
99942         C2013 01 12.07720 08 55 20.23 -23 30 08.5          15.6 Ru~0nrWB74
99942         C2013 01 12.08457 08 55 17.39 -23 29 55.1          15.6 Ru~0nrWB74
99942         C2013 01 12.09067 08 55 15.05 -23 29 44.0          14.8 Rc~0nrW232
99942         C2013 01 12.10344 08 55 10.17 -23 29 20.5          14.7 Rc~0nrW232
99942         C2013 01 12.11341 08 55 05.88 -23 29 03.2                t~0nrW204
99942         C2013 01 12.11577 08 55 04.98 -23 28 58.8                t~0nrW204
99942         C2013 01 12.11836 08 55 04.01 -23 28 53.8                t~0nrW204
99942         C2013 01 12.12094 08 55 03.03 -23 28 48.9                t~0nrW204
99942         C2013 01 12.12229 08 55 02.95 -23 28 45.2          14.8 Rc~0nrW232
99942         C2013 01 12.12354 08 55 02.03 -23 28 44.2          15.2 Rt~0nrW204
99942         C2013 01 12.20833 08 54 34.73 -23 24 31.7                u~0nrW844
99942         C2013 01 12.21020 08 54 34.04 -23 24 28.4                u~0nrW844
99942         C2013 01 12.21206 08 54 33.30 -23 24 24.8                u~0nrW844
99942         C2013 01 12.21391 08 54 32.58 -23 24 21.5                u~0nrW844
99942         C2013 01 12.21578 08 54 31.86 -23 24 18.1                u~0nrW844
99942        KC2013 01 12.97090 08 50 09.51 -23 02 09.0          15.6 Rr~0nrWJ47
99942        KC2013 01 12.98803 08 50 02.99 -23 01 38.4          15.9 Rr~0nrWJ47
99942        KC2013 01 13.00305 08 49 57.26 -23 01 11.4          16.0 Rr~0nrWJ47
99942        KC2013 01 13.01878708 49 49.02 -23 01 01.4          16.4 Vu~0nrW510
99942        KC2013 01 13.02405208 49 47.04 -23 00 51.5          16.3 Vu~0nrW510
99942        KC2013 01 13.02931708 49 45.05 -23 00 41.4          16.4 Vu~0nrW510
99942        KC2013 01 13.03458108 49 43.07 -23 00 31.0          16.3 Vu~0nrW510
99942        KC2013 01 13.03984608 49 41.07 -23 00 21.3          16.3 Vu~0nrW510
99942        KC2013 01 13.04511208 49 39.07 -23 00 10.9          16.2 Vu~0nrW510
99942        KC2013 01 13.05037608 49 37.08 -23 00 00.5          16.2 Vu~0nrW510
99942        KC2013 01 13.05564008 49 35.09 -22 59 50.4          16.4 Vu~0nrW510
99942        KC2013 01 13.06090508 49 33.12 -22 59 40.1          16.2 Vu~0nrW510
99942        KC2013 01 13.06616908 49 31.11 -22 59 30.0          16.3 Vu~0nrW510
99942        KC2013 01 13.07143308 49 29.14 -22 59 19.7          16.1 Vu~0nrW510
99942        KC2013 01 13.07669808 49 27.14 -22 59 09.7          16.1 Vu~0nrW510
99942        KC2013 01 13.08196408 49 25.16 -22 58 58.9          16.1 Vu~0nrW510
99942        KC2013 01 13.08722908 49 23.21 -22 58 48.5          16.0 Vu~0nrW510
99942        KC2013 01 13.09249408 49 21.18 -22 58 37.9          16.0 Vu~0nrW510
99942        KC2013 01 13.09775808 49 19.21 -22 58 27.9          16.1 Vu~0nrW510
99942        *C2013 01 13.33777 08 47 56.81 -22 50 30.9          14.9 Ru~0nrWH06
99942        *C2013 01 13.34850 08 47 52.68 -22 50 10.4          14.9 Ru~0nrWH06
99942        *C2013 01 13.34956 08 47 52.28 -22 50 08.3          15.0 Ru~0nrWH06
99942        *C2013 01 13.35865 08 47 48.78 -22 49 50.2          14.7 Ru~0nrWH06
99942         C2013 01 13.84462708 45 01.309-22 33 48.32         15.96 q~0nrWC20
99942         C2013 01 13.84763508 45 00.185-22 33 42.53         15.95 q~0nrWC20
99942         C2013 01 13.84921808 44 59.588-22 33 39.49         15.93 q~0nrWC20
99942         C2013 01 13.85099208 44 58.924-22 33 36.09         15.90 q~0nrWC20
99942         C2013 01 13.85143308 44 58.752-22 33 35.16         15.88 q~0nrWC20
99942         C2013 01 13.85187608 44 58.590-22 33 34.25         15.88 q~0nrWC20
99942         C2013 01 13.85231808 44 58.421-22 33 33.56         15.94 q~0nrWC20
99942         C2013 01 13.85276008 44 58.251-22 33 32.60         15.89 q~0nrWC20
99942         C2013 01 13.85320308 44 58.088-22 33 31.82         15.87 q~0nrWC20
99942         C2013 01 13.85363808 44 57.941-22 33 31.12         15.89 q~0nrWC20
99942         C2013 01 13.85408108 44 57.755-22 33 29.99         15.89 q~0nrWC20
99942         C2013 01 13.85452308 44 57.590-22 33 29.04         15.81 q~0nrWC20
99942         C2013 01 13.85496608 44 57.419-22 33 28.29         15.90 q~0nrWC20
99942         C2013 01 13.85589308 44 57.083-22 33 26.71         15.81 q~0nrWC20
99942         C2013 01 13.85616108 44 56.972-22 33 25.94         15.87 q~0nrWC20
99942         C2013 01 13.86117508 44 55.087-22 33 16.40         15.88 q~0nrWC20
99942         C2013 01 13.86161808 44 54.920-22 33 15.24         15.93 q~0nrWC20
99942         C2013 01 13.86206108 44 54.758-22 33 14.59         15.94 q~0nrWC20
99942         C2013 01 13.86250408 44 54.580-22 33 13.53         15.97 q~0nrWC20
99942         C2013 01 13.86294708 44 54.422-22 33 12.80         15.92 q~0nrWC20
99942         C2013 01 13.86338308 44 54.253-22 33 11.84         15.88 q~0nrWC20
99942         C2013 01 13.86382208 44 54.088-22 33 11.21         15.90 q~0nrWC20
99942         C2013 01 13.86426408 44 53.925-22 33 10.27         15.96 q~0nrWC20
99942         C2013 01 13.86470808 44 53.755-22 33 09.22         15.90 q~0nrWC20
99942         C2013 01 13.86515108 44 53.589-22 33 08.52         15.88 q~0nrWC20
99942         C2013 01 13.86596508 44 53.284-22 33 07.06MPS45167415.25Rq97574C20
99942         C2013 01 13.86689508 44 52.912-22 33 04.95MPS45167415.80Vq97574C20
99942         C2013 01 13.86758808 44 52.669-22 33 03.60MPS45167415.34Rq97574C20
99942         C2013 01 13.86830808 44 52.395-22 33 02.43MPS45167415.87Vq97574C20
99942         C2013 01 13.86911108 44 52.094-22 33 00.77MPS45167415.23Rq97574C20
99942         C2013 01 13.86989908 44 51.810-22 32 59.44MPS45167415.79Vq97574C20
99942         C2013 01 13.87081208 44 51.446-22 32 57.27MPS45167415.38Rq97574C20
99942         C2013 01 13.87199208 44 51.019-22 32 55.34MPS45167415.87Vq97574C20
99942         C2013 01 13.87304108 44 50.614-22 32 53.06MPS45167415.40Rq97574C20
99942         C2013 01 13.87426208 44 50.141-22 32 50.73MPS45167415.91Vq97574C20
99942         C2013 01 13.87524808 44 49.773-22 32 48.53MPS45167415.27Rq97574C20
99942         C2013 01 13.87648408 44 49.324-22 32 46.33MPS45167416.00Vq97574C20
99942         C2013 01 13.87745808 44 48.939-22 32 44.35MPS45167415.37Rq97574C20
99942         C2013 01 13.87840308 44 48.581-22 32 42.46MPS45167415.86Iq97574C20
99942         C2013 01 13.87962308 44 48.140-22 32 40.17MPS45167415.29Rq97574C20
99942         C2013 01 13.88678508 44 45.435-22 32 26.12MPS45167415.73Iq97574C20
99942         C2013 01 13.89006108 44 44.176-22 32 19.54MPS45167415.80Iq97574C20
99942         C2013 01 13.89163108 44 43.583-22 32 16.40MPS45167415.30Rq97574C20
99942         C2013 01 13.89325308 44 42.961-22 32 13.03MPS45167415.68Iq97574C20
99942         C2013 01 13.89484108 44 42.374-22 32 10.04MPS45167415.29Rq97574C20
99942         C2013 01 13.89582208 44 41.999-22 32 08.10MPS45167415.85Iq97574C20
99942         C2013 01 13.89701808 44 41.546-22 32 05.68MPS45167415.85Vq97574C20
99942         C2013 01 13.89807808 44 41.128-22 32 03.54MPS45167416.29Bq97574C20
99942         C2013 01 13.89940908 44 40.649-22 32 00.84MPS45167415.87Vq97574C20
99942         C2013 01 13.90105408 44 40.027-22 31 57.87MPS45167416.44Bq97574C20
99942         C2013 01 13.90239008 44 39.510-22 31 54.90MPS45167415.81Vq97574C20
99942         C2013 01 13.90353608 44 39.045-22 31 52.29MPS45167416.37Bq97574C20
99942         C2013 01 13.90594208 44 38.143-22 31 48.02MPS45167416.40Bq97574C20
99942         C2013 01 13.90741908 44 37.607-22 31 45.01         15.78 q~0nrWC20
99942         C2013 01 13.90813008 44 37.334-22 31 43.39         15.80 q~0nrWC20
99942         C2013 01 13.90857108 44 37.157-22 31 42.55         15.85 q~0nrWC20
99942         C2013 01 13.90901308 44 36.998-22 31 41.65         15.79 q~0nrWC20
99942         C2013 01 13.90945408 44 36.819-22 31 40.92         15.85 q~0nrWC20
99942         C2013 01 13.90989408 44 36.654-22 31 39.92         15.99 q~0nrWC20
99942         C2013 01 13.91033408 44 36.501-22 31 38.82         15.92 q~0nrWC20
99942         C2013 01 13.91084 08 44 37.43 -22 31 31.5          15.2 Vr~0qKMA84
99942         C2013 01 13.91122008 44 36.166-22 31 37.36         15.89 q~0nrWC20
99942         C2013 01 13.91166108 44 35.995-22 31 36.47         15.89 q~0nrWC20
99942         C2013 01 13.91210108 44 35.822-22 31 35.49         16.02 q~0nrWC20
99942         C2013 01 13.91254408 44 35.659-22 31 34.69         16.04 q~0nrWC20
99942         C2013 01 13.91298708 44 35.487-22 31 33.75         16.13 q~0nrWC20
99942         C2013 01 13.91329 08 44 36.51 -22 31 26.7          15.2 Vr~0qKMA84
99942         C2013 01 13.91419 08 44 36.16 -22 31 24.9          15.2 Vr~0qKMA84
99942         C2013 01 13.91510 08 44 35.81 -22 31 23.2          15.2 Vr~0qKMA84
99942         C2013 01 13.91602 08 44 35.45 -22 31 21.3          15.2 Vr~0qKMA84
99942         C2013 01 13.92034 08 44 33.80 -22 31 12.6          15.3 Vr~0qKMA84
99942         C2013 01 13.92125 08 44 33.45 -22 31 11.0          15.2 Vr~0qKMA84
99942         C2013 01 13.92216 08 44 33.11 -22 31 09.1          15.2 Vr~0qKMA84
99942         C2013 01 13.92307 08 44 32.80 -22 31 07.5          15.2 Vr~0qKMA84
99942         C2013 01 13.92398 08 44 32.43 -22 31 05.7          15.2 Vr~0qKMA84
99942         C2013 01 13.92489 08 44 32.08 -22 31 03.9          15.2 Vr~0qKMA84
99942         C2013 01 13.92630 08 44 31.52 -22 31 01.0          15.2 Vr~0qKMA84
99942         C2013 01 13.92716 08 44 31.20 -22 30 59.3          15.2 Vr~0qKMA84
99942         C2013 01 13.92802 08 44 30.88 -22 30 57.6          15.1 Vr~0qKMA84
99942         C2013 01 13.92887 08 44 30.55 -22 30 55.9          15.1 Vr~0qKMA84
99942         C2013 01 13.92972 08 44 30.23 -22 30 54.1          15.2 Vr~0qKMA84
99942         C2013 01 13.92995308 44 29.046-22 30 59.53         15.74 q~0nrWC20
99942         C2013 01 13.93057 08 44 29.89 -22 30 52.5          15.2 Vr~0qKMA84
99942         C2013 01 13.93068208 44 28.774-22 30 58.00         15.77 q~0nrWC20
99942         C2013 01 13.93112508 44 28.614-22 30 57.22         15.79 q~0nrWC20
99942         C2013 01 13.93144 08 44 29.57 -22 30 50.8          15.2 Vr~0qKMA84
99942         C2013 01 13.93156808 44 28.440-22 30 56.28         15.76 q~0nrWC20
99942         C2013 01 13.93201008 44 28.276-22 30 55.26         15.74 q~0nrWC20
99942         C2013 01 13.93230 08 44 29.24 -22 30 49.1          15.2 Vr~0qKMA84
99942         C2013 01 13.93245308 44 28.100-22 30 54.46         15.68 q~0nrWC20
99942         C2013 01 13.93289608 44 27.933-22 30 53.51         15.72 q~0nrWC20
99942         C2013 01 13.93315 08 44 28.90 -22 30 47.2          15.2 Vr~0qKMA84
99942         C2013 01 13.93334008 44 27.758-22 30 52.61         15.74 q~0nrWC20
99942         C2013 01 13.93378208 44 27.604-22 30 51.81         15.73 q~0nrWC20
99942         C2013 01 13.93422508 44 27.434-22 30 50.81         15.61 q~0nrWC20
99942         C2013 01 13.93466708 44 27.268-22 30 50.15         15.72 q~0nrWC20
99942         C2013 01 13.93511008 44 27.095-22 30 49.08         15.65 q~0nrWC20
99942         C2013 01 13.93527 08 44 28.10 -22 30 43.0          15.2 Vr~0qKMA84
99942         C2013 01 13.93555308 44 26.928-22 30 48.23         15.65 q~0nrWC20
99942         C2013 01 13.93599608 44 26.766-22 30 47.34         15.76 q~0nrWC20
99942         C2013 01 13.93613 08 44 27.80 -22 30 41.4          15.1 Vr~0qKMA84
99942         C2013 01 13.93643908 44 26.590-22 30 46.41         15.69 q~0nrWC20
99942         C2013 01 13.93688108 44 26.420-22 30 45.51         15.69 q~0nrWC20
99942         C2013 01 13.93697 08 44 27.47 -22 30 40.1          15.1 Vr~0qKMA84
99942         C2013 01 13.93732508 44 26.245-22 30 44.69         15.67 q~0nrWC20
99942         C2013 01 13.93776908 44 26.087-22 30 43.66         15.73 q~0nrWC20
99942         C2013 01 13.93783 08 44 27.14 -22 30 38.2          15.2 Vr~0qKMA84
99942         C2013 01 13.93821108 44 25.913-22 30 42.61         15.65 q~0nrWC20
99942         C2013 01 13.93865508 44 25.752-22 30 41.84         15.69 q~0nrWC20
99942         C2013 01 13.93909808 44 25.586-22 30 40.96         15.72 q~0nrWC20
99942         C2013 01 13.93953 08 44 26.47 -22 30 34.7          15.1 Vr~0qKMA84
99942         C2013 01 13.94039 08 44 26.17 -22 30 32.9          15.1 Vr~0qKMA84
99942         C2013 01 13.94123 08 44 25.83 -22 30 31.5          15.1 Vr~0qKMA84
99942         C2013 01 13.94208 08 44 25.50 -22 30 29.6          15.1 Vr~0qKMA84
99942         C2013 01 13.94293 08 44 25.18 -22 30 27.7          15.1 Vr~0qKMA84
99942         C2013 01 13.94534 08 44 24.29 -22 30 23.2          15.1 Vr~0qKNA84
99942         C2013 01 13.94619 08 44 23.95 -22 30 21.4          15.0 Vr~0qKNA84
99942         C2013 01 13.94704 08 44 23.60 -22 30 19.6          15.0 Vr~0qKNA84
99942         C2013 01 13.94789 08 44 23.28 -22 30 17.9          15.0 Vr~0qKNA84
99942         C2013 01 13.94874 08 44 22.95 -22 30 16.2          15.1 Vr~0qKNA84
99942         C2013 01 13.94959 08 44 22.63 -22 30 14.5          15.1 Vr~0qKNA84
99942         C2013 01 13.95043 08 44 22.30 -22 30 12.8          15.0 Vr~0qKNA84
99942         C2013 01 13.95129 08 44 21.98 -22 30 11.1          15.0 Vr~0qKNA84
99942         C2013 01 13.95214 08 44 21.66 -22 30 09.2          15.0 Vr~0qKNA84
99942         C2013 01 13.95299 08 44 21.33 -22 30 07.6          15.1 Vr~0qKNA84
99942         C2013 01 13.95401 08 44 20.96 -22 30 05.6          15.0 Vr~0qKNA84
99942         C2013 01 13.95486 08 44 20.63 -22 30 03.9          15.0 Vr~0qKNA84
99942         C2013 01 13.95570 08 44 20.32 -22 30 02.0          15.1 Vr~0qKNA84
99942         C2013 01 13.95740 08 44 19.68 -22 29 58.9          15.0 Vr~0qKNA84
99942         C2013 01 13.95825 08 44 19.32 -22 29 57.2          15.0 Vr~0qKNA84
99942         C2013 01 13.95909 08 44 19.01 -22 29 55.2          15.0 Vr~0qKNA84
99942         C2013 01 13.95995 08 44 18.69 -22 29 53.6          15.1 Vr~0qKNA84
99942         C2013 01 13.96079 08 44 18.35 -22 29 51.9          15.0 Vr~0qKNA84
99942         C2013 01 13.96164 08 44 18.03 -22 29 50.2          15.0 Vr~0qKNA84
99942         C2013 01 13.96249 08 44 17.70 -22 29 48.5          15.1 Vr~0qKNA84
99942         C2013 01 13.96334 08 44 17.37 -22 29 46.9          15.0 Vr~0qKNA84
99942         C2013 01 13.96418 08 44 17.07 -22 29 45.1          15.0 Vr~0qKNA84
99942         C2013 01 13.96504 08 44 16.73 -22 29 43.3          15.0 Vr~0qKNA84
99942         C2013 01 13.96589 08 44 16.42 -22 29 41.6          15.0 Vr~0qKNA84
99942         C2013 01 13.96674 08 44 16.07 -22 29 39.6          15.1 Vr~0qKNA84
99942         C2013 01 13.96759 08 44 15.78 -22 29 38.3          15.1 Vr~0qKNA84
99942         C2013 01 13.96843 08 44 15.44 -22 29 36.4          15.0 Vr~0qKNA84
99942         C2013 01 13.96929 08 44 15.09 -22 29 34.6          15.0 Vr~0qKNA84
99942         C2013 01 13.97014 08 44 14.78 -22 29 33.0          15.0 Vr~0qKNA84
99942         C2013 01 13.97180 08 44 14.15 -22 29 29.5          15.1 Vr~0qKNA84
99942         C2013 01 13.97264 08 44 13.83 -22 29 27.9          15.0 Vr~0qKNA84
99942         C2013 01 13.97350 08 44 13.49 -22 29 26.2          15.0 Vr~0qKNA84
99942         C2013 01 13.97436 08 44 13.17 -22 29 24.3          15.0 Vr~0qKNA84
99942         C2013 01 13.97520 08 44 12.85 -22 29 22.7          15.0 Vr~0qKNA84
99942         C2013 01 13.97605 08 44 12.52 -22 29 20.9          15.0 Vr~0qKNA84
99942         C2013 01 13.97690 08 44 12.21 -22 29 19.2          15.0 Vr~0qKNA84
99942         C2013 01 13.97861 08 44 11.55 -22 29 15.6          15.0 Vr~0qKNA84
99942         C2013 01 13.97946 08 44 11.22 -22 29 13.9          15.0 Vr~0qKNA84
99942         C2013 01 13.98031 08 44 10.91 -22 29 12.3          15.0 Vr~0qKNA84
99942         C2013 01 13.98116 08 44 10.57 -22 29 10.4          15.0 Vr~0qKNA84
99942         C2013 01 13.98201 08 44 10.24 -22 29 08.6          15.0 Vr~0qKNA84
99942         C2013 01 13.98286 08 44 09.93 -22 29 07.0          15.0 Vr~0qKNA84
99942         C2013 01 13.98372 08 44 09.60 -22 29 05.2          15.0 Vr~0qKNA84
99942         C2013 01 13.98554 08 44 08.92 -22 29 01.5          15.0 Vr~0qKNA84
99942         C2013 01 13.98638 08 44 08.58 -22 28 59.8          15.0 Vr~0qKNA84
99942         C2013 01 13.98724 08 44 08.24 -22 28 58.0          15.0 Vr~0qKNA84
99942         C2013 01 13.98808 08 44 07.92 -22 28 56.2          15.0 Vr~0qKNA84
99942         C2013 01 13.98901 08 44 07.57 -22 28 54.3          15.0 Vr~0qKNA84
99942         C2013 01 13.98986 08 44 07.25 -22 28 52.5          15.0 Vr~0qKNA84
99942         C2013 01 13.99071 08 44 06.90 -22 28 50.6          15.0 Vr~0qKNA84
99942         C2013 01 13.99156 08 44 06.60 -22 28 49.0          15.0 Vr~0qKNA84
99942         C2013 01 13.99241 08 44 06.26 -22 28 47.2          15.0 Vr~0qKNA84
99942         C2013 01 13.99326 08 44 05.94 -22 28 45.4          15.0 Vr~0qKNA84
99942         C2013 01 13.99411 08 44 05.62 -22 28 43.7          15.0 Vr~0qKNA84
99942         C2013 01 13.99497 08 44 05.29 -22 28 42.1          15.0 Vr~0qKNA84
99942         C2013 01 13.99582 08 44 04.97 -22 28 40.2          15.0 Vr~0qKNA84
99942         C2013 01 13.99667 08 44 04.64 -22 28 38.4          15.0 Vr~0qKNA84
99942         C2013 01 13.99752 08 44 04.31 -22 28 36.7          15.0 Vr~0qKNA84
99942         C2013 01 13.99857 08 44 03.91 -22 28 34.5          15.0 Vr~0qKNA84
99942         C2013 01 13.99943 08 44 03.57 -22 28 32.7          15.0 Vr~0qKNA84
99942         C2013 01 14.00028 08 44 03.27 -22 28 31.1          15.1 Vr~0qKNA84
99942         C2013 01 14.00113 08 44 02.94 -22 28 29.1          15.0 Vr~0qKNA84
99942         C2013 01 14.00198 08 44 02.62 -22 28 27.5          15.0 Vr~0qKNA84
99942         C2013 01 14.00283 08 44 02.28 -22 28 25.5          15.0 Vr~0qKNA84
99942         C2013 01 14.00369 08 44 01.97 -22 28 23.9          15.0 Vr~0qKNA84
99942         C2013 01 14.00453 08 44 01.65 -22 28 22.1          15.0 Vr~0qKNA84
99942         C2013 01 14.00539 08 44 01.31 -22 28 20.3          15.0 Vr~0qKNA84
99942         C2013 01 14.00623 08 44 00.97 -22 28 18.6          15.0 Vr~0qKNA84
99942         C2013 01 14.00709 08 44 00.67 -22 28 16.8          15.0 Vr~0qKNA84
99942         C2013 01 14.00793 08 44 00.35 -22 28 15.0          15.0 Vr~0qKNA84
99942         C2013 01 14.00879 08 44 00.01 -22 28 13.1          15.0 Vr~0qKNA84
99942         C2013 01 14.00964 08 43 59.70 -22 28 11.5          15.0 Vr~0qKNA84
99942         C2013 01 14.01049 08 43 59.37 -22 28 09.6          15.0 Vr~0qKNA84
99942         C2013 01 14.01134 08 43 59.05 -22 28 08.0          15.0 Vr~0qKNA84
99942         C2013 01 14.01219 08 43 58.73 -22 28 06.1          15.0 Vr~0qKNA84
99942         C2013 01 14.01305 08 43 58.40 -22 28 04.3          15.0 Vr~0qKNA84
99942         C2013 01 14.01389 08 43 58.08 -22 28 02.7          15.0 Vr~0qKNA84
99942         C2013 01 14.01475 08 43 57.75 -22 28 00.7          15.0 Vr~0qKNA84
99942         C2013 01 14.02028 08 43 55.64 -22 27 49.1          15.1 Vr~0qKNA84
99942         C2013 01 14.02205 08 43 54.96 -22 27 45.7          15.3 Vr~0qKNA84
99942         C2013 01 14.02628 08 43 53.38 -22 27 36.7          15.1 Vr~0qKNA84
99942         C2013 01 14.02715 08 43 53.04 -22 27 34.7          15.0 Vr~0qKNA84
99942         C2013 01 14.02810 08 43 52.68 -22 27 32.8          15.2 Vr~0qKNA84
99942         C2013 01 14.02901 08 43 52.32 -22 27 30.9          15.0 Vr~0qKNA84
99942         C2013 01 14.03077 08 43 51.64 -22 27 27.1          15.1 Vr~0qKNA84
99942         C2013 01 14.03170 08 43 51.31 -22 27 25.1          15.1 Vr~0qKNA84
99942         C2013 01 14.03256 08 43 50.98 -22 27 23.1          14.9 Vr~0qKNA84
99942         C2013 01 14.03344 08 43 50.64 -22 27 21.6          15.1 Vr~0qKNA84
99942         C2013 01 14.03437 08 43 50.29 -22 27 19.5          14.9 Vr~0qKNA84
99942         C2013 01 14.03525 08 43 49.95 -22 27 17.6          15.0 Vr~0qKNA84
99942         C2013 01 14.03614 08 43 49.63 -22 27 15.8          15.1 Vr~0qKNA84
99942         C2013 01 14.03707 08 43 49.25 -22 27 13.8          15.0 Vr~0qKNA84
99942         C2013 01 14.03793 08 43 48.94 -22 27 11.9          14.9 Vr~0qKNA84
99942         C2013 01 14.03899 08 43 48.55 -22 27 09.9          15.1 Vr~0qKNA84
99942         C2013 01 14.03991 08 43 48.19 -22 27 07.6          15.0 Vr~0qKNA84
99942         C2013 01 14.04078 08 43 47.87 -22 27 06.0          15.0 Vr~0qKNA84
99942         C2013 01 14.04167 08 43 47.53 -22 27 04.2          15.0 Vr~0qKNA84
99942         C2013 01 14.04260 08 43 47.18 -22 27 01.9          15.0 Vr~0qKNA84
99942         C2013 01 14.04348 08 43 46.84 -22 27 00.1          15.0 Vr~0qKNA84
99942         C2013 01 14.04442 08 43 46.49 -22 26 58.4          15.1 Vr~0qKNA84
99942         C2013 01 14.04534 08 43 46.16 -22 26 56.5          15.0 Vr~0qKNA84
99942         C2013 01 14.04622 08 43 45.79 -22 26 54.5          15.0 Vr~0qKNA84
99942         C2013 01 14.04803 08 43 45.14 -22 26 50.8          15.0 Vr~0qKNA84
99942         C2013 01 14.04891 08 43 44.78 -22 26 48.6          15.0 Vr~0qKNA84
99942         C2013 01 14.70801 08 39 58.55 -22 02 30.2          14.7 Ru~0olWD20
99942         C2013 01 14.70831 08 39 58.42 -22 02 29.6          14.7 Ru~0olWD20
99942         C2013 01 14.70862 08 39 58.31 -22 02 29.0          14.6 Ru~0olXD20
99942         C2013 01 14.71277 08 39 56.73 -22 02 20.2          14.7 Ru~0olXD20
99942         C2013 01 14.71308 08 39 56.61 -22 02 19.7          14.7 Ru~0olXD20
99942         C2013 01 14.71338 08 39 56.50 -22 02 18.9          14.7 Ru~0olXD20
99942         C2013 01 14.73557 08 39 48.03 -22 01 31.9          14.7 Ru~0olXD20
99942         C2013 01 14.73588 08 39 47.90 -22 01 31.2          14.7 Ru~0olXD20
99942         C2013 01 14.73619 08 39 47.79 -22 01 30.7          14.8 Ru~0olXD20
99942         C2013 01 14.74582 08 39 44.12 -22 01 10.0          14.8 Ru~0olXD20
99942         C2013 01 14.74612 08 39 44.02 -22 01 09.2          14.5 Ru~0olXD20
99942         C2013 01 15.74313 08 34 00.20 -21 24 58.3          14.8 Ru~0olXD20
99942         C2013 01 15.74343 08 34 00.08 -21 24 57.6          14.9 Ru~0olXD20
99942         C2013 01 15.74374 08 33 59.96 -21 24 56.9          14.8 Ru~0olXD20
99942         C2013 01 16.05841 08 32 17.95 -21 12 49.7          15.1 Ru~0oAHI47
99942         C2013 01 16.05879 08 32 17.81 -21 12 49.2          15.1 Ru~0oAHI47
99942         C2013 01 16.05918 08 32 17.68 -21 12 48.2          15.1 Ru~0oAHI47
99942         C2013 01 16.05957 08 32 17.54 -21 12 47.4          15.0 Ru~0oAHI47
99942         C2013 01 16.05995 08 32 17.40 -21 12 46.7          15.0 Ru~0oAHI47
99942         C2013 01 16.06034 08 32 17.27 -21 12 45.6          15.1 Ru~0oAHI47
99942         C2013 01 16.06073 08 32 17.13 -21 12 44.8          15.0 Ru~0oAHI47
99942         C2013 01 16.06112 08 32 17.00 -21 12 44.1          14.9 Ru~0oAHI47
99942         C2013 01 16.06150 08 32 16.86 -21 12 43.6          15.0 Ru~0oAHI47
99942         C2013 01 16.06189 08 32 16.72 -21 12 42.5          15.1 Ru~0oAHI47
99942         C2013 01 16.06227 08 32 16.57 -21 12 41.8          15.1 Ru~0oAHI47
99942         C2013 01 16.06266 08 32 16.44 -21 12 40.9          15.1 Ru~0oAHI47
99942         C2013 01 16.06305 08 32 16.31 -21 12 40.0          15.0 Ru~0oAHI47
99942         C2013 01 16.06343 08 32 16.16 -21 12 39.1          15.0 Ru~0oAHI47
99942         C2013 01 16.06382 08 32 16.02 -21 12 38.4          15.1 Ru~0oAHI47
99942         C2013 01 16.06421 08 32 15.88 -21 12 37.5          15.1 Ru~0oAHI47
99942         C2013 01 16.06459 08 32 15.75 -21 12 36.8          15.1 Ru~0oAHI47
99942         C2013 01 16.06498 08 32 15.61 -21 12 35.9          15.1 Ru~0oAHI47
99942         C2013 01 16.06536 08 32 15.47 -21 12 35.1          15.1 Ru~0oAHI47
99942         C2013 01 16.06575 08 32 15.33 -21 12 34.3          15.1 Ru~0oAHI47
99942         C2013 01 16.06614 08 32 15.20 -21 12 33.4          15.0 Ru~0oAHI47
99942         C2013 01 16.06652 08 32 15.05 -21 12 32.7          15.1 Ru~0oAHI47
99942         C2013 01 16.06691 08 32 14.91 -21 12 31.8          15.0 Ru~0oAHI47
99942         C2013 01 16.74047 08 28 20.96 -20 47 00.6          15.2 Ru~0olXD20
99942         C2013 01 16.74078 08 28 20.85 -20 46 59.9          15.1 Ru~0olXD20
99942         C2013 01 16.74108 08 28 20.74 -20 46 59.1          15.1 Ru~0olXD20
99942         C2013 01 16.85974 08 27 43.56 -20 43 57.6          15.9 Ru~0nrWC40
99942         C2013 01 16.86071 08 27 43.22 -20 43 54.3          16.0 Ru~0nrWC40
99942         C2013 01 16.86177 08 27 42.86 -20 43 52.4          16.1 Ru~0nrWC40
99942         C2013 01 17.67131 08 23 11.61 -20 10 05.8          15.2 Ru~0olXD20
99942         C2013 01 17.67161 08 23 11.50 -20 10 05.1          15.2 Ru~0olXD20
99942         C2013 01 17.67192 08 23 11.39 -20 10 04.4          15.2 Ru~0olXD20
99942         C2013 01 17.67407 08 23 10.61 -20 09 59.2          15.2 Ru~0olXD20
99942         C2013 01 17.67439 08 23 10.49 -20 09 58.5          15.2 Ru~0olXD20
99942         C2013 01 17.67469 08 23 10.38 -20 09 57.8          15.2 Ru~0olXD20
99942         C2013 01 17.69600 08 23 02.59 -20 09 06.5          15.1 Ru~0olXD20
99942         C2013 01 17.69630 08 23 02.48 -20 09 05.8          15.0 Ru~0olXD20
99942         C2013 01 17.69661 08 23 02.37 -20 09 05.0          15.1 Ru~0olXD20
99942         C2013 01 17.70803 08 22 58.19 -20 08 37.4          15.0 Ru~0olXD20
99942         C2013 01 17.70833 08 22 58.07 -20 08 36.6          15.0 Ru~0olXD20
99942         C2013 01 17.71259 08 22 56.52 -20 08 26.2          15.1 Ru~0olXD20
99942         C2013 01 17.71291 08 22 56.41 -20 08 25.4          15.1 Ru~0olXD20
99942         C2013 01 17.71321 08 22 56.30 -20 08 24.7          15.0 Ru~0olXD20
99942         C2013 01 17.72725 08 22 51.17 -20 07 50.4          15.0 Ru~0olXD20
99942         C2013 01 17.72755 08 22 51.06 -20 07 49.7          15.0 Ru~0olXD20
99942         C2013 01 17.72786 08 22 50.94 -20 07 48.9          15.0 Ru~0olXD20
99942         C2013 01 17.73250 08 22 49.25 -20 07 37.4          15.0 Ru~0olXD20
99942         C2013 01 17.73281 08 22 49.14 -20 07 36.7          15.0 Ru~0olXD20
99942         C2013 01 17.73311 08 22 49.01 -20 07 35.9          15.0 Ru~0olXD20
99942         C2013 01 18.66772 08 17 44.19 -19 29 07.3          15.1 Ru~0olXD20
99942         C2013 01 18.66802 08 17 44.09 -19 29 06.5          15.1 Ru~0olXD20
99942         C2013 01 18.66833 08 17 43.98 -19 29 05.7          15.1 Ru~0olXD20
99942         C2013 01 18.66943 08 17 43.59 -19 29 03.2          15.1 Ru~0olXD20
99942         C2013 01 18.66975 08 17 43.48 -19 29 02.3          15.1 Ru~0olXD20
99942         C2013 01 18.67005 08 17 43.37 -19 29 01.5          15.0 Ru~0olXD20
99942         C2013 01 18.67140 08 17 42.89 -19 28 58.2          15.1 Ru~0olXD20
99942         C2013 01 18.67171 08 17 42.78 -19 28 57.4          15.1 Ru~0olXD20
99942         C2013 01 18.67201 08 17 42.67 -19 28 56.6          15.2 Ru~0olXD20
99942         C2013 01 18.69381 08 17 34.85 -19 28 02.3          15.0 Ru~0olXD20
99942         C2013 01 18.69412 08 17 34.74 -19 28 01.5          15.0 Ru~0olXD20
99942         C2013 01 18.69443 08 17 34.67 -19 28 00.5          15.0 Ru~0olXD20
99942         C2013 01 18.70169 08 17 32.03 -19 27 42.4          15.2 Ru~0olXD20
99942         C2013 01 18.70199 08 17 31.92 -19 27 41.6          15.2 Ru~0olXD20
99942         C2013 01 18.70230 08 17 31.81 -19 27 40.9          15.2 Ru~0olXD20
99942         C2013 01 18.70648 08 17 30.31 -19 27 30.4          15.2 Ru~0olXD20
99942         C2013 01 18.70678 08 17 30.20 -19 27 29.5          15.2 Ru~0olXD20
99942         C2013 01 18.70708 08 17 30.10 -19 27 28.9          15.2 Ru~0olXD20
99942         C2013 01 18.70806 08 17 29.75 -19 27 26.4          15.2 Ru~0olXD20
99942         C2013 01 18.70836 08 17 29.64 -19 27 25.6          15.2 Ru~0olXD20
99942         C2013 01 18.70867 08 17 29.53 -19 27 24.8          15.2 Ru~0olXD20
99942         C2013 01 18.71258 08 17 28.13 -19 27 14.9          15.2 Ru~0olXD20
99942         C2013 01 18.71288 08 17 28.01 -19 27 14.1          15.2 Ru~0olXD20
99942         C2013 01 18.71319 08 17 27.89 -19 27 13.3          15.2 Ru~0olXD20
99942         C2013 01 18.72435 08 17 23.91 -19 26 45.2          15.3 Ru~0olXD20
99942         C2013 01 18.72465 08 17 23.80 -19 26 44.4          15.3 Ru~0olXD20
99942         C2013 01 18.72497 08 17 23.68 -19 26 43.5          15.3 Ru~0olXD20
99942         C2013 01 19.66623 08 12 23.12 -18 46 41.0          14.8 Ru~0olXD20
99942         C2013 01 19.66653 08 12 23.01 -18 46 40.2          14.8 Ru~0olXD20
99942         C2013 01 19.66684 08 12 22.90 -18 46 39.4          14.8 Ru~0olXD20
99942         C2013 01 19.66795 08 12 22.51 -18 46 36.6          14.8 Ru~0olXD20
99942         C2013 01 19.66826 08 12 22.41 -18 46 35.8          14.8 Ru~0olXD20
99942         C2013 01 19.66856 08 12 22.30 -18 46 35.0          14.8 Ru~0olXD20
99942         C2013 01 19.69537 08 12 12.89 -18 45 25.8          14.6 Ru~0olXD20
99942         C2013 01 19.69568 08 12 12.78 -18 45 25.0          14.6 Ru~0olXD20
99942         C2013 01 19.69600 08 12 12.68 -18 45 24.3          14.6 Ru~0olXD20
99942         C2013 01 19.70808 08 12 08.44 -18 44 52.7          14.8 Ru~0olXD20
99942         C2013 01 19.70839 08 12 08.33 -18 44 51.9          14.8 Ru~0olXD20
99942         C2013 01 19.70870 08 12 08.23 -18 44 51.0          14.8 Ru~0olXD20
99942         C2013 01 19.81018 08 11 40.07 -18 41 55.2          15.1 Ro~0qbK071
99942         C2013 01 19.81105 08 11 39.77 -18 41 53.4          15.0 Ro~0qbK071
99942         C2013 01 19.81180 08 11 39.56 -18 41 52.1          15.2 Ro~0qbK071
99942         C2013 01 19.81269 08 11 39.25 -18 41 49.4          15.0 Ro~0qbK071
99942         C2013 01 19.81343 08 11 39.01 -18 41 47.0          15.2 Ro~0qbK071
99942         C2013 01 19.81432 08 11 38.71 -18 41 45.5          15.0 Ro~0qbK071
99942         C2013 01 19.81506 08 11 38.43 -18 41 43.0          15.2 Ro~0qbK071
99942         C2013 01 19.81594 08 11 38.17 -18 41 41.0          15.0 Ro~0qbK071
99942         C2013 01 19.81670 08 11 37.92 -18 41 38.4          14.9 Ro~0qbK071
99942         C2013 01 19.81757 08 11 37.60 -18 41 37.2          15.0 Ro~0qbK071
99942         C2013 01 19.81833 08 11 37.34 -18 41 35.7          15.4 Ro~0qbK071
99942         C2013 01 19.81921 08 11 37.10 -18 41 33.2          15.1 Ro~0qbK071
99942         C2013 01 19.81997 08 11 36.85 -18 41 31.8          15.6 Ro~0qbK071
99942         C2013 01 19.82486 08 11 35.18 -18 41 18.2          15.7 Ro~0qbK071
99942         C2013 01 19.82574 08 11 34.85 -18 41 16.7          15.0 Ro~0qbK071
99942         C2013 01 19.82650 08 11 34.60 -18 41 14.5          15.1 Ro~0qbK071
99942         C2013 01 19.82738 08 11 34.30 -18 41 12.7          15.0 Ro~0qbK071
99942         C2013 01 19.82813 08 11 34.00 -18 41 10.5          15.2 Ro~0qbK071
99942         C2013 01 19.82902 08 11 33.75 -18 41 08.6          15.0 Ro~0qbK071
99942         C2013 01 19.82976 08 11 33.46 -18 41 06.2          15.2 Ro~0qbK071
99942         C2013 01 19.83065 08 11 33.17 -18 41 04.5          15.0 Ro~0qbK071
99942         C2013 01 19.83072 08 11 26.11 -18 39 25.7          14.8 Ru~0olXD20
99942         C2013 01 19.83102 08 11 26.01 -18 39 24.8          14.8 Ru~0olXD20
99942         C2013 01 19.83133 08 11 25.90 -18 39 23.9          14.7 Ru~0olXD20
99942         C2013 01 19.83139 08 11 32.91 -18 41 02.6          15.2 Ro~0qbK071
99942         C2013 01 19.83227 08 11 32.62 -18 41 00.2          14.9 Ro~0qbK071
99942         C2013 01 19.83303 08 11 32.33 -18 40 57.7          15.2 Ro~0qbK071
99942         C2013 01 19.83307 08 11 25.32 -18 39 19.3          14.8 Ru~0olXD20
99942         C2013 01 19.83337 08 11 25.22 -18 39 18.4          14.7 Ru~0olXD20
99942         C2013 01 19.83368 08 11 25.11 -18 39 17.5          14.7 Ru~0olXD20
99942         C2013 01 19.83390 08 11 32.11 -18 40 56.3          15.1 Ro~0qbK071
99942         C2013 01 19.83465 08 11 31.83 -18 40 54.2          15.2 Ro~0qbK071
99942         C2013 01 19.83553 08 11 31.53 -18 40 52.1          14.9 Ro~0qbK071
99942         C2013 01 19.83628 08 11 31.30 -18 40 50.6          15.2 Ro~0qbK071
99942         C2013 01 19.83716 08 11 30.99 -18 40 48.0          15.0 Ro~0qbK071
99942         C2013 01 19.83791 08 11 30.72 -18 40 46.1          15.1 Ro~0qbK071
99942         C2013 01 19.83880 08 11 30.43 -18 40 44.0          15.0 Ro~0qbK071
99942         C2013 01 19.83954 08 11 30.17 -18 40 41.8          15.2 Ro~0qbK071
99942         C2013 01 19.84043 08 11 29.87 -18 40 39.9          15.0 Ro~0qbK071
99942         C2013 01 19.84117 08 11 29.62 -18 40 37.4          15.2 Ro~0qbK071
99942         C2013 01 19.84205 08 11 29.32 -18 40 35.7          14.9 Ro~0qbK071
99942         C2013 01 19.84303 08 11 29.00 -18 40 33.5          15.1 Ro~0qbK071
99942         C2013 01 19.84391 08 11 28.72 -18 40 31.2          15.0 Ro~0qbK071
99942         C2013 01 19.84466 08 11 28.43 -18 40 29.5          15.3 Ro~0qbK071
99942         C2013 01 19.84554 08 11 28.12 -18 40 26.8          15.0 Ro~0qbK071
99942         C2013 01 19.84629 08 11 27.87 -18 40 25.0          15.1 Ro~0qbK071
99942         C2013 01 19.84718 08 11 27.57 -18 40 22.6          15.0 Ro~0qbK071
99942         C2013 01 19.84792 08 11 27.28 -18 40 20.6          15.2 Ro~0qbK071
99942         C2013 01 19.84881 08 11 27.02 -18 40 18.5          15.0 Ro~0qbK071
99942         C2013 01 19.84955 08 11 26.76 -18 40 17.1          15.2 Ro~0qbK071
99942         C2013 01 19.85044 08 11 26.47 -18 40 14.6          15.0 Ro~0qbK071
99942         C2013 01 19.85119 08 11 26.19 -18 40 13.0          15.2 Ro~0qbK071
99942         C2013 01 19.85207 08 11 25.90 -18 40 10.3          15.0 Ro~0qbK071
99942         C2013 01 19.85283 08 11 25.66 -18 40 08.5          15.2 Ro~0qbK071
99942         C2013 01 19.85370 08 11 25.36 -18 40 06.2          15.0 Ro~0qbK071
99942         C2013 01 19.85446 08 11 25.04 -18 40 04.9          15.3 Ro~0qbK071
99942         C2013 01 19.85537 08 11 24.77 -18 40 01.9          15.0 Ro~0qbK071
99942         C2013 01 19.85612 08 11 24.53 -18 39 59.9          15.1 Ro~0qbK071
99942         C2013 01 19.85942 08 11 23.38 -18 39 51.7          15.2 Ro~0qbK071
99942         C2013 01 19.86030 08 11 23.10 -18 39 49.3          15.0 Ro~0qbK071
99942         C2013 01 19.86105 08 11 22.85 -18 39 47.6          15.1 Ro~0qbK071
99942         C2013 01 19.86193 08 11 22.53 -18 39 45.4          15.1 Ro~0qbK071
99942         C2013 01 19.86268 08 11 22.27 -18 39 43.2          15.1 Ro~0qbK071
99942         C2013 01 19.86356 08 11 21.98 -18 39 41.2          15.1 Ro~0qbK071
99942         C2013 01 19.86431 08 11 21.76 -18 39 39.6          15.2 Ro~0qbK071
99942         C2013 01 19.86520 08 11 21.41 -18 39 37.0          15.0 Ro~0qbK071
99942         C2013 01 19.86594 08 11 21.17 -18 39 35.1          15.1 Ro~0qbK071
99942         C2013 01 19.86921 08 11 20.05 -18 39 27.0          15.1 Ro~0qbK071
99942         C2013 01 19.87009 08 11 19.76 -18 39 24.6          15.0 Ro~0qbK071
99942         C2013 01 19.87084 08 11 19.48 -18 39 23.1          15.2 Ro~0qbK071
99942         C2013 01 19.87172 08 11 19.20 -18 39 20.5          15.0 Ro~0qbK071
99942         C2013 01 19.87248 08 11 18.92 -18 39 18.5          15.2 Ro~0qbK071
99942         C2013 01 19.87337 08 11 18.65 -18 39 16.4          15.0 Ro~0qbK071
99942         C2013 01 19.87411 08 11 18.37 -18 39 14.3          15.2 Ro~0qbK071
99942         C2013 01 19.87500 08 11 18.07 -18 39 12.0          15.0 Ro~0qbK071
99942         C2013 01 19.87577 08 11 17.81 -18 39 10.0          15.2 Ro~0qbK071
99942         C2013 01 19.87666 08 11 17.51 -18 39 08.0          15.0 Ro~0qbK071
99942         C2013 01 19.87741 08 11 17.24 -18 39 06.0          15.1 Ro~0qbK071
99942         C2013 01 19.87829 08 11 16.95 -18 39 03.7          15.0 Ro~0qbK071
99942         C2013 01 19.87905 08 11 16.70 -18 39 01.9          15.1 Ro~0qbK071
99942         C2013 01 19.87992 08 11 16.38 -18 38 59.5          15.0 Ro~0qbK071
99942         C2013 01 19.88068 08 11 16.14 -18 38 57.3          15.3 Ro~0qbK071
99942         C2013 01 19.88156 08 11 15.84 -18 38 55.6          15.0 Ro~0qbK071
99942         C2013 01 19.88231 08 11 15.53 -18 38 53.2          15.2 Ro~0qbK071
99942         C2013 01 19.88318 08 11 15.30 -18 38 51.5          15.0 Ro~0qbK071
99942         C2013 01 19.88394 08 11 15.01 -18 38 49.4          15.2 Ro~0qbK071
99942         C2013 01 19.88481 08 11 14.71 -18 38 47.1          15.1 Ro~0qbK071
99942         C2013 01 19.88557 08 11 14.41 -18 38 43.2          15.6 Ro~0qbK071
99942         C2013 01 19.88645 08 11 14.15 -18 38 42.9          15.0 Ro~0qbK071
99942         C2013 01 19.88720 08 11 13.86 -18 38 40.7          15.2 Ro~0qbK071
99942         C2013 01 19.88808 08 11 13.59 -18 38 38.7          15.0 Ro~0qbK071
99942         C2013 01 19.88884 08 11 13.30 -18 38 36.7          15.3 Ro~0qbK071
99942         C2013 01 19.88971 08 11 13.03 -18 38 34.5          15.0 Ro~0qbK071
99942         C2013 01 19.89046 08 11 12.75 -18 38 32.9          15.4 Ro~0qbK071
99942         C2013 01 19.89134 08 11 12.47 -18 38 30.7          14.9 Ro~0qbK071
99942         C2013 01 19.89256 08 11 12.04 -18 38 27.2          15.3 Ro~0qbK071
99942         C2013 01 19.89344 08 11 11.77 -18 38 25.0          15.2 Ro~0qbK071
99942         C2013 01 19.89418 08 11 11.49 -18 38 21.9          15.3 Ro~0qbK071
99942         C2013 01 19.89507 08 11 11.19 -18 38 20.6          15.1 Ro~0qbK071
99942         C2013 01 19.89582 08 11 10.93 -18 38 18.8          15.3 Ro~0qbK071
99942         C2013 01 19.89670 08 11 10.64 -18 38 16.6          15.1 Ro~0qbK071
99942         C2013 01 19.89745 08 11 10.35 -18 38 14.3          15.3 Ro~0qbK071
99942         C2013 01 19.89833 08 11 10.06 -18 38 12.1          15.1 Ro~0qbK071
99942         C2013 01 19.89908 08 11 09.77 -18 38 10.4          15.3 Ro~0qbK071
99942         C2013 01 19.90234 08 11 08.69 -18 38 02.1          15.2 Ro~0qbK071
99942         C2013 01 19.90323 08 11 08.38 -18 37 59.8          15.1 Ro~0qbK071
99942         C2013 01 19.90399 08 11 08.13 -18 37 58.1          15.3 Ro~0qbK071
99942         C2013 01 19.90724 08 11 07.04 -18 37 49.7          15.3 Ro~0qbK071
99942         C2013 01 19.90813 08 11 06.68 -18 37 47.0          15.1 Ro~0qbK071
99942         C2013 01 19.90927 08 11 06.28 -18 37 44.2          15.2 Ro~0qbK071
99942         C2013 01 19.91015 08 11 06.01 -18 37 41.9          15.1 Ro~0qbK071
99942         C2013 01 19.91091 08 11 05.72 -18 37 40.1          15.3 Ro~0qbK071
99942         C2013 01 19.91178 08 11 05.45 -18 37 37.7          15.1 Ro~0qbK071
99942         C2013 01 19.91254 08 11 05.20 -18 37 35.5          15.3 Ro~0qbK071
99942         C2013 01 19.91341 08 11 04.87 -18 37 33.7          15.1 Ro~0qbK071
99942         C2013 01 19.91417 08 11 04.58 -18 37 32.1          15.3 Ro~0qbK071
99942         C2013 01 19.91505 08 11 04.29 -18 37 29.1          15.2 Ro~0qbK071
99942         C2013 01 19.91579 08 11 04.10 -18 37 27.5          15.4 Ro~0qbK071
99942         C2013 01 19.91668 08 11 03.63 -18 37 24.1          14.9 Ro~0qbK071
99942         C2013 01 19.92069 08 11 02.35 -18 37 14.5          15.3 Ro~0qbK071
99942         C2013 01 19.92157 08 11 02.09 -18 37 12.6          15.1 Ro~0qbK071
99942         C2013 01 19.92232 08 11 01.77 -18 37 09.9          15.4 Ro~0qbK071
99942         C2013 01 19.92321 08 11 01.48 -18 37 07.9          15.1 Ro~0qbK071
99942         C2013 01 19.92395 08 11 01.20 -18 37 06.5          15.4 Ro~0qbL071
99942         C2013 01 19.92484 08 11 00.96 -18 37 04.0          15.1 Ro~0qbL071
99942         C2013 01 19.92561 08 11 00.62 -18 37 01.6          15.3 Ro~0qbL071
99942         C2013 01 19.92648 08 11 00.38 -18 36 59.4          15.1 Ro~0qbL071
99942         C2013 01 19.92723 08 11 00.13 -18 36 57.5          15.3 Ro~0qbL071
99942         C2013 01 19.92811 08 10 59.80 -18 36 55.2          15.1 Ro~0qbL071
99942         C2013 01 19.92886 08 10 59.55 -18 36 53.7          15.4 Ro~0qbL071
99942         C2013 01 19.92975 08 10 59.26 -18 36 51.2          15.2 Ro~0qbL071
99942         C2013 01 19.93049 08 10 58.94 -18 36 49.4          15.4 Ro~0qbL071
99942         C2013 01 19.93138 08 10 58.68 -18 36 46.9          15.2 Ro~0qbL071
99942         C2013 01 19.93212 08 10 58.43 -18 36 44.8          15.3 Ro~0qbL071
99942         C2013 01 19.93301 08 10 58.13 -18 36 42.7          15.2 Ro~0qbL071
99942         C2013 01 19.93376 08 10 57.85 -18 36 40.9          15.2 Ro~0qbL071
99942         C2013 01 19.93464 08 10 57.57 -18 36 38.4          15.2 Ro~0qbL071
99942         C2013 01 19.93539 08 10 57.32 -18 36 36.5          15.4 Ro~0qbL071
99942         C2013 01 19.93627 08 10 57.00 -18 36 34.1          15.3 Ro~0qbL071
99942         C2013 01 19.93702 08 10 56.74 -18 36 32.4          15.5 Ro~0qbL071
99942         C2013 01 19.93789 08 10 56.42 -18 36 30.0          15.7 Ro~0qbL071
99942         C2013 01 19.93865 08 10 56.12 -18 36 28.1          15.4 Ro~0qbL071
99942         C2013 01 19.93953 08 10 55.91 -18 36 26.1          15.2 Ro~0qbL071
99942         C2013 01 19.94116 08 10 55.23 -18 36 21.9          14.9 Ro~0qbL071
99942         C2013 01 19.94195 08 10 55.09 -18 36 19.5          15.4 Ro~0qbL071
99942         C2013 01 19.94284 08 10 54.74 -18 36 16.9          15.3 Ro~0qbL071
99942         C2013 01 19.94359 08 10 54.56 -18 36 15.5          15.5 Ro~0qbL071
99942         C2013 01 19.94447 08 10 54.22 -18 36 13.3          15.4 Ro~0qbL071
99942         C2013 01 19.94610 08 10 53.59 -18 36 08.5          15.2 Ro~0qbL071
99942         C2013 01 19.94686 08 10 53.32 -18 36 06.5          15.5 Ro~0qbL071
99942         C2013 01 19.94773 08 10 53.04 -18 36 04.1          15.2 Ro~0qbL071
99942         C2013 01 19.94849 08 10 52.78 -18 36 02.3          15.4 Ro~0qbL071
99942         C2013 01 19.94936 08 10 52.49 -18 36 00.0          15.2 Ro~0qbL071
99942         C2013 01 19.95012 08 10 52.22 -18 35 58.0          15.5 Ro~0qbL071
99942         C2013 01 19.95101 08 10 51.93 -18 35 55.7          15.2 Ro~0qbL071
99942         C2013 01 19.95175 08 10 51.68 -18 35 53.9          15.3 Ro~0qbL071
99942         C2013 01 19.95264 08 10 51.37 -18 35 51.3          15.2 Ro~0qbL071
99942         C2013 01 19.95339 08 10 51.12 -18 35 49.7          15.4 Ro~0qbL071
99942         C2013 01 19.95427 08 10 50.80 -18 35 47.1          15.3 Ro~0qbL071
99942         C2013 01 19.95502 08 10 50.55 -18 35 44.8          15.4 Ro~0qbL071
99942         C2013 01 19.95590 08 10 50.28 -18 35 41.1          15.0 Ro~0qbL071
99942         C2013 01 19.95665 08 10 50.00 -18 35 41.7          15.6 Ro~0qbL071
99942         C2013 01 19.95755 08 10 49.70 -18 35 38.7          15.2 Ro~0qbL071
99942         C2013 01 19.95850 08 10 49.41 -18 35 36.2          15.6 Ro~0qbL071
99942         C2013 01 19.95938 08 10 49.04 -18 35 33.6          15.3 Ro~0qbL071
99942         C2013 01 19.96013 08 10 48.86 -18 35 32.8          15.6 Ro~0qbL071
99942         C2013 01 19.96101 08 10 48.50 -18 35 29.7          15.3 Ro~0qbL071
99942         C2013 01 19.96177 08 10 48.22 -18 35 27.7          15.6 Ro~0qbL071
99942         C2013 01 19.96264 08 10 47.91 -18 35 25.1          15.3 Ro~0qbL071
99942         C2013 01 19.96340 08 10 47.72 -18 35 23.4          15.6 Ro~0qbL071
99942         C2013 01 19.96427 08 10 47.35 -18 35 20.7          15.3 Ro~0qbL071
99942         C2013 01 19.96503 08 10 47.12 -18 35 18.3          15.7 Ro~0qbL071
99942         C2013 01 19.96590 08 10 46.81 -18 35 16.5          15.3 Ro~0qbL071
99942         C2013 01 19.96666 08 10 46.49 -18 35 14.5          15.5 Ro~0qbL071
99942         C2013 01 19.96753 08 10 46.23 -18 35 12.3          15.2 Ro~0qbL071
99942         C2013 01 19.96829 08 10 45.96 -18 35 10.8          15.4 Ro~0qbL071
99942         C2013 01 19.96917 08 10 45.67 -18 35 08.0          15.2 Ro~0qbL071
99942         C2013 01 19.96991 08 10 45.41 -18 35 05.9          15.4 Ro~0qbL071
99942         C2013 01 19.97080 08 10 45.11 -18 35 03.5          15.2 Ro~0qbL071
99942         C2013 01 19.97156 08 10 44.86 -18 35 01.7          15.4 Ro~0qbL071
99942         C2013 01 19.97243 08 10 44.54 -18 34 59.3          15.3 Ro~0qbL071
99942         C2013 01 19.97319 08 10 44.31 -18 34 57.3          15.5 Ro~0qbL071
99942         C2013 01 19.97705 08 10 42.98 -18 34 47.3          15.6 Ro~0qbL071
99942         C2013 01 19.97794 08 10 42.72 -18 34 45.3          15.5 Ro~0qbL071
99942         C2013 01 19.97957 08 10 42.11 -18 34 40.5          15.1 Ro~0qbL071
99942         C2013 01 20.33748 08 08 50.22 -18 18 53.3          16.2 Ro~0oAH926
99942         C2013 01 20.35162 08 08 45.34 -18 18 15.4          16.2 Ro~0oAH926
99942         C2013 01 20.36574 08 08 40.49 -18 17 37.5          16.0 Ro~0oAH926
99942         C2013 01 20.53845 08 07 52.49 -18 08 27.2          14.8 Ru~0olXD20
99942         C2013 01 20.53875 08 07 52.38 -18 08 26.5          14.8 Ru~0olXD20
99942         C2013 01 20.53900 08 07 52.30 -18 08 25.9          14.8 Ru~0olXD20
99942         C2013 01 20.58247 08 07 37.80 -18 06 35.2          15.1 Ru~0olXD20
99942         C2013 01 20.58277 08 07 37.70 -18 06 34.4          15.1 Ru~0olXD20
99942         C2013 01 20.58308 08 07 37.59 -18 06 33.6          15.0 Ru~0olXD20
99942         C2013 01 20.62223 08 07 24.33 -18 04 52.6          15.2 Ru~0olXD20
99942         C2013 01 20.62255 08 07 24.22 -18 04 51.6          15.2 Ru~0olXD20
99942         C2013 01 20.62285 08 07 24.12 -18 04 50.8          15.1 Ru~0olXD20
99942         C2013 01 20.66598 08 07 09.40 -18 02 57.9          15.2 Ru~0olXD20
99942         C2013 01 20.66628 08 07 09.28 -18 02 56.9          15.2 Ru~0olXD20
99942         C2013 01 20.70782 08 06 55.07 -18 01 06.5          15.2 Ru~0olXD20
99942         C2013 01 20.70812 08 06 54.98 -18 01 05.8          15.3 Ru~0olXD20
99942         C2013 01 20.70844 08 06 54.87 -18 01 04.9          15.3 Ru~0olXD20
99942         C2013 01 20.74961 08 06 40.85 -17 59 13.5          15.1 Ru~0olXD20
99942         C2013 01 20.74991 08 06 40.75 -17 59 12.7          15.2 Ru~0olXD20
99942         C2013 01 20.75023 08 06 40.64 -17 59 11.9          15.1 Ru~0olXD20
99942         C2013 01 20.79148 08 06 26.76 -17 57 18.8          15.0 Ru~0olXD20
99942         C2013 01 20.79178 08 06 26.67 -17 57 18.0          15.0 Ru~0olXD20
99942         C2013 01 20.79211 08 06 26.56 -17 57 17.1          15.0 Ru~0olXD20
99942         C2013 01 20.83774 08 06 11.48 -17 55 10.5          14.9 Ru~0olXD20
99942         C2013 01 20.83804 08 06 11.38 -17 55 09.7          14.8 Ru~0olXD20
99942         C2013 01 20.83836 08 06 11.28 -17 55 08.7          14.8 Ru~0olXD20
99942         C2013 01 20.99620 08 05 24.40 -17 49 49.1          15.2 Ru~0oAHC40
99942         C2013 01 20.99691 08 05 24.18 -17 49 47.0          15.4 Ru~0oAHC40
99942         C2013 01 20.99833 08 05 23.72 -17 49 43.0          15.5 Ru~0oAHC40
99942         C2013 01 20.99904 08 05 23.48 -17 49 41.1          15.3 Ru~0oAHC40
99942         C2013 01 21.02365 08 05 15.53 -17 48 34.3          15.3 Ru~0oAHC40
99942         C2013 01 21.02471 08 05 15.19 -17 48 31.2          15.1 Ru~0oAHC40
99942         C2013 01 21.02788 08 05 14.16 -17 48 22.7          15.2 Ru~0oAHC40
99942         C2013 01 21.02999 08 05 13.47 -17 48 16.7          15.1 Ru~0oAHC40
99942         C2013 01 21.03196 08 05 12.83 -17 48 11.3          15.2 Ru~0oAHC40
99942         C2013 01 21.03302 08 05 12.50 -17 48 08.4          15.4 Ru~0oAHC40
99942         C2013 01 21.44118 08 03 15.32 -17 28 08.3          15.5 Vo~0oAHE23
99942         C2013 01 21.44465 08 03 14.17 -17 27 59.1          15.5 Vo~0oAHE23
99942         C2013 01 21.44813 08 03 13.07 -17 27 50.1          15.5 Vo~0oAHE23
99942         C2013 01 21.46436 08 03 07.78 -17 27 07.7          15.5 Vo~0oAHE23
99942         C2013 01 21.46784 08 03 06.67 -17 26 58.8          15.5 Vo~0oAHE23
99942         C2013 01 21.47131 08 03 05.51 -17 26 49.5          15.4 Vo~0oAHE23
99942         C2013 01 21.47478 08 03 04.38 -17 26 40.5          15.5 Vo~0oAHE23
99942         C2013 01 21.48488 08 03 01.06 -17 26 14.1          15.4 Vo~0oAHE23
99942         C2013 01 21.49183 08 02 58.78 -17 25 55.7          15.5 Vo~0oAHE23
99942         C2013 01 21.49530 08 02 57.63 -17 25 46.5          15.4 Vo~0oAHE23
99942         C2013 01 21.49877 08 02 56.48 -17 25 37.3          15.4 Vo~0oAHE23
99942         C2013 01 21.50013 08 02 56.04 -17 25 33.8          15.4 Vo~0oAHE23
99942        8C2013 01 21.50109308 02 51.022-17 26 48.38         15.0 Rt~0oAHF65
99942        8C2013 01 21.50178708 02 50.786-17 26 46.33         15.0 Rt~0oAHF65
99942        8C2013 01 21.50252608 02 50.534-17 26 44.35         15.0 Rt~0oAHF65
99942         C2013 01 21.50360 08 02 54.90 -17 25 24.6          15.4 Vo~0oAHE23
99942         C2013 01 21.50707 08 02 53.75 -17 25 15.4          15.4 Vo~0oAHE23
99942         C2013 01 21.54046 08 02 45.34 -17 23 42.6          14.7 Ru~0olXD20
99942         C2013 01 21.54076 08 02 45.24 -17 23 41.8          14.8 Ru~0olXD20
99942         C2013 01 21.54108 08 02 45.14 -17 23 41.0          14.8 Ru~0olXD20
99942         C2013 01 21.58308 08 02 31.45 -17 21 51.0          14.7 Ru~0olXD20
99942         C2013 01 21.58338 08 02 31.35 -17 21 50.2          14.6 Ru~0olXD20
99942         C2013 01 21.58369 08 02 31.25 -17 21 49.4          14.6 Ru~0olXD20
99942         C2013 01 21.62473 08 02 17.69 -17 20 00.5          14.6 Ru~0olXD20
99942         C2013 01 21.62505 08 02 17.59 -17 19 59.8          14.6 Ru~0olXD20
99942         C2013 01 21.62535 08 02 17.48 -17 19 58.9          14.6 Ru~0olXD20
99942         C2013 01 21.66600 08 02 03.96 -17 18 09.6          14.6 Ru~0olXD20
99942         C2013 01 21.66630 08 02 03.85 -17 18 08.8          14.6 Ru~0olXD20
99942         C2013 01 21.66661 08 02 03.76 -17 18 08.0          14.6 Ru~0olXD20
99942         C2013 01 21.70808 08 01 49.96 -17 16 14.9          14.6 Ru~0olXD20
99942         C2013 01 21.70838 08 01 49.85 -17 16 14.1          14.6 Ru~0olXD20
99942         C2013 01 21.70870 08 01 49.75 -17 16 13.2          14.6 Ru~0olXD20
99942         C2013 01 21.74955 08 01 36.23 -17 14 20.3          14.6 Ru~0olXD20
99942         C2013 01 21.74985 08 01 36.13 -17 14 19.4          14.7 Ru~0olXD20
99942         C2013 01 21.75016 08 01 36.01 -17 14 18.3          14.7 Ru~0olXD20
99942         C2013 01 21.79088 08 01 22.73 -17 12 24.6          14.8 Ru~0olXD20
99942         C2013 01 21.79118 08 01 22.63 -17 12 23.7          14.8 Ru~0olXD20
99942         C2013 01 21.79149 08 01 22.53 -17 12 22.9          14.8 Ru~0olXD20
99942         C2013 01 21.82592 08 01 17.24 -17 12 29.4          15.4 Ru~0oAHC40
99942         C2013 01 21.82803 08 01 16.54 -17 12 23.8          15.6 Ru~0oAHC40
99942         C2013 01 21.83120 08 01 15.52 -17 12 15.2          15.4 Ru~0oAHC40
99942         C2013 01 21.83301 08 01 09.23 -17 10 25.4          15.0 Ru~0olXD20
99942         C2013 01 21.83332 08 01 14.84 -17 12 09.9          15.6 Ru~0oAHC40
99942         C2013 01 21.83332 08 01 09.12 -17 10 24.6          15.0 Ru~0olXD20
99942         C2013 01 21.83363 08 01 09.02 -17 10 23.7          15.1 Ru~0olXD20
99942         C2013 01 21.83438 08 01 14.50 -17 12 06.8          15.5 Ru~0oAHC40
99942         C2013 01 21.83544 08 01 14.14 -17 12 03.9          15.5 Ru~0oAHC40
99942         C2013 01 21.83650 08 01 13.80 -17 12 01.2          15.5 Ru~0oAHC40
99942         C2013 01 21.83756 08 01 13.46 -17 11 58.5          15.6 Ru~0oAHC40
99942         C2013 01 21.83967 08 01 12.78 -17 11 52.9          15.5 Ru~0oAHC40
99942         C2013 01 21.84073 08 01 12.43 -17 11 50.1          15.5 Ru~0oAHC40
99942         C2013 01 21.84179 08 01 12.08 -17 11 47.0          15.6 Ru~0oAHC40
99942         C2013 01 21.84285 08 01 11.74 -17 11 44.2          15.6 Ru~0oAHC40
99942         C2013 01 21.84496 08 01 11.05 -17 11 38.4          15.7 Ru~0oAHC40
99942         C2013 01 21.84830 08 01 09.97 -17 11 29.5          15.5 Ru~0oAHC40
99942         C2013 01 21.88112 08 01 02.00 -17 09 53.0          15.4 Rq~0oAHC27
99942         C2013 01 21.88429 08 01 00.99 -17 09 45.0          15.5 Rq~0oAHC27
99942         C2013 01 21.91462 08 00 51.22 -17 08 24.0          15.5 Rq~0oAHC27
99942         C2013 01 21.92613 08 00 47.49 -17 07 53.0          15.7 Rq~0oAHC27
99942         C2013 01 22.24325 07 59 09.60 -16 52 48.8          15.0 Ro~0oKA303
99942         C2013 01 22.28766 07 58 54.95 -16 50 43.8          15.0 Ro~0oKA303
99942         C2013 01 22.54047 07 57 47.73 -16 38 06.9          15.4 Ru~0olXD20
99942         C2013 01 22.54079 07 57 47.62 -16 38 05.9          15.4 Ru~0olXD20
99942         C2013 01 22.54106 07 57 47.53 -16 38 05.3          15.4 Ru~0olXD20
99942         C2013 01 22.58234 07 57 34.45 -16 36 14.7          15.2 Ru~0olXD20
99942         C2013 01 22.58264 07 57 34.35 -16 36 13.9          15.4 Ru~0olXD20
99942         C2013 01 22.58295 07 57 34.24 -16 36 13.1          15.5 Ru~0olXD20
99942         C2013 01 22.62477 07 57 20.81 -16 34 19.8          15.3 Ru~0olXD20
99942         C2013 01 22.62507 07 57 20.71 -16 34 18.9          15.3 Ru~0olXD20
99942         C2013 01 22.62536 07 57 20.62 -16 34 18.3          15.3 Ru~0olXD20
99942         C2013 01 22.66639 07 57 07.35 -16 32 25.6          15.2 Ru~0olXD20
99942         C2013 01 22.66669 07 57 07.25 -16 32 24.7          15.2 Ru~0olXD20
99942         C2013 01 22.66700 07 57 07.14 -16 32 23.9          15.2 Ru~0olXD20
99942         C2013 01 22.70789 07 56 53.93 -16 30 30.1          15.1 Ru~0olXD20
99942         C2013 01 22.70821 07 56 53.84 -16 30 29.3          15.1 Ru~0olXD20
99942         C2013 01 22.70852 07 56 53.74 -16 30 28.4          15.0 Ru~0olXD20
99942         C2013 01 22.74978 07 56 40.49 -16 28 32.1          14.9 Ru~0olXD20
99942         C2013 01 22.75008 07 56 40.40 -16 28 31.3          14.9 Ru~0olXD20
99942         C2013 01 22.75037 07 56 40.30 -16 28 30.5          14.9 Ru~0olXD20
99942         C2013 01 22.78841 07 56 34.35 -16 28 19.5          14.2 Ru~0oAIB17
99942         C2013 01 22.79142 07 56 27.32 -16 26 33.5          14.8 Ru~0olXD20
99942         C2013 01 22.79174 07 56 27.22 -16 26 32.6          14.9 Ru~0olXD20
99942         C2013 01 22.79204 07 56 27.11 -16 26 31.1          14.8 Ru~0olXD20
99942         C2013 01 22.81053 07 56 27.48 -16 27 19.6          14.2 Ru~0oAIB17
99942         C2013 01 22.81262 07 56 26.82 -16 27 13.9          14.4 Ru~0oAIB17
99942         C2013 01 22.81470 07 56 26.17 -16 27 08.3          14.4 Ru~0oAIB17
99942         C2013 01 22.81678 07 56 25.53 -16 27 02.7          14.4 Ru~0oAIB17
99942         C2013 01 22.81887 07 56 24.87 -16 26 57.0          14.4 Ru~0oAIB17
99942         C2013 01 22.83229 07 56 14.64 -16 24 36.0          14.6 Ru~0olXD20
99942         C2013 01 22.83259 07 56 14.55 -16 24 35.2          14.7 Ru~0olXD20
99942         C2013 01 22.83284 07 56 14.48 -16 24 34.5          14.7 Ru~0olXD20
99942         C2013 01 22.83336 07 56 20.33 -16 26 17.6          14.1 Ru~0oAIB17
99942         C2013 01 22.83544 07 56 19.67 -16 26 11.8          14.3 Ru~0oAIB17
99942         C2013 01 22.83752 07 56 19.02 -16 26 06.2          14.3 Ru~0oAIB17
99942         C2013 01 22.83961 07 56 18.36 -16 26 00.3          14.3 Ru~0oAIB17
99942         C2013 01 22.85638 07 56 13.08 -16 25 14.4          14.3 Ru~0oAIB17
99942         C2013 01 22.85846 07 56 12.43 -16 25 08.7          14.2 Ru~0oAIB17
99942         C2013 01 22.86054 07 56 11.76 -16 25 03.0          14.3 Ru~0oAIB17
99942         C2013 01 22.86263 07 56 11.10 -16 24 57.3          14.2 Ru~0oAIB17
99942         C2013 01 22.86471 07 56 10.44 -16 24 51.4          14.2 Ru~0oAIB17
99942         C2013 01 22.86534 07 56 11.76 -16 24 46.3          14.5 Ru~0oAI104
99942         C2013 01 22.86718 07 56 11.19 -16 24 41.2          14.4 Ru~0oAI104
99942         C2013 01 22.87087 07 56 10.04 -16 24 31.3          14.5 Ru~0oAI104
99942         C2013 01 22.87516 07 56 07.15 -16 24 22.7          14.3 Ru~0oAIB17
99942         C2013 01 22.87725 07 56 06.49 -16 24 16.9          14.3 Ru~0oAIB17
99942         C2013 01 22.88141 07 56 05.17 -16 24 05.4          14.3 Ru~0oAIB17
99942         C2013 01 22.88350 07 56 04.52 -16 23 59.6          14.2 Ru~0oAIB17
99942         C2013 01 22.89783 07 56 01.90 -16 23 19.5          14.7 Ru~0oAIB04
99942         C2013 01 22.90141 07 55 58.86 -16 23 10.0          14.3 Ru~0oAIB17
99942         C2013 01 22.90350 07 55 58.19 -16 23 04.1          14.3 Ru~0oAIB17
99942         C2013 01 22.90383 07 56 00.04 -16 23 03.6          14.4 Ru~0oAIB04
99942         C2013 01 22.91200 07 55 57.48 -16 22 41.2          14.7 Ru~0oAIB04
99942         C2013 01 22.92766 07 55 52.56 -16 21 58.2          14.7 Ru~0oAIB04
99942         C2013 01 22.93182 07 55 51.26 -16 21 46.8          14.6 Ru~0oAIB04
99942         C2013 01 23.31071 07 53 57.12 -16 03 23.7          15.4 Ro~0pfE303
99942         C2013 01 23.31279 07 53 56.45 -16 03 17.7          15.6 Ro~0pfE303
99942         C2013 01 23.54144 07 52 59.13 -15 51 42.0          14.6 Ru~0olXD20
99942         C2013 01 23.54175 07 52 59.03 -15 51 41.2          14.6 Ru~0olXD20
99942         C2013 01 23.54206 07 52 58.94 -15 51 40.3          14.7 Ru~0olXD20
99942         C2013 01 23.66661 07 52 20.17 -15 45 56.7          15.0 Ru~0olXD20
99942         C2013 01 23.66692 07 52 20.08 -15 45 55.8          15.0 Ru~0olXD20
99942         C2013 01 23.66723 07 52 19.98 -15 45 54.9          15.0 Ru~0olXD20
99942         C2013 01 23.70809 07 52 07.19 -15 43 59.4          14.9 Ru~0olXD20
99942         C2013 01 23.70840 07 52 07.09 -15 43 58.5          14.7 Ru~0olXD20
99942         C2013 01 23.70870 07 52 07.01 -15 43 57.6          14.7 Ru~0olXD20
99942         C2013 01 23.74959 07 51 54.31 -15 42 00.8          15.2 Ru~0olXD20
99942         C2013 01 23.74991 07 51 54.21 -15 42 00.0          15.2 Ru~0olXD20
99942         C2013 01 23.75020 07 51 54.13 -15 41 59.2          15.2 Ru~0olXD20
99942         C2013 01 23.79140 07 51 41.54 -15 40 00.1          15.3 Ru~0olXD20
99942         C2013 01 23.79170 07 51 41.44 -15 39 59.3          15.2 Ru~0olXD20
99942         C2013 01 23.79201 07 51 41.35 -15 39 58.3          15.3 Ru~0olXD20
99942         C2013 01 23.83308 07 51 29.06 -15 37 58.9          15.3 Ru~0olXD20
99942         C2013 01 23.83338 07 51 28.97 -15 37 58.0          15.4 Ru~0olXD20
99942         C2013 01 23.83368 07 51 28.87 -15 37 57.0          15.4 Ru~0olXD20
99942         C2013 01 24.62471 07 47 55.53 -15 00 51.2          14.9 Ru~0olXD20
99942         C2013 01 24.62501 07 47 55.43 -15 00 50.3          15.0 Ru~0olXD20
99942         C2013 01 24.62532 07 47 55.34 -15 00 49.5          14.9 Ru~0olXD20
99942         C2013 01 24.66638 07 47 42.90 -14 58 53.4          15.0 Ru~0olXD20
99942         C2013 01 24.66669 07 47 42.80 -14 58 52.5          15.0 Ru~0olXD20
99942         C2013 01 24.66699 07 47 42.71 -14 58 51.6          15.0 Ru~0olXD20
99942         C2013 01 24.70806 07 47 30.29 -14 56 54.1          14.8 Ru~0olXD20
99942         C2013 01 24.70836 07 47 30.20 -14 56 53.2          14.8 Ru~0olXD20
99942         C2013 01 24.70867 07 47 30.11 -14 56 52.5          14.8 Ru~0olXD20
99942         C2013 01 24.74957 07 47 17.85 -14 54 54.3          14.9 Ru~0olXD20
99942         C2013 01 24.74988 07 47 17.76 -14 54 53.3          14.9 Ru~0olXD20
99942         C2013 01 24.75019 07 47 17.67 -14 54 52.4          14.8 Ru~0olXD20
99942        2C2013 01 24.77998207 47 14.78 -14 55 04.1          15.0 Ru~0oKA089
99942        2C2013 01 24.78195107 47 14.21 -14 54 59.0          15.1 Ru~0oKA089
99942        2C2013 01 24.78393007 47 13.65 -14 54 52.8          15.0 Ru~0oKA089
99942        2C2013 01 24.78590907 47 13.07 -14 54 47.4          15.0 Ru~0oKA089
99942        2C2013 01 24.78788807 47 12.51 -14 54 41.6          14.9 Ru~0oKA089
99942        2C2013 01 24.78986807 47 11.91 -14 54 36.4          15.0 Ru~0oKA089
99942         C2013 01 24.79134 07 47 05.55 -14 52 52.5          14.8 Ru~0olXD20
99942         C2013 01 24.79164 07 47 05.46 -14 52 51.6          14.7 Ru~0olXD20
99942        2C2013 01 24.79184707 47 11.34 -14 54 30.8          15.1 Ru~0oKA089
99942         C2013 01 24.79194 07 47 05.38 -14 52 50.6          14.7 Ru~0olXD20
99942        2C2013 01 24.79976307 47 09.06 -14 54 09.3          14.8 Ru~0oKA089
99942        2C2013 01 24.80174307 47 08.44 -14 54 03.2          14.8 Ru~0oKA089
99942        2C2013 01 24.80372207 47 07.89 -14 53 57.9          15.0 Ru~0oKA089
99942        2C2013 01 24.80570107 47 07.32 -14 53 52.3          14.8 Ru~0oKA089
99942        2C2013 01 24.80768007 47 06.74 -14 53 46.8          14.7 Ru~0oKA089
99942        2C2013 01 24.80966007 47 06.14 -14 53 41.1          14.9 Ru~0oKA089
99942        2C2013 01 24.81361807 47 04.97 -14 53 30.0          14.8 Ru~0oKA089
99942        2C2013 01 24.81559707 47 04.41 -14 53 24.3          14.8 Ru~0oKA089
99942        2C2013 01 24.81757607 47 03.83 -14 53 19.0          14.8 Ru~0oKA089
99942        2C2013 01 24.81955607 47 03.24 -14 53 13.5          14.8 Ru~0oKA089
99942        2C2013 01 24.82153507 47 02.66 -14 53 08.1          14.7 Ru~0oKA089
99942        2C2013 01 24.82351407 47 02.08 -14 53 02.0          14.8 Ru~0oKA089
99942        2C2013 01 24.82549307 47 01.50 -14 52 56.6          14.9 Ru~0oKA089
99942        2C2013 01 24.82747207 47 00.94 -14 52 51.1          14.8 Ru~0oKA089
99942        2C2013 01 24.82945107 47 00.35 -14 52 45.9          14.7 Ru~0oKA089
99942        2C2013 01 24.83143107 46 59.76 -14 52 40.2          14.8 Ru~0oKA089
99942         C2013 01 24.83262 07 46 53.64 -14 50 51.3          14.7 Ru~0olXD20
99942         C2013 01 24.83292 07 46 53.57 -14 50 50.3          14.7 Ru~0olXD20
99942         C2013 01 24.83323 07 46 53.49 -14 50 49.4          14.7 Ru~0olXD20
99942        2C2013 01 24.83340907 46 59.18 -14 52 34.8          14.8 Ru~0oKA089
99942         C2013 01 24.83396 07 46 59.00 -14 52 31.3          14.4 Rq~0oKAB17
99942        2C2013 01 24.83539007 46 58.61 -14 52 29.2          14.8 Ru~0oKA089
99942         C2013 01 24.83604 07 46 58.38 -14 52 25.5          14.4 Rq~0oKAB17
99942        2C2013 01 24.83736907 46 58.02 -14 52 23.6          14.8 Ru~0oKA089
99942         C2013 01 24.83812 07 46 57.78 -14 52 19.6          14.3 Rq~0oKAB17
99942         C2013 01 24.84021 07 46 57.16 -14 52 13.8          14.3 Rq~0oKAB17
99942         C2013 01 24.84229 07 46 56.53 -14 52 07.9          14.4 Rq~0oKAB17
99942         C2013 01 24.86418 07 46 50.07 -14 51 05.9          14.4 Rq~0oKAB17
99942         C2013 01 24.86626 07 46 49.48 -14 51 00.2          14.2 Rq~0oKAB17
99942         C2013 01 24.86834 07 46 48.85 -14 50 54.2          14.2 Rq~0oKAB17
99942         C2013 01 24.87043 07 46 48.24 -14 50 48.3          14.3 Rq~0oKAB17
99942         C2013 01 24.87251 07 46 47.62 -14 50 42.3          14.2 Rq~0oKAB17
99942         C2013 01 24.88941 07 46 42.22 -14 49 54.1          15.5 Ru~0oKAC40
99942         C2013 01 24.89016 07 46 41.98 -14 49 52.2          15.4 Ru~0oKAC40
99942         C2013 01 24.89122 07 46 41.67 -14 49 49.6          15.6 Ru~0oKAC40
99942         C2013 01 24.89227 07 46 41.34 -14 49 46.3          15.5 Ru~0oKAC40
99942         C2013 01 24.89333 07 46 41.04 -14 49 43.1          15.4 Ru~0oKAC40
99942         C2013 01 24.89419 07 46 41.21 -14 49 40.7          14.3 Rq~0oKAB17
99942         C2013 01 24.89439 07 46 40.74 -14 49 40.1          15.4 Ru~0oKAC40
99942         C2013 01 24.89545 07 46 40.43 -14 49 37.3          15.4 Ru~0oKAC40
99942         C2013 01 24.89627 07 46 40.59 -14 49 35.0          14.5 Rq~0oKAB17
99942         C2013 01 24.89837 07 46 39.95 -14 49 28.7          14.3 Rq~0oKAB17
99942         C2013 01 24.89862 07 46 39.51 -14 49 27.7          15.2 Ru~0oKAC40
99942         C2013 01 24.90253 07 46 38.77 -14 49 17.1          14.4 Rq~0oKAB17
99942         C2013 01 24.92402 07 46 32.40 -14 48 15.3          14.7 Rq~0oKAB17
99942         C2013 01 25.54066 07 43 52.17 -14 17 18.2          14.9 Ru~0olXD20
99942         C2013 01 25.54097 07 43 52.09 -14 17 17.3          14.9 Ru~0olXD20
99942         C2013 01 25.54128 07 43 52.00 -14 17 15.6          14.9 Ru~0olXD20
99942         C2013 01 25.58242 07 43 40.12 -14 15 21.3          14.8 Ru~0olXD20
99942         C2013 01 25.58273 07 43 40.03 -14 15 20.6          14.8 Ru~0olXD20
99942         C2013 01 25.58304 07 43 39.94 -14 15 19.7          14.7 Ru~0olXD20
99942         C2013 01 25.62512 07 43 27.67 -14 13 20.7          14.9 Ru~0olXD20
99942         C2013 01 25.62542 07 43 27.58 -14 13 19.9          14.9 Ru~0olXD20
99942         C2013 01 25.62566 07 43 27.51 -14 13 19.2          14.8 Ru~0olXD20
99942         C2013 01 25.70824 07 43 03.39 -14 09 22.3          15.1 Ru~0olXD20
99942         C2013 01 25.74963 07 42 51.46 -14 07 21.7          15.6 Ru~0olXD20
99942         C2013 01 25.74994 07 42 51.37 -14 07 20.8          15.4 Ru~0olXD20
99942         C2013 01 25.75024 07 42 51.27 -14 07 20.0          15.5 Ru~0olXD20
99942         C2013 01 25.79106 07 42 39.71 -14 05 20.2          15.5 Ru~0olXD20
99942         C2013 01 25.79138 07 42 39.62 -14 05 19.4          15.5 Ru~0olXD20
99942         C2013 01 25.79169 07 42 39.52 -14 05 18.7          15.5 Ru~0olXD20
99942         C2013 01 25.82735 07 42 29.65 -14 03 32.9          15.5 Ru~0olXD20
99942         C2013 01 25.82766 07 42 29.57 -14 03 32.5          15.5 Ru~0olXD20
99942        KC2013 01 26.21810607 40 52.93 -13 46 31.9          15.6 Vu~0oKAH21
99942        KC2013 01 26.22081907 40 52.16 -13 46 24.1          15.6 Vu~0oKAH21
99942        KC2013 01 26.22341107 40 51.43 -13 46 16.6          15.6 Vu~0oKAH21
99942        KC2013 01 26.22600107 40 50.69 -13 46 09.2          15.6 Vu~0oKAH21
99942        KC2013 01 26.22859307 40 49.96 -13 46 01.7          15.6 Vu~0oKAH21
99942        KC2013 01 26.23150707 40 49.13 -13 45 53.3          15.6 Vu~0oKAH21
99942        KC2013 01 26.23478207 40 48.20 -13 45 43.9          15.6 Vu~0oKAH21
99942         C2013 01 26.54053 07 39 33.86 -13 29 33.1          15.2 Ru~0olXD20
99942         C2013 01 26.54084 07 39 33.78 -13 29 32.2          15.2 Ru~0olXD20
99942         C2013 01 26.54115 07 39 33.67 -13 29 31.1          15.3 Ru~0olXD20
99942         C2013 01 26.58248 07 39 22.17 -13 27 34.8          14.9 Ru~0olXD20
99942         C2013 01 26.58278 07 39 22.10 -13 27 33.9          14.8 Ru~0olXD20
99942         C2013 01 26.58303 07 39 22.03 -13 27 33.3          14.8 Ru~0olXD20
99942         C2013 01 26.62472 07 39 10.30 -13 25 34.6          14.8 Ru~0olXD20
99942         C2013 01 26.62503 07 39 10.21 -13 25 33.8          14.9 Ru~0olYD20
99942         C2013 01 26.62534 07 39 10.12 -13 25 33.0          14.9 Ru~0olYD20
99942         C2013 01 26.66640 07 38 58.55 -13 23 34.9          14.7 Ru~0olYD20
99942         C2013 01 26.66671 07 38 58.46 -13 23 34.1          14.7 Ru~0olYD20
99942         C2013 01 26.66703 07 38 58.38 -13 23 33.1          14.7 Ru~0olYD20
99942         C2013 01 26.70763 07 38 47.00 -13 21 35.5          14.9 Ru~0olYD20
99942         C2013 01 26.70794 07 38 46.90 -13 21 34.5          14.9 Ru~0olYD20
99942         C2013 01 26.70824 07 38 46.82 -13 21 33.6          14.9 Ru~0olYD20
99942         C2013 01 26.74959 07 38 35.36 -13 19 32.8          14.8 Ru~0olYD20
99942         C2013 01 26.74991 07 38 35.27 -13 19 31.9          14.8 Ru~0olYD20
99942         C2013 01 26.75021 07 38 35.18 -13 19 30.8          14.9 Ru~0olYD20
99942         C2013 01 26.79110 07 38 24.07 -13 17 30.6          15.0 Ru~0olYD20
99942         C2013 01 26.79141 07 38 23.98 -13 17 29.6          14.9 Ru~0olYD20
99942         C2013 01 26.79171 07 38 23.90 -13 17 28.8          14.9 Ru~0olYD20
99942         C2013 01 27.20162407 36 46.15 -12 59 24.6          15.6 Vu~0oKAH21
99942         C2013 01 27.20512807 36 45.19 -12 59 14.6          15.6 Vu~0oKAH21
99942         C2013 01 27.20888907 36 44.17 -12 59 03.7          15.5 Vu~0oKAH21
99942         C2013 01 27.21264607 36 43.14 -12 58 53.0          15.6 Vu~0oKAH21
99942         C2013 01 27.21639907 36 42.12 -12 58 42.1          15.6 Vu~0oKAH21
99942         C2013 01 27.22015207 36 41.09 -12 58 31.2          15.6 Vu~0oKAH21
99942         C2013 01 27.22384707 36 40.08 -12 58 20.6          15.5 Vu~0oKAH21
99942         C2013 01 27.22628207 36 39.42 -12 58 13.6          15.6 Vu~0oKAH21
99942         C2013 01 27.58256 07 35 14.66 -12 39 38.2          15.2 Ru~0olYD20
99942         C2013 01 27.58286 07 35 14.57 -12 39 37.4          15.2 Ru~0olYD20
99942         C2013 01 27.58317 07 35 14.49 -12 39 36.6          15.2 Ru~0olYD20
99942         C2013 01 27.62476 07 35 03.24 -12 37 37.7          15.7 Ru~0olYD20
99942         C2013 01 27.62507 07 35 03.16 -12 37 36.8          15.5 Ru~0olYD20
99942         C2013 01 27.62537 07 35 03.08 -12 37 36.0          15.5 Ru~0olYD20
99942         C2013 01 27.74935 07 34 29.77 -12 31 35.9          15.8 Ru~0olYD20
99942         C2013 01 27.74965 07 34 29.70 -12 31 35.0          15.9 Ru~0olYD20
99942         C2013 01 27.74997 07 34 29.62 -12 31 34.1          15.9 Ru~0olYD20
99942         C2013 01 27.79140 07 34 18.83 -12 29 32.0          15.3 Ru~0olYD20
99942         C2013 01 27.79171 07 34 18.75 -12 29 30.9          15.4 Ru~0olYD20
99942         C2013 01 27.79201 07 34 18.67 -12 29 30.3          15.3 Ru~0olYD20
99942        KC2013 01 27.83648607 34 14.30 -12 29 01.4          15.5 Vq~0oKAJ84
99942        KC2013 01 27.84145407 34 13.06 -12 28 47.8          15.7 Vq~0oKAJ84
99942        KC2013 01 27.85491707 34 09.60 -12 28 09.6          15.7 Vq~0oKAJ84
99942        KC2013 01 27.86104207 34 08.03 -12 27 52.2          15.6 Vq~0oKAJ84
99942        KC2013 01 27.86716407 34 06.45 -12 27 34.6          15.6 Vq~0oKAJ84
99942        KC2013 01 27.88832207 34 00.80 -12 26 35.0          15.6 Vq~0oKAJ84
99942         C2013 01 28.58238 07 31 17.73 -11 51 40.6          14.8 Ru~0olYD20
99942         C2013 01 28.58271 07 31 17.66 -11 51 39.7          14.8 Ru~0olYD20
99942         C2013 01 28.58301 07 31 17.57 -11 51 38.8          14.8 Ru~0olYD20
99942         C2013 01 28.70803 07 30 45.17 -11 45 38.3          14.6 Ru~0olYD20
99942         C2013 01 28.70834 07 30 45.11 -11 45 37.5          14.6 Ru~0olYD20
99942         C2013 01 28.70866 07 30 45.03 -11 45 36.6          14.6 Ru~0olYD20
99942         C2013 01 28.74958 07 30 34.61 -11 43 37.2          15.2 Ru~0olYD20
99942         C2013 01 28.74990 07 30 34.54 -11 43 36.4          15.2 Ru~0olYD20
99942         C2013 01 28.75021 07 30 34.45 -11 43 35.4          15.3 Ru~0olYD20
99942         C2013 01 28.79131 07 30 24.23 -11 41 34.6          15.1 Ru~0olYD20
99942         C2013 01 28.79162 07 30 24.15 -11 41 33.9          15.0 Ru~0olYD20
99942         C2013 01 28.79193 07 30 24.08 -11 41 32.6          15.0 Ru~0olYD20
99942         C2013 01 28.92199 07 29 58.88 -11 36 55.0          15.51R ~0oKAA05
99942         C2013 01 28.92306 07 29 58.62 -11 36 51.8          15.46R ~0oKAA05
99942         C2013 01 28.92653 07 29 57.75 -11 36 42.1          15.43R ~0oKAA05
99942         C2013 01 28.92727 07 29 57.55 -11 36 39.9          15.40R ~0oKAA05
99942         C2013 01 28.92800 07 29 57.36 -11 36 37.8          15.51R ~0oKAA05
99942         C2013 01 28.92873 07 29 57.18 -11 36 35.7          15.43R ~0oKAA05
99942         C2013 01 28.92946 07 29 57.00 -11 36 33.6          15.46R ~0oKAA05
99942         C2013 01 28.93019 07 29 56.82 -11 36 31.6          15.54R ~0oKAA05
99942         C2013 01 28.93091 07 29 56.63 -11 36 29.5          15.55R ~0oKAA05
99942         C2013 01 28.93164 07 29 56.45 -11 36 27.5          15.47R ~0oKAA05
99942         C2013 01 28.93238 07 29 56.26 -11 36 25.2          15.43R ~0oKAA05
99942         C2013 01 29.58243 07 27 31.32 -11 03 47.6          15.5 Ru~0olYD20
99942         C2013 01 29.58274 07 27 31.24 -11 03 46.8          15.3 Ru~0olYD20
99942         C2013 01 29.58306 07 27 31.16 -11 03 46.0          15.5 Ru~0olYD20
99942         C2013 01 29.62443 07 27 20.86 -11 01 47.9          15.6 Ru~0olYD20
99942         C2013 01 29.62475 07 27 20.79 -11 01 47.0          15.4 Ru~0olYD20
99942         C2013 01 29.62505 07 27 20.72 -11 01 46.1          15.4 Ru~0olYD20
99942         C2013 01 29.66654 07 27 10.40 -10 59 46.8          15.2 Ru~0olYD20
99942         C2013 01 29.66684 07 27 10.32 -10 59 45.9          15.2 Ru~0olYD20
99942         C2013 01 29.66716 07 27 10.24 -10 59 45.0          15.3 Ru~0olYD20
99942         C2013 01 29.70809 07 27 00.16 -10 57 46.5          15.2 Ru~0olYD20
99942         C2013 01 29.70840 07 27 00.08 -10 57 45.7          15.2 Ru~0olYD20
99942         C2013 01 29.70872 07 27 00.01 -10 57 44.8          15.2 Ru~0olYD20
99942         C2013 01 29.79125 07 26 40.21 -10 53 43.8          15.2 Ru~0olYD20
99942         C2013 01 29.79156 07 26 40.15 -10 53 43.1          15.1 Ru~0olYD20
99942         C2013 01 29.79188 07 26 40.07 -10 53 42.0          15.1 Ru~0olYD20
99942        KC2013 01 29.84925 07 26 33.14 -10 52 32.5          15.3 Rq~0oKAB88
99942        KC2013 01 29.86000 07 26 30.54 -10 52 02.4          15.7 Rq~0oKAB88
99942        KC2013 01 29.87079 07 26 27.98 -10 51 30.9          15.9 Rq~0oKAB88
99942         C2013 01 29.89045 07 26 23.70 -10 50 34.6          14.93Rc~0oKAA05
99942         C2013 01 29.89274 07 26 23.15 -10 50 28.0          14.98Rc~0oKAA05
99942         C2013 01 29.89846 07 26 21.78 -10 50 11.9          14.89Rc~0oKAA05
99942         C2013 01 29.89973 07 26 21.48 -10 50 08.1          15.07Rc~0oKAA05
99942         C2013 01 29.90203 07 26 20.93 -10 50 01.7          14.87Rc~0oKAA05
99942         C2013 01 29.90429 07 26 20.38 -10 49 55.2          15.02Rc~0oKAA05
99942         C2013 01 29.90657 07 26 19.83 -10 49 48.8          14.95Rc~0oKAA05
99942         C2013 01 29.90866 07 26 19.33 -10 49 42.8          15.01Rc~0oKAA05
99942         C2013 01 30.54064 07 24 05.38 -10 18 05.0          14.9 Ru~0olYD20
99942         C2013 01 30.54095 07 24 05.30 -10 18 04.2          14.9 Ru~0olYD20
99942         C2013 01 30.54125 07 24 05.23 -10 18 03.3          14.9 Ru~0olYD20
99942         C2013 01 30.58250 07 23 55.48 -10 16 06.9          14.8 Ru~0olYD20
99942         C2013 01 30.58280 07 23 55.42 -10 16 06.1          14.8 Ru~0olYD20
99942         C2013 01 30.58308 07 23 55.34 -10 16 05.2          14.8 Ru~0olYD20
99942         C2013 01 30.62473 07 23 45.43 -10 14 06.9          14.9 Ru~0olYD20
99942         C2013 01 30.62505 07 23 45.37 -10 14 06.0          14.9 Ru~0olYD20
99942         C2013 01 30.62536 07 23 45.29 -10 14 05.2          14.9 Ru~0olYD20
99942         C2013 01 30.66640 07 23 35.54 -10 12 07.7          14.9 Ru~0olYD20
99942         C2013 01 30.66670 07 23 35.47 -10 12 07.0          14.9 Ru~0olYD20
99942         C2013 01 30.66701 07 23 35.40 -10 12 06.0          14.9 Ru~0olYD20
99942         C2013 01 30.70808 07 23 25.74 -10 10 07.8          15.0 Ru~0olYD20
99942         C2013 01 30.70839 07 23 25.67 -10 10 06.8          14.9 Ru~0olYD20
99942         C2013 01 30.70870 07 23 25.60 -10 10 05.9          15.0 Ru~0olYD20
99942         C2013 01 30.85887 07 22 56.45 -10 04 30.1          14.9 Rq~0oKAB17
99942         C2013 01 30.86118 07 22 55.92 -10 04 23.2          14.8 Rq~0oKAB17
99942         C2013 01 30.86350 07 22 55.38 -10 04 16.8          14.6 Rq~0oKAB17
99942         C2013 01 30.86581 07 22 54.84 -10 04 10.1          15.3 Rq~0oKAB17
99942         C2013 01 30.86813 07 22 54.32 -10 04 03.6          15.0 Rq~0oKAB17
99942         C2013 01 30.89429 07 22 48.31 -10 02 48.8          15.0 Rq~0oKAB17
99942         C2013 01 30.89661 07 22 47.79 -10 02 42.2          15.0 Rq~0oKAB17
99942         C2013 01 30.89892 07 22 47.24 -10 02 35.4          14.9 Rq~0oKAB17
99942         C2013 01 30.90125 07 22 46.68 -10 02 28.8          15.1 Rq~0oKAB17
99942         C2013 01 30.90356 07 22 46.18 -10 02 22.2          14.9 Rq~0oKAB17
99942         C2013 01 30.92793 07 22 40.62 -10 01 12.3          14.7 Rq~0oKAB17
99942         C2013 01 30.93256 07 22 39.54 -10 00 59.1          14.6 Rq~0oKAB17
99942         C2013 01 30.93719 07 22 38.52 -10 00 45.2          14.8 Rq~0oKAB17
99942         C2013 01 30.95804 07 22 33.79 -09 59 45.4          15.4 Rq~0oKAB17
99942         C2013 01 30.96267 07 22 32.78 -09 59 32.2          15.0 Rq~0oKAB17
99942         C2013 01 30.96499 07 22 32.24 -09 59 25.8          14.9 Rq~0oKAB17
99942         C2013 01 30.96730 07 22 31.74 -09 59 18.9          14.9 Rq~0oKAB17
99942         C2013 01 31.30086 07 21 23.42 -09 43 22.7          15.8 Rq~0oKAH45
99942         C2013 01 31.30247 07 21 23.07 -09 43 17.9          15.7 Rq~0oKAH45
99942         C2013 01 31.30320 07 21 22.92 -09 43 15.9          15.5 Rq~0oKAH45
99942         C2013 01 31.30429 07 21 22.68 -09 43 12.7          15.6 Rq~0oKAH45
99942         C2013 01 31.30558 07 21 22.38 -09 43 09.0          15.6 Rq~0oKAH45
99942         C2013 01 31.30677 07 21 22.11 -09 43 05.6          15.7 Rq~0oKAH45
99942         C2013 01 31.30776 07 21 21.94 -09 43 02.2          15.7 Rq~0oKAH45
99942         C2013 01 31.31065 07 21 21.25 -09 42 54.4          15.7 Rq~0oKAH45
99942         C2013 01 31.74959 07 19 52.76 -09 20 49.3          15.0 Ru~0olYD20
99942         C2013 01 31.74991 07 19 52.71 -09 20 48.4          15.0 Ru~0olYD20
99942         C2013 01 31.75022 07 19 52.63 -09 20 47.6          15.0 Ru~0olYD20
99942         C2013 02 01.29861 07 18 06.28 -08 56 22.8          15.9 Rq~0oKAH45
99942         C2013 02 01.29970 07 18 06.06 -08 56 19.5          15.9 Rq~0oKAH45
99942         C2013 02 01.30079 07 18 05.81 -08 56 17.0          15.8 Rq~0oKAH45
99942         C2013 02 01.30148 07 18 05.67 -08 56 14.5          15.9 Rq~0oKAH45
99942         C2013 02 01.30228 07 18 05.51 -08 56 12.2          16.0 Rq~0oKAH45
99942         C2013 02 01.30295 07 18 05.37 -08 56 10.2          16.0 Rq~0oKAH45
99942         C2013 02 01.30390 07 18 05.18 -08 56 07.3          16.0 Rq~0oKAH45
99942         C2013 02 01.30481 07 18 04.97 -08 56 05.0          15.9 Rq~0oKAH45
99942         C2013 02 01.54078 07 17 24.43 -08 43 43.2          15.1 Ru~0pfED20
99942         C2013 02 01.54108 07 17 24.37 -08 43 42.3          15.1 Ru~0pfED20
99942         C2013 02 01.54135 07 17 24.31 -08 43 41.6          15.1 Ru~0pfED20
99942         C2013 02 01.62476 07 17 06.33 -08 39 48.8          15.0 Ru~0pfED20
99942         C2013 02 01.62507 07 17 06.26 -08 39 48.0          15.1 Ru~0pfED20
99942         C2013 02 01.62538 07 17 06.20 -08 39 47.0          15.1 Ru~0pfED20
99942         C2013 02 01.66638 07 16 57.37 -08 37 51.6          15.3 Ru~0pfED20
99942         C2013 02 01.66668 07 16 57.30 -08 37 50.9          15.3 Ru~0pfED20
99942         C2013 02 01.66693 07 16 57.25 -08 37 50.2          15.3 Ru~0pfED20
99942         C2013 02 01.70819 07 16 48.48 -08 35 53.4          15.2 Ru~0pfED20
99942         C2013 02 01.70850 07 16 48.41 -08 35 52.6          15.3 Ru~0pfED20
99942         C2013 02 01.70882 07 16 48.35 -08 35 51.8          15.4 Ru~0pfED20
99942         C2013 02 01.74957 07 16 39.86 -08 33 55.9          15.4 Ru~0pfED20
99942         C2013 02 01.74987 07 16 39.79 -08 33 55.2          15.4 Ru~0pfED20
99942         C2013 02 01.75019 07 16 39.74 -08 33 54.4          15.4 Ru~0pfED20
99942         C2013 02 01.87764 07 16 20.53 -08 29 22.4          15.5 Rw~0olYI57
99942         C2013 02 01.92749 07 16 07.75 -08 27 07.9          16.1 Ru~0olYC40
99942         C2013 02 01.95178 07 16 02.82 -08 25 59.2          15.6 Ru~0olYC40
99942         C2013 02 01.95342 07 16 04.61 -08 25 51.2          15.4 Rw~0olYI57
99942         C2013 02 01.96000 07 16 01.18 -08 25 35.9          15.9 Ru~0olYC40
99942         C2013 02 01.96704 07 15 59.75 -08 25 15.8          15.5 Ru~0olYC40
99942         C2013 02 01.97175 07 15 58.81 -08 25 02.7          15.5 Ru~0olYC40
99942         C2013 02 01.97292 07 15 58.60 -08 24 59.5          15.5 Ru~0olYC40
99942         C2013 02 01.97933 07 15 57.35 -08 24 41.0          15.5 Ru~0olYC40
99942         C2013 02 02.01098 07 15 52.61 -08 23 09.7          14.9 Rw~0olYI57
99942         C2013 02 02.54072 07 14 19.63 -07 57 13.4          15.5 Ru~0pfED20
99942         C2013 02 02.54103 07 14 19.56 -07 57 12.6          15.5 Ru~0pfED20
99942         C2013 02 02.54133 07 14 19.50 -07 57 11.7          15.5 Ru~0pfED20
99942         C2013 02 02.58306 07 14 10.97 -07 55 16.8          15.4 Ru~0pfED20
99942         C2013 02 02.58337 07 14 10.90 -07 55 15.8          15.4 Ru~0pfED20
99942         C2013 02 02.58367 07 14 10.84 -07 55 15.1          15.4 Ru~0pfED20
99942         C2013 02 02.62485 07 14 02.39 -07 53 21.0          15.4 Ru~0pfED20
99942         C2013 02 02.62516 07 14 02.33 -07 53 20.1          15.3 Ru~0pfED20
99942         C2013 02 02.62549 07 14 02.25 -07 53 19.3          15.3 Ru~0pfED20
99942         C2013 02 02.70816 07 13 45.49 -07 49 28.8          15.3 Ru~0pfED20
99942         C2013 02 02.70846 07 13 45.43 -07 49 27.9          15.3 Ru~0pfFD20
99942         C2013 02 02.70877 07 13 45.37 -07 49 27.0          15.3 Ru~0pfFD20
99942         C2013 02 02.77509 07 13 37.06 -07 47 51.3          15.7 Ru~0olYC40
99942         C2013 02 02.77696 07 13 36.70 -07 47 46.3          15.7 Ru~0olYC40
99942         C2013 02 02.77802 07 13 36.49 -07 47 43.3          15.8 Ru~0olYC40
99942         C2013 02 02.77907 07 13 36.28 -07 47 40.4          15.8 Ru~0olYC40
99942         C2013 02 02.78096 07 13 35.90 -07 47 35.1          15.9 Ru~0olYC40
99942         C2013 02 02.78202 07 13 35.69 -07 47 32.4          15.8 Ru~0olYC40
99942         C2013 02 02.78308 07 13 35.47 -07 47 29.3          15.8 Ru~0olYC40
99942         C2013 02 02.78459 07 13 35.18 -07 47 25.2          15.8 Ru~0olYC40
99942         C2013 02 02.78564 07 13 34.97 -07 47 22.3          15.8 Ru~0olYC40
99942         C2013 02 02.78670 07 13 34.76 -07 47 19.3          15.7 Ru~0olYC40
99942         C2013 02 02.78776 07 13 34.56 -07 47 16.4          15.7 Ru~0olYC40
99942         C2013 02 02.78882 07 13 34.34 -07 47 13.5          15.7 Ru~0olYC40
99942         C2013 02 02.78988 07 13 34.14 -07 47 10.6          15.7 Ru~0olYC40
99942         C2013 02 02.79094 07 13 33.92 -07 47 07.8          15.7 Ru~0olYC40
99942         C2013 02 02.79199 07 13 33.70 -07 47 04.8          15.9 Ru~0olYC40
99942         C2013 02 02.79305 07 13 33.51 -07 47 01.8          15.8 Ru~0olYC40
99942         C2013 02 02.79411 07 13 33.30 -07 46 58.9          15.9 Ru~0olYC40
99942         C2013 02 02.79517 07 13 33.08 -07 46 55.9          15.6 Ru~0olYC40
99942         C2013 02 02.79623 07 13 32.86 -07 46 53.0          15.6 Ru~0olYC40
99942         C2013 02 02.79729 07 13 32.67 -07 46 50.5          15.6 Ru~0olYC40
99942         C2013 02 02.80258 07 13 31.61 -07 46 35.6          15.7 Ru~0olYC40
99942         C2013 02 02.80363 07 13 31.41 -07 46 32.9          15.7 Ru~0olYC40
99942         C2013 02 02.80469 07 13 31.20 -07 46 29.8          15.8 Ru~0olYC40
99942         C2013 02 02.90820 07 13 10.75 -07 41 42.5          16.0 Ru~0olYC40
99942         C2013 02 02.90926 07 13 10.55 -07 41 39.9          15.4 Ru~0olYC40
99942         C2013 02 02.91032 07 13 10.37 -07 41 36.9          15.5 Ru~0olYC40
99942         C2013 02 02.91137 07 13 10.13 -07 41 33.9          15.5 Ru~0olYC40
99942        KC2013 02 02.91230 07 13 12.24 -07 41 36.7          15.9 Vq~0olYJ84
99942         C2013 02 02.91349 07 13 09.73 -07 41 28.1          15.7 Ru~0olYC40
99942        KC2013 02 02.91843 07 13 11.06 -07 41 20.0          15.9 Vq~0olYJ84
99942        KC2013 02 02.92455 07 13 09.86 -07 41 03.2          15.9 Vq~0olYJ84
99942         C2013 02 02.92726 07 13 07.10 -07 40 49.5          15.5 Ru~0olYC40
99942        KC2013 02 02.93068 07 13 08.68 -07 40 46.0          16.0 Vq~0olYJ84
99942         C2013 02 03.14516 07 12 32.26 -07 30 41.6          15.9 Rq~0olYH45
99942         C2013 02 03.14834 07 12 31.70 -07 30 33.9          15.7 Rq~0olYH45
99942         C2013 02 03.14920 07 12 31.45 -07 30 30.5          16.0 Rq~0olYH45
99942         C2013 02 03.15014 07 12 31.27 -07 30 27.8          16.0 Rq~0olYH45
99942         C2013 02 03.15106 07 12 31.09 -07 30 25.3          16.1 Rq~0olYH45
99942         C2013 02 03.15185 07 12 30.94 -07 30 23.2          16.0 Rq~0olYH45
99942         C2013 02 03.15275 07 12 30.77 -07 30 20.6          16.0 Rq~0olYH45
99942         C2013 02 03.15325 07 12 30.68 -07 30 19.7          16.0 Rq~0olYH45
99942         C2013 02 03.54074 07 11 25.10 -07 11 17.0          15.4 Ru~0pfFD20
99942         C2013 02 03.54104 07 11 25.05 -07 11 16.2          15.4 Ru~0pfFD20
99942         C2013 02 03.54135 07 11 24.99 -07 11 15.4          15.4 Ru~0pfFD20
99942         C2013 02 03.58334 07 11 16.85 -07 09 21.0          15.6 Ru~0pfFD20
99942         C2013 02 03.58366 07 11 16.79 -07 09 20.1          15.5 Ru~0pfFD20
99942         C2013 02 03.58396 07 11 16.72 -07 09 19.3          15.5 Ru~0pfFD20
99942         C2013 02 03.79191 07 10 43.88 -07 01 12.0          15.7 Rq~0olYC27
99942         C2013 02 03.79442 07 10 43.37 -07 01 05.5          15.6 Rq~0olYC27
99942         C2013 02 03.83153 07 10 36.61 -06 59 24.5          15.8 Rq~0olYC27
99942         C2013 02 03.83312 07 10 36.28 -06 59 20.7          15.5 Rq~0olYC27
99942        KC2013 02 03.87877 07 10 27.70 -06 57 16.3          15.8 Ru~0olYB49
99942        KC2013 02 03.88047 07 10 27.00 -06 57 14.7          16.3 Rq~0olYB88
99942        KC2013 02 03.88058 07 10 27.40 -06 57 11.8          15.6 Ru~0olYB49
99942        KC2013 02 03.88193 07 10 27.17 -06 57 08.6          15.8 Ru~0olYB49
99942         C2013 02 03.91254 07 10 21.69 -06 55 42.0          16.0 Vq~0olYI89
99942         C2013 02 03.91430 07 10 21.37 -06 55 37.2          15.5 Vq~0olYI89
99942        KC2013 02 03.91457 07 10 20.59 -06 55 41.5          15.5 Rq~0olYB88
99942         C2013 02 03.91608 07 10 21.01 -06 55 32.4          16.0 Vq~0olYI89
99942         C2013 02 03.92050 07 10 20.16 -06 55 20.2          16.1 Vq~0olYI89
99942         C2013 02 03.92226 07 10 19.85 -06 55 15.6          15.1 Vq~0olYI89
99942         C2013 02 03.92326 07 10 19.67 -06 55 12.8          15.9 Vq~0olYI89
99942        bC2013 02 03.92500 07 10 18.48 -06 55 13.2          16.2 V ~0olYC91
99942         C2013 02 03.92541 07 10 19.25 -06 55 06.9          15.1 Vq~0olYI89
99942         C2013 02 03.92756 07 10 18.85 -06 55 01.3          15.9 Vq~0olYI89
99942        KC2013 02 03.92894 07 10 17.92 -06 55 02.3          15.4 Rq~0olYB88
99942         C2013 02 03.93074 07 10 18.25 -06 54 52.5          15.3 Vq~0olYI89
99942        bC2013 02 03.93264 07 10 17.06 -06 54 51.4          16.2 V ~0olYC91
99942         C2013 02 03.93287 07 10 17.84 -06 54 46.5          15.4 Vq~0olYI89
99942         C2013 02 03.93500 07 10 17.43 -06 54 40.8          15.3 Vq~0olYI89
99942        bC2013 02 03.93819 07 10 15.98 -06 54 37.0          16.2 V ~0olYC91
99942         C2013 02 04.54072 07 08 40.75 -06 25 58.2          15.5 Ru~0pfFD20
99942         C2013 02 04.54103 07 08 40.69 -06 25 57.3          15.5 Ru~0pfFD20
99942         C2013 02 04.54134 07 08 40.63 -06 25 56.4          15.6 Ru~0pfFD20
99942         C2013 02 04.58304 07 08 32.97 -06 24 04.5          15.4 Ru~0pfFD20
99942         C2013 02 04.58334 07 08 32.91 -06 24 03.7          15.4 Ru~0pfFD20
99942         C2013 02 04.58367 07 08 32.86 -06 24 02.8          15.4 Ru~0pfFD20
99942         C2013 02 04.62471 07 08 25.31 -06 22 12.1          15.4 Ru~0pfFD20
99942         C2013 02 04.62502 07 08 25.24 -06 22 11.2          15.4 Ru~0pfFD20
99942         C2013 02 04.62534 07 08 25.20 -06 22 10.2          15.5 Ru~0pfFD20
99942         C2013 02 04.64814907 08 22.098-06 22 17.05               q~1Xf5O44
99942         C2013 02 04.64949207 08 21.849-06 22 13.44               q~1Xf5O44
99942         C2013 02 04.65250107 08 21.295-06 22 05.35               q~1Xf5O44
99942         C2013 02 04.65289807 08 21.220-06 22 04.24               q~1Xf5O44
99942         C2013 02 04.65329607 08 21.148-06 22 03.17               q~1Xf5O44
99942         C2013 02 04.65369307 08 21.073-06 22 02.12               q~1Xf5O44
99942         C2013 02 04.65409007 08 21.000-06 22 01.02               q~1Xf5O44
99942         C2013 02 04.65501907 08 20.829-06 21 58.54               q~1Xf5O44
99942         C2013 02 04.65581507 08 20.683-06 21 56.37               q~1Xf5O44
99942         C2013 02 04.65622407 08 20.608-06 21 55.27               q~1Xf5O44
99942         C2013 02 04.65757507 08 20.356-06 21 51.63               q~1Xf5O44
99942         C2013 02 04.65797507 08 20.281-06 21 50.51               q~1Xf5O44
99942         C2013 02 04.65837707 08 20.209-06 21 49.48               q~1Xf5O44
99942         C2013 02 04.65877807 08 20.134-06 21 48.37               q~1Xf5O44
99942         C2013 02 04.65917907 08 20.060-06 21 47.26               q~1Xf5O44
99942         C2013 02 04.65992807 08 19.923-06 21 45.26               q~1Xf5O44
99942         C2013 02 04.66032907 08 19.849-06 21 44.17               q~1Xf5O44
99942         C2013 02 04.66073007 08 19.777-06 21 43.14               q~1Xf5O44
99942         C2013 02 04.66113007 08 19.703-06 21 42.05               q~1Xf5O44
99942         C2013 02 04.66153107 08 19.628-06 21 40.92               q~1Xf5O44
99942         C2013 02 04.66199407 08 19.544-06 21 39.72               q~1Xf5O44
99942         C2013 02 04.66239607 08 19.469-06 21 38.59               q~1Xf5O44
99942         C2013 02 04.66279707 08 19.394-06 21 37.53               q~1Xf5O44
99942         C2013 02 04.66319907 08 19.321-06 21 36.45               q~1Xf5O44
99942         C2013 02 04.66360107 08 19.246-06 21 35.38               q~1Xf5O44
99942         C2013 02 04.66407507 08 19.159-06 21 34.11               q~1Xf5O44
99942         C2013 02 04.66447607 08 19.082-06 21 32.98               q~1Xf5O44
99942         C2013 02 04.66487707 08 19.011-06 21 31.92               q~1Xf5O44
99942         C2013 02 04.66527807 08 18.936-06 21 30.83               q~1Xf5O44
99942         C2013 02 04.66671107 08 18.671-06 21 26.96               q~1Xf5O44
99942         C2013 02 04.66752607 08 18.521-06 21 24.77               q~1Xf5O44
99942         C2013 02 04.66894407 08 18.258-06 21 20.93               q~1Xf5O44
99942         C2013 02 04.66940307 08 18.175-06 21 19.72               q~1Xf5O44
99942         C2013 02 04.66985807 08 18.091-06 21 18.47               q~1Xf5O44
99942         C2013 02 04.67031707 08 18.005-06 21 17.22               q~1Xf6O44
99942         C2013 02 04.67077607 08 17.921-06 21 16.01               q~1Xf6O44
99942         C2013 02 04.67130207 08 17.826-06 21 14.59               q~1Xf6O44
99942         C2013 02 04.67176107 08 17.740-06 21 13.35               q~1Xf6O44
99942         C2013 02 04.67221607 08 17.655-06 21 12.10               q~1Xf6O44
99942         C2013 02 04.67267507 08 17.571-06 21 10.86               q~1Xf6O44
99942         C2013 02 04.67313507 08 17.486-06 21 09.66               q~1Xf6O44
99942         C2013 02 04.67365507 08 17.390-06 21 08.21               q~1Xf6O44
99942         C2013 02 04.67411107 08 17.308-06 21 06.99               q~1Xf6O44
99942         C2013 02 04.67457507 08 17.221-06 21 05.68               q~1Xf6O44
99942         C2013 02 04.67503507 08 17.139-06 21 04.53               q~1Xf6O44
99942         C2013 02 04.67549207 08 17.052-06 21 03.25               q~1Xf6O44
99942         C2013 02 04.67734907 08 16.711-06 20 58.22               q~1Xf6O44
99942         C2013 02 04.67780507 08 16.628-06 20 56.99               q~1Xf6O44
99942         C2013 02 04.67835207 08 16.527-06 20 55.53               q~1Xf6O44
99942         C2013 02 04.67881307 08 16.443-06 20 54.25               q~1Xf6O44
99942         C2013 02 04.67927307 08 16.357-06 20 53.02               q~1Xf6O44
99942         C2013 02 04.67973307 08 16.272-06 20 51.78               q~1Xf6O44
99942         C2013 02 04.68019107 08 16.187-06 20 50.53               q~1Xf6O44
99942         C2013 02 04.68067507 08 16.100-06 20 49.25               q~1Xf6O44
99942         C2013 02 04.68113507 08 16.014-06 20 47.99               q~1Xf6O44
99942         C2013 02 04.68159107 08 15.931-06 20 46.77               q~1Xf6O44
99942         C2013 02 04.68205007 08 15.846-06 20 45.51               q~1Xf6O44
99942         C2013 02 04.68299907 08 15.672-06 20 42.95               q~1Xf6O44
99942         C2013 02 04.68345807 08 15.588-06 20 41.73               q~1Xf6O44
99942         C2013 02 04.68391407 08 15.504-06 20 40.50               q~1Xf6O44
99942         C2013 02 04.68437207 08 15.421-06 20 39.24               q~1Xf6O44
99942         C2013 02 04.68482807 08 15.337-06 20 38.00               q~1Xf6O44
99942         C2013 02 04.68531207 08 15.247-06 20 36.71               q~1Xf6O44
99942         C2013 02 04.68577207 08 15.161-06 20 35.48               q~1Xf6O44
99942         C2013 02 04.68623207 08 15.078-06 20 34.24               q~1Xf6O44
99942         C2013 02 04.68714807 08 14.909-06 20 31.73               q~1Xf6O44
99942         C2013 02 04.70803 07 08 10.20 -06 18 26.2          15.5 Ru~0pfFD20
99942         C2013 02 04.70834 07 08 10.15 -06 18 25.5          15.5 Ru~0pfFD20
99942         C2013 02 04.70865 07 08 10.10 -06 18 24.6          15.4 Ru~0pfFD20
99942         C2013 02 04.74954 07 08 02.95 -06 16 33.2          15.4 Ru~0pfFD20
99942         C2013 02 04.74985 07 08 02.89 -06 16 32.5          15.3 Ru~0pfFD20
99942         C2013 02 04.75015 07 08 02.84 -06 16 31.7          15.4 Ru~0pfFD20
99942         C2013 02 05.54067 07 06 06.41 -05 41 20.4          16.0 Ru~0pfFD20
99942         C2013 02 05.54100 07 06 06.35 -05 41 19.6          16.0 Ru~0pfFD20
99942         C2013 02 05.54130 07 06 06.30 -05 41 18.8          15.9 Ru~0pfFD20
99942         C2013 02 05.58306 07 05 59.06 -05 39 28.3          15.9 Ru~0pfFD20
99942         C2013 02 05.58337 07 05 59.00 -05 39 27.5          15.9 Ru~0pfFD20
99942         C2013 02 05.58367 07 05 58.95 -05 39 26.6          15.9 Ru~0pfFD20
99942         C2013 02 05.60346207 05 56.627-05 39 41.01               q~1Xf6O44
99942         C2013 02 05.60702007 05 56.011-05 39 31.65               q~1Xf6O44
99942         C2013 02 05.60757907 05 55.912-05 39 30.13               q~1Xf6O44
99942         C2013 02 05.60810807 05 55.820-05 39 28.70               q~1Xf6O44
99942         C2013 02 05.61255507 05 55.045-05 39 16.93               q~1Xf6O44
99942         C2013 02 05.61376207 05 54.834-05 39 13.77               q~1Xf6O44
99942         C2013 02 05.61429607 05 54.738-05 39 12.32               q~1Xf6O44
99942         C2013 02 05.61482307 05 54.649-05 39 11.00               q~1Xf6O44
99942         C2013 02 05.61538807 05 54.550-05 39 09.42               q~1Xf6O44
99942         C2013 02 05.61592307 05 54.455-05 39 08.02               q~1Xf6O44
99942         C2013 02 05.61920807 05 53.888-05 38 59.42               q~1Xf6O44
99942         C2013 02 05.62053707 05 53.649-05 38 55.78               q~1Xf6O44
99942         C2013 02 05.62108607 05 53.552-05 38 54.35               q~1Xf6O44
99942         C2013 02 05.62162307 05 53.463-05 38 52.96               q~1Xf6O44
99942         C2013 02 05.62781007 05 52.380-05 38 36.57               q~1Xf6O44
99942         C2013 02 05.62834007 05 52.288-05 38 35.15               q~1Xf6O44
99942         C2013 02 05.62890307 05 52.187-05 38 33.64               q~1Xf6O44
99942         C2013 02 05.62945507 05 52.092-05 38 32.17               q~1Xf6O44
99942         C2013 02 05.62998807 05 52.005-05 38 30.83               q~1Xf6O44
99942         C2013 02 05.63338107 05 51.408-05 38 21.76               q~1Xf6O44
99942         C2013 02 05.63744607 05 50.696-05 38 11.02               q~1Xf6O44
99942         C2013 02 05.63867507 05 50.483-05 38 07.71               q~1Xf6O44
99942         C2013 02 05.63988007 05 50.273-05 38 04.57               q~1Xf6O44
99942         C2013 02 05.64108307 05 50.062-05 38 01.37               q~1Xf6O44
99942         C2013 02 05.64754207 05 48.933-05 37 44.19               q~1Xf6O44
99942         C2013 02 05.64856207 05 48.759-05 37 41.51               q~1Xf6O44
99942         C2013 02 05.64916107 05 48.653-05 37 39.92               q~1Xf6O44
99942         C2013 02 05.64976807 05 48.548-05 37 38.29               q~1Xf6O44
99942         C2013 02 05.65045707 05 48.427-05 37 36.46               q~1Xf6O44
99942         C2013 02 05.65101507 05 48.333-05 37 35.06               q~1Xf6O44
99942         C2013 02 05.65488907 05 47.655-05 37 24.72               q~1Xf6O44
99942         C2013 02 05.65592807 05 47.473-05 37 21.94               q~1Xf6O44
99942         C2013 02 05.65657707 05 47.363-05 37 20.26               q~1Xf6O44
99942         C2013 02 05.65710907 05 47.267-05 37 18.80               q~1Xf6O44
99942         C2013 02 05.66254407 05 46.320-05 37 04.37               q~1Xf6O44
99942         C2013 02 05.66427707 05 46.015-05 36 59.75               q~1Xf6O44
99942         C2013 02 05.66495807 05 45.901-05 36 58.00               q~1Xf6O44
99942         C2013 02 05.66565607 05 45.779-05 36 56.11               q~1Xf6O44
99942         C2013 02 05.66627307 05 45.668-05 36 54.42               q~1Xf6O44
99942         C2013 02 05.67044307 05 44.948-05 36 43.39               q~1Xf6O44
99942         C2013 02 05.67179607 05 44.711-05 36 39.76               q~1Xf6O44
99942         C2013 02 05.67472107 05 44.205-05 36 32.02               q~1Xf6O44
99942         C2013 02 05.67540007 05 44.088-05 36 30.25               q~1Xf6O44
99942         C2013 02 05.67595107 05 43.988-05 36 28.70               q~1Xf6O44
99942         C2013 02 05.67648307 05 43.900-05 36 27.35               q~1Xf6O44
99942         C2013 02 05.68083707 05 43.146-05 36 15.78               q~1Xf6O44
99942         C2013 02 05.68188607 05 42.962-05 36 12.93               q~1Xf6O44
99942         C2013 02 05.68250107 05 42.856-05 36 11.34               q~1Xf6O44
99942         C2013 02 05.68308007 05 42.753-05 36 09.78               q~1Xf6O44
99942         C2013 02 05.68363207 05 42.660-05 36 08.33               q~1Xf6O44
99942         C2013 02 05.68772607 05 41.954-05 35 57.46               q~1Xf6O44
99942         C2013 02 05.68907507 05 41.717-05 35 53.82               q~1Xf6O44
99942         C2013 02 05.69404 07 05 44.67 -05 35 55.9          15.5 Rq~0olYB17
99942         C2013 02 05.69581707 05 40.554-05 35 35.90               q~1Xf6O44
99942         C2013 02 05.69694707 05 40.359-05 35 32.87               q~1Xf6O44
99942         C2013 02 05.69756507 05 40.255-05 35 31.24               q~1Xf6O44
99942         C2013 02 05.69873607 05 40.052-05 35 28.13               q~1Xf6O44
99942         C2013 02 05.69930807 05 39.951-05 35 26.57               q~1Xf6O44
99942         C2013 02 05.69985007 05 39.860-05 35 25.17               q~1Xf6O44
99942         C2013 02 05.70793 07 05 37.64 -05 33 55.9          15.9 Ru~0pfFD20
99942         C2013 02 05.70823 07 05 37.59 -05 33 55.2          15.8 Ru~0pfFD20
99942         C2013 02 05.70854 07 05 37.53 -05 33 54.3          15.8 Ru~0pfFD20
99942         C2013 02 05.70961 07 05 42.14 -05 35 15.0          15.3 Rq~0olYB17
99942         C2013 02 05.72941 07 05 38.89 -05 34 22.8          15.3 Rq~0olYB17
99942         C2013 02 05.73784 07 05 37.21 -05 34 00.8          16.0 Ru~0olYC40
99942         C2013 02 05.73890 07 05 37.04 -05 33 58.0          16.0 Ru~0olYC40
99942         C2013 02 05.73996 07 05 36.86 -05 33 55.2          15.9 Ru~0olYC40
99942         C2013 02 05.74101 07 05 36.68 -05 33 52.4          16.0 Ru~0olYC40
99942        1C2013 02 05.74163 07 05 36.88 -05 33 52.0          15.5 Rq~0olY089
99942        1C2013 02 05.74307 07 05 36.63 -05 33 48.2          15.7 Rq~0olY089
99942        1C2013 02 05.74737 07 05 35.93 -05 33 36.8          15.6 Rq~0olY089
99942        1C2013 02 05.74881 07 05 35.69 -05 33 33.2          15.0 Rq~0olY089
99942         C2013 02 05.74953 07 05 30.80 -05 32 04.6          15.6 Ru~0pfFD20
99942         C2013 02 05.74984 07 05 30.74 -05 32 03.9          15.6 Ru~0pfFD20
99942         C2013 02 05.75015 07 05 30.70 -05 32 03.1          15.6 Ru~0pfFD20
99942         C2013 02 05.75160 07 05 34.91 -05 33 24.3          16.2 Ru~0olYC40
99942        1C2013 02 05.75168 07 05 35.22 -05 33 25.7          15.4 Rq~0olY089
99942         C2013 02 05.75265 07 05 34.74 -05 33 21.8          16.0 Ru~0olYC40
99942        1C2013 02 05.75311 07 05 34.99 -05 33 21.6          15.9 Rq~0olY089
99942         C2013 02 05.75371 07 05 34.57 -05 33 18.9          16.0 Ru~0olYC40
99942        1C2013 02 05.75455 07 05 34.75 -05 33 18.0          15.6 Rq~0olY089
99942         C2013 02 05.75477 07 05 34.39 -05 33 15.9          16.0 Ru~0olYC40
99942         C2013 02 05.75582 07 05 34.23 -05 33 13.4          15.9 Ru~0olYC40
99942        1C2013 02 05.75598 07 05 34.52 -05 33 14.3          15.5 Rq~0olY089
99942         C2013 02 05.75688 07 05 34.03 -05 33 10.3          16.0 Ru~0olYC40
99942        1C2013 02 05.75742 07 05 34.27 -05 33 10.4          15.6 Rq~0olY089
99942         C2013 02 05.75794 07 05 33.86 -05 33 07.9          16.0 Ru~0olYC40
99942        1C2013 02 05.75885 07 05 34.05 -05 33 06.9          15.9 Rq~0olY089
99942        1C2013 02 05.76029 07 05 33.80 -05 33 02.9          15.7 Rq~0olY089
99942         C2013 02 05.76047 07 05 33.75 -05 33 00.9          15.5 Rq~0olYB17
99942         C2013 02 05.76743 07 05 32.26 -05 32 42.6          16.0 Ru~0olYC40
99942        1C2013 02 05.76746 07 05 32.62 -05 32 44.3          15.5 Rq~0olY089
99942         C2013 02 05.76849 07 05 32.10 -05 32 39.7          16.0 Ru~0olYC40
99942        1C2013 02 05.76890 07 05 32.37 -05 32 40.2          15.4 Rq~0olY089
99942         C2013 02 05.77484 07 05 31.04 -05 32 23.2          15.4 Ru~0olYC40
99942         C2013 02 05.77589 07 05 30.87 -05 32 20.4          16.2 Ru~0olYC40
99942         C2013 02 05.77695 07 05 30.69 -05 32 17.6          16.0 Ru~0olYC40
99942         C2013 02 05.77718 07 05 30.97 -05 32 17.0          15.4 Rq~0olYB17
99942        1C2013 02 05.77751 07 05 30.94 -05 32 17.5          15.5 Rq~0olY089
99942         C2013 02 05.77801 07 05 30.53 -05 32 14.8          16.3 Ru~0olYC40
99942        1C2013 02 05.77895 07 05 30.70 -05 32 13.6          15.4 Rq~0olY089
99942         C2013 02 05.77907 07 05 30.32 -05 32 11.7          16.0 Ru~0olYC40
99942         C2013 02 05.78013 07 05 30.15 -05 32 09.3          16.2 Ru~0olYC40
99942        1C2013 02 05.78038 07 05 30.48 -05 32 10.0          15.4 Rq~0olY089
99942         C2013 02 05.78119 07 05 29.96 -05 32 06.4          16.1 Ru~0olYC40
99942        1C2013 02 05.78182 07 05 30.24 -05 32 06.2          15.5 Rq~0olY089
99942         C2013 02 05.78224 07 05 29.80 -05 32 03.7          16.2 Ru~0olYC40
99942         C2013 02 05.78365 07 05 29.57 -05 31 59.9          16.4 Ru~0olYC40
99942         C2013 02 05.78471 07 05 29.37 -05 31 57.1          16.4 Ru~0olYC40
99942         C2013 02 05.78577 07 05 29.20 -05 31 54.1          16.0 Ru~0olYC40
99942        1C2013 02 05.78612 07 05 29.52 -05 31 54.7          15.3 Rq~0olY089
99942         C2013 02 05.78683 07 05 29.04 -05 31 51.4          15.8 Ru~0olYC40
99942        1C2013 02 05.78756 07 05 29.26 -05 31 50.9          15.0 Rq~0olY089
99942         C2013 02 05.78789 07 05 28.85 -05 31 48.8          15.9 Ru~0olYC40
99942         C2013 02 05.78895 07 05 28.68 -05 31 46.0          16.0 Ru~0olYC40
99942         C2013 02 05.79000 07 05 28.51 -05 31 43.1          15.8 Ru~0olYC40
99942        1C2013 02 05.79043 07 05 28.78 -05 31 43.4          15.4 Rq~0olY089
99942         C2013 02 05.79106 07 05 28.34 -05 31 40.8          15.9 Ru~0olYC40
99942        1C2013 02 05.79186 07 05 28.57 -05 31 39.8          15.5 Rq~0olY089
99942         C2013 02 05.79318 07 05 27.96 -05 31 34.8          15.8 Ru~0olYC40
99942        1C2013 02 05.79330 07 05 28.32 -05 31 36.1          15.5 Rq~0olY089
99942         C2013 02 05.79424 07 05 27.78 -05 31 32.1          15.8 Ru~0olYC40
99942        1C2013 02 05.79473 07 05 28.09 -05 31 32.3          15.6 Rq~0olY089
99942         C2013 02 05.79530 07 05 27.59 -05 31 29.3          15.7 Ru~0olYC40
99942        1C2013 02 05.79617 07 05 27.84 -05 31 28.1          15.5 Rq~0olY089
99942         C2013 02 05.79635 07 05 27.42 -05 31 26.8          15.8 Ru~0olYC40
99942         C2013 02 05.79741 07 05 27.26 -05 31 23.9          15.7 Ru~0olYC40
99942         C2013 02 05.79847 07 05 27.09 -05 31 20.9          15.8 Ru~0olYC40
99942         C2013 02 05.79953 07 05 26.90 -05 31 18.0          15.8 Ru~0olYC40
99942         C2013 02 05.80058 07 05 26.74 -05 31 15.3          15.9 Ru~0olYC40
99942         C2013 02 05.80164 07 05 26.57 -05 31 12.5          15.9 Ru~0olZC40
99942         C2013 02 05.80270 07 05 26.37 -05 31 09.6          15.8 Ru~0olZC40
99942         C2013 02 05.80376 07 05 26.22 -05 31 07.2          15.7 Ru~0olZC40
99942        1C2013 02 05.80441 07 05 26.47 -05 31 06.4          15.2 Rq~0olZ089
99942        1C2013 02 05.80584 07 05 26.23 -05 31 03.0          15.4 Rq~0olZ089
99942        1C2013 02 05.80913 07 05 25.69 -05 30 53.7          15.5 Rq~0olZ089
99942        1C2013 02 05.81057 07 05 25.45 -05 30 50.3          15.3 Rq~0olZ089
99942        1C2013 02 05.81200 07 05 25.21 -05 30 46.4          15.5 Rq~0olZ089
99942         C2013 02 05.83367 07 05 21.54 -05 29 47.8          15.4 Rq~0olZB17
99942         C2013 02 05.85263 07 05 18.40 -05 28 57.9          15.1 Rq~0olZB17
99942         C2013 02 06.21482 07 04 25.65 -05 12 54.5          16.1 Rq~0olZH45
99942         C2013 02 06.21568 07 04 25.50 -05 12 52.2          16.2 Rq~0olZH45
99942         C2013 02 06.21701 07 04 25.28 -05 12 48.8          16.1 Rq~0olZH45
99942         C2013 02 06.21791 07 04 25.13 -05 12 46.3          16.1 Rq~0olZH45
99942         C2013 02 06.21894 07 04 24.96 -05 12 43.6          16.2 Rq~0olZH45
99942         C2013 02 06.21969 07 04 24.84 -05 12 41.8          16.1 Rq~0olZH45
99942         C2013 02 06.22079 07 04 24.65 -05 12 38.8          16.2 Rq~0olZH45
99942         C2013 02 06.22952 07 04 23.21 -05 12 15.8          16.3 Rq~0olZH45
99942         C2013 02 06.62076307 03 29.910-04 55 03.95               q~1Xf6O44
99942         C2013 02 06.62150407 03 29.789-04 55 02.02               q~1Xf6O44
99942         C2013 02 06.62312707 03 29.517-04 54 57.80               q~1Xf6O44
99942         C2013 02 06.62383007 03 29.407-04 54 55.95               q~1Xf6O44
99942         C2013 02 06.62909107 03 28.538-04 54 42.23               q~1Xf6O44
99942         C2013 02 06.63005807 03 28.381-04 54 39.72               q~1Xf6O44
99942         C2013 02 06.63076707 03 28.263-04 54 37.85               q~1Xf6O44
99942         C2013 02 06.63139207 03 28.162-04 54 36.27               q~1Xf6O44
99942         C2013 02 06.63212007 03 28.042-04 54 34.37               q~1Xf6O44
99942         C2013 02 06.63613207 03 27.382-04 54 23.90               q~1Xf6O44
99942         C2013 02 06.63693107 03 27.251-04 54 21.83               q~1Xf6O44
99942         C2013 02 06.63749407 03 27.158-04 54 20.33               q~1Xf6O44
99942         C2013 02 06.63805007 03 27.068-04 54 18.88               q~1Xf6O44
99942         C2013 02 06.63858707 03 26.980-04 54 17.49               q~1Xf6O44
99942         C2013 02 06.64279107 03 26.286-04 54 06.51               q~1Xf6O44
99942         C2013 02 06.64350307 03 26.171-04 54 04.63               q~1Xf6O44
99942         C2013 02 06.64412007 03 26.070-04 54 03.06               q~1Xf6O44
99942         C2013 02 06.64474007 03 25.968-04 54 01.49               q~1Xf6O44
99942         C2013 02 06.64530307 03 25.878-04 54 00.04               q~1Xf6O44
99942         C2013 02 06.64593707 03 25.770-04 53 58.30               q~1Xf6O44
99942         C2013 02 06.64998507 03 25.105-04 53 47.77               q~1Xf6O44
99942         C2013 02 06.65251907 03 24.692-04 53 41.19               q~1Xf6O44
99942         C2013 02 06.65335407 03 24.552-04 53 38.97               q~1Xf6O44
99942         C2013 02 06.65417807 03 24.417-04 53 36.81               q~1Xf6O44
99942         C2013 02 06.65483907 03 24.309-04 53 35.05               q~1Xf6O44
99942         C2013 02 06.65953507 03 23.537-04 53 22.81               q~1Xf6O44
99942         C2013 02 06.66035807 03 23.402-04 53 20.67               q~1Xf6O44
99942         C2013 02 06.66091307 03 23.311-04 53 19.21               q~1Xf6O44
99942         C2013 02 06.66156307 03 23.206-04 53 17.57               q~1Xf6O44
99942         C2013 02 06.66211607 03 23.118-04 53 16.17               q~1Xf6O44
99942         C2013 02 06.66267907 03 23.025-04 53 14.63               q~1Xf6O44
99942         C2013 02 06.66322207 03 22.937-04 53 13.23               q~1Xf6O44
99942         C2013 02 06.66653607 03 22.390-04 53 04.51               q~1Xf6O44
99942         C2013 02 06.66721207 03 22.282-04 53 02.75               q~1Xf6O44
99942         C2013 02 06.66788507 03 22.172-04 53 01.04               q~1Xf6O44
99942         C2013 02 06.66845807 03 22.085-04 52 59.55               q~1Xf6O44
99942         C2013 02 06.67329207 03 21.291-04 52 46.88               q~1Xf6O44
99942         C2013 02 06.67399307 03 21.178-04 52 45.07               q~1Xf6O44
99942         C2013 02 06.67464407 03 21.068-04 52 43.41               q~1Xf6O44
99942         C2013 02 06.67520707 03 20.973-04 52 41.87               q~1Xf6O44
99942         C2013 02 06.67575907 03 20.887-04 52 40.51               q~1Xf6O44
99942         C2013 02 06.67635107 03 20.792-04 52 38.87               q~1Xf6O44
99942         C2013 02 06.67986407 03 20.220-04 52 29.80               q~1Xf6O44
99942         C2013 02 06.72253307 03 13.329-04 50 38.09               q~1Xf6O44
99942         C2013 02 06.72334307 03 13.200-04 50 35.96               q~1Xf6O44
99942         C2013 02 06.72482507 03 12.965-04 50 32.11               q~1Xf6O44
99942         C2013 02 06.72544607 03 12.864-04 50 30.46               q~1Xf6O44
99942         C2013 02 06.72608007 03 12.765-04 50 28.86               q~1Xf6O44
99942         C2013 02 06.72662607 03 12.673-04 50 27.30               q~1Xf6O44
99942         C2013 02 06.73134007 03 11.925-04 50 14.96               q~1Xf6O44
99942         C2013 02 06.73202507 03 11.815-04 50 13.19               q~1Xf6O44
99942         C2013 02 06.73261107 03 11.720-04 50 11.67               q~1Xf6O44
99942         C2013 02 06.73319407 03 11.627-04 50 10.14               q~1Xf6O44
99942         C2013 02 06.73372907 03 11.548-04 50 08.77               q~1Xf6O44
99942         C2013 02 06.73779907 03 10.905-04 49 58.10               q~1Xf6O44
99942         C2013 02 06.73839907 03 10.807-04 49 56.51               q~1Xf6O44
99942         C2013 02 06.73904207 03 10.701-04 49 54.89               q~1Xf6O44
99942         C2013 02 06.74470407 03 09.815-04 49 40.02               q~1Xf6O44
99942         C2013 02 06.74538607 03 09.704-04 49 38.20               q~1Xf6O44
99942         C2013 02 06.74602107 03 09.609-04 49 36.50               q~1Xf6O44
99942         C2013 02 06.74657507 03 09.519-04 49 35.12               q~1Xf6O44
99942         C2013 02 06.74729707 03 09.404-04 49 33.15               q~1Xf6O44
99942         C2013 02 06.74784307 03 09.324-04 49 31.68               q~1Xf6O44
99942         C2013 02 06.74845307 03 09.228-04 49 30.05               q~1Xf6O44
99942         C2013 02 06.74955 07 03 08.47 -04 48 20.6          15.8 Ru~0pfFD20
99942         C2013 02 06.74986 07 03 08.42 -04 48 19.7          15.7 Ru~0pfFD20
99942         C2013 02 06.75017 07 03 08.38 -04 48 18.9          15.6 Ru~0pfFD20
99942         C2013 02 06.75505 07 03 12.30 -04 49 30.2          15.6 Rq~0olZB17
99942         C2013 02 06.76194 07 03 11.88 -04 49 15.1                u~0qKN557
99942         C2013 02 06.76904 07 03 10.81 -04 48 57.7          15.8 Vo~0olZ639
99942         C2013 02 06.77149 07 03 09.71 -04 48 47.8          15.4 Rq~0olZB17
99942         C2013 02 06.78108 07 03 09.00 -04 48 26.4          15.8 Vo~0olZ639
99942         C2013 02 06.79156 07 03 06.56 -04 47 55.6          15.6 Rq~0olZB17
99942         C2013 02 06.80699 07 03 04.14 -04 47 15.5          15.6 Rq~0olZB17
99942         C2013 02 06.81388 07 03 03.93 -04 47 00.6                u~0qKN557
99942         C2013 02 06.82111 07 03 02.86 -04 46 42.8          16.0 Vo~0olZ639
99942         C2013 02 06.82542 07 03 02.19 -04 46 31.7          16.1 Vo~0olZ639
99942         C2013 02 06.82883 07 03 00.72 -04 46 18.6          15.5 Rq~0olZB17
99942         C2013 02 06.84549 07 02 58.09 -04 45 35.6          15.5 Rq~0olZB17
99942         C2013 02 06.86756 07 02 55.63 -04 44 41.5                u~0qKN557
99942         C2013 02 06.88659 07 02 52.71 -04 43 52.4                u~0qKN557
99942         C2013 02 06.95095 07 02 42.85 -04 41 05.0                u~0qKN557
99942         C2013 02 06.98056 07 02 38.37 -04 39 48.0                u~0qKN557
99942         C2013 02 07.57948707 01 22.241-04 13 45.16               q~1Xf6O44
99942         C2013 02 07.58034107 01 22.111-04 13 42.98               q~1Xf6O44
99942         C2013 02 07.58229907 01 21.809-04 13 38.02               q~1Xf6O44
99942         C2013 02 07.58289707 01 21.720-04 13 36.57               q~1Xf6O44
99942         C2013 02 07.58308 07 01 20.61 -04 12 31.5          15.9 Ru~0pfFD20
99942         C2013 02 07.58339 07 01 20.55 -04 12 30.8          15.9 Ru~0pfFD20
99942         C2013 02 07.58349607 01 21.624-04 13 34.93               q~1Xf6O44
99942         C2013 02 07.58370 07 01 20.51 -04 12 30.0          15.9 Ru~0pfFD20
99942         C2013 02 07.58403907 01 21.545-04 13 33.61               q~1Xf6O44
99942         C2013 02 07.58848907 01 20.860-04 13 22.22               q~1Xf6O44
99942         C2013 02 07.58940307 01 20.719-04 13 19.90               q~1Xf6O44
99942         C2013 02 07.59006007 01 20.618-04 13 18.20               q~1Xf6O44
99942         C2013 02 07.59060607 01 20.532-04 13 16.81               q~1Xf6O44
99942         C2013 02 07.59118507 01 20.443-04 13 15.32               q~1Xf6O44
99942         C2013 02 07.59531807 01 19.805-04 13 04.76               q~1Xf6O44
99942         C2013 02 07.59654007 01 19.619-04 13 01.71               q~1Xf6O44
99942         C2013 02 07.59725307 01 19.510-04 12 59.86               q~1Xf6O44
99942         C2013 02 07.59782907 01 19.423-04 12 58.50               q~1Xf6O44
99942         C2013 02 07.59836307 01 19.338-04 12 56.91               q~1Xf6O44
99942         C2013 02 07.60221707 01 18.746-04 12 47.19               q~1Xf6O44
99942         C2013 02 07.60297707 01 18.629-04 12 45.18               q~1Xf6O44
99942         C2013 02 07.60371807 01 18.513-04 12 43.34               q~1Xf6O44
99942         C2013 02 07.60434507 01 18.416-04 12 41.70               q~1Xf6O44
99942         C2013 02 07.60492107 01 18.330-04 12 40.30               q~1Xf6O44
99942         C2013 02 07.60995907 01 17.551-04 12 27.42               q~1Xf6O44
99942         C2013 02 07.61065007 01 17.443-04 12 25.61               q~1Xf6O44
99942         C2013 02 07.61131507 01 17.338-04 12 23.89               q~1Xf6O44
99942         C2013 02 07.61188807 01 17.252-04 12 22.43               q~1Xf6O44
99942         C2013 02 07.61652007 01 16.539-04 12 10.61               q~1Xf6O44
99942         C2013 02 07.61724007 01 16.429-04 12 08.84               q~1Xf6O44
99942         C2013 02 07.61784507 01 16.335-04 12 07.26               q~1Xf6O44
99942         C2013 02 07.61842007 01 16.243-04 12 05.71               q~1Xf6O44
99942         C2013 02 07.61896307 01 16.159-04 12 04.38               q~1Xf6O44
99942         C2013 02 07.62475 07 01 14.22 -04 10 44.8          15.7 Ru~0pfFD20
99942         C2013 02 07.62505 07 01 14.17 -04 10 44.0          15.7 Ru~0pfFD20
99942         C2013 02 07.62536 07 01 14.12 -04 10 43.2          15.7 Ru~0pfFD20
99942         C2013 02 07.66619 07 01 07.93 -04 08 58.4          15.5 Ru~0pfFD20
99942         C2013 02 07.66650 07 01 07.89 -04 08 57.6          15.5 Ru~0pfFD20
99942         C2013 02 07.66682 07 01 07.85 -04 08 56.8          15.6 Ru~0pfFD20
99942         C2013 02 07.74628 07 00 56.25 -04 05 32.5          15.4 Ru~0pfFD20
99942         C2013 02 07.74659 07 00 56.21 -04 05 31.6          15.3 Ru~0pfFD20
99942         C2013 02 07.74690 07 00 56.15 -04 05 30.9          15.4 Ru~0pfFD20
99942         C2013 02 07.75598 07 00 59.10 -04 06 30.1          15.9 Ru~0olZC40
99942         C2013 02 07.75704 07 00 58.97 -04 06 27.2          15.9 Ru~0olZC40
99942         C2013 02 07.75809 07 00 58.78 -04 06 24.9          15.9 Ru~0olZC40
99942         C2013 02 07.75915 07 00 58.64 -04 06 21.8          15.8 Ru~0olZC40
99942         C2013 02 07.76021 07 00 58.48 -04 06 19.4          15.8 Ru~0olZC40
99942         C2013 02 07.76127 07 00 58.32 -04 06 16.8          15.8 Ru~0olZC40
99942         C2013 02 07.76233 07 00 58.16 -04 06 13.9          15.9 Ru~0olZC40
99942         C2013 02 07.76656 07 00 57.55 -04 06 03.3          15.7 Ru~0olZC40
99942         C2013 02 07.76762 07 00 57.38 -04 06 00.5          15.6 Ru~0olZC40
99942         C2013 02 07.76867 07 00 57.24 -04 05 57.8          15.7 Ru~0olZC40
99942         C2013 02 07.76973 07 00 57.08 -04 05 55.3          15.6 Ru~0olZC40
99942         C2013 02 07.77079 07 00 56.92 -04 05 52.5          15.8 Ru~0olZC40
99942         C2013 02 07.77185 07 00 56.76 -04 05 49.7          15.9 Ru~0olZC40
99942         C2013 02 07.77291 07 00 56.60 -04 05 47.2          15.8 Ru~0olZC40
99942         C2013 02 07.77397 07 00 56.45 -04 05 44.4          15.8 Ru~0olZC40
99942         C2013 02 07.77503 07 00 56.28 -04 05 41.5          15.7 Ru~0olZC40
99942         C2013 02 07.77609 07 00 56.13 -04 05 38.9          15.8 Ru~0olZC40
99942         C2013 02 07.77715 07 00 55.96 -04 05 36.2          15.6 Ru~0olZC40
99942         C2013 02 07.78536 07 00 54.78 -04 05 15.2          15.9 Ru~0olZC40
99942         C2013 02 07.78642 07 00 54.62 -04 05 12.7          15.8 Ru~0olZC40
99942         C2013 02 07.78747 07 00 54.46 -04 05 09.9          15.9 Ru~0olZC40
99942         C2013 02 07.78853 07 00 54.31 -04 05 07.1          16.0 Ru~0olZC40
99942         C2013 02 07.78959 07 00 54.14 -04 05 04.4          15.7 Ru~0olZC40
99942         C2013 02 07.79065 07 00 54.00 -04 05 02.0          15.7 Ru~0olZC40
99942         C2013 02 07.79171 07 00 53.84 -04 04 59.1          15.7 Ru~0olZC40
99942         C2013 02 07.79276 07 00 53.68 -04 04 56.3          15.8 Ru~0olZC40
99942         C2013 02 07.79382 07 00 53.53 -04 04 53.6          15.7 Ru~0olZC40
99942         C2013 02 07.79488 07 00 53.37 -04 04 50.9          15.6 Ru~0olZC40
99942         C2013 02 07.79594 07 00 53.21 -04 04 48.1          15.6 Ru~0olZC40
99942         C2013 02 07.79700 07 00 53.06 -04 04 45.7          15.8 Ru~0olZC40
99942         C2013 02 07.79806 07 00 52.90 -04 04 42.9          15.9 Ru~0olZC40
99942         C2013 02 07.79911 07 00 52.75 -04 04 40.1          16.2 Ru~0olZC40
99942         C2013 02 07.80017 07 00 52.59 -04 04 37.6          16.3 Ru~0olZC40
99942         C2013 02 07.80123 07 00 52.42 -04 04 34.8          16.0 Ru~0olZC40
99942         C2013 02 07.80229 07 00 52.27 -04 04 32.1          16.0 Ru~0olZC40
99942         C2013 02 07.80335 07 00 52.12 -04 04 29.5          15.7 Ru~0olZC40
99942         C2013 02 07.80441 07 00 51.96 -04 04 26.7          15.8 Ru~0olZC40
99942         C2013 02 07.80547 07 00 51.80 -04 04 24.0          15.6 Ru~0olZC40
99942         C2013 02 07.80837 07 00 52.58 -04 04 19.9                u~0qKN557
99942         C2013 02 07.80970 07 00 51.20 -04 04 13.4          15.7 Ru~0olZC40
99942         C2013 02 07.81076 07 00 51.04 -04 04 10.5          15.6 Ru~0olZC40
99942         C2013 02 07.81182 07 00 50.87 -04 04 07.7          15.8 Ru~0olZC40
99942         C2013 02 07.81287 07 00 50.72 -04 04 05.2          16.0 Ru~0olZC40
99942        KC2013 02 07.84122 07 00 48.21 -04 02 51.9          15.6 Rq~0olZB88
99942         C2013 02 07.85102 07 00 45.13 -04 02 27.7          15.9 Ru~0olZC40
99942         C2013 02 07.85207 07 00 44.98 -04 02 24.9          15.8 Ru~0olZC40
99942         C2013 02 07.85367 07 00 46.05 -04 02 25.0                u~0qKN557
99942         C2013 02 07.85631 07 00 44.35 -04 02 14.4          15.8 Ru~0olZC40
99942         C2013 02 07.85737 07 00 44.21 -04 02 11.3          15.9 Ru~0olZC40
99942         C2013 02 07.85842 07 00 44.04 -04 02 08.8          16.0 Ru~0olZC40
99942         C2013 02 07.85948 07 00 43.90 -04 02 05.9          15.8 Ru~0olZC40
99942         C2013 02 07.86054 07 00 43.74 -04 02 03.4          15.9 Ru~0olZC40
99942        KC2013 02 07.86140 07 00 45.26 -04 02 00.7          15.4 Rq~0olZB88
99942         C2013 02 07.86160 07 00 43.59 -04 02 00.6          16.0 Ru~0olZC40
99942         C2013 02 07.86266 07 00 43.43 -04 01 57.9          16.0 Ru~0olZC40
99942         C2013 02 07.86372 07 00 43.28 -04 01 55.2          15.9 Ru~0olZC40
99942         C2013 02 07.86477 07 00 43.13 -04 01 52.5          15.9 Ru~0olZC40
99942         C2013 02 07.86583 07 00 42.98 -04 01 49.9          16.0 Ru~0olZC40
99942         C2013 02 07.86689 07 00 42.81 -04 01 46.9          15.6 Ru~0olZC40
99942         C2013 02 07.87218 07 00 42.06 -04 01 33.5          15.7 Ru~0olZC40
99942         C2013 02 07.87324 07 00 41.90 -04 01 30.7          15.6 Ru~0olZC40
99942         C2013 02 07.87536 07 00 41.61 -04 01 25.4          15.5 Ru~0olZC40
99942         C2013 02 07.87747 07 00 41.29 -04 01 20.0          15.7 Ru~0olZC40
99942         C2013 02 07.87853 07 00 41.13 -04 01 17.4          15.7 Ru~0olZC40
99942         C2013 02 07.87959 07 00 40.97 -04 01 14.6          15.8 Ru~0olZC40
99942         C2013 02 07.88065 07 00 40.84 -04 01 11.9          15.8 Ru~0olZC40
99942         C2013 02 07.88171 07 00 40.68 -04 01 09.2          16.0 Ru~0olZC40
99942         C2013 02 07.88505 07 00 40.19 -04 01 00.4          15.9 Ru~0olZC40
99942        KC2013 02 07.88561 07 00 41.71 -04 00 58.9          15.7 Rq~0olZB88
99942         C2013 02 07.88611 07 00 40.04 -04 00 58.0          16.1 Ru~0olZC40
99942         C2013 02 07.88716 07 00 39.90 -04 00 55.2          16.0 Ru~0olZC40
99942         C2013 02 07.88822 07 00 39.74 -04 00 52.6          15.9 Ru~0olZC40
99942         C2013 02 07.88928 07 00 39.58 -04 00 49.7          16.1 Ru~0olZC40
99942         C2013 02 07.89034 07 00 39.46 -04 00 47.1          16.1 Ru~0olZC40
99942         C2013 02 07.89140 07 00 39.28 -04 00 44.3          16.0 Ru~0olZC40
99942        KC2013 02 07.89222 07 00 40.75 -04 00 43.4          15.7 Rr~0olZ147
99942         C2013 02 07.89245 07 00 39.13 -04 00 41.8          16.0 Ru~0olZC40
99942         C2013 02 07.89351 07 00 38.99 -04 00 39.1          15.9 Ru~0olZC40
99942         C2013 02 07.89457 07 00 38.83 -04 00 36.5          15.9 Ru~0olZC40
99942         C2013 02 07.89563 07 00 38.68 -04 00 33.8          15.9 Ru~0olZC40
99942         C2013 02 07.89669 07 00 38.53 -04 00 30.9          15.8 Ru~0olZC40
99942         C2013 02 07.89774 07 00 38.38 -04 00 28.3          15.9 Ru~0olZC40
99942         C2013 02 07.89880 07 00 38.24 -04 00 25.6          15.9 Ru~0olZC40
99942         C2013 02 07.89986 07 00 38.09 -04 00 23.0          15.9 Ru~0olZC40
99942         C2013 02 07.90197 07 00 37.76 -04 00 17.3          15.9 Ru~0olZC40
99942         C2013 02 07.90303 07 00 37.62 -04 00 14.7          15.7 Ru~0olZC40
99942         C2013 02 07.90409 07 00 37.47 -04 00 12.2          15.9 Ru~0olZC40
99942         C2013 02 07.90515 07 00 37.32 -04 00 09.2          15.9 Ru~0olZC40
99942         C2013 02 07.90621 07 00 37.19 -04 00 06.5          15.9 Ru~0olZC40
99942         C2013 02 07.90726 07 00 37.03 -04 00 03.9          15.9 Ru~0olZC40
99942         C2013 02 07.90832 07 00 36.87 -04 00 01.2          16.0 Ru~0olZC40
99942        KC2013 02 07.90924 07 00 38.26 -04 00 00.1          15.6 Rr~0olZ147
99942         C2013 02 07.90938 07 00 36.71 -03 59 58.5          16.0 Ru~0olZC40
99942         C2013 02 07.91044 07 00 36.57 -03 59 55.7          15.9 Ru~0olZC40
99942         C2013 02 07.91149 07 00 36.42 -03 59 53.1          15.8 Ru~0olZC40
99942         C2013 02 07.91839 07 00 35.46 -03 59 35.7          15.9 Ru~0olZC40
99942        KC2013 02 07.91862 07 00 36.90 -03 59 36.3          15.6 Rr~0olZ147
99942         C2013 02 07.91945 07 00 35.29 -03 59 32.5          15.8 Ru~0olZC40
99942         C2013 02 07.92051 07 00 35.14 -03 59 30.0          16.0 Ru~0olZC40
99942         C2013 02 07.92157 07 00 35.00 -03 59 27.3          15.9 Ru~0olZC40
99942         C2013 02 07.92262 07 00 34.85 -03 59 24.6          16.0 Ru~0olZC40
99942         C2013 02 07.92368 07 00 34.70 -03 59 21.6          16.2 Ru~0olZC40
99942         C2013 02 07.92474 07 00 34.55 -03 59 19.0          16.1 Ru~0olZC40
99942         C2013 02 07.93109 07 00 33.67 -03 59 03.0          16.1 Ru~0olZC40
99942         C2013 02 07.93215 07 00 33.53 -03 59 00.2          16.2 Ru~0olZC40
99942         C2013 02 07.93426 07 00 33.23 -03 58 55.2          15.9 Ru~0olZC40
99942         C2013 02 07.93532 07 00 33.06 -03 58 52.0          16.0 Ru~0olZC40
99942         C2013 02 07.93638 07 00 32.94 -03 58 49.4          16.0 Ru~0olZC40
99942         C2013 02 08.67089 06 59 07.43 -03 27 54.4          15.9 Ru~0olZC40
99942         C2013 02 08.67194 06 59 07.28 -03 27 52.1          16.2 Ru~0olZC40
99942         C2013 02 08.67935 06 59 06.27 -03 27 33.2          15.8 Ru~0olZC40
99942         C2013 02 08.68146 06 59 05.99 -03 27 27.6          16.0 Ru~0olZC40
99942         C2013 02 08.68252 06 59 05.86 -03 27 25.4          16.0 Ru~0olZC40
99942         C2013 02 08.68358 06 59 05.72 -03 27 22.5          16.1 Ru~0olZC40
99942         C2013 02 08.68481 06 59 05.54 -03 27 19.6          15.6 Ru~0olZC40
99942         C2013 02 08.68586 06 59 05.42 -03 27 17.2          15.9 Ru~0olZC40
99942         C2013 02 08.68692 06 59 05.27 -03 27 14.2          16.2 Ru~0olZC40
99942         C2013 02 08.68798 06 59 05.11 -03 27 12.0          16.1 Ru~0olZC40
99942         C2013 02 08.70924 06 59 02.26 -03 26 18.7          16.1 Ru~0olZC40
99942         C2013 02 08.71204 06 59 01.88 -03 26 11.8          15.8 Ru~0olZC40
99942         C2013 02 08.72047 06 59 00.72 -03 25 50.7          16.4 Ru~0olZC40
99942         C2013 02 08.72188 06 59 00.52 -03 25 47.5          15.9 Ru~0olZC40
99942         C2013 02 08.72469 06 59 00.16 -03 25 40.0          15.7 Ru~0olZC40
99942         C2013 02 08.72891 06 58 59.57 -03 25 29.8          16.1 Ru~0olZC40
99942         C2013 02 08.73031 06 58 59.36 -03 25 26.3          16.2 Ru~0olZC40
99942         C2013 02 08.73172 06 58 59.18 -03 25 22.8          16.1 Ru~0olZC40
99942         C2013 02 08.76015 06 58 56.29 -03 24 14.7                u~0qKN557
99942         C2013 02 08.80326 06 58 50.54 -03 22 27.5                u~0qKN557
99942         C2013 02 08.82939 06 58 46.10 -03 21 18.7          15.7 Rq~0olZB17
99942         C2013 02 08.85054 06 58 43.23 -03 20 25.8          15.5 Rq~0olZB17
99942         C2013 02 08.86937 06 58 42.82 -03 19 36.2                u~0olZI61
99942         C2013 02 08.87037 06 58 42.54 -03 19 30.0          15.6 Rw~0olZI88
99942         C2013 02 08.87119 06 58 40.38 -03 19 34.1          15.4 Rq~0olZB17
99942         C2013 02 08.87449 06 58 41.97 -03 19 19.7          15.7 Rw~0olZI88
99942         C2013 02 08.87742 06 58 41.59 -03 19 12.7          15.7 Rw~0olZI88
99942         C2013 02 08.89421 06 58 38.24 -03 18 40.5                u~0qKN557
99942         C2013 02 08.91558 06 58 36.49 -03 17 41.2                u~0olZI61
99942         C2013 02 08.93039 06 58 32.23 -03 17 05.3          15.8 Ru~0olZC40
99942         C2013 02 08.93179 06 58 32.04 -03 17 02.0          16.1 Ru~0olZC40
99942         C2013 02 08.93319 06 58 31.87 -03 16 58.4          15.9 Ru~0olZC40
99942         C2013 02 08.93460 06 58 31.68 -03 16 55.1          16.0 Ru~0olZC40
99942         C2013 02 08.93600 06 58 31.49 -03 16 51.4          16.0 Ru~0olZC40
99942         C2013 02 08.94302 06 58 30.59 -03 16 33.8          16.2 Ru~0olZC40
99942         C2013 02 08.94933 06 58 30.87 -03 16 22.5                u~0qKN557
99942        KC2013 02 09.78367 06 57 00.39 -02 41 52.5          15.6 Rc~0olZJ08
99942         C2013 02 09.78552 06 57 00.04 -02 41 49.8          15.6 Rq~0olZC27
99942         C2013 02 09.78963 06 56 59.53 -02 41 39.7          15.6 Rq~0olZC27
99942        KC2013 02 09.80349 06 56 57.92 -02 41 04.7          15.5 Rc~0olZJ08
99942         C2013 02 09.84501 06 56 52.51 -02 39 24.6          15.7 Rq~0olZC27
99942         C2013 02 09.87851 06 56 48.23 -02 38 02.9          15.8 Rq~0olZC27
99942         C2013 02 09.88336 06 56 47.61 -02 37 51.1          15.7 Rq~0olZC27
99942         C2013 02 09.90985 06 56 44.20 -02 36 46.5          15.8 Rq~0olZC27
99942         C2013 02 09.91365 06 56 43.72 -02 36 37.1          15.8 Rq~0olZC27
99942        KC2013 02 09.95519 06 56 38.56 -02 34 51.3          16.1 Vu~0olZI56
99942        KC2013 02 09.95997 06 56 37.91 -02 34 40.3          16.2 Vu~0olZI56
99942        KC2013 02 09.96438 06 56 37.44 -02 34 29.3          16.3 Vu~0olZI56
99942         C2013 02 10.86244 06 55 05.63 -01 58 31.2          16.7 Vo~0olZ639
99942         C2013 02 10.86672 06 55 05.13 -01 58 20.6          16.4 Vo~0olZ639
99942         C2013 02 10.87014 06 55 04.84 -01 58 08.0          16.6 V ~0olZC91
99942         C2013 02 10.87222 06 55 04.59 -01 58 03.3          16.6 V ~0olZC91
99942         C2013 02 10.87344 06 55 04.35 -01 58 04.8          16.4 Vo~0olZ639
99942         C2013 02 10.87500 06 55 04.27 -01 57 56.4          16.6 V ~0olZC91
99942         C2013 02 10.87708 06 55 04.01 -01 57 51.2          16.6 V ~0olZC91
99942         C2013 02 10.87795 06 55 03.83 -01 57 54.0          16.6 Vo~0olZ639
99942         C2013 02 10.94051 06 54 56.55 -01 55 23.7                u~0qKN557
99942         C2013 02 10.96039 06 54 54.33 -01 54 36.8                u~0qKN557
99942         C2013 02 11.17722 06 54 34.32 -01 45 48.2          16.0 Rq~0olZH45
99942         C2013 02 11.18027 06 54 33.97 -01 45 41.4          16.1 Rq~0olZH45
99942         C2013 02 11.18129 06 54 33.85 -01 45 39.1          16.1 Rq~0olZH45
99942         C2013 02 11.18262 06 54 33.70 -01 45 35.9          16.1 Rq~0olZH45
99942         C2013 02 11.18400 06 54 33.53 -01 45 32.6          16.1 Rq~0olZH45
99942         C2013 02 11.18521 06 54 33.39 -01 45 29.7          16.1 Rq~0olZH45
99942         C2013 02 11.18635 06 54 33.25 -01 45 27.1          16.0 Rq~0olZH45
99942         C2013 02 11.18782 06 54 33.08 -01 45 23.5          16.1 Rq~0olZH45
99942         C2013 02 11.72009 06 53 44.76 -01 24 36.1          15.9 Ru~0olZC40
99942         C2013 02 11.72115 06 53 44.63 -01 24 33.4          15.8 Ru~0olZC40
99942         C2013 02 11.73391 06 53 43.27 -01 24 03.6          16.5 Ru~0olZC40
99942         C2013 02 11.73708 06 53 42.92 -01 23 56.5          16.2 Ru~0olZC40
99942         C2013 02 11.74343 06 53 42.24 -01 23 41.6          15.8 Ru~0olZC40
99942         C2013 02 11.74448 06 53 42.09 -01 23 39.2          15.9 Ru~0olZC40
99942         C2013 02 11.75966 06 53 40.44 -01 23 03.1          16.4 Ru~0olZC40
99942         C2013 02 11.76178 06 53 40.21 -01 22 58.4          16.6 Ru~0olZC40
99942         C2013 02 11.77024 06 53 39.26 -01 22 38.6          16.4 Ru~0olZC40
99942         C2013 02 11.77236 06 53 39.04 -01 22 33.9          16.4 Ru~0olZC40
99942         C2013 02 11.77553 06 53 38.70 -01 22 26.3          16.6 Ru~0olZC40
99942         C2013 02 11.84231 06 53 31.37 -01 19 50.1          16.7 Ru~0olZC40
99942         C2013 02 11.84549 06 53 31.06 -01 19 42.5          16.3 Ru~0olZC40
99942         C2013 02 11.84931 06 53 30.62 -01 19 33.1          16.5 Ru~0olZC40
99942         C2013 02 11.85037 06 53 30.51 -01 19 31.2          16.9 Ru~0olZC40
99942         C2013 02 11.86201 06 53 29.30 -01 19 03.6          16.7 Ru~0olZC40
99942         C2013 02 12.19907 06 52 59.50 -01 05 51.5          16.1 Rq~0olZH45
99942         C2013 02 12.19997 06 52 59.40 -01 05 49.3          16.2 Rq~0olZH45
99942         C2013 02 12.20130 06 52 59.27 -01 05 46.4          16.2 Rq~0olaH45
99942         C2013 02 12.20248 06 52 59.13 -01 05 43.5          16.0 Rq~0olaH45
99942         C2013 02 12.20336 06 52 59.05 -01 05 41.6          16.0 Rq~0olaH45
99942         C2013 02 12.20440 06 52 58.92 -01 05 39.2          16.1 Rq~0olaH45
99942         C2013 02 12.72147 06 52 17.09 -00 45 56.2          15.6 Rq~0olaB17
99942         C2013 02 12.74955 06 52 14.27 -00 44 51.5          15.7 Rq~0olaB17
99942         C2013 02 12.77664 06 52 11.55 -00 43 50.4          15.7 Rq~0olaB17
99942         C2013 02 12.78968 06 52 10.19 -00 43 19.8          15.6 Rq~0olaB17
99942         C2013 02 12.80245 06 52 08.91 -00 42 50.8          15.9 Rq~0olaB17
99942        1C2013 02 12.80808 06 52 08.40 -00 42 39.2          16.0 Rq~0ola089
99942        1C2013 02 12.80951 06 52 08.25 -00 42 36.0          16.0 Rq~0ola089
99942        1C2013 02 12.81095 06 52 08.12 -00 42 32.7          16.0 Rq~0ola089
99942        1C2013 02 12.81238 06 52 07.97 -00 42 29.4          16.0 Rq~0ola089
99942        1C2013 02 12.81382 06 52 07.82 -00 42 26.1          16.0 Rq~0ola089
99942        1C2013 02 12.81525 06 52 07.68 -00 42 22.8          15.9 Rq~0ola089
99942        1C2013 02 12.81669 06 52 07.55 -00 42 19.7          16.2 Rq~0ola089
99942         C2013 02 12.81708 06 52 07.44 -00 42 17.4          16.2 Rq~0olaB17
99942        1C2013 02 12.81812 06 52 07.40 -00 42 16.2          15.8 Rq~0ola089
99942        1C2013 02 12.81956 06 52 07.25 -00 42 13.1          15.9 Rq~0ola089
99942        1C2013 02 12.82099 06 52 07.11 -00 42 09.7          16.4 Rq~0ola089
99942        1C2013 02 12.82243 06 52 06.96 -00 42 06.4          15.9 Rq~0ola089
99942        1C2013 02 12.82386 06 52 06.82 -00 42 03.1          15.8 Rq~0ola089
99942        1C2013 02 12.82530 06 52 06.67 -00 42 00.0          16.0 Rq~0ola089
99942        1C2013 02 12.82673 06 52 06.53 -00 41 56.6          15.9 Rq~0ola089
99942        1C2013 02 12.82817 06 52 06.39 -00 41 53.3          15.9 Rq~0ola089
99942        1C2013 02 12.82961 06 52 06.24 -00 41 50.2          16.0 Rq~0ola089
99942         C2013 02 12.82972 06 52 06.20 -00 41 48.7          15.2 Rq~0olaB17
99942        1C2013 02 12.83104 06 52 06.10 -00 41 46.8          15.9 Rq~0ola089
99942        1C2013 02 12.83248 06 52 05.96 -00 41 43.6          15.8 Rq~0ola089
99942        1C2013 02 12.83391 06 52 05.81 -00 41 40.2          15.9 Rq~0ola089
99942        1C2013 02 12.83535 06 52 05.67 -00 41 37.0          15.9 Rq~0ola089
99942        1C2013 02 12.83678 06 52 05.53 -00 41 33.8          15.9 Rq~0ola089
99942        1C2013 02 12.83822 06 52 05.38 -00 41 30.5          15.9 Rq~0ola089
99942        1C2013 02 12.83965 06 52 05.24 -00 41 27.2          15.9 Rq~0ola089
99942        1C2013 02 12.84109 06 52 05.11 -00 41 23.9          15.9 Rq~0ola089
99942         C2013 02 12.84358 06 52 04.78 -00 41 17.1          15.4 Rq~0olaB17
99942         C2013 02 12.86850 06 52 02.31 -00 40 20.2          15.5 Rq~0olaB17
99942         C2013 02 12.88090 06 52 01.09 -00 39 51.7          15.9 Rq~0olaB17
99942        KC2013 02 12.88551 06 52 02.09 -00 39 38.6          15.9 Rw~0olaB70
99942        KC2013 02 12.88984 06 52 01.65 -00 39 28.9          15.7 Rw~0olaB70
99942        KC2013 02 12.89419 06 52 01.20 -00 39 19.1          15.8 Rw~0olaB70
99942         C2013 02 12.91284 06 51 57.99 -00 38 38.8          15.8 Rq~0olaB17
99942         C2013 02 12.92544 06 51 56.80 -00 38 10.2          15.5 Rq~0olaB17
99942         C2013 02 12.93780 06 51 55.64 -00 37 42.0          15.6 Rq~0olaB17
99942         C2013 02 12.95183 06 51 54.34 -00 37 10.2          15.5 Rq~0olaB17
99942         C2013 02 13.26373 06 51 28.01 -00 24 48.7          16.3 Ro~0pfF303
99942         C2013 02 13.27546 06 51 26.92 -00 24 23.1          16.4 Ro~0pfF303
99942        1C2013 02 13.76214 06 50 53.84 -00 06 44.9          16.4 Rq~0pDq089
99942        1C2013 02 13.76358 06 50 53.71 -00 06 41.7          16.2 Rq~0pDq089
99942        1C2013 02 13.76501 06 50 53.58 -00 06 38.7          16.1 Rq~0pDq089
99942        1C2013 02 13.77219 06 50 52.92 -00 06 22.6          16.3 Rq~0pDq089
99942        1C2013 02 13.77362 06 50 52.79 -00 06 19.2          16.2 Rq~0pDq089
99942        1C2013 02 13.77506 06 50 52.65 -00 06 16.0          16.2 Rq~0pDq089
99942        1C2013 02 13.77649 06 50 52.52 -00 06 12.9          16.3 Rq~0pDq089
99942        1C2013 02 13.77793 06 50 52.39 -00 06 09.6          16.3 Rq~0pDq089
99942        1C2013 02 13.77936 06 50 52.26 -00 06 06.4          16.4 Rq~0pDq089
99942        1C2013 02 13.78080 06 50 52.12 -00 06 03.3          16.3 Rq~0pDq089
99942        1C2013 02 13.78223 06 50 51.99 -00 05 59.9          16.4 Rq~0pDq089
99942        1C2013 02 13.78654 06 50 51.60 -00 05 50.5          16.3 Rq~0pDq089
99942        1C2013 02 13.78797 06 50 51.46 -00 05 47.3          16.4 Rq~0pDq089
99942        1C2013 02 13.79228 06 50 51.07 -00 05 37.4          16.5 Rq~0pDq089
99942        1C2013 02 13.79371 06 50 50.94 -00 05 34.5          16.3 Rq~0pDq089
99942        1C2013 02 13.79515 06 50 50.79 -00 05 31.1          16.3 Rq~0pDq089
99942        1C2013 02 13.79658 06 50 50.68 -00 05 28.0          16.4 Rq~0pDq089
99942        1C2013 02 13.79802 06 50 50.54 -00 05 24.8          16.3 Rq~0pDq089
99942        KC2013 02 13.79958 06 50 51.84 -00 05 17.6          16.2 Rw~0olaB70
99942        1C2013 02 13.80233 06 50 50.14 -00 05 15.3          16.4 Rq~0pDq089
99942        1C2013 02 13.80376 06 50 50.00 -00 05 11.9          16.5 Rq~0pDq089
99942        KC2013 02 13.82575 06 50 49.50 -00 04 19.2          15.7 Rw~0olaB70
99942        1C2013 02 13.83726 06 50 46.95 -00 03 57.3          16.5 Rq~0pDq089
99942        1C2013 02 13.83869 06 50 46.81 -00 03 54.3          16.6 Rq~0pDq089
99942        1C2013 02 13.84156 06 50 46.55 -00 03 47.8          16.6 Rq~0pDq089
99942        1C2013 02 13.84443 06 50 46.29 -00 03 41.4          16.7 Rq~0pDq089
99942        1C2013 02 13.84599 06 50 46.15 -00 03 38.1          16.3 Rq~0pDq089
99942        1C2013 02 13.84743 06 50 46.02 -00 03 35.0          16.5 Rq~0pDq089
99942        1C2013 02 13.84886 06 50 45.90 -00 03 31.6          16.5 Rq~0pDq089
99942        1C2013 02 13.85030 06 50 45.76 -00 03 28.4          16.5 Rq~0pDq089
99942        1C2013 02 13.85174 06 50 45.62 -00 03 25.3          16.5 Rq~0pDq089
99942        KC2013 02 13.85321 06 50 46.93 -00 03 17.9          16.5 Rw~0olaB70
99942         C2013 02 13.85334 06 50 46.91 -00 03 17.1                r~0qub006
99942         C2013 02 13.85586 06 50 46.69 -00 03 12.0                r~0qub006
99942         C2013 02 13.86776 06 50 45.57 -00 02 45.3                r~0qub006
99942         C2013 02 14.02092 06 50 31.89 +00 02 48.4          15.6 Ru~0olaB04
99942         C2013 02 14.02326 06 50 31.74 +00 02 54.7          16.0 Ru~0olaB04
99942         C2013 02 14.02808 06 50 31.28 +00 03 04.5          15.0 Ru~0olaB04
99942         C2013 02 14.03047 06 50 31.06 +00 03 09.5          14.9 Ru~0olaB04
99942         C2013 02 14.03466 06 50 30.80 +00 03 18.4          16.0 Ru~0olaB04
99942         C2013 02 14.22182 06 50 18.04 +00 10 24.2          16.1 Rq~0olaH45
99942         C2013 02 14.22365 06 50 17.87 +00 10 28.2          16.2 Rq~0olaH45
99942         C2013 02 14.22446 06 50 17.81 +00 10 30.1          16.2 Rq~0olaH45
99942         C2013 02 14.22501 06 50 17.76 +00 10 31.4          16.1 Rq~0olaH45
99942         C2013 02 14.22613 06 50 17.66 +00 10 33.8          16.2 Rq~0olaH45
99942         C2013 02 14.23383 06 50 16.95 +00 10 50.8          16.2 Rq~0olaH45
99942         C2013 02 14.23524 06 50 16.85 +00 10 53.8          16.2 Rq~0olaH45
99942         C2013 02 14.84497 06 49 36.74 +00 33 00.7          16.2 Ra~0ola233
99942         C2013 02 14.84851 06 49 36.47 +00 33 08.0          16.0 Ra~0ola233
99942         C2013 02 14.85582 06 49 35.84 +00 33 24.2          15.9 Ra~0ola233
99942         C2013 02 14.85882 06 49 35.62 +00 33 30.6          16.1 Ra~0ola233
99942         C2013 02 14.86317 06 49 35.14 +00 33 40.2          16.0 Ra~0ola233
99942         C2013 02 14.89167 06 49 32.78 +00 34 42.6          16.9 Vi~0pDqC91
99942         C2013 02 14.89375 06 49 32.65 +00 34 46.9          16.9 Vi~0pDqC91
99942        bC2013 02 14.89931 06 49 32.18 +00 34 58.8          16.9 Vi~0pDqC91
99942        bC2013 02 14.90347 06 49 31.87 +00 35 08.5          16.9 Vi~0pDqC91
99942         C2013 02 15.78440 06 48 39.12 +01 06 38.7          16.6 Rq~0pDqC27
99942         C2013 02 15.80225 06 48 37.78 +01 07 16.7          16.7 Rq~0pDqC27
99942         C2013 02 15.81992 06 48 36.43 +01 07 54.2          16.7 Rq~0pDqC27
99942         C2013 02 15.83038 06 48 35.59 +01 08 15.0                c~0pDqA05
99942         C2013 02 15.83792 06 48 35.01 +01 08 31.1                c~0pDqA05
99942         C2013 02 15.84091 06 48 34.79 +01 08 37.3                c~0pDqA05
99942         C2013 02 15.84797 06 48 34.24 +01 08 52.3          16.67Rc~0pDqA05
99942         C2013 02 16.15530 06 48 15.66 +01 19 46.4          16.3 Rq~0pDqH45
99942         C2013 02 16.15999 06 48 15.32 +01 19 56.4          16.2 Rq~0pDqH45
99942         C2013 02 16.16525 06 48 14.91 +01 20 07.4          16.4 Rq~0pDqH45
99942         C2013 02 16.84989 06 47 36.83 +01 43 37.1                 ~0pfF168
99942         C2013 02 16.85128 06 47 36.78 +01 43 38.8                 ~0pfF168
99942         C2013 02 17.78016 06 46 52.76 +02 15 10.6          17.1 V ~0pfF168
99942         C2013 02 17.78213 06 46 52.60 +02 15 14.7          16.8 V ~0pfF168
99942         C2013 02 18.13892 06 46 37.79 +02 27 24.3          16.5 Rq~0pDqH45
99942         C2013 02 18.14036 06 46 37.68 +02 27 27.3          16.5 Rq~0pDqH45
99942         C2013 02 18.14164 06 46 37.60 +02 27 29.9          16.6 Rq~0pDqH45
99942         C2013 02 18.14229 06 46 37.55 +02 27 31.2          16.5 Rq~0pDqH45
99942         C2013 02 18.14323 06 46 37.50 +02 27 33.1          16.7 Rq~0pDqH45
99942         C2013 02 18.14429 06 46 37.43 +02 27 35.1          16.7 Rq~0pDqH45
99942         C2013 02 18.50459506 46 24.590+02 39 36.17               q~1Xf6O44
99942         C2013 02 18.52483806 46 23.411+02 40 16.13               q~1Xf6O44
99942         C2013 02 18.52641206 46 23.316+02 40 19.38               q~1Xf6O44
99942         C2013 02 18.52954906 46 23.130+02 40 25.44               q~1Xf6O44
99942         C2013 02 18.53111106 46 23.036+02 40 28.55               q~1Xf6O44
99942         C2013 02 18.77025 06 46 11.66 +02 47 56.5          16.7 Vr~0pDq168
99942         C2013 02 18.77101 06 46 11.61 +02 47 57.8          16.6 Vr~0pDq168
99942         C2013 02 18.77178 06 46 11.60 +02 47 58.9          16.4 Vr~0pDq168
99942         C2013 02 18.77558 06 46 11.39 +02 48 07.6          16.4 Vr~0pDq168
99942         C2013 02 18.78021 06 46 11.18 +02 48 15.9          16.9 Vr~0pDq168
99942         C2013 02 18.78613 06 46 10.87 +02 48 27.7          16.6 Rr~0pDq168
99942         C2013 02 18.78615 06 46 10.87 +02 48 27.1          16.6 Vr~0pDq168
99942         C2013 02 18.78881 06 46 10.75 +02 48 32.6          16.6 Rr~0pDq168
99942         C2013 02 18.79370 06 46 10.48 +02 48 42.3          16.8 Rr~0pDq168
99942         C2013 02 18.79372 06 46 10.51 +02 48 42.0          17.2 Vr~0pDq168
99942         C2013 02 18.79640 06 46 10.38 +02 48 47.4          17.2 Vr~0pDq168
99942        KC2013 02 18.80512 06 46 11.80 +02 49 13.1          16.4 Rq~0pDqB88
99942        KC2013 02 18.81404 06 46 11.31 +02 49 30.6          16.5 Rq~0pDqB88
99942        KC2013 02 18.82293 06 46 10.82 +02 49 47.9          16.5 Rq~0pDqB88
99942         C2013 02 18.83043 06 46 10.33 +02 50 02.7          16.7 Ra~0pDq233
99942         C2013 02 18.83179 06 46 08.70 +02 49 56.6          16.6 Vr~0pDq168
99942         C2013 02 18.83273 06 46 08.65 +02 49 58.4          17.1 Vr~0pDq168
99942         C2013 02 18.83349 06 46 08.62 +02 49 59.4          17.0 Vr~0pDq168
99942         C2013 02 18.83483 06 46 10.09 +02 50 11.5          16.6 Ra~0pDq233
99942         C2013 02 18.83517 06 46 08.53 +02 50 03.1          17.0 Vr~0pDq168
99942         C2013 02 18.84002 06 46 09.83 +02 50 21.5          16.6 Ra~0pDq233
99942         C2013 02 18.84375 06 46 09.58 +02 50 28.7          17.1 Vi~0pDqC91
99942         C2013 02 18.84722 06 46 09.41 +02 50 35.3          17.1 Vi~0pDqC91
99942         C2013 02 18.84828 06 46 09.38 +02 50 37.8          16.8 Ra~0pDq233
99942         C2013 02 18.86181 06 46 08.59 +02 51 04.1          17.1 Vi~0pDqC91
99942         C2013 02 19.22307 06 45 54.13 +03 02 52.7          16.5 Rq~0pDqH45
99942         C2013 02 19.22402 06 45 54.07 +03 02 54.5          16.5 Rq~0pDqH45
99942         C2013 02 19.22484 06 45 54.04 +03 02 56.2          16.4 Rq~0pDqH45
99942         C2013 02 19.22639 06 45 53.97 +03 02 59.1          16.4 Rq~0pDqH45
99942         C2013 02 19.22767 06 45 53.91 +03 03 01.6          16.3 Rq~0pDqH45
99942         C2013 02 19.22878 06 45 53.85 +03 03 03.7          16.4 Rq~0pDqH45
99942         C2013 02 19.22960 06 45 53.80 +03 03 05.4          16.3 Rq~0pDqH45
99942         C2013 02 19.23052 06 45 53.76 +03 03 07.1          16.3 Rq~0pDqH45
99942         C2013 02 19.83924 06 45 35.79 +03 22 30.0          16.9 Rd~0pDq586
99942         C2013 02 19.86058 06 45 34.78 +03 23 10.5          16.7 Rd~0pDq586
99942         C2013 02 19.88192 06 45 33.75 +03 23 51.5          16.9 Rd~0pDq586
99942         C2013 02 20.64358 06 45 12.86 +03 47 35.5          16.7 V ~0pfF168
99942         C2013 02 20.64914 06 45 12.65 +03 47 46.3                 ~0pfF168
99942         C2013 02 20.68270 06 45 11.40 +03 48 48.1          17.6 V ~0pfF168
99942         C2013 02 20.72229 06 45 09.87 +03 50 02.0          17.2 V ~0pfF168
99942         C2013 02 20.72316 06 45 09.87 +03 50 03.7                 ~0pfF168
99942         C2013 02 20.72402 06 45 09.85 +03 50 05.3                 ~0pfF168
99942         C2013 02 24.13363 06 44 16.25 +05 31 06.3          16.9 Rq~0pfFH45
99942         C2013 02 24.13598 06 44 16.23 +05 31 10.3          17.0 Rq~0pfFH45
99942         C2013 02 24.13822 06 44 16.13 +05 31 13.5          17.0 Rq~0pfFH45
99942         C2013 02 24.13928 06 44 16.09 +05 31 15.1          17.0 Rq~0pfFH45
99942         C2013 02 24.14222 06 44 16.05 +05 31 20.4          17.0 Rq~0pfFH45
99942         C2013 02 24.14483 06 44 15.99 +05 31 24.4          16.9 Rq~0pfFH45
99942        KC2013 02 24.15516 06 44 15.56 +05 31 38.9          17.4 Vu~0pfFH21
99942        KC2013 02 24.15848 06 44 15.49 +05 31 44.5          17.4 Vu~0pfFH21
99942        KC2013 02 24.16570 06 44 15.36 +05 31 56.6          17.4 Vu~0pfFH21
99942        KC2013 02 25.13228206 44 12.50 +05 58 48.5          16.9 Vr~0pfFH21
99942        KC2013 02 25.13790206 44 12.41 +05 58 57.7          17.0 Vr~0pfFH21
99942        KC2013 02 25.14475606 44 12.30 +05 59 09.0          17.0 Vr~0pfFH21
99942         C2013 02 25.54309006 44 13.670+06 10 10.33               q~1Xf6O44
99942         C2013 02 25.54465306 44 13.644+06 10 12.92               q~1Xf6O44
99942         C2013 02 25.54621506 44 13.617+06 10 15.43               q~1Xf6O44
99942         C2013 02 25.54777806 44 13.590+06 10 18.00               q~1Xf6O44
99942         C2013 02 25.54934006 44 13.563+06 10 20.58               q~1Xf6O44
99942         C2013 02 25.55091406 44 13.536+06 10 23.11               q~1Xf6O44
99942         C2013 02 25.55247706 44 13.509+06 10 25.65               q~1Xf6O44
99942         C2013 02 25.55403906 44 13.483+06 10 28.20               q~1Xf6O44
99942         C2013 02 25.55561306 44 13.456+06 10 30.75               q~1Xf6O44
99942         C2013 02 25.55717606 44 13.428+06 10 33.31               q~1Xf6O44
99942         C2013 02 25.55873806 44 13.404+06 10 35.88               q~1Xf6O44
99942         C2013 02 25.56031306 44 13.375+06 10 38.41               q~1Xf6O44
99942         C2013 02 25.56187506 44 13.349+06 10 40.97               q~1Xf6O44
99942         C2013 02 25.56344906 44 13.322+06 10 43.50               q~1Xf6O44
99942         C2013 02 26.50743106 44 17.676+06 35 57.96               q~1Xf6O44
99942         C2013 02 26.50899306 44 17.658+06 36 00.43               q~1Xf6O44
99942         C2013 02 26.51056706 44 17.641+06 36 02.94               q~1Xf6O44
99942         C2013 02 26.51214106 44 17.624+06 36 05.42               q~1Xf6O44
99942         C2013 02 26.51371506 44 17.606+06 36 07.98               q~1Xf6O44
99942         C2013 02 26.51530106 44 17.589+06 36 10.48               q~1Xf6O44
99942         C2013 02 26.51686306 44 17.572+06 36 12.97               q~1Xf6O44
99942         C2013 02 26.51843806 44 17.554+06 36 15.47               q~1Xf6O44
99942         C2013 02 26.52000006 44 17.536+06 36 17.97               q~1Xf6O44
99942         C2013 02 26.52157406 44 17.517+06 36 20.49               q~1Xf7O44
99942         C2013 02 26.52314806 44 17.500+06 36 22.99               q~1Xf7O44
99942         C2013 02 26.52472206 44 17.482+06 36 25.51               q~1Xf7O44
99942         C2013 02 26.52628506 44 17.465+06 36 28.01               q~1Xf7O44
99942        2C2013 02 26.73248106 44 18.38 +06 41 39.3          16.3 Ru~0pfF089
99942        2C2013 02 26.73432206 44 18.37 +06 41 41.9          16.5 Ru~0pfF089
99942        2C2013 02 26.73616206 44 18.35 +06 41 45.0          16.3 Ru~0pfF089
99942        2C2013 02 26.73800206 44 18.36 +06 41 48.0          16.3 Ru~0pfF089
99942        2C2013 02 26.73984306 44 18.35 +06 41 50.7          16.9 Ru~0pfF089
99942        2C2013 02 26.74168306 44 18.32 +06 41 53.7          17.0 Ru~0pfF089
99942        2C2013 02 26.74352406 44 18.30 +06 41 56.5          16.5 Ru~0pfF089
99942        2C2013 02 26.74536406 44 18.30 +06 41 59.6          17.0 Ru~0pfF089
99942        2C2013 02 26.74720406 44 18.28 +06 42 02.2          16.2 Ru~0pfF089
99942        2C2013 02 26.74904506 44 18.27 +06 42 05.2          16.7 Ru~0pfF089
99942        2C2013 02 26.75088506 44 18.27 +06 42 08.0          16.4 Ru~0pfF089
99942        2C2013 02 26.75272506 44 18.26 +06 42 11.1          16.9 Ru~0pfF089
99942        2C2013 02 26.75456506 44 18.24 +06 42 14.0          16.6 Ru~0pfF089
99942        2C2013 02 26.75640606 44 18.23 +06 42 16.9          16.7 Ru~0pfF089
99942        2C2013 02 26.75824606 44 18.22 +06 42 19.7          16.2 Ru~0pfF089
99942        2C2013 02 26.76008606 44 18.20 +06 42 22.7          16.4 Ru~0pfF089
99942        2C2013 02 26.76192606 44 18.19 +06 42 25.5          15.9 Ru~0pfF089
99942        2C2013 02 26.76376706 44 18.18 +06 42 28.7          16.3 Ru~0pfF089
99942        2C2013 02 26.76560706 44 18.16 +06 42 31.2          16.4 Ru~0pfF089
99942        2C2013 02 26.76744806 44 18.15 +06 42 34.1          16.7 Ru~0pfF089
99942        2C2013 02 26.76928806 44 18.13 +06 42 36.9          16.5 Ru~0pfF089
99942        2C2013 02 26.77112806 44 18.13 +06 42 39.8          16.4 Ru~0pfF089
99942        2C2013 02 26.77296806 44 18.11 +06 42 42.9          16.3 Ru~0pfF089
99942        2C2013 02 26.77480906 44 18.11 +06 42 45.8          16.3 Ru~0pfF089
99942        2C2013 02 26.77664906 44 18.08 +06 42 48.6          16.9 Ru~0pfF089
99942        2C2013 02 26.77848906 44 18.08 +06 42 51.4          16.2 Ru~0pfF089
99942        2C2013 02 26.78032906 44 18.07 +06 42 54.7          16.4 Ru~0pfF089
99942        2C2013 02 26.78217006 44 18.06 +06 42 57.3          16.6 Ru~0pfF089
99942        2C2013 02 26.78401006 44 18.04 +06 43 00.2          16.1 Ru~0pfF089
99942        2C2013 02 26.78585006 44 18.03 +06 43 03.2          16.3 Ru~0pfF089
99942         C2013 02 26.81352 06 44 18.69 +06 43 49.3          17.3 Ra~0pfF233
99942         C2013 02 26.81766 06 44 18.65 +06 43 55.7          17.3 Ra~0pfF233
99942         C2013 02 26.82424 06 44 18.61 +06 44 06.0          17.3 Ra~0pfF233
99942         C2013 02 26.83013 06 44 18.57 +06 44 14.8          17.1 Ra~0pfF233
99942         C2013 02 26.83898 06 44 18.50 +06 44 29.5          17.0 Ra~0pfF233
99942         C2013 02 27.50385406 44 25.961+07 01 54.41               q~1Xf7O44
99942         C2013 02 27.50472206 44 25.954+07 01 55.83               q~1Xf7O44
99942         C2013 02 27.50502306 44 25.954+07 01 56.31               q~1Xf7O44
99942         C2013 02 27.50532406 44 25.952+07 01 56.77               q~1Xf7O44
99942         C2013 02 27.50563706 44 25.950+07 01 57.25               q~1Xf7O44
99942         C2013 02 27.50593806 44 25.948+07 01 57.67               q~1Xf7O44
99942         C2013 02 27.50623806 44 25.947+07 01 58.18               q~1Xf7O44
99942         C2013 02 27.50655106 44 25.943+07 01 58.66               q~1Xf7O44
99942         C2013 02 27.50777806 44 25.936+07 02 00.61               q~1Xf7O44
99942         C2013 02 27.50935206 44 25.925+07 02 03.06               q~1Xf7O44
99942         C2013 02 27.51094906 44 25.917+07 02 05.54               q~1Xf7O44
99942         C2013 02 27.51254606 44 25.906+07 02 08.02               q~1Xf7O44
99942         C2013 02 27.51412006 44 25.897+07 02 10.39               q~1Xf7O44
99942         C2013 02 27.51570606 44 25.887+07 02 12.90               q~1Xf7O44
99942         C2013 02 27.51729206 44 25.878+07 02 15.31               q~1Xf7O44
99942         C2013 02 27.51887706 44 25.865+07 02 17.77               q~1Xf7O44
99942         C2013 02 27.52045106 44 25.858+07 02 20.28               q~1Xf7O44
99942         C2013 02 27.52203706 44 25.845+07 02 22.70               q~1Xf7O44
99942         C2013 02 27.52361106 44 25.836+07 02 25.15               q~1Xf7O44
99942         C2013 02 27.52519706 44 25.825+07 02 27.63               q~1Xf7O44
99942         C2013 02 27.52678206 44 25.817+07 02 30.05               q~1Xf7O44
99942         C2013 02 27.87120 06 44 28.63 +07 11 05.8          17.35Rc~0pfFA05
99942         C2013 02 27.87552 06 44 28.62 +07 11 12.1          17.63Rc~0pfFA05
99942         C2013 02 27.87899 06 44 28.62 +07 11 17.6          18.01Rc~0pfFA05
99942         C2013 02 27.88285 06 44 28.60 +07 11 23.3          17.82Rc~0pfFA05
99942         C2013 02 27.89288 06 44 28.60 +07 11 38.6          18.02Rc~0pfFA05
99942         C2013 02 28.11406 06 44 32.04 +07 17 21.2          17.0 Rq~0pfFH45
99942         C2013 02 28.11527 06 44 32.04 +07 17 22.7          17.0 Rq~0pfFH45
99942         C2013 02 28.11720 06 44 32.03 +07 17 25.7          17.0 Rq~0pfFH45
99942         C2013 02 28.12826 06 44 32.00 +07 17 42.4          17.0 Rq~0pfFH45
99942         C2013 02 28.12977 06 44 31.99 +07 17 44.7          17.0 Rq~0pfFH45
99942         C2013 02 28.13135 06 44 31.98 +07 17 47.1          17.0 Rq~0pfFH45
99942         C2013 02 28.76736 06 44 41.88 +07 33 31.9          16.9 Ru~0pfF585
99942         C2013 02 28.77025 06 44 41.87 +07 33 36.2          16.8 Ru~0pfF585
99942         C2013 02 28.77166 06 44 41.88 +07 33 38.1          16.8 Ru~0pfF585
99942         C2013 02 28.77306 06 44 41.88 +07 33 40.4          16.8 Ru~0pfF585
99942         C2013 02 28.77446 06 44 41.89 +07 33 42.4          16.8 Ru~0pfF585
99942         C2013 02 28.77620 06 44 41.89 +07 33 45.1          16.8 Ru~0pfF585
99942         C2013 02 28.77760 06 44 41.91 +07 33 47.0          16.8 Ru~0pfF585
99942         C2013 02 28.77900 06 44 41.91 +07 33 49.2          16.9 Ru~0pfF585
99942         C2013 02 28.78041 06 44 41.91 +07 33 51.2          16.7 Ru~0pfF585
99942         C2013 03 01.12600 06 44 47.73 +07 42 33.0          17.7 Rq~0pfFH45
99942         C2013 03 01.12725 06 44 47.73 +07 42 34.7          17.8 Rq~0pfFH45
99942         C2013 03 01.12887 06 44 47.73 +07 42 37.0          17.8 Rq~0pfFH45
99942         C2013 03 01.13641 06 44 47.75 +07 42 48.1          17.8 Rq~0pfFH45
99942         C2013 03 01.13821 06 44 47.76 +07 42 50.8          17.8 Rq~0pfFH45
99942         C2013 03 01.13938 06 44 47.76 +07 42 52.4          17.6 Rq~0pfFH45
99942         C2013 03 01.50226906 44 56.239+07 51 50.15               q~1Xf7O44
99942         C2013 03 01.50381906 44 56.245+07 51 52.37               q~1Xf7O44
99942         C2013 03 01.50539406 44 56.250+07 51 54.61               q~1Xf7O44
99942         C2013 03 01.50694406 44 56.257+07 51 56.97               q~1Xf7O44
99942         C2013 03 01.50849506 44 56.260+07 51 59.28               q~1Xf7O44
99942         C2013 03 01.51005806 44 56.265+07 52 01.62               q~1Xf7O44
99942         C2013 03 01.51162006 44 56.272+07 52 03.90               q~1Xf7O44
99942         C2013 03 01.51317106 44 56.277+07 52 06.08               q~1Xf7O44
99942         C2013 03 01.51473406 44 56.284+07 52 08.38               q~1Xf7O44
99942         C2013 03 01.51629606 44 56.288+07 52 10.85               q~1Xf7O44
99942         C2013 03 01.51784706 44 56.292+07 52 13.05               q~1Xf7O44
99942         C2013 03 01.51941006 44 56.298+07 52 15.20               q~1Xf7O44
99942         C2013 03 01.52097206 44 56.302+07 52 17.58               q~1Xf7O44
99942         C2013 03 01.52252306 44 56.303+07 52 19.85               q~1Xf7O44
99942         C2013 03 01.91643 06 45 02.50 +08 01 36.7          17.3 Vu~0pfFB04
99942         C2013 03 01.91855 06 45 02.51 +08 01 39.8          17.2 Vu~0pfFB04
99942         C2013 03 01.92068 06 45 02.55 +08 01 42.7          17.2 Vu~0pfFB04
99942         C2013 03 01.92280 06 45 02.56 +08 01 45.6          17.1 Vu~0pfFB04
99942         C2013 03 02.50530106 45 17.968+08 15 52.53               q~1Xf7O44
99942         C2013 03 02.50685206 45 17.979+08 15 54.79               q~1Xf7O44
99942         C2013 03 02.50841406 45 17.993+08 15 56.98               q~1Xf7O44
99942         C2013 03 02.50997706 45 18.005+08 15 59.18               q~1Xf7O44
99942         C2013 03 02.51153906 45 18.018+08 16 01.47               q~1Xf7O44
99942         C2013 03 02.51309006 45 18.027+08 16 03.62               q~1Xf7O44
99942         C2013 03 02.51465306 45 18.041+08 16 05.94               q~1Xf7O44
99942         C2013 03 02.51621506 45 18.050+08 16 07.99               q~1Xf7O44
99942         C2013 03 02.51776606 45 18.062+08 16 10.38               q~1Xf7O44
99942         C2013 03 02.51932906 45 18.076+08 16 12.55               q~1Xf7O44
99942         C2013 03 02.52088006 45 18.090+08 16 14.83               q~1Xf7O44
99942         C2013 03 02.52244206 45 18.099+08 16 17.01               q~1Xf7O44
99942         C2013 03 02.52399306 45 18.109+08 16 19.17               q~1Xf7O44
99942         C2013 03 03.12939 06 45 32.23 +08 30 24.1          17.7 Rq~0pfFH45
99942         C2013 03 03.13071 06 45 32.24 +08 30 25.9          17.6 Rq~0pfFH45
99942         C2013 03 03.13212 06 45 32.26 +08 30 27.7          17.6 Rq~0pfFH45
99942         C2013 03 03.13329 06 45 32.28 +08 30 29.6          17.6 Rq~0pfFH45
99942         C2013 03 03.13436 06 45 32.29 +08 30 31.1          17.7 Rq~0pfFH45
99942         C2013 03 03.77860 06 45 51.10 +08 45 15.0          17.5 Rc~0qbLA24
99942         C2013 03 03.77932 06 45 51.20 +08 45 14.6          17.2 Rc~0qbLA24
99942        8C2013 03 04.31400106 46 06.116+08 57 38.77         17.2 Rt~0pfFF65
99942        8C2013 03 04.31488306 46 06.132+08 57 40.00         17.1 Rt~0pfFF65
99942        8C2013 03 04.31578106 46 06.139+08 57 41.26         17.2 Rt~0pfFF65
99942        8C2013 03 04.31663106 46 06.158+08 57 42.26         17.2 Rt~0pfFF65
99942        8C2013 03 04.31748306 46 06.180+08 57 43.51         17.2 Rt~0pfFF65
99942         C2013 03 04.53687 06 46 12.93 +09 02 27.6          17.3 Ro~0t2J300
99942         C2013 03 04.53919 06 46 12.91 +09 02 31.0          17.6 Ro~0t2J300
99942         C2013 03 04.54151 06 46 12.97 +09 02 34.4          17.6 Ro~0t2J300
99942         C2013 03 04.54384 06 46 13.03 +09 02 37.2          17.6 Ro~0t2J300
99942         C2013 03 04.54616 06 46 13.06 +09 02 40.3          17.5 Ro~0t2J300
99942         C2013 03 04.54848 06 46 13.13 +09 02 43.6          17.6 Ro~0t2J300
99942         C2013 03 04.55079 06 46 13.16 +09 02 46.4          17.5 Ro~0t2J300
99942         C2013 03 04.55311 06 46 13.21 +09 02 49.5          17.4 Ro~0t2J300
99942         C2013 03 04.55543 06 46 13.30 +09 02 53.0          17.3 Ro~0t2J300
99942         C2013 03 04.76817106 46 21.79 +09 07 27.5          16.6 Ru~0q1nC01
99942         C2013 03 04.77193306 46 21.86 +09 07 32.0          16.6 Ru~0q1nC01
99942         C2013 03 04.77568306 46 21.95 +09 07 37.7          16.7 Ru~0pfFC01
99942         C2013 03 04.77942106 46 22.02 +09 07 42.9          16.7 Ru~0pfFC01
99942         C2013 03 04.78316006 46 22.11 +09 07 47.8          16.7 Ru~0pfFC01
99942         C2013 03 04.80971 06 46 22.80 +09 08 28.2          16.9 Ra~0qKN233
99942         C2013 03 04.81519 06 46 22.95 +09 08 35.8          17.4 Ra~0qKN233
99942         C2013 03 04.82078 06 46 23.01 +09 08 42.6          16.9 Ra~0qKN233
99942         C2013 03 04.82450 06 46 23.15 +09 08 45.9          17.0 Rc~0q1nA24
99942         C2013 03 04.82523 06 46 23.17 +09 08 47.1          17.0 Rc~0q1nA24
99942        KC2013 03 04.83825 06 46 23.43 +09 09 04.3          17.1 Rc~0q1nA24
99942         C2013 03 04.84136606 46 23.38 +09 09 04.7          17.0 Ru~0pfFC01
99942         C2013 03 04.84512706 46 23.46 +09 09 10.2          17.1 Ru~0pfFC01
99942         C2013 03 04.84885406 46 23.52 +09 09 14.5          17.2 Ru~0pfFC01
99942        KC2013 03 04.85200 06 46 23.71 +09 09 22.6          17.7 Rc~0q1nA24
99942         C2013 03 04.85208 06 46 23.66 +09 09 23.5          17.9 Vi~0pfFC91
99942         C2013 03 04.85260406 46 23.60 +09 09 19.2          17.2 Ru~0pfFC01
99942         C2013 03 04.85556 06 46 23.73 +09 09 27.9          17.9 Vi~0pfFC91
99942         C2013 03 04.85972 06 46 23.79 +09 09 32.4          17.9 Vi~0pfFC91
99942         C2013 03 04.86503 06 46 23.94 +09 09 39.7          16.8 Rc~0q1nA24
99942         C2013 03 04.86575 06 46 23.99 +09 09 41.0          17.5 Rc~0q1nA24
99942        KC2013 03 04.87948 06 46 24.23 +09 09 58.5          17.6 Vc~0pfFA48
99942        KC2013 03 04.88234 06 46 24.30 +09 10 02.4          17.4 Vc~0pfFA48
99942        KC2013 03 04.88519 06 46 24.36 +09 10 05.8          17.5 Vc~0pfFA48
99942        KC2013 03 04.88804 06 46 24.41 +09 10 09.7          17.7 Vc~0pfFA48
99942         C2013 03 05.13062 06 46 33.09 +09 15 37.9          17.2 Rq~0pfFH45
99942         C2013 03 05.13317 06 46 33.13 +09 15 41.1          17.3 Rq~0pfFH45
99942         C2013 03 05.13756 06 46 33.24 +09 15 46.8          17.4 Rq~0pfFH45
99942         C2013 03 05.14056 06 46 33.28 +09 15 51.0          17.3 Rq~0pfFH45
99942         C2013 03 05.14258 06 46 33.33 +09 15 53.1          17.3 Rq~0pfFH45
99942         C2013 03 05.14475 06 46 33.36 +09 15 56.1          17.5 Rq~0pfFH45
99942        8C2013 03 05.25201606 46 38.113+09 18 27.93         17.0 Rt~0pfFF65
99942        8C2013 03 05.25381606 46 38.149+09 18 30.28         16.9 Rt~0pfFF65
99942         C2013 03 05.45434 06 46 45.11 +09 22 43.2          17.5 Ro~0t2J300
99942         C2013 03 05.45605 06 46 45.14 +09 22 45.5          17.5 Ro~0t2J300
99942         C2013 03 05.45767 06 46 45.18 +09 22 47.8          17.5 Ro~0t2J300
99942         C2013 03 05.45929 06 46 45.21 +09 22 49.4          17.5 Ro~0t2J300
99942         C2013 03 05.47320 06 46 45.48 +09 23 07.7          17.3 Ro~0t2J300
99942         C2013 03 05.47483 06 46 45.52 +09 23 09.5          17.3 Ro~0t2J300
99942         C2013 03 05.47645 06 46 45.56 +09 23 11.9          17.5 Ro~0t2J300
99942         C2013 03 05.47807 06 46 45.60 +09 23 14.1          17.5 Ro~0t2J300
99942         C2013 03 05.47970 06 46 45.63 +09 23 16.2          17.5 Ro~0t2J300
99942         C2013 03 05.48133 06 46 45.67 +09 23 18.5          17.5 Ro~0t2J300
99942         C2013 03 05.48296 06 46 45.69 +09 23 20.5          17.5 Ro~0t2J300
99942         C2013 03 05.48458 06 46 45.74 +09 23 22.7          17.5 Ro~0t2J300
99942         C2013 03 05.48621 06 46 45.76 +09 23 24.9          17.4 Ro~0t2J300
99942         C2013 03 05.48783 06 46 45.81 +09 23 27.2          17.4 Ro~0t2J300
99942         C2013 03 05.86225706 46 59.08 +09 31 22.7          16.6 Ru~0pfFC01
99942         C2013 03 05.86600706 46 59.19 +09 31 27.4          16.7 Ru~0pfFC01
99942         C2013 03 05.86974506 46 59.28 +09 31 31.9          16.7 Ru~0q1nC01
99942         C2013 03 05.87349506 46 59.39 +09 31 36.8          16.7 Ru~0q1nC01
99942         C2013 03 05.87723406 46 59.47 +09 31 41.7          16.7 Ru~0q1nC01
99942         C2013 03 05.89529 06 46 59.62 +09 32 04.6          17.0 Ru~0qKN585
99942         C2013 03 05.89669 06 46 59.64 +09 32 05.8          17.0 Ru~0qKN585
99942         C2013 03 05.90118 06 46 59.78 +09 32 11.8          17.1 Ru~0qKN585
99942         C2013 03 05.90259 06 46 59.82 +09 32 13.3          17.3 Ru~0qKN585
99942         C2013 03 05.90399 06 46 59.86 +09 32 15.4          17.1 Ru~0qKN585
99942         C2013 03 05.90539 06 46 59.91 +09 32 17.1          17.1 Ru~0qKN585
99942         C2013 03 05.90679 06 46 59.94 +09 32 19.2          17.0 Ru~0qKN585
99942         C2013 03 05.91101 06 47 00.07 +09 32 24.3          17.0 Ru~0qKN585
99942         C2013 03 05.91241 06 47 00.11 +09 32 26.1          17.2 Ru~0qKN585
99942         C2013 03 05.91381 06 47 00.17 +09 32 27.5          17.1 Ru~0qKN585
99942         C2013 03 05.91662 06 47 00.28 +09 32 31.8          16.8 Ru~0qKN585
99942         C2013 03 05.91802 06 47 00.33 +09 32 33.3          16.7 Ru~0qKN585
99942         C2013 03 05.91942 06 47 00.38 +09 32 34.9          16.8 Ru~0qKN585
99942         C2013 03 06.74491 06 47 34.08 +09 50 10.4          17.1 Ru~0qKN585
99942         C2013 03 06.74631 06 47 34.08 +09 50 12.1          17.2 Ru~0qKN585
99942         C2013 03 06.74771 06 47 34.14 +09 50 13.8          17.0 Ru~0qKN585
99942         C2013 03 06.75051 06 47 34.22 +09 50 17.3          17.0 Ru~0qKN585
99942         C2013 03 06.75192 06 47 34.25 +09 50 19.3          17.1 Ru~0qKN585
99942         C2013 03 06.75332 06 47 34.29 +09 50 20.9          17.0 Ru~0qKN585
99942         C2013 03 06.75612 06 47 34.37 +09 50 24.7          17.2 Ru~0qKN585
99942         C2013 03 06.75753 06 47 34.41 +09 50 26.4          16.7 Ru~0qKN585
99942         C2013 03 06.76345 06 47 34.58 +09 50 33.7          16.8 Ru~0qKN585
99942         C2013 03 06.76485 06 47 34.63 +09 50 35.3          16.8 Ru~0qKN585
99942         C2013 03 06.76625 06 47 34.68 +09 50 37.4          17.0 Ru~0qKN585
99942        8C2013 03 07.23165906 47 54.641+10 00 39.30         16.8 Rt~0pfFF65
99942        8C2013 03 07.23343406 47 54.688+10 00 41.50         16.8 Rt~0pfFF65
99942         C2013 03 08.14521 06 48 33.26 +10 19 10.6          18.0 Rq~0pfFH45
99942         C2013 03 08.14690 06 48 33.33 +10 19 12.7          17.9 Rq~0pfFH45
99942         C2013 03 08.14815 06 48 33.36 +10 19 14.4          18.0 Rq~0pfFH45
99942         C2013 03 08.14943 06 48 33.40 +10 19 15.7          17.9 Rq~0pfFH45
99942         C2013 03 08.15061 06 48 33.44 +10 19 17.1          17.9 Rq~0pfFH45
99942         C2013 03 08.15189 06 48 33.50 +10 19 18.8          17.9 Rq~0pfFH45
99942        8C2013 03 08.29406406 48 40.362+10 22 21.06         17.4 Rt~0pfFF65
99942        8C2013 03 08.29591306 48 40.416+10 22 23.28         17.4 Rt~0pfFF65
99942        KC2013 03 10.80601 06 50 46.81 +11 10 53.2          17.1 Rc~0q1nA24
99942        KC2013 03 10.80745 06 50 46.89 +11 10 55.1          17.2 Rc~0q1nA24
99942        KC2013 03 10.82043 06 50 47.44 +11 11 09.4          17.2 Rc~0q1nA24
99942        KC2013 03 10.83569 06 50 48.09 +11 11 26.7          17.4 Rc~0q1nA24
99942        KC2013 03 10.84819 06 50 48.62 +11 11 40.5          17.2 Rc~0q1nA24
99942         C2013 03 10.84949 06 50 48.13 +11 11 43.4          17.6 Ro~0qbL071
99942        KC2013 03 10.84964 06 50 48.69 +11 11 42.2          17.4 Rc~0q1nA24
99942         C2013 03 10.85159 06 50 48.21 +11 11 45.8          17.4 Ro~0qbL071
99942         C2013 03 10.85368 06 50 48.32 +11 11 48.2          17.3 Ro~0qbL071
99942         C2013 03 10.85579 06 50 48.39 +11 11 50.3          17.5 Ro~0qbL071
99942         C2013 03 10.85788 06 50 48.50 +11 11 52.9          17.6 Ro~0qbL071
99942         C2013 03 12.94201 06 52 48.24 +11 49 43.2          17.3 Ro~0qbL071
99942         C2013 03 12.94425 06 52 48.37 +11 49 45.4          17.3 Ro~0qbL071
99942         C2013 03 12.94881 06 52 48.62 +11 49 50.6          17.8 Ro~0qbL071
99942         C2013 03 12.95102 06 52 48.77 +11 49 53.2          17.3 Ro~0qbL071
99942         C2013 03 12.95546 06 52 48.97 +11 49 56.7          17.2 Ro~0qbL071
99942         C2013 03 12.95993 06 52 49.30 +11 50 02.1          17.5 Ro~0qbL071
99942         C2013 03 13.77473 06 53 41.38 +12 04 18.3          17.4 Ro~0qbL071
99942         C2013 03 13.77696 06 53 41.55 +12 04 20.9          17.7 Ro~0qbL071
99942         C2013 03 13.77917 06 53 41.68 +12 04 22.3          18.1 Ro~0qbL071
99942         C2013 03 13.78149 06 53 41.79 +12 04 24.9          17.8 Ro~0qbL071
99942         C2013 03 13.78374 06 53 41.89 +12 04 27.3          18.6 Ro~0qbL071
99942         C2013 03 13.78824 06 53 42.13 +12 04 31.7          17.7 Ro~0qbL071
99942         C2013 03 13.79045 06 53 42.25 +12 04 34.4          17.7 Ro~0qbL071
99942         C2013 03 13.79949 06 53 42.74 +12 04 44.3          17.8 Ro~0qbL071
99942         C2013 03 13.80170 06 53 42.86 +12 04 46.2          18.1 Ro~0qbL071
99942         C2013 03 13.80391 06 53 42.96 +12 04 48.1          17.9 Ro~0qbL071
99942         C2013 03 13.80612 06 53 43.18 +12 04 50.7          18.2 Ro~0qbL071
99942         C2013 03 13.80833 06 53 43.22 +12 04 52.6          18.1 Ro~0qbL071
99942         C2013 03 13.81991 06 53 43.79 +12 05 04.5          18.1 Ro~0qbL071
99942         C2013 03 13.82865 06 53 44.26 +12 05 13.3          18.1 Ro~0qbL071
99942         C2013 03 13.83087 06 53 44.38 +12 05 15.5          18.2 Ro~0qbL071
99942         C2013 03 13.83309 06 53 44.49 +12 05 18.0          18.1 Ro~0qbL071
99942         C2013 03 13.83530 06 53 44.57 +12 05 19.3          18.0 Ro~0qbL071
99942         C2013 03 13.83751 06 53 44.73 +12 05 22.2          18.1 Ro~0qbL071
99942         C2013 03 13.83843 06 53 44.49 +12 05 12.9                r~0qbL168
99942         C2013 03 14.27134 06 54 11.59 +12 12 47.2          18.0 Rq~0q1nH45
99942         C2013 03 14.27241 06 54 11.71 +12 12 48.0          18.3 Rq~0q1nH45
99942         C2013 03 14.27395 06 54 11.79 +12 12 49.5          18.0 Rq~0q1nH45
99942         C2013 03 14.27524 06 54 11.86 +12 12 51.2          18.2 Rq~0q1nH45
99942         C2013 03 14.27653 06 54 11.97 +12 12 52.1          18.1 Rq~0q1nH45
99942         C2013 03 14.27741 06 54 11.99 +12 12 53.1          18.2 Rq~0q1nH45
99942         C2013 03 14.72333 06 54 42.52 +12 20 17.6          17.9 Vr~0qbL168
99942         C2013 03 14.78033 06 54 45.92 +12 21 13.3          17.9 Vr~0qbL168
99942         C2013 03 14.78392 06 54 46.13 +12 21 16.7          17.9 Vr~0qbL168
99942        KC2013 03 14.81083 06 54 48.73 +12 21 52.1          17.3 Rq~0q1nB88
99942         C2013 03 14.83230 06 54 49.10 +12 22 03.8                r~0qbL168
99942        KC2013 03 14.84002 06 54 50.34 +12 22 21.1          18.0 Rq~0q1nB88
99942        KC2013 03 14.86188 06 54 51.59 +12 22 42.3          17.1 Rq~0q1nB88
99942        KC2013 03 15.85423 06 55 58.86 +12 39 02.9          18.8 Rq~0qKNB88
99942        KC2013 03 15.86191 06 55 59.35 +12 39 10.3          18.6 Rq~0qKNB88
99942        KC2013 03 15.88935 06 56 00.88 +12 39 36.2          18.8 Rq~0qKNB88
99942         C2013 03 16.47156 06 56 42.24 +12 49 04.2          18.3 Ro~0t2J300
99942         C2013 03 16.47334 06 56 42.39 +12 49 06.3          18.2 Ro~0t2J300
99942         C2013 03 16.47498 06 56 42.48 +12 49 08.2          18.3 Ro~0t2J300
99942         C2013 03 16.47663 06 56 42.60 +12 49 09.6          18.4 Ro~0t2J300
99942         C2013 03 16.47829 06 56 42.68 +12 49 10.7          18.2 Ro~0t2J300
99942         C2013 03 16.47994 06 56 42.79 +12 49 12.9          18.1 Ro~0t2J300
99942         C2013 03 16.48159 06 56 42.88 +12 49 14.3          18.1 Ro~0t2J300
99942         C2013 03 16.48324 06 56 42.98 +12 49 15.6          18.1 Ro~0t2J300
99942         C2013 03 17.08668 06 57 26.42 +12 58 47.6          18.8 Rq~0qKNH45
99942         C2013 03 17.08858 06 57 26.55 +12 58 49.3          18.7 Rq~0qKNH45
99942         C2013 03 17.08983 06 57 26.58 +12 58 50.9          18.7 Rq~0qKNH45
99942         C2013 03 17.09068 06 57 26.65 +12 58 51.3          18.5 Rq~0qKNH45
99942         C2013 03 17.09171 06 57 26.72 +12 58 52.5          18.6 Rq~0qKNH45
99942         C2013 03 17.09289 06 57 26.79 +12 58 53.6          18.7 Rq~0qKNH45
99942        8C2013 03 18.33620006 58 57.552+13 18 08.56         18.4 Rt~0qKNF65
99942        8C2013 03 18.33828806 58 57.682+13 18 10.36         18.3 Rt~0qKNF65
99942        KC2013 03 20.09645 07 01 14.43 +13 43 54.0          18.5 Vu~0qKNH21
99942        KC2013 03 20.10532 07 01 15.03 +13 44 01.3          18.6 Vu~0qKNH21
99942        KC2013 03 20.10981 07 01 15.34 +13 44 05.2          18.5 Vu~0qKNH21
99942        KC2013 03 20.11430 07 01 15.65 +13 44 09.0          18.6 Vu~0qKNH21
99942        KC2013 03 22.12329507 03 59.24 +14 12 08.8          18.8 Vu~0qKNH21
99942        KC2013 03 22.13210007 03 59.88 +14 12 15.5          18.7 Vu~0qKNH21
99942        KC2013 03 22.13648907 04 00.21 +14 12 19.2          18.7 Vu~0qKNH21
99942        KC2013 03 22.14087907 04 00.54 +14 12 22.6          18.7 Vu~0qKNH21
99942        KC2013 03 28.07663607 12 49.23 +15 26 06.7          18.5 Vu~0qbLH21
99942        KC2013 03 28.08089807 12 49.59 +15 26 09.3          18.4 Vu~0qbLH21
99942        KC2013 03 28.08531007 12 49.95 +15 26 12.4          18.2 Vu~0qbLH21
99942        KC2013 03 28.08956907 12 50.31 +15 26 15.1          18.4 Vu~0qbLH21
99942         C2013 03 31.04829 07 17 34.32 +15 58 23.2                o~0qbL924
99942         C2013 03 31.04916 07 17 34.44 +15 58 24.2                o~0qbL924
99942         C2013 03 31.05002 07 17 34.47 +15 58 24.8                o~0qbL924
99942         C2013 03 31.05262 07 17 34.75 +15 58 26.7                o~0qbL924
99942         C2013 03 31.05524 07 17 34.95 +15 58 27.4                o~0qbL924
99942         C2013 03 31.05697 07 17 35.15 +15 58 29.6                o~0qbL924
99942         C2013 03 31.05785 07 17 35.18 +15 58 29.3                o~0qbL924
99942         C2013 03 31.06044 07 17 35.43 +15 58 32.2                o~0qbL924
99942         C2013 04 01.11186 07 19 19.16 +16 09 22.6          18.6 Rq~0qbLH45
99942         C2013 04 01.11341 07 19 19.29 +16 09 23.5          18.6 Rq~0qbLH45
99942         C2013 04 01.11469 07 19 19.43 +16 09 24.0          18.8 Rq~0qbLH45
99942         C2013 04 01.11573 07 19 19.56 +16 09 25.1          18.6 Rq~0qbLH45
99942         C2013 04 01.11738 07 19 19.64 +16 09 25.6          18.7 Rq~0qbLH45
99942         C2013 04 01.11813 07 19 19.73 +16 09 26.3          18.8 Rq~0qbLH45
99942         C2013 04 01.11916 07 19 19.83 +16 09 26.9          18.8 Rq~0qbLH45
99942         C2013 04 01.11996 07 19 19.90 +16 09 27.5          18.8 Rq~0qbLH45
99942        8C2013 04 04.29504707 24 41.656+16 40 05.00         18.1 Rt~0qbLF65
99942        8C2013 04 04.29749407 24 41.882+16 40 06.25         18.1 Rt~0qbLF65
99942        8C2013 04 05.29538907 26 25.525+16 49 05.36         18.7 Rt~0qbLF65
99942        8C2013 04 05.29762507 26 25.733+16 49 06.47         18.6 Rt~0qbLF65
99942        .C2013 04 05.86021 07 27 25.29 +16 54 00.0          18.6 Rq~0tVe950
99942        .C2013 04 05.86145 07 27 25.40 +16 54 00.6          18.6 Rq~0tVe950
99942        .C2013 04 05.86269 07 27 25.51 +16 54 01.2          18.6 Rq~0tVe950
99942        .C2013 04 05.86392 07 27 25.63 +16 54 01.9          18.6 Rq~0tVe950
99942        .C2013 04 05.86517 07 27 25.75 +16 54 02.5          18.6 Rq~0tVe950
99942        .C2013 04 05.86640 07 27 25.86 +16 54 03.1          18.6 Rq~0tVe950
99942        .C2013 04 05.86764 07 27 25.98 +16 54 03.8          18.6 Rq~0tVe950
99942        8C2013 04 08.25484207 31 39.647+17 14 09.35         19.2 Rt~0qubF65
99942        8C2013 04 08.25601107 31 39.773+17 14 09.25         18.8 Rt~0qubF65
99942        KC2013 04 10.84304 07 36 20.83 +17 33 58.4          19.5 Rv~0rhIB04
99942        KC2013 04 10.85546 07 36 22.12 +17 34 04.8          18.1 Rv~0rhIB04
99942        KC2013 04 10.86437 07 36 23.04 +17 34 07.4          19.6 Rv~0rhIB04
99942        KC2013 04 10.87678 07 36 24.37 +17 34 12.4          19.7 Rv~0rhIB04
99942        8C2013 04 12.29485207 39 00.954+17 44 41.87         18.5 Rt~0qubF65
99942        8C2013 04 12.29697207 39 01.168+17 44 42.62         18.4 Rt~0qubF65
99942        KC2013 04 12.82081 07 39 59.86 +17 48 12.9          19.1 Ru~0rDCB88
99942        KC2013 04 12.84585 07 40 02.50 +17 48 22.0          18.8 Ru~0rDCB88
99942        KC2013 04 12.87872 07 40 05.81 +17 48 34.4          17.8 Ru~0rDCB88
99942        KC2013 04 14.82156 07 43 44.16 +18 01 41.3          17.8 Ru~0rDCB88
99942        KC2013 04 14.84556 07 43 46.71 +18 01 50.0          18.3 Ru~0rDCB88
99942        .C2013 04 14.85301 07 43 47.95 +18 02 01.4          18.5 Rq~0tVe950
99942        .C2013 04 14.85424 07 43 48.08 +18 02 01.9          18.4 Rq~0tVe950
99942        .C2013 04 14.85546 07 43 48.20 +18 02 02.5          18.4 Rq~0tVe950
99942        KC2013 04 14.86955 07 43 49.32 +18 01 59.0          17.8 Ru~0rDCB88
99942         C2013 04 15.13542 07 44 19.64 +18 03 49.0          19.3 Vu~0rDC703
99942         C2013 04 15.14998 07 44 21.12 +18 03 55.1          19.2 Vu~0rDC703
99942         C2013 04 15.15729 07 44 21.91 +18 03 57.2          19.0 Vu~0rDC703
99942        8C2013 04 19.29418607 52 13.350+18 28 59.28         19.1 Rt~0rDCF65
99942        8C2013 04 19.29622507 52 13.592+18 28 59.43         19.2 Rt~0rDCF65
99942        KC2013 04 26.07417 08 05 16.96 +19 03 21.6          19.9 Vu~0rhIH21
99942        KC2013 04 26.07828 08 05 17.42 +19 03 22.5          20.0 Vu~0rhIH21
99942        KC2013 04 26.08223 08 05 17.86 +19 03 23.4          20.1 Vu~0rhIH21
99942         C2013 04 30.14640 08 13 06.60 +19 21 09.7          19.4 Vu~0rhI703
99942         C2013 04 30.15260 08 13 07.28 +19 21 12.0          18.9 Vu~0rhI703
99942         C2013 04 30.15877 08 13 07.96 +19 21 11.2          19.2 Vu~0rhI703
99942         C2013 05 07.13236 08 26 21.12 +19 47 59.6          19.1 Vu~0ruH703
99942         C2013 05 07.13796 08 26 21.66 +19 48 00.9          19.3 Vu~0ruH703
99942         C2013 05 07.14359 08 26 22.27 +19 48 02.7          19.1 Vu~0ruH703
99942         C2013 05 07.14919 08 26 22.88 +19 48 03.1          19.2 Vu~0ruH703
99942         C2013 05 09.28300 08 30 20.126+19 55 45.77         19.0 wL~0ruHF51
99942         C2013 05 09.28695 08 30 20.531+19 55 46.45         19.1 wL~0ruHF51
99942         C2013 05 09.29091 08 30 20.942+19 55 47.14         19.0 wL~0ruHF51
99942         C2013 05 09.29486 08 30 21.351+19 55 47.81         19.1 wL~0ruHF51
99942        8C2013 05 27.25941208 59 49.215+21 07 57.79         19.2 Rt~0sMGF65
99942        8C2013 05 27.26067208 59 49.263+21 07 58.05         19.7 Rt~0sMGF65
99942        |C2014 01 13.33363 13 47 54.71 -16 10 31.6          21.2 Vu~0zbC807
99942        |C2014 01 13.34047 13 47 55.98 -16 10 38.5          20.9 Vu~0zbC807
99942        |C2014 01 13.34749 13 47 57.29 -16 10 45.6          21.2 Vu~0zbC807
99942         C2014 02 26.63413 16 39 50.048-24 59 30.71         19.5 zL~11FnF51
99942         C2014 02 26.63832 16 39 51.234-24 59 31.95         19.4 zL~11FnF51
99942         C2014 02 26.64251 16 39 52.428-24 59 33.02         19.4 zL~11FnF51
99942         C2014 02 26.64670 16 39 53.624-24 59 33.85         19.4 zL~11FnF51
99942        KC2015 01 03.23411 14 43 01.20 -17 27 36.8          21.6 Rq~1GJQ586
99942        KC2015 01 03.24047 14 43 02.63 -17 27 42.2          21.5 Rq~1GJQ586
99942        KC2015 01 03.24580 14 43 03.82 -17 27 47.1          21.5 Rq~1GJQ586
99942        KC2015 01 03.25200 14 43 05.22 -17 27 52.9          21.7 Rq~1GJQ586
99942        KC2015 01 03.25775 14 43 06.52 -17 27 58.2          21.3 Rq~1GJQ586
99942        KC2015 01 03.26308 14 43 07.72 -17 28 03.2          21.3 Rq~1GJQ586
99942        KC2019 02 04.85903800 28 29.528+01 04 03.26         21.0 GV~2yNUJ04
99942        KC2019 02 04.87506000 28 33.898+01 04 28.34         21.3 GV~2yNUJ04
99942        KC2020 01 08.77896700 10 42.40 -05 19 26.3          19.7 Gq~3fNfC95
99942        KC2020 01 08.79991200 10 48.99 -05 18 47.2          19.4 Gq~3fNfC95
99942         C2020 01 21.75208 01 17 17.10 +00 56 40.6                V~3fNf246
99942         C2020 01 21.75269 01 17 17.32 +00 56 40.2                V~3fNf246
99942        1C2020 01 21.75299 01 17 17.22 +00 56 40.4                V~5M9j246
99942         C2020 01 22.75950 01 22 11.57 +01 24 38.5          19.6 RV~3fNf511
99942         C2020 01 22.76204 01 22 12.33 +01 24 42.9          19.5 RV~3fNf511
99942         C2020 01 22.76439 01 22 12.99 +01 24 46.9          20.5 RV~3fNf511
99942         C2020 01 22.76673 01 22 13.63 +01 24 50.7          19.4 RV~3fNf511
99942         C2020 01 22.77331 01 22 15.52 +01 25 01.4          19.5 RV~3fNf511
99942         C2020 01 22.77566 01 22 16.25 +01 25 05.7          19.3 RV~3fNf511
99942         C2020 01 22.77801 01 22 16.87 +01 25 09.1          19.4 RV~3fNf511
99942         C2020 01 22.78035 01 22 17.55 +01 25 13.3          19.5 RV~3fNf511
99942         C2020 01 22.78270 01 22 18.23 +01 25 17.3          19.4 RV~3fNf511
99942        KC2020 02 07.79060 02 35 28.98 +08 07 23.1          19.5 RV~3lpX586
99942        KC2020 02 07.80189 02 35 31.87 +08 07 38.4          19.4 RV~3lpX586
99942        KC2020 02 07.81439 02 35 35.04 +08 07 55.0          20.2 RV~3lpX586
99942        KC2020 02 07.82260 02 35 37.14 +08 08 05.7          19.4 RV~3lpX586
99942        KC2020 02 07.83198 02 35 39.50 +08 08 18.2          19.7 RV~3lpX586
99942        KC2020 02 07.83830 02 35 41.06 +08 08 26.7          20.1 RV~3lpX586
99942        KC2020 02 07.84257 02 35 42.17 +08 08 32.5          19.8 RV~3lpX586
99942        KC2020 02 07.84560 02 35 42.96 +08 08 36.4          19.5 RV~3lpX586
99942        KC2020 02 07.84911 02 35 43.87 +08 08 41.0          19.5 RV~3lpX586
99942        KC2020 02 18.81271 03 21 15.25 +11 49 42.3          18.8 RV~3lpX586
99942        KC2020 02 18.81557 03 21 15.93 +11 49 45.4          18.8 RV~3lpX586
99942        KC2020 02 18.81841 03 21 16.61 +11 49 48.5          18.6 RV~3lpX586
99942        KC2020 02 18.82126 03 21 17.28 +11 49 51.5          18.6 RV~3lpX586
99942        KC2020 02 18.82411 03 21 17.94 +11 49 54.4          18.6 RV~3lpX586
99942        KC2020 02 18.82696 03 21 18.63 +11 49 57.7          18.7 RV~3lpX586
99942        KC2020 02 18.83044 03 21 19.44 +11 50 01.4          18.7 RV~3lpX586
99942        KC2020 02 18.83453 03 21 20.42 +11 50 05.8          18.7 RV~3lpX586
99942        KC2020 02 18.83737 03 21 21.10 +11 50 09.0          18.7 RV~3lpX586
99942        KC2020 02 18.84308 03 21 22.44 +11 50 15.0          18.7 RV~3lpX586
99942        KC2020 02 18.84688 03 21 23.36 +11 50 19.2          18.6 RV~3lpX586
99942         C2020 02 20.83635 03 29 19.61 +12 25 31.3          19.6 RV~3lpX511
99942         C2020 02 20.83986 03 29 20.41 +12 25 34.6          19.7 RV~3lpX511
99942         C2020 02 20.84336 03 29 21.25 +12 25 38.4          19.7 RV~3lpX511
99942        KC2020 02 22.04935 03 34 07.48 +12 46 18.2          19.8 GV~3lpXW34
99942        KC2020 02 22.05912 03 34 09.74 +12 46 28.9          19.6 GV~3lpXW34
99942        KC2020 02 22.06899 03 34 11.99 +12 46 38.7          19.9 GV~3lpXW34
99942         C2020 02 22.78227 03 37 00.66 +12 58 33.6          19.9 RU~3lpX511
99942         C2020 02 22.78578 03 37 01.45 +12 58 34.8          19.9 RU~3lpX511
99942         C2020 02 22.78928 03 37 02.31 +12 58 39.9          19.5 RU~3lpX511
99942         C2020 02 22.79279 03 37 03.10 +12 58 42.9          19.9 RU~3lpX511
99942         C2020 02 22.79629 03 37 03.97 +12 58 46.8          19.9 RU~3lpX511
99942         C2020 02 22.79980 03 37 04.74 +12 58 50.1          19.9 RU~3lpX511
99942         C2020 02 22.80330 03 37 05.51 +12 58 53.6          19.8 RU~3lpX511
99942         C2020 02 22.80681 03 37 06.31 +12 58 57.0          19.9 RU~3lpX511
99942         C2020 02 22.81031 03 37 07.15 +12 59 00.4          20.3 RU~3lpX511
99942         C2020 02 22.81382 03 37 07.96 +12 59 04.1          19.7 RU~3lpX511
99942         C2020 06 08.16925 09 35 11.10 +14 38 52.8          20.8 GV~3xOVG96
99942         C2020 06 08.17772 09 35 12.72 +14 38 48.3          21.5 GV~3xOVG96
99942         C2020 06 08.18194 09 35 13.54 +14 38 45.1          20.9 GV~3xOVG96
99942        KC2020 10 31.17448 11 08 32.60 -00 13 11.5          20   GV~4LoJ204
99942        HC2020 10 31.18840 11 08 31.56 -00 13 17.3                V~4LoJ204
99942        HC2020 11 15.16083 11 03 32.58 -02 43 05.9                V~4Msb204
99942        KC2020 11 15.17063 11 03 32.66 -02 43 12.8          20.1 GV~4Msb204
99942        KC2020 11 20.45300 11 05 48.44 -03 50 25.8          18.6 Rq~4ROFH36
99942        KC2020 11 20.46668 11 05 48.76 -03 50 36.7          18.9 Rq~4ROFH36
99942        KC2020 11 20.49385 11 05 49.43 -03 50 58.8          19.0 Rq~4ROFH36
99942        KC2020 11 30.14163 11 12 48.27 -06 04 44.6          19.0 GV~4ROF094
99942        KC2020 11 30.14599 11 12 48.45 -06 04 48.4          19.1 GV~4ROF094
99942        KC2020 11 30.15024 11 12 48.61 -06 04 52.0          18.9 GV~4ROF094
99942        KC2020 11 30.15449 11 12 48.79 -06 04 55.6          18.9 GV~4ROF094
99942        KC2020 11 30.18138 11 12 50.57 -06 05 19.3          19.3 GV~4ROF204
99942        KC2020 11 30.19062 11 12 50.97 -06 05 27.2                V~4ROF204
99942        HC2020 11 30.19986 11 12 51.36 -06 05 35.4                V~4ROF204
99942        8C2020 12 04.14085 11 16 21.82 -07 03 08.4          19.6 GV~4ROF094
99942        8C2020 12 04.14440 11 16 21.99 -07 03 11.4          20.1 GV~4ROF094
99942        8C2020 12 04.14794 11 16 22.18 -07 03 14.8          19.7 GV~4ROF094
99942        8C2020 12 04.15148 11 16 22.31 -07 03 17.7          19.2 GV~4ROF094
99942        8C2020 12 04.15503 11 16 22.48 -07 03 20.7          19.6 GV~4ROF094
99942        8C2020 12 04.15856 11 16 22.66 -07 03 25.1          19.7 GV~4ROF094
99942        8C2020 12 04.16211 11 16 22.87 -07 03 27.0          19.3 GV~4ROF094
99942         C2020 12 04.44563911 16 39.71 -07 07 33.3          19.35GV~4ROF703
99942         C2020 12 04.45098911 16 39.97 -07 07 37.8          18.31GV~4ROF703
99942         C2020 12 04.45634011 16 40.19 -07 07 43.2          18.45GV~4ROF703
99942         C2020 12 04.46169311 16 40.30 -07 07 47.1          18.33GV~4ROF703
99942         C2020 12 07.58091811 19 36.24 -07 54 10.8          18.56oV~4ROFT05
99942         C2020 12 07.58413911 19 36.39 -07 54 13.4          18.57oV~4ROFT05
99942         C2020 12 07.59058811 19 36.72 -07 54 19.3          18.36oV~4ROFT05
99942         C2020 12 07.60351111 19 37.27 -07 54 31.1          18.50oV~4ROFT05
99942        8C2020 12 08.15001 11 20 07.51 -08 02 54.2          18.5 GV~4ROF094
99942        8C2020 12 08.15498 11 20 07.72 -08 02 58.8          19.1 GV~4ROF094
99942         C2020 12 09.56625311 21 29.94 -08 24 01.8          18.46oV~4ROFT08
99942         C2020 12 09.57956011 21 30.54 -08 24 13.9          18.26oV~4ROFT08
99942         C2020 12 09.58787711 21 30.94 -08 24 22.0          18.36oV~4ROFT08
99942         C2020 12 09.59250811 21 31.15 -08 24 26.2          18.53oV~4ROFT08
99942         C2020 12 10.63559111 22 30.53 -08 40 13.5          18.24oV~4ROFT05
99942         C2020 12 10.64203811 22 30.81 -08 40 19.3          18.25oV~4ROFT05
99942         C2020 12 10.66003611 22 31.60 -08 40 35.5          18.28oV~4ROFT05
99942         C2020 12 10.66461211 22 31.80 -08 40 39.4          17.79oV~4ROFT05
99942         C2020 12 11.62243111 23 27.28 -08 55 11.8          19.04cV~4ROFT05
99942         C2020 12 11.62564011 23 27.37 -08 55 12.8          19.45cV~4ROFT05
99942         C2020 12 11.63433811 23 27.79 -08 55 21.4          19.41cV~4ROFT05
99942         C2020 12 11.65489511 23 28.66 -08 55 40.4          19.30cV~4ROFT05
99942         C2020 12 12.60104611 24 23.442-09 10 00.55         19.10wU~4ROFF51
99942         C2020 12 12.61304411 24 23.987-09 10 11.66         18.90wU~4ROFF51
99942        KC2020 12 14.21204 11 25 54.03 -09 34 39.8          19.3 GV~4ROF204
99942        KC2020 12 14.21814 11 25 54.32 -09 34 45.4                V~4ROF204
99942        KC2020 12 14.22423 11 25 54.61 -09 34 51.1                V~4ROF204
99942         C2020 12 15.43317 11 27 03.85 -09 53 06.9          18.7 GV~4ROF703
99942         C2020 12 15.43850 11 27 04.15 -09 53 12.0          19.9 GV~4ROF703
99942         C2020 12 15.57884011 27 11.942-09 55 14.67         19.45wU~4ROFF51
99942         C2020 12 15.60356411 27 13.046-09 55 37.65         19.36wU~4ROFF51
99942         C2020 12 15.61581511 27 13.583-09 55 49.02         19.34wU~4ROFF51
99942         C2020 12 16.41599811 27 58.67 -10 08 02.6          18.83GV~4ROF703
99942         C2020 12 16.42152911 27 58.94 -10 08 07.7          18.71GV~4ROF703
99942         C2020 12 16.42706211 27 59.23 -10 08 13.1          18.69GV~4ROF703
99942         C2020 12 16.43259611 27 59.46 -10 08 18.0          18.90GV~4ROF703
99942         C2020 12 17.44287 11 28 55.07 -10 23 38.8          19.1 GV~4ROFI41
99942         C2020 12 17.52045 11 28 58.51 -10 24 50.7          18.6 RV~4ROFI41
99942         S2020 12 18.97667 11 30 15.53 -10 46 20.2          19   RL~4ROFC51
99942         s2020 12 18.97667 1 - 5634.1734 - 2466.2657 - 3038.3924   ~4ROFC51
99942         S2020 12 19.10732 11 30 22.51 -10 48 20.0                L~4ROFC51
99942         s2020 12 19.10732 1 - 5654.1816 - 2501.9465 - 2971.1902   ~4ROFC51
99942         S2020 12 19.23810 11 30 29.50 -10 50 19.6                L~4ROFC51
99942         s2020 12 19.23810 1 - 5645.7831 - 2512.1036 - 2978.6411   ~4ROFC51
99942         S2020 12 19.23822 11 30 29.57 -10 50 19.2                L~4ROFC51
99942         s2020 12 19.23822 1 - 5617.3465 - 2486.4031 - 3053.2209   ~4ROFC51
99942         C2020 12 19.42746111 30 42.02 -10 53 43.0          18.76GV~4ROF703
99942         C2020 12 19.43306111 30 42.28 -10 53 48.2          18.96GV~4ROF703
99942         C2020 12 19.44425211 30 42.76 -10 53 59.2          18.90GV~4ROF703
99942         S2020 12 19.63042 11 30 50.27 -10 56 14.9                L~4ROFC51
99942         s2020 12 19.63042 1 - 5620.3829 - 2542.3521 - 3001.1135   ~4ROFC51
99942         S2020 12 19.63055111 30 50.335-10 56 13.34               L~6IFEC51
99942         s2020 12 19.6305511 - 5591.8742 - 2516.3535 - 3075.5254   ~6IFEC51
99942         S2020 12 19.69588 11 30 53.76 -10 57 14.5                L~4ROFC51
99942         s2020 12 19.69588 1 - 5601.9610 - 2534.3800 - 3042.1402   ~4ROFC51
99942         S2020 12 19.76120 11 30 57.22 -10 58 13.2                L~4ROFC51
99942         s2020 12 19.76120 1 - 5611.8612 - 2552.3720 - 3008.6092   ~4ROFC51
99942         S2020 12 19.82665 11 31 00.74 -10 59 12.5                L~4ROFC51
99942         s2020 12 19.82665 1 - 5593.4084 - 2544.3300 - 3049.6200   ~4ROFC51
99942         S2020 12 19.89198 11 31 04.17 -11 00 12.7                L~4ROFC51
99942         s2020 12 19.89198 1 - 5603.2848 - 2562.3354 - 3016.1773   ~4ROFC51
99942         C2020 12 19.95039 11 31 09.08 -11 01 38.6          19.3 wV~4ROFN56
99942         S2020 12 19.95743 11 31 07.60 -11 01 11.9                L~4ROFC51
99942         s2020 12 19.95743 1 - 5584.6771 - 2554.1084 - 3057.4996   ~4ROFC51
99942         C2020 12 19.97505 11 31 10.11 -11 02 01.7          18.7 wV~4ROFN56
99942         C2020 12 19.99978 11 31 11.08 -11 02 23.6          19.1 wV~4ROFN56
99942         S2020 12 20.34975611 31 28.111-11 07 07.07               L~6IFEC51
99942         s2020 12 20.3497561 - 5558.7268 - 2583.6263 - 3080.0702   ~6IFEC51
99942         C2020 12 21.41936 11 32 26.16 -11 23 47.8          18.3 RV~4ROFI41
99942         C2020 12 21.46423 11 32 28.05 -11 24 29.6          18.8 GV~4ROFI41
99942         C2020 12 21.59738111 32 34.679-11 26 24.41         18.52wU~4ROFF51
99942         C2020 12 21.61064611 32 35.188-11 26 36.60         18.55wU~4ROFF51
99942         C2020 12 21.61558711 32 35.35 -11 26 40.4          18.45cV~4ROFT08
99942         C2020 12 21.61744611 32 35.45 -11 26 42.5          18.51cV~4ROFT08
99942         C2020 12 21.62619811 32 35.78 -11 26 50.7          18.36cV~4ROFT08
99942         C2020 12 21.63705611 32 36.184-11 27 00.73         18.42wU~4ROFF51
99942         C2020 12 21.64883711 32 36.58 -11 27 11.0          18.40cV~4ROFT08
99942        KC2020 12 22.39879011 33 15.17 -11 38 36.9          19.0 Vu~4ROFH21
99942        HC2020 12 22.40495 11 33 16.14 -11 38 37.4          18.1 Ro~4ROF691
99942        HC2020 12 22.41309 11 33 16.48 -11 38 45.2          18.2 Ro~4ROF691
99942        HC2020 12 22.42123 11 33 16.86 -11 38 52.9          17.9 Ro~4ROF691
99942        KC2020 12 22.42736511 33 16.28 -11 39 02.7          18.6 Vu~4ROFH21
99942         C2020 12 22.43457111 33 17.32 -11 39 05.9          18.37GV~4ROF703
99942         C2020 12 22.44025311 33 17.51 -11 39 09.9          18.48GV~4ROF703
99942        KC2020 12 22.44166 11 33 17.12 -11 39 14.9          17.9 Rq~4ROF734
99942         C2020 12 22.44593911 33 17.77 -11 39 16.1          18.52GV~4ROF703
99942        KC2020 12 22.44985 11 33 17.43 -11 39 22.7          17.6 Rq~4ROF734
99942         C2020 12 22.45162411 33 18.03 -11 39 21.3          18.42GV~4ROF703
99942        KC2020 12 22.46611 11 33 18.06 -11 39 37.6          18.2 Rq~4ROF734
99942         C2020 12 22.46801811 33 18.64 -11 39 36.4          18.51GV~4ROFI52
99942         C2020 12 22.47299411 33 18.84 -11 39 40.8          18.32GV~4ROFI52
99942         C2020 12 22.47797111 33 19.03 -11 39 45.4          18.40GV~4ROFI52
99942         C2020 12 22.48294811 33 19.22 -11 39 49.9          18.44GV~4ROFI52
99942         C2020 12 22.50669511 33 20.13 -11 40 11.5          18.70GV~4ROFG96
99942         C2020 12 22.51185211 33 20.32 -11 40 16.1          18.65GV~4ROFG96
99942         C2020 12 22.51701011 33 20.52 -11 40 20.8          18.72GV~4ROFG96
99942         C2020 12 22.52217411 33 20.71 -11 40 25.4          18.75GV~4ROFG96
99942         C2020 12 22.59329111 33 25.018-11 41 23.45         19.28wU~4ROFF51
99942         C2020 12 22.60557111 33 25.476-11 41 34.74         19.28wU~4ROFF51
99942         C2020 12 22.61773311 33 25.925-11 41 45.90         19.31wU~4ROFF52
99942         C2020 12 22.61785211 33 25.928-11 41 45.97         19.39wU~4ROFF51
99942         C2020 12 22.62931611 33 26.350-11 41 56.48         19.48wU~4ROFF52
99942         C2020 12 22.64091911 33 26.772-11 42 07.03         19.51wU~4ROFF52
99942         C2020 12 22.65251411 33 27.193-11 42 17.50         19.49wU~4ROFF52
99942         C2020 12 23.57702711 34 13.82 -11 56 09.1          18.21cV~4ROFT05
99942         C2020 12 23.57932111 34 13.87 -11 56 10.9          18.49cV~4ROFT05
99942         C2020 12 23.58253011 34 14.04 -11 56 13.8          18.61cV~4ROFT05
99942         C2020 12 23.58757911 34 14.22 -11 56 19.2          18.51cV~4ROFT05
99942         C2020 12 24.00364611 34 35.145-12 01 59.63         18.6 GV~4ROFK91
99942         C2020 12 24.00465211 34 35.188-12 02 00.58         18.6 GV~4ROFK91
99942         C2020 12 24.00565911 34 35.228-12 02 01.51         18.7 GV~4ROFK91
99942         C2020 12 24.00666111 34 35.275-12 02 02.40         18.7 GV~4ROFK91
99942         C2020 12 24.00766611 34 35.313-12 02 03.39         18.6 GV~4ROFK91
99942         C2020 12 24.00866911 34 35.354-12 02 04.34         18.7 GV~4ROFK91
99942         C2020 12 24.62238911 35 03.57 -12 11 47.7          18.59cV~4ROFT08
99942         C2020 12 24.62564111 35 03.68 -12 11 50.6          18.66cV~4ROFT08
99942         C2020 12 24.63455511 35 03.99 -12 11 58.6          18.43cV~4ROFT08
99942         C2020 12 24.65585511 35 04.66 -12 12 17.7          18.44cV~4ROFT08
99942         C2020 12 25.60472111 35 49.83 -12 26 25.9          19.01cV~4ROFT08
99942         C2020 12 25.60656511 35 49.92 -12 26 28.5          19.00cV~4ROFT08
99942         C2020 12 25.60933111 35 50.01 -12 26 30.2          18.93cV~4ROGT08
99942         C2020 12 25.61447011 35 50.18 -12 26 34.5          19.06cV~4ROGT08
99942        KC2020 12 26.47476 11 36 28.80 -12 39 28.7          19.2 Rq~4WNeH47
99942        KC2020 12 26.49245 11 36 29.38 -12 39 44.1          18.5 Rq~4WNeH47
99942        KC2020 12 27.54341 11 37 15.69 -12 55 18.4          17.9 RV~4WNeH06
99942        KC2020 12 27.54671 11 37 15.80 -12 55 21.1          18.4 RV~4WNeH06
99942        KC2020 12 27.55001 11 37 15.89 -12 55 23.4          18.1 RV~4WNeH06
99942        KC2020 12 28.73357 11 38 07.78 -13 12 51.8          18.4 Vq~4WNeQ21
99942        KC2020 12 28.74407 11 38 08.10 -13 12 59.6          18.2 Vq~4WNeQ21
99942        KC2020 12 28.75457 11 38 08.38 -13 13 10.7          19.0 Vq~4WNeQ21
99942        KC2020 12 28.76507 11 38 08.72 -13 13 19.5          18.4 Vq~4WNeQ21
99942        KC2020 12 28.77557 11 38 08.92 -13 13 30.1          18.9 Vq~4WNeQ21
99942        KC2020 12 28.78606 11 38 09.40 -13 13 37.5          18.4 Vq~4WNeQ21
99942        KC2020 12 31.14053 11 39 41.87 -13 48 05.3                V~4WNe204
99942        KC2020 12 31.14980 11 39 42.11 -13 48 13.4                V~4WNe204
99942        KC2020 12 31.15909 11 39 42.35 -13 48 21.6          18.0 GV~4WNe204
99942        KC2021 01 02.47060 11 41 02.99 -14 21 34.5          18.2 GV~4WNe291
99942        KC2021 01 02.47665 11 41 03.10 -14 21 39.9          18.2 GV~4WNe291
99942        KC2021 01 02.48274 11 41 03.23 -14 21 45.2          18.1 GV~4WNe291
99942        KC2021 01 02.55142 11 41 04.28 -14 22 44.2          17.7 RV~4WNeH06
99942        KC2021 01 02.55367 11 41 04.34 -14 22 46.3          17.2 RV~4WNeH06
99942        KC2021 01 02.55591 11 41 04.39 -14 22 48.4          17.8 RV~4WNeH06
99942         C2021 01 06.56243311 42 55.11 -15 19 00.6          17.55oV~4WNeT08
99942         C2021 01 06.56520611 42 55.14 -15 19 03.1          17.60oV~4WNeT08
99942         C2021 01 06.56982611 42 55.17 -15 19 07.2          17.59oV~4WNeT08
99942         C2021 01 06.59017611 42 55.29 -15 19 24.2          17.68oV~4WNeT08
99942         C2021 01 07.64538711 43 15.84 -15 33 53.0          17.54oV~4WNeT05
99942         C2021 01 07.65925311 43 15.89 -15 34 04.2          17.59oV~4WNeT05
99942         C2021 01 07.66480011 43 15.90 -15 34 08.5          17.48oV~4WNeT05
99942         C2021 01 07.66852511 43 15.93 -15 34 11.6          17.50oV~4WNeT05
99942         C2021 01 09.39695911 43 45.73 -15 57 33.4          18.66gU~4WNeI41
99942         C2021 01 09.46060011 43 45.76 -15 58 25.9          17.88rU~4WNeI41
99942        KC2021 01 10.50940 11 43 56.55 -16 12 16.2          17.7 Ro~4WNe291
99942        KC2021 01 10.52035 11 43 56.51 -16 12 24.6          17.7 Ro~4WNe291
99942        KC2021 01 10.53131 11 43 56.44 -16 12 33.1          17.8 Ro~4WNe291
99942         C2021 01 10.63737011 43 57.61 -16 13 50.1          18.44cV~4WNeT08
99942         C2021 01 10.64017411 43 57.55 -16 13 52.0          18.30cV~4WNeT08
99942         C2021 01 10.66617011 43 57.42 -16 14 11.9          18.22cV~4WNeT08
99942         C2021 01 10.67022811 43 57.33 -16 14 15.4          18.10cV~4WNeT08
99942        KC2021 01 11.13600 11 44 02.27 -16 20 31.3                V~4WNe204
99942        KC2021 01 11.13978 11 44 02.25 -16 20 34.2                V~4WNe204
99942        KC2021 01 11.14354 11 44 02.23 -16 20 37.3          17.9 GV~4WNe204
99942         C2021 01 12.37919111 44 09.64 -16 36 20.5          17.89GV~4WNe703
99942         C2021 01 12.38469911 44 09.60 -16 36 24.3          17.62GV~4WNe703
99942         C2021 01 12.39021011 44 09.52 -16 36 27.6          17.75GV~4WNe703
99942         C2021 01 12.39571811 44 09.49 -16 36 32.3          17.50GV~4WNe703
99942        1C2021 01 13.08794011 44 10.305-16 45 16.53         17.7 GV~4WNeZ84
99942        1C2021 01 13.10632811 44 10.073-16 45 30.92         17.9 GV~4WNeZ84
99942        1C2021 01 13.12549111 44 09.820-16 45 45.74         18.0 GV~4WNeZ84
99942        1C2021 01 13.14467711 44 09.549-16 46 00.46         18.0 GV~4WNeZ84
99942        1C2021 01 13.16382911 44 09.265-16 46 14.97         18.0 GV~4WNeZ84
99942        1C2021 01 13.18298311 44 08.982-16 46 29.40         18.2 GV~4WNeZ84
99942        1C2021 01 13.20213911 44 08.696-16 46 43.56         18.3 GV~4WNeZ84
99942        1C2021 01 13.22129311 44 08.402-16 46 57.69         18.4 GV~4WNeZ84
99942        1C2021 01 13.24044511 44 08.130-16 47 11.71         18.4 GV~4WNeZ84
99942         C2021 01 13.52311911 44 09.99 -16 50 32.3          17.48cV~4WNeT08
99942         C2021 01 13.52726711 44 09.90 -16 50 35.6          17.44cV~4WNeT08
99942         C2021 01 13.53557411 44 09.77 -16 50 41.9          17.50cV~4WNeT08
99942         C2021 01 13.54571711 44 09.58 -16 50 49.5          17.45cV~4WNeT08
99942         C2021 01 15.55743911 43 57.24 -17 15 08.9          17.59cV~4WNeT05
99942         C2021 01 15.56018711 43 57.16 -17 15 10.8          17.57cV~4WNeT05
99942         C2021 01 15.56384311 43 57.06 -17 15 13.4          17.61cV~4WNeT05
99942         C2021 01 15.57174511 43 56.85 -17 15 19.2          17.58cV~4WNeT05
99942         C2021 01 16.37107711 43 48.24 -17 24 42.9          17.84GV~4WNe703
99942         C2021 01 16.37659911 43 48.12 -17 24 46.2          17.74GV~4WNe703
99942         C2021 01 16.38212011 43 47.94 -17 24 50.3          17.92GV~4WNe703
99942         C2021 01 16.38764211 43 47.79 -17 24 55.1          18.20GV~4WNe703
99942         S2021 01 16.75448011 43 41.97 -17 27 49.0                L~5OYDC53
99942         s2021 01 16.7544801 + 2860.1734 + 1148.9352 - 6471.1789   ~5OYDC53
99942         S2021 01 16.76143011 43 40.43 -17 27 57.0                L~5OYDC53
99942         s2021 01 16.7614301 -  449.0126 - 1708.9088 - 6941.8074   ~5OYDC53
99942         S2021 01 16.76837011 43 39.02 -17 28 22.1                L~5OYDC53
99942         s2021 01 16.7683701 - 3588.3021 - 3922.6185 - 4792.0433   ~5OYDC53
99942         S2021 01 16.77810011 43 38.60 -17 29 10.1                L~5OYDC53
99942         s2021 01 16.7781001 - 5521.9996 - 4439.8870 +  945.0044   ~5OYDC53
99942         S2021 01 16.89536011 43 39.41 -17 29 25.5                L~5OYDC53
99942         s2021 01 16.8953601 + 2248.8750 +  585.0091 - 6779.6894   ~5OYDC53
99942         S2021 01 16.90231011 43 37.86 -17 29 36.5                L~5OYDC53
99942         s2021 01 16.9023101 - 1124.3525 - 2236.5167 - 6710.2649   ~5OYDC53
99942         S2021 01 16.90925011 43 36.62 -17 30 02.6                L~5OYDC53
99942         s2021 01 16.9092501 - 4072.9000 - 4214.4489 - 4106.0118   ~5OYDC53
99942         S2021 01 16.91620011 43 36.41 -17 30 37.9                L~5OYDC53
99942         s2021 01 16.9162001 - 5477.3046 - 4595.0442 +   56.6157   ~5OYDC53
99942         S2021 01 16.92315011 43 36.72 -17 31 06.2                L~4ctyC53
99942         s2021 01 16.9231501 - 4797.1362 - 3227.0039 + 4196.9602   ~4ctyC53
99942         S2021 01 17.03343011 43 37.54 -17 30 59.6                L~5OYDC53
99942         s2021 01 17.0334301 + 2874.4174 + 1182.0836 - 6458.7012   ~5OYDC53
99942         S2021 01 17.04037011 43 35.95 -17 31 07.3                L~5OYDC53
99942         s2021 01 17.0403701 -  417.9044 - 1692.2141 - 6947.7998   ~5OYDC53
99942         S2021 01 17.04732011 43 34.41 -17 31 27.9                L~5OYDC53
99942         s2021 01 17.0473201 - 3552.1065 - 3928.6375 - 4814.2114   ~5OYDC53
99942        .C2021 01 17.52370 11 43 26.78 -17 37 48.8          17.2 RV~4WNeH06
99942        .C2021 01 17.52637 11 43 26.69 -17 37 50.4          17.6 RV~4WNeH06
99942        .C2021 01 17.52994 11 43 26.56 -17 37 52.6          17.5 RV~4WNeH06
99942         C2021 01 17.55345611 43 28.04 -17 38 01.5          18.27cV~4WNeT08
99942         C2021 01 17.55714411 43 27.91 -17 38 04.0          18.15cV~4WNeT08
99942         C2021 01 17.56350411 43 27.66 -17 38 08.3          18.34cV~4WNeT08
99942         C2021 01 17.56903211 43 27.44 -17 38 12.0          18.16cV~4WNeT08
99942         C2021 01 18.72639 11 43 02.30 -17 51 01.3          17.5 Vq~4YY2Q21
99942         C2021 01 18.73308 11 43 02.11 -17 51 04.5          17.4 Vq~4YY2Q21
99942         C2021 01 18.73728 11 43 01.91 -17 51 06.8          17.5 Vq~4YY2Q21
99942         C2021 01 18.76248 11 43 00.88 -17 51 23.4          17.7 Vq~4YY2Q21
99942         C2021 01 18.76772 11 43 00.71 -17 51 28.0          17.6 Vq~4YY2Q21
99942         C2021 01 18.77297 11 43 00.47 -17 51 29.1          18.1 Vq~4YY2Q21
99942        KC2021 01 19.08475 11 42 53.12 -17 54 51.1          17.9 GV~4YY2K83
99942        KC2021 01 19.08693 11 42 53.03 -17 54 53.0          17.9 GV~4YY2K83
99942        KC2021 01 19.08985 11 42 52.87 -17 54 55.5          17.7 GV~4YY2K83
99942        KC2021 01 19.10517 11 42 52.24 -17 55 04.5          17.4 GV~4YY2K83
99942        KC2021 01 19.10955 11 42 52.12 -17 55 07.7          16.8 GV~4YY2K83
99942         C2021 01 19.11390 11 42 52.14 -17 55 10.2          16.9 RU~4YY2511
99942         C2021 01 19.11601 11 42 52.05 -17 55 11.6          16.9 RU~4YY2511
99942         C2021 01 19.11813 11 42 51.95 -17 55 12.9          16.7 RU~4YY2511
99942         C2021 01 19.12498 11 42 51.69 -17 55 17.0          16.8 RU~4YY2511
99942         C2021 01 19.12709 11 42 51.61 -17 55 18.6          16.9 RU~4YY2511
99942         C2021 01 19.12921 11 42 51.52 -17 55 20.0          16.9 RU~4YY2511
99942         C2021 01 19.13132 11 42 51.43 -17 55 21.3          16.9 RU~4YY2511
99942         C2021 01 19.13344 11 42 51.35 -17 55 22.6          16.9 RU~4YY2511
99942         C2021 01 19.13578 11 42 51.25 -17 55 24.2          16.9 RU~4YY2511
99942         C2021 01 19.13789 11 42 51.16 -17 55 25.5          16.9 RU~4YY2511
99942         C2021 01 19.14001 11 42 51.08 -17 55 26.8          16.9 RU~4YY2511
99942         C2021 01 19.14212 11 42 50.99 -17 55 28.2          16.9 RU~4YY2511
99942         C2021 01 19.14424 11 42 50.91 -17 55 29.5          16.9 RU~4YY2511
99942         S2021 01 19.36233011 42 42.82 -17 57 39.2                L~4ctyC53
99942         s2021 01 19.3623301 - 5049.1227 - 4002.1516 + 3090.8420   ~4ctyC53
99942         S2021 01 19.36927011 42 43.93 -17 58 01.3                L~4ctyC53
99942         s2021 01 19.3692701 - 3101.8783 - 1593.8226 + 6234.3210   ~4ctyC53
99942         S2021 01 19.61363011 42 38.93 -17 59 01.7                L~5OYDC53
99942         s2021 01 19.6136301 + 3018.7339 + 1519.4515 - 6320.3309   ~5OYDC53
99942         S2021 01 19.62058011 42 37.12 -17 59 05.3                L~5OYDC53
99942         s2021 01 19.6205801 -  105.2601 - 1500.2072 - 7002.8383   ~5OYDC53
99942         S2021 01 19.62753011 42 35.53 -17 59 27.2                L~5OYDC53
99942         s2021 01 19.6275301 - 3188.9071 - 3954.2595 - 5041.3926   ~5OYDC53
99942         C2021 01 19.73605 11 42 34.81 -18 01 37.5          17.3 Vq~4YY2Q21
99942         C2021 01 19.73921 11 42 34.68 -18 01 39.6          17.5 Vq~4YY2Q21
99942         C2021 01 19.74341 11 42 34.44 -18 01 41.9          17.5 Vq~4YY2Q21
99942         C2021 01 19.74760 11 42 34.26 -18 01 44.4          17.7 Vq~4YY2Q21
99942         C2021 01 19.75181 11 42 34.07 -18 01 47.2          17.7 Vq~4YY2Q21
99942         C2021 01 19.75601 11 42 33.88 -18 01 50.4          17.1 Vq~4YY2Q21
99942        1C2021 01 20.06584111 42 25.704-18 04 58.74         17.6 GV~4ctyZ84
99942        1C2021 01 20.07809811 42 25.154-18 05 06.63         17.7 GV~4ctyZ84
99942        1C2021 01 20.24997 11 42 20.01 -18 06 01.6          17.3 GV~4YY2W88
99942        1C2021 01 20.27128 11 42 19.03 -18 06 15.7          17.1 GV~4YY2W88
99942        1C2021 01 20.29168 11 42 18.03 -18 06 28.5          17.1 GV~4YY2W88
99942         C2021 01 20.67869 11 42 05.49 -18 11 09.0          17.8 Vq~4YY2Q21
99942         C2021 01 20.68394 11 42 05.22 -18 11 12.4          17.6 Vq~4YY2Q21
99942         C2021 01 20.68919 11 42 04.97 -18 11 16.4          17.8 Vq~4YY2Q21
99942         C2021 01 20.69443 11 42 04.69 -18 11 19.5          17.6 Vq~4YY2Q21
99942         C2021 01 20.69969 11 42 04.48 -18 11 21.9          17.5 Vq~4YY2Q21
99942         C2021 01 20.70493 11 42 04.21 -18 11 25.4          17.7 Vq~4YY2Q21
99942         C2021 01 20.71019 11 42 03.99 -18 11 29.7          17.8 Vq~4YY2Q21
99942         C2021 01 20.71543 11 42 03.61 -18 11 32.8          17.9 Vq~4YY2Q21
99942         C2021 01 20.72068 11 42 03.43 -18 11 35.6          17.8 Vq~4YY2Q21
99942         C2021 01 20.72593 11 42 03.16 -18 11 38.5          17.9 Vq~4YY2Q21
99942         C2021 01 20.73118 11 42 02.88 -18 11 41.3          17.5 Vq~4YY2Q21
99942         C2021 01 20.73642 11 42 02.58 -18 11 44.8          17.8 Vq~4YY2Q21
99942         C2021 01 20.74168 11 42 02.34 -18 11 47.7          17.9 Vq~4YY2Q21
99942         C2021 01 20.74692 11 42 02.12 -18 11 51.8          17.5 Vq~4YY2Q21
99942         C2021 01 20.75218 11 42 01.79 -18 11 54.3          17.6 Vq~4YY2Q21
99942         C2021 01 20.75742 11 42 01.54 -18 11 57.4          18.2 Vq~4YY2Q21
99942         C2021 01 20.76267 11 42 01.20 -18 12 00.0          17.6 Vq~4YY2Q21
99942         C2021 01 20.76792 11 42 01.02 -18 12 04.2          17.7 Vq~4YY2Q21
99942         C2021 01 20.77317 11 42 00.75 -18 12 06.7          17.3 Vq~4YY2Q21
99942         C2021 01 20.77841 11 42 00.44 -18 12 09.8          18.1 Vq~4YY2Q21
99942         C2021 01 20.78367 11 42 00.19 -18 12 14.0          17.6 Vq~4YY2Q21
99942         C2021 01 20.78891 11 41 59.93 -18 12 16.3          17.8 Vq~4YY2Q21
99942         C2021 01 20.79417 11 41 59.73 -18 12 18.7          17.8 Vq~4YY2Q21
99942         C2021 01 20.79941 11 41 59.37 -18 12 22.9          18.0 Vq~4YY2Q21
99942         C2021 01 20.80466 11 41 59.11 -18 12 26.1          17.8 Vq~4YY2Q21
99942         C2021 01 21.31629 11 41 40.43 -18 16 46.4          17.5 Rq~4YY2Y00
99942         C2021 01 21.31763 11 41 40.34 -18 16 47.2          17.5 Rq~4YY2Y00
99942         C2021 01 21.32123 11 41 40.16 -18 16 49.2          17.9 Rq~4YY2Y00
99942         C2021 01 21.32393 11 41 40.04 -18 16 51.0          17.7 Rq~4YY2Y00
99942         C2021 01 21.32601 11 41 39.89 -18 16 51.8          17.3 Rq~4YY2Y00
99942         C2021 01 21.32749 11 41 39.82 -18 16 52.8          17.6 Rq~4YY2Y00
99942         C2021 01 21.64542811 41 27.30 -18 20 25.0          17.15cV~4YY2T08
99942         C2021 01 21.65657211 41 26.66 -18 20 30.9          17.15cV~4YY2T08
99942         C2021 01 21.66720411 41 26.06 -18 20 36.6          17.15cV~4YY2T08
99942         C2021 01 21.67273811 41 25.74 -18 20 39.4          17.02cV~4YY2T08
99942        KC2021 01 22.00981811 41 14.81 -18 24 04.9          17.1 GV~4YY2L54
99942        KC2021 01 22.03540111 41 13.40 -18 24 19.6          17.4 GV~4YY2L54
99942        KC2021 01 22.06180011 41 11.94 -18 24 35.2          17.3 GV~4YY2L54
99942         C2021 01 25.73220 11 38 00.54 -18 55 28.0          17.1 Vq~4ctyQ21
99942         C2021 01 25.73429 11 38 00.36 -18 55 28.9          17.1 Vq~4ctyQ21
99942         C2021 01 25.73850 11 38 00.05 -18 55 30.9          16.9 Vq~4ctyQ21
99942         C2021 01 26.82682 11 36 48.99 -19 03 17.4          17.0 R ~4ctyN42
99942         C2021 01 26.82841 11 36 48.87 -19 03 18.2          16.8 R ~4ctyN42
99942         C2021 01 26.83000 11 36 48.73 -19 03 18.7          16.9 R ~4ctyN42
99942         C2021 01 26.83159 11 36 48.61 -19 03 19.5          16.9 R ~4ctyN42
99942         C2021 01 26.83318 11 36 48.46 -19 03 20.3          17.0 R ~4ctyN42
99942         C2021 01 26.83477 11 36 48.32 -19 03 21.0          16.9 R ~4ctyN42
99942         C2021 01 26.83636 11 36 48.17 -19 03 21.5          16.5 R ~4ctyN42
99942         C2021 01 26.83795 11 36 48.05 -19 03 22.4          17.0 R ~4ctyN42
99942         C2021 01 26.83954 11 36 47.94 -19 03 23.2          16.9 R ~4ctyN42
99942         C2021 01 26.84272 11 36 47.66 -19 03 24.6          16.8 R ~4ctyN42
99942         C2021 01 26.84430 11 36 47.51 -19 03 25.0          16.3 R ~4ctyN42
99942         C2021 01 26.84590 11 36 47.40 -19 03 25.9          16.9 R ~4ctyN42
99942         C2021 01 26.84907 11 36 47.12 -19 03 27.3          16.9 R ~4ctyN42
99942         C2021 01 26.85066 11 36 46.99 -19 03 28.0          16.9 R ~4ctyN42
99942         C2021 01 26.85225 11 36 46.87 -19 03 28.7          16.9 R ~4ctyN42
99942         C2021 01 26.85384 11 36 46.72 -19 03 29.4          16.9 R ~4ctyN42
99942         C2021 01 26.85543 11 36 46.55 -19 03 29.8          16.5 R ~4ctyN42
99942         C2021 01 26.85701 11 36 46.46 -19 03 30.8          16.9 R ~4ctyN42
99942         C2021 01 26.85860 11 36 46.31 -19 03 31.3          16.4 R ~4ctyN42
99942         C2021 01 26.86019 11 36 46.19 -19 03 32.2          16.9 R ~4ctyN42
99942         C2021 01 26.91740 11 36 41.25 -19 03 56.3          17.0 R ~4ctyN42
99942         C2021 01 26.91899 11 36 41.11 -19 03 56.7          16.6 R ~4ctyN42
99942         C2021 01 26.92058 11 36 40.99 -19 03 57.3          16.8 R ~4ctyN42
99942         C2021 01 26.92217 11 36 40.84 -19 03 57.9          16.5 R ~4ctyN42
99942         C2021 01 26.92534 11 36 40.58 -19 03 59.2          16.6 R ~4ctyN42
99942         C2021 01 26.92693 11 36 40.43 -19 03 59.9          16.7 R ~4ctyN42
99942         C2021 01 26.92852 11 36 40.29 -19 04 00.5          16.4 R ~4ctyN42
99942         C2021 01 26.93011 11 36 40.14 -19 04 01.1          16.6 R ~4ctyN42
99942         C2021 01 26.93170 11 36 40.01 -19 04 01.8          16.6 R ~4ctyN42
99942         C2021 01 26.93329 11 36 39.87 -19 04 02.5          16.6 R ~4ctyN42
99942        KC2021 01 27.00900 11 36 36.15 -19 04 31.3          17.1 GV~4ctyG17
99942        KC2021 01 27.01271 11 36 35.83 -19 04 33.7          16.7 GV~4ctyG17
99942        KC2021 01 27.01642 11 36 35.50 -19 04 35.2          17.2 GV~4ctyG17
99942         C2021 01 28.83140 11 34 15.66 -19 15 38.9          16.5 rV~5KO2217
99942         C2021 01 28.83218 11 34 15.58 -19 15 39.2          16.6 rV~5KO2217
99942         C2021 01 28.83296 11 34 15.50 -19 15 39.4          16.4 rV~5KO2217
99942         C2021 01 28.83374 11 34 15.43 -19 15 39.8          16.6 rV~5KO2217
99942         C2021 01 28.83451 11 34 15.36 -19 15 39.9          16.5 rV~5KO2217
99942         C2021 01 28.83529 11 34 15.28 -19 15 40.2          16.5 rV~5KO2217
99942         C2021 01 28.83606 11 34 15.20 -19 15 40.6          16.6 rV~5KO2217
99942         C2021 01 28.83684 11 34 15.12 -19 15 40.8          16.5 rV~5KO2217
99942         C2021 01 28.83756 11 34 15.06 -19 15 41.1          16.6 rV~5KO2217
99942         C2021 01 28.83828 11 34 14.99 -19 15 41.3          16.6 rV~5KO2217
99942         C2021 01 28.83899 11 34 14.92 -19 15 41.7          16.5 rV~5KO2217
99942         C2021 01 28.83971 11 34 14.86 -19 15 41.9          16.6 rV~4cty217
99942         C2021 01 28.84044 11 34 14.75 -19 15 42.1          16.6 rV~5KO2217
99942         C2021 01 28.84116 11 34 14.69 -19 15 42.4          16.5 rV~5KO2217
99942         C2021 01 28.84463 11 34 14.36 -19 15 43.6          16.5 rV~5KO2217
99942         C2021 01 28.84541 11 34 14.28 -19 15 43.9          16.6 rV~5KO2217
99942         C2021 01 28.84618 11 34 14.21 -19 15 44.2          16.5 rV~5KO2217
99942         C2021 01 28.84696 11 34 14.13 -19 15 44.5          16.5 rV~5KO2217
99942         C2021 01 28.84774 11 34 14.05 -19 15 44.7          16.6 rV~5KO2217
99942         C2021 01 28.84852 11 34 13.98 -19 15 45.0          16.6 rV~5KO2217
99942         C2021 01 28.84929 11 34 13.90 -19 15 45.3          16.6 rV~5KO2217
99942         C2021 01 28.85007 11 34 13.82 -19 15 45.5          16.5 rV~5KO2217
99942         C2021 01 28.85084 11 34 13.75 -19 15 45.9          16.5 rV~5KO2217
99942         C2021 01 28.85162 11 34 13.67 -19 15 46.2          16.6 rV~5KO2217
99942         C2021 01 28.85240 11 34 13.59 -19 15 46.5          16.5 rV~5KO2217
99942         C2021 01 28.85317 11 34 13.53 -19 15 46.8          16.7 rV~4cty217
99942         C2021 01 28.85395 11 34 13.44 -19 15 47.0          16.6 rV~5KO2217
99942         C2021 01 28.85473 11 34 13.36 -19 15 47.3          16.5 rV~5KO2217
99942         C2021 01 28.85551 11 34 13.29 -19 15 47.5          16.6 rV~4cty217
99942         C2021 01 28.85628 11 34 13.20 -19 15 47.8          16.5 rV~5KO2217
99942         C2021 01 28.85706 11 34 13.13 -19 15 48.2          16.6 rV~5KO2217
99942         C2021 01 28.85784 11 34 13.05 -19 15 48.4          16.6 rV~5KO2217
99942         C2021 01 28.85861 11 34 12.98 -19 15 48.6          16.6 rV~5KO2217
99942         C2021 01 28.85939 11 34 12.90 -19 15 48.9          16.6 rV~5KO2217
99942         C2021 01 28.86016 11 34 12.83 -19 15 49.2          16.6 rV~4cty217
99942         C2021 01 28.86094 11 34 12.73 -19 15 49.5          16.6 rV~5KO2217
99942         C2021 01 28.86172 11 34 12.67 -19 15 49.7          16.6 rV~5KO2217
99942         C2021 01 28.86250 11 34 12.60 -19 15 50.0          16.6 rV~4cty217
99942         C2021 01 28.86328 11 34 12.51 -19 15 50.4          16.7 rV~5KO2217
99942         C2021 01 28.86405 11 34 12.43 -19 15 50.6          16.5 rV~5KO2217
99942         C2021 01 28.86640 11 34 12.21 -19 15 51.4          16.6 rV~4cty217
99942         C2021 01 28.86718 11 34 12.13 -19 15 51.6          16.7 rV~5KO2217
99942         C2021 01 28.86795 11 34 12.05 -19 15 51.9          16.6 rV~5KO2217
99942         C2021 01 28.86873 11 34 11.97 -19 15 52.3          16.6 rV~5KO2217
99942         C2021 01 28.86950 11 34 11.89 -19 15 52.6          16.5 rV~5KO2217
99942         C2021 01 28.87028 11 34 11.82 -19 15 52.7          16.6 rV~5KO2217
99942         C2021 01 28.87105 11 34 11.74 -19 15 53.1          16.6 rV~5KO2217
99942         C2021 01 28.87183 11 34 11.67 -19 15 53.2          16.6 rV~4cty217
99942         C2021 01 28.87260 11 34 11.58 -19 15 53.6          16.7 rV~5KO2217
99942         C2021 01 28.87338 11 34 11.51 -19 15 53.8          16.6 rV~5KO2217
99942         C2021 01 28.87416 11 34 11.43 -19 15 54.1          16.7 rV~5KO2217
99942         C2021 01 28.87493 11 34 11.36 -19 15 54.4          16.6 rV~4cty217
99942         C2021 01 28.87571 11 34 11.28 -19 15 54.6          16.6 rV~5KO2217
99942         C2021 01 28.87648 11 34 11.20 -19 15 54.9          16.7 rV~5KO2217
99942         C2021 01 28.87726 11 34 11.13 -19 15 55.1          16.7 rV~4cty217
99942         C2021 01 28.87803 11 34 11.05 -19 15 55.4          16.6 rV~4cty217
99942         C2021 01 28.87881 11 34 10.97 -19 15 55.7          16.6 rV~5KO2217
99942         C2021 01 28.87958 11 34 10.90 -19 15 55.9          16.6 rV~4cty217
99942         C2021 01 28.88036 11 34 10.81 -19 15 56.2          16.7 rV~5KO2217
99942         C2021 01 28.88113 11 34 10.74 -19 15 56.5          16.6 rV~4cty217
99942         C2021 01 28.88192 11 34 10.66 -19 15 56.8          16.6 rV~4cty217
99942         C2021 01 28.88270 11 34 10.58 -19 15 57.1          16.7 rV~5KO2217
99942         C2021 01 28.88347 11 34 10.50 -19 15 57.3          16.6 rV~5KO2217
99942         C2021 01 28.88425 11 34 10.42 -19 15 57.6          16.6 rV~5KO2217
99942         C2021 01 28.88502 11 34 10.36 -19 15 57.8          16.7 rV~4cty217
99942         C2021 01 28.88580 11 34 10.27 -19 15 58.1          16.6 rV~5KO2217
99942         C2021 01 28.88657 11 34 10.19 -19 15 58.4          16.7 rV~5KO2217
99942         C2021 01 28.88735 11 34 10.11 -19 15 58.6          16.7 rV~5KO2217
99942         C2021 01 28.88812 11 34 10.04 -19 15 59.0          16.8 rV~4cty217
99942         C2021 01 28.88890 11 34 09.96 -19 15 59.1          16.7 rV~5KO2217
99942         C2021 01 28.88968 11 34 09.88 -19 15 59.4          16.7 rV~5KO2217
99942         C2021 01 28.89045 11 34 09.80 -19 15 59.7          16.8 rV~5KO2217
99942         C2021 01 28.89123 11 34 09.73 -19 16 00.0          16.7 rV~4cty217
99942         C2021 01 28.89200 11 34 09.66 -19 16 00.2          16.7 rV~4cty217
99942         C2021 01 28.89576 11 34 09.28 -19 16 01.5          16.8 rV~4cty217
99942         C2021 01 28.89655 11 34 09.19 -19 16 01.7          16.7 rV~5KO2217
99942         C2021 01 28.89733 11 34 09.11 -19 16 02.0          16.7 rV~5KO2217
99942         C2021 01 28.89810 11 34 09.03 -19 16 02.3          16.8 rV~5KO2217
99942         C2021 01 28.89888 11 34 08.96 -19 16 02.5          16.7 rV~5KO2217
99942         C2021 01 28.89965 11 34 08.89 -19 16 02.8          16.8 rV~4cty217
99942         C2021 01 28.90043 11 34 08.80 -19 16 03.0          16.7 rV~5KO2217
99942         C2021 01 28.90120 11 34 08.72 -19 16 03.2          16.7 rV~5KO2217
99942         C2021 01 28.90198 11 34 08.64 -19 16 03.5          16.8 rV~5KO2217
99942         C2021 01 28.90277 11 34 08.57 -19 16 03.8          16.7 rV~5KO2217
99942         C2021 01 28.90354 11 34 08.50 -19 16 04.0          16.8 rV~4cty217
99942         C2021 01 28.90432 11 34 08.41 -19 16 04.2          16.7 rV~5KO2217
99942         C2021 01 28.90509 11 34 08.34 -19 16 04.5          16.7 rV~4cty217
99942         C2021 01 28.90587 11 34 08.26 -19 16 04.8          16.8 rV~4cty217
99942         C2021 01 28.90664 11 34 08.18 -19 16 05.1          16.8 rV~5KO2217
99942         C2021 01 28.90742 11 34 08.11 -19 16 05.3          16.8 rV~4cty217
99942         C2021 01 28.90819 11 34 08.03 -19 16 05.6          16.7 rV~4cty217
99942         C2021 01 28.90898 11 34 07.95 -19 16 05.8          16.8 rV~4cty217
99942         C2021 01 28.90976 11 34 07.86 -19 16 06.1          16.8 rV~5KO2217
99942         C2021 01 28.91053 11 34 07.79 -19 16 06.3          16.8 rV~5KO2217
99942         C2021 01 28.91131 11 34 07.72 -19 16 06.5          16.8 rV~4cty217
99942         C2021 01 28.91208 11 34 07.63 -19 16 06.8          16.8 rV~5KO2217
99942         C2021 01 28.91286 11 34 07.56 -19 16 07.1          16.7 rV~4cty217
99942         C2021 01 28.91363 11 34 07.48 -19 16 07.3          16.8 rV~4cty217
99942         C2021 01 28.91441 11 34 07.40 -19 16 07.6          16.8 rV~5KO2217
99942         C2021 01 28.91519 11 34 07.32 -19 16 07.9          16.8 rV~5KO2217
99942         C2021 01 28.91596 11 34 07.25 -19 16 08.1          16.8 rV~4cty217
99942         C2021 01 28.91675 11 34 07.17 -19 16 08.4          16.7 rV~4cty217
99942         C2021 01 28.91752 11 34 07.08 -19 16 08.6          16.8 rV~5KO2217
99942         C2021 01 28.91830 11 34 07.01 -19 16 08.9          16.7 rV~4cty217
99942         C2021 01 28.91907 11 34 06.94 -19 16 09.1          16.8 rV~4cty217
99942         C2021 01 28.91985 11 34 06.86 -19 16 09.4          16.8 rV~4cty217
99942         C2021 01 28.92063 11 34 06.78 -19 16 09.6          16.8 rV~4cty217
99942         C2021 01 28.92140 11 34 06.70 -19 16 09.9          16.8 rV~4cty217
99942         C2021 01 28.92218 11 34 06.62 -19 16 10.1          16.8 rV~5KO2217
99942         C2021 01 28.92295 11 34 06.54 -19 16 10.4          16.9 rV~5KO2217
99942         C2021 01 28.92374 11 34 06.46 -19 16 10.6          16.8 rV~5KO2217
99942         C2021 01 28.92451 11 34 06.39 -19 16 10.8          16.8 rV~4cty217
99942         C2021 01 28.92529 11 34 06.30 -19 16 11.1          16.8 rV~5KO2217
99942         C2021 01 28.92606 11 34 06.23 -19 16 11.3          16.8 rV~5KO2217
99942         C2021 01 28.92684 11 34 06.15 -19 16 11.6          16.8 rV~5KO2217
99942         C2021 01 28.92762 11 34 06.07 -19 16 11.9          16.8 rV~5KO2217
99942         C2021 01 28.92839 11 34 06.00 -19 16 12.1          16.8 rV~4cty217
99942         C2021 01 28.92917 11 34 05.92 -19 16 12.3          16.9 rV~4cty217
99942         C2021 01 28.92994 11 34 05.84 -19 16 12.6          16.8 rV~5KO2217
99942         C2021 01 28.93073 11 34 05.76 -19 16 12.8          16.8 rV~5KO2217
99942         C2021 01 28.93150 11 34 05.69 -19 16 13.1          16.8 rV~4cty217
99942         C2021 01 28.93228 11 34 05.61 -19 16 13.3          16.9 rV~4cty217
99942        1C2021 01 29.17845211 33 44.194-19 17 29.28         17.1 GV~4ctyZ84
99942        1C2021 01 29.24665411 33 37.251-19 17 47.67         16.7 GV~4ctyZ84
99942         C2021 01 29.50926711 33 17.34 -19 19 00.2          16.62oV~4ctyT08
99942         C2021 01 29.51111311 33 17.14 -19 19 00.9          16.45oV~4ctyT08
99942         C2021 01 29.51434011 33 16.75 -19 19 02.1          16.54oV~4ctyT08
99942         C2021 01 29.51940711 33 16.20 -19 19 03.6          16.61oV~4ctyT08
99942         C2021 01 30.46678911 31 50.69 -19 23 25.7          16.61oV~4ctyT08
99942         C2021 01 30.46863111 31 50.47 -19 23 26.1          16.63oV~4ctyT08
99942         C2021 01 30.47231211 31 50.06 -19 23 27.3          16.65oV~4ctyT08
99942         C2021 01 30.47738211 31 49.48 -19 23 28.8          16.57oV~4ctyT08
99942        KC2021 02 02.12920 11 27 09.36 -19 32 10.5                V~4cty204
99942        KC2021 02 02.13302 11 27 08.86 -19 32 10.8                V~4cty204
99942        KC2021 02 02.13684 11 27 08.34 -19 32 11.5          16.4 GV~4cty204
99942         C2021 02 02.51422511 26 25.86 -19 32 37.8          16.69oV~4ctyT08
99942         C2021 02 02.51699011 26 25.45 -19 32 38.5          16.71oV~4ctyT08
99942         C2021 02 02.51745111 26 25.40 -19 32 38.2          16.70oV~4ctyT08
99942         C2021 02 02.52297911 26 24.61 -19 32 38.9          16.72oV~4ctyT08
99942         C2021 02 02.52574211 26 24.24 -19 32 39.4          16.61oV~4ctyT08
99942         C2021 02 02.52804311 26 23.90 -19 32 39.2          16.63oV~4ctyT08
99942        1C2021 02 02.62841 11 26 13.05 -19 32 01.8                V~4ctyQ62
99942        1C2021 02 02.63012 11 26 12.82 -19 32 02.1                V~4ctyQ62
99942        1C2021 02 02.63183 11 26 12.59 -19 32 02.1          16.8 GV~4ctyQ62
99942        KC2021 02 02.95343611 25 34.70 -19 33 23.3          16.5 GV~4ctyL34
99942        KC2021 02 03.00037511 25 28.23 -19 33 29.9          16.3 GV~4ctyL34
99942        KC2021 02 03.03750311 25 22.99 -19 33 33.0          16.4 GV~4ctyL34
99942         C2021 02 04.67142 11 21 52.64 -19 33 59.9          14.9 Vq~4ctyQ21
99942         C2021 02 04.67455 11 21 52.11 -19 34 00.4          14.9 Vq~4ctyQ21
99942         C2021 02 04.67772 11 21 51.60 -19 34 00.7          14.8 Vq~4ctyQ21
99942         C2021 02 04.68087 11 21 51.18 -19 33 59.0          16.1 Vq~4ctyQ21
99942        1C2021 02 04.91812 11 21 17.95 -19 33 52.3          16.3 GV~4cty186
99942        1C2021 02 04.92457 11 21 16.92 -19 33 51.9          16.4 GV~4cty186
99942        1C2021 02 04.92816 11 21 16.38 -19 33 51.2          16.3 GV~4cty186
99942        1C2021 02 04.93138 11 21 15.86 -19 33 51.5          16.5 GV~4cty186
99942        KC2021 02 05.02366911 21 03.66 -19 33 49.3          16.4 GV~4ctyL54
99942        KC2021 02 05.04097111 21 00.95 -19 33 48.4          16.4 GV~4ctyL54
99942        KC2021 02 05.05868411 20 58.18 -19 33 47.3          16.4 GV~4ctyL54
99942        KC2021 02 05.40491 11 20 10.03 -19 33 15.1          16.0 Ro~4cty691
99942        KC2021 02 05.48499 11 19 56.95 -19 33 06.1          16.1 Ro~4cty691
99942        KC2021 02 05.54197 11 19 47.85 -19 32 57.1          16.2 Ro~4cty691
99942        1C2021 02 05.89726 11 19 00.63 -19 32 30.2          16.7 GV~4ctyC40
99942        1C2021 02 05.90476 11 18 59.41 -19 32 29.5          16.6 GV~4ctyC40
99942        1C2021 02 05.91010 11 18 58.50 -19 32 28.7          16.6 GV~4ctyC40
99942        5C2021 02 06.38284 11 17 47.44 -19 31 18.4          16.7 Ro~4cty290
99942        5C2021 02 06.38352 11 17 47.32 -19 31 18.6          16.7 Ro~4cty290
99942        5C2021 02 06.38419 11 17 47.22 -19 31 18.4          16.7 Ro~4cty290
99942        5C2021 02 06.40575 11 17 43.49 -19 31 15.4          16.6 Ro~4cty290
99942        5C2021 02 06.40642 11 17 43.37 -19 31 15.1          16.6 Ro~4cty290
99942        5C2021 02 06.40711 11 17 43.27 -19 31 15.2          16.6 Ro~4cty290
99942        5C2021 02 06.40778 11 17 43.15 -19 31 15.0          16.6 Ro~4cty290
99942        5C2021 02 06.40845 11 17 43.03 -19 31 14.6          16.6 Ro~4cty290
99942        5C2021 02 06.40912 11 17 42.91 -19 31 14.7          16.6 Ro~4cty290
99942         C2021 02 06.49428011 17 31.02 -19 30 51.3          16.48cV~4ctyT08
99942         C2021 02 06.49750611 17 30.46 -19 30 50.7          16.49cV~4ctyT08
99942         C2021 02 06.50073111 17 29.89 -19 30 50.3          16.46cV~4ctyT08
99942         C2021 02 06.51149611 17 28.00 -19 30 48.7          16.51cV~4ctyT08
99942         C2021 02 06.91797 11 16 28.18 -19 28 49.2          16.7 GV~4cty221
99942         C2021 02 06.91919 11 16 27.98 -19 28 49.1          16.7 GV~4cty221
99942         C2021 02 06.92041 11 16 27.76 -19 28 48.9          16.7 GV~4cty221
99942         C2021 02 06.92161 11 16 27.55 -19 28 48.8          16.7 GV~4cty221
99942         C2021 02 06.92282 11 16 27.34 -19 28 48.7          16.8 GV~4cty221
99942         C2021 02 06.92404 11 16 27.13 -19 28 48.5          16.8 GV~4cty221
99942         C2021 02 06.92907 11 16 26.27 -19 28 48.0          16.7 GV~4cty221
99942         C2021 02 06.93029 11 16 26.05 -19 28 47.8          16.8 GV~4cty221
99942         C2021 02 06.93162 11 16 25.81 -19 28 47.6          16.8 GV~4cty221
99942         C2021 02 06.93285 11 16 25.61 -19 28 47.4          16.8 GV~4cty221
99942         C2021 02 06.93406 11 16 25.40 -19 28 47.2          16.8 GV~4cty221
99942         C2021 02 06.93528 11 16 25.18 -19 28 47.1          16.8 GV~4cty221
99942         C2021 02 06.93649 11 16 24.97 -19 28 47.0          16.7 GV~4cty221
99942         C2021 02 06.93772 11 16 24.76 -19 28 46.9          16.7 GV~4cty221
99942         C2021 02 06.93894 11 16 24.55 -19 28 46.6          16.8 GV~4cty221
99942         C2021 02 06.94016 11 16 24.32 -19 28 46.4          16.8 GV~4cty221
99942         C2021 02 06.94139 11 16 24.13 -19 28 46.4          16.7 GV~4cty221
99942         C2021 02 06.94267 11 16 23.90 -19 28 46.2          16.8 GV~4cty221
99942         C2021 02 06.94389 11 16 23.68 -19 28 45.9          16.7 GV~4cty221
99942         C2021 02 06.94510 11 16 23.47 -19 28 45.9          16.7 GV~4cty221
99942         C2021 02 06.94640 11 16 23.25 -19 28 45.7          16.7 GV~4cty221
99942         C2021 02 06.94760 11 16 23.04 -19 28 45.6          16.8 GV~4cty221
99942         C2021 02 06.94888 11 16 22.81 -19 28 45.3          16.7 GV~4cty221
99942         C2021 02 06.95008 11 16 22.59 -19 28 45.2          16.8 GV~4cty221
99942         C2021 02 06.95130 11 16 22.38 -19 28 45.1          16.8 GV~4cty221
99942         C2021 02 06.95251 11 16 22.17 -19 28 44.8          16.7 GV~4cty221
99942         C2021 02 06.95373 11 16 21.96 -19 28 44.6          16.7 GV~4cty221
99942         C2021 02 06.95493 11 16 21.75 -19 28 44.7          16.6 GV~4cty221
99942         C2021 02 06.95615 11 16 21.52 -19 28 44.4          16.7 GV~4cty221
99942         C2021 02 06.95736 11 16 21.32 -19 28 44.4          16.8 GV~4cty221
99942         C2021 02 06.95858 11 16 21.11 -19 28 44.1          16.7 GV~4cty221
99942         C2021 02 06.95980 11 16 20.89 -19 28 43.8          16.7 GV~4cty221
99942         C2021 02 06.96101 11 16 20.67 -19 28 43.7          16.7 GV~4cty221
99942         C2021 02 06.96220 11 16 20.47 -19 28 43.5          16.7 GV~4cty221
99942         C2021 02 06.96341 11 16 20.24 -19 28 43.3          16.7 GV~4cty221
99942         C2021 02 06.96458 11 16 20.05 -19 28 43.3          16.7 GV~4cty221
99942         C2021 02 06.96574 11 16 19.83 -19 28 43.0          16.7 GV~4cty221
99942         C2021 02 06.96694 11 16 19.63 -19 28 42.7          16.8 GV~4cty221
99942         C2021 02 06.96810 11 16 19.42 -19 28 42.7          16.7 GV~4cty221
99942         C2021 02 06.96935 11 16 19.19 -19 28 42.4          16.6 GV~4cty221
99942         C2021 02 06.97056 11 16 18.99 -19 28 42.3          16.7 GV~4cty221
99942         C2021 02 06.97171 11 16 18.79 -19 28 42.2          16.7 GV~4cty221
99942         C2021 02 06.97287 11 16 18.58 -19 28 41.9          16.6 GV~4cty221
99942         C2021 02 06.97407 11 16 18.35 -19 28 41.8          16.6 GV~4cty221
99942         C2021 02 06.97524 11 16 18.17 -19 28 41.6          16.7 GV~4cty221
99942         C2021 02 06.97640 11 16 17.96 -19 28 41.4          16.7 GV~4cty221
99942         C2021 02 06.97759 11 16 17.74 -19 28 41.2          16.7 GV~4cty221
99942         C2021 02 06.98581 11 16 16.27 -19 28 39.7          16.7 GV~4ctz221
99942         C2021 02 06.98697 11 16 16.07 -19 28 39.6          16.6 GV~4ctz221
99942         C2021 02 06.98813 11 16 15.86 -19 28 39.6          16.7 GV~4ctz221
99942         C2021 02 06.98928 11 16 15.66 -19 28 39.4          16.7 GV~4ctz221
99942         C2021 02 07.34989411 15 18.71 -19 28 12.8          15.96GV~4ctz703
99942         C2021 02 07.35525611 15 17.75 -19 28 11.4          16.11GV~4ctz703
99942         C2021 02 07.36061611 15 16.82 -19 28 10.0          16.10GV~4ctz703
99942         C2021 02 07.36597911 15 15.81 -19 28 09.2          16.06GV~4ctz703
99942        5C2021 02 07.43483 11 15 03.26 -19 27 53.1          15.9 Ro~4ctz290
99942        5C2021 02 07.43550 11 15 03.15 -19 27 52.9          16.0 Ro~4ctz290
99942        5C2021 02 07.43618 11 15 03.02 -19 27 52.8          15.9 Ro~4ctz290
99942        5C2021 02 07.43685 11 15 02.90 -19 27 52.6          15.9 Ro~4ctz290
99942        5C2021 02 07.43752 11 15 02.78 -19 27 52.4          15.9 Ro~4ctz290
99942        5C2021 02 07.43819 11 15 02.67 -19 27 52.3          15.9 Ro~4ctz290
99942        5C2021 02 07.45126 11 15 00.30 -19 27 48.6          16.0 Ro~4ctz290
99942        5C2021 02 07.45193 11 15 00.18 -19 27 48.5          15.9 Ro~4ctz290
99942        5C2021 02 07.45260 11 15 00.05 -19 27 48.4          16.0 Ro~4ctz290
99942        5C2021 02 07.45328 11 14 59.93 -19 27 48.3          16.0 Ro~4ctz290
99942        5C2021 02 07.45395 11 14 59.81 -19 27 48.0          16.0 Ro~4ctz290
99942        5C2021 02 07.45463 11 14 59.69 -19 27 47.7          15.9 Ro~4ctz290
99942         C2021 02 07.52381311 14 49.84 -19 27 22.8          16.55cV~4ctzT08
99942         C2021 02 07.52704111 14 49.24 -19 27 21.8          16.55cV~4ctzT08
99942         C2021 02 07.53291711 14 48.16 -19 27 20.5          16.58cV~4ctzT08
99942         C2021 02 07.54599211 14 45.802-19 27 17.90         16.91wU~4ctzF51
99942         C2021 02 07.54631811 14 45.68 -19 27 16.9          16.60cV~4ctzT08
99942         C2021 02 07.56660511 14 41.973-19 27 12.43         16.74wU~4ctzF51
99942         C2021 02 07.57695711 14 40.065-19 27 09.46         16.72wU~4ctzF51
99942        5C2021 02 07.66002 11 14 28.33 -19 25 59.2          16.2 RV~4ctzQ62
99942        5C2021 02 07.66175 11 14 28.01 -19 25 58.8          16.2 RV~4ctzQ62
99942        5C2021 02 07.66433 11 14 27.54 -19 25 58.2          16.1 RV~4ctzQ62
99942         C2021 02 07.89610 11 13 52.77 -19 24 58.2          15.9 GV~4ctz221
99942         C2021 02 07.89736 11 13 52.54 -19 24 58.0          15.9 GV~4ctz221
99942         C2021 02 07.89859 11 13 52.32 -19 24 57.9          16.0 GV~4ctz221
99942         C2021 02 07.89981 11 13 52.10 -19 24 57.7          15.9 GV~4ctz221
99942         C2021 02 07.90112 11 13 51.87 -19 24 57.4          16.0 GV~4ctz221
99942         C2021 02 07.90235 11 13 51.65 -19 24 57.1          16.0 GV~4ctz221
99942         C2021 02 07.90358 11 13 51.43 -19 24 56.9          15.9 GV~4ctz221
99942         C2021 02 07.90484 11 13 51.20 -19 24 56.6          15.9 GV~4ctz221
99942         C2021 02 07.90608 11 13 50.98 -19 24 56.4          16.0 GV~4ctz221
99942         C2021 02 07.90733 11 13 50.75 -19 24 56.2          15.9 GV~4ctz221
99942         C2021 02 07.90855 11 13 50.53 -19 24 56.0          15.9 GV~4ctz221
99942         C2021 02 07.90979 11 13 50.31 -19 24 55.8          15.9 GV~4ctz221
99942         C2021 02 07.91105 11 13 50.08 -19 24 55.5          15.9 GV~4ctz221
99942         C2021 02 07.91230 11 13 49.85 -19 24 55.3          15.9 GV~4ctz221
99942         C2021 02 07.91352 11 13 49.62 -19 24 55.0          16.0 GV~4ctz221
99942         C2021 02 08.29413 11 12 46.06 -19 23 57.9          16.9 Vo~4ctz691
99942         C2021 02 08.31911 11 12 41.40 -19 23 51.7          16.8 Vo~4ctz691
99942         C2021 02 08.33075 11 12 39.57 -19 23 49.4          16.2 Rq~4ctzU71
99942         C2021 02 08.34244 11 12 37.01 -19 23 45.4          16.7 Vo~4ctz691
99942         C2021 02 08.34247 11 12 37.35 -19 23 46.0          16.3 Rq~4ctzU71
99942         C2021 02 08.35357 11 12 35.26 -19 23 42.9          16.4 Rq~4ctzU71
99942         C2021 02 08.55711211 11 58.68 -19 22 28.9          16.18cV~4ctzT05
99942         C2021 02 08.59061711 11 52.21 -19 22 16.5          16.14cV~4ctzT05
99942         C2021 02 08.59514911 11 51.30 -19 22 14.4          16.30cV~4ctzT05
99942         C2021 02 08.60201911 11 50.03 -19 22 12.0          16.19cV~4ctzT05
99942         C2021 02 09.30555 11 09 52.37 -19 18 06.6          16.3 Vo~4ctz691
99942         C2021 02 09.32880 11 09 47.79 -19 17 58.8          16.4 Vo~4ctz691
99942         C2021 02 09.35051 11 09 43.48 -19 17 50.9          16.4 Vo~4ctz691
99942        1C2021 02 09.86950 11 08 11.70 -19 14 18.8          16.6 GV~4ctzC40
99942        1C2021 02 09.87378 11 08 10.87 -19 14 17.1          16.5 GV~4ctzC40
99942        1C2021 02 09.87593 11 08 10.43 -19 14 16.2          16.0 GV~4ctzC40
99942        1C2021 02 09.90031 11 08 05.62 -19 14 06.7          16.4 GV~4ctzC40
99942        1C2021 02 09.90888 11 08 03.91 -19 14 03.0          16.4 GV~4ctzC40
99942        1C2021 02 09.91102 11 08 03.49 -19 14 02.3          16.2 GV~4ctzC40
99942        1C2021 02 09.91638 11 08 02.41 -19 14 00.2          16.2 GV~4ctzC40
99942        1C2021 02 09.92172 11 08 01.35 -19 13 57.8          16.3 GV~4ctzC40
99942        1C2021 02 09.92494 11 08 00.70 -19 13 56.6          16.4 GV~4ctzC40
99942        1C2021 02 09.92708 11 08 00.28 -19 13 55.6          16.4 GV~4ctzC40
99942        1C2021 02 09.92815 11 08 00.07 -19 13 55.0          16.2 GV~4ctzC40
99942        1C2021 02 09.93137 11 07 59.41 -19 13 53.8          16.3 GV~4ctzC40
99942         C2021 02 10.47591811 06 19.42 -19 09 19.4          16.06cV~4ctzT08
99942         C2021 02 10.47867911 06 18.83 -19 09 18.1          16.07cV~4ctzT08
99942         C2021 02 10.48374311 06 17.76 -19 09 15.8          16.11cV~4ctzT08
99942         C2021 02 10.89419 11 05 00.17 -19 06 04.5          16.2 Rq~4ctz168
99942         C2021 02 10.89697 11 04 59.60 -19 06 03.5          16.3 Rq~4ctz168
99942         C2021 02 10.89835 11 04 59.33 -19 06 03.1          16.0 Rq~4ctz168
99942         C2021 02 10.90113 11 04 58.75 -19 06 01.0          16.2 Rq~4ctz168
99942         C2021 02 10.90252 11 04 58.43 -19 06 00.8          16.1 Rq~4ctz168
99942        1C2021 02 10.90255 11 04 58.04 -19 05 53.3          16.3 GV~4ctz186
99942         C2021 02 10.90669 11 04 57.64 -19 05 57.8          16.0 Rq~4ctz168
99942        1C2021 02 10.90685 11 04 57.16 -19 05 50.8          16.5 GV~4ctz186
99942         C2021 02 10.90808 11 04 57.34 -19 05 57.3          15.9 Rq~4ctz168
99942         C2021 02 10.90947 11 04 57.05 -19 05 56.7          16.0 Rq~4ctz168
99942         C2021 02 10.91086 11 04 56.77 -19 05 56.4          16.1 Rq~4ctz168
99942        1C2021 02 10.91116 11 04 56.22 -19 05 48.3          16.4 GV~4ctz186
99942         C2021 02 10.91224 11 04 56.49 -19 05 55.6          15.9 Rq~4ctz168
99942         C2021 02 10.91363 11 04 56.20 -19 05 55.2          16.0 Rq~4ctz168
99942        1C2021 02 10.91581 11 04 55.25 -19 05 45.9          16.1 GV~4ctz186
99942         C2021 02 10.91780 11 04 55.35 -19 05 52.4          15.8 Rq~4ctz168
99942         C2021 02 10.91919 11 04 55.07 -19 05 51.5          15.8 Rq~4ctz168
99942         C2021 02 10.92197 11 04 54.48 -19 05 49.9          15.9 Rq~4ctz168
99942         C2021 02 10.92336 11 04 54.22 -19 05 49.6          16.0 Rq~4ctz168
99942         C2021 02 10.92474 11 04 53.91 -19 05 48.6          16.0 Rq~4ctz168
99942         C2021 02 10.92613 11 04 53.65 -19 05 47.9          16.2 Rq~4ctz168
99942         C2021 02 10.92752 11 04 53.35 -19 05 47.5          16.1 Rq~4ctz168
99942         C2021 02 10.92891 11 04 53.08 -19 05 46.5          16.0 Rq~4ctz168
99942        KC2021 02 11.01975711 04 37.01 -19 04 54.7          15.8 GV~4ctzZ80
99942        KC2021 02 11.02439511 04 36.06 -19 04 52.0          16.0 GV~4ctzZ80
99942        KC2021 02 11.02902711 04 35.08 -19 04 50.0          15.9 GV~4ctzZ80
99942        KC2021 02 11.03359011 04 34.11 -19 04 47.1          15.8 GV~4ctzZ80
99942        1C2021 02 11.08983 11 04 20.47 -19 04 08.6          16.5 GV~4ctzC40
99942        1C2021 02 11.09839 11 04 18.72 -19 04 03.7          16.5 GV~4ctzC40
99942        1C2021 02 11.10161 11 04 18.05 -19 04 01.8          16.6 GV~4ctzC40
99942         C2021 02 11.37363911 03 28.10 -19 01 26.2          16.29GV~4ctzG96
99942         C2021 02 11.38357911 03 25.91 -19 01 19.5          16.29GV~4ctzG96
99942         C2021 02 11.38874111 03 24.79 -19 01 16.4          16.30GV~4ctzG96
99942         C2021 02 11.39389411 03 23.66 -19 01 13.4          16.27GV~4ctzG96
99942        1C2021 02 11.83782 11 01 59.14 -18 56 46.5          16.3 GV~4ctzC40
99942        1C2021 02 11.84211 11 01 58.28 -18 56 43.1          16.3 GV~5OYDC40
99942        1C2021 02 11.86100 11 01 54.46 -18 56 31.4          16.4 GV~5OYDC40
99942         C2021 02 11.88199 11 01 48.59 -18 56 28.1          15.6 Rq~4ctz168
99942        1C2021 02 11.88548 11 01 47.51 -18 56 18.9          15.8 GV~4ctz186
99942         C2021 02 11.88824 11 01 47.24 -18 56 24.4          16.1 Rq~4ctz168
99942        1C2021 02 11.89605 11 01 45.17 -18 56 11.9          16.1 GV~4ctz186
99942         C2021 02 11.89657 11 01 45.48 -18 56 18.7          15.8 Rq~4ctz168
99942         C2021 02 11.89865 11 01 44.98 -18 56 17.3          15.9 Rq~4ctz168
99942        1C2021 02 11.89964 11 01 44.37 -18 56 09.5          15.9 GV~4ctz186
99942         C2021 02 11.90282 11 01 44.14 -18 56 15.5          15.8 Rq~4ctz168
99942        1C2021 02 11.90322 11 01 43.56 -18 56 07.3          16.0 GV~4ctz186
99942         C2021 02 11.90699 11 01 43.22 -18 56 12.5          15.6 Rq~4ctz168
99942         C2021 02 11.90907 11 01 42.79 -18 56 11.9          15.9 Rq~4ctz168
99942         C2021 02 11.91324 11 01 41.89 -18 56 08.5          16.0 Rq~4ctz168
99942         C2021 02 11.91532 11 01 41.42 -18 56 06.8          16.4 Rq~4ctz168
99942         C2021 02 12.30901911 00 24.27 -18 51 36.0          15.70GV~4ctz703
99942         C2021 02 12.31401311 00 23.16 -18 51 33.0          15.67GV~4ctz703
99942         C2021 02 12.31900211 00 22.03 -18 51 29.7          15.69GV~4ctz703
99942         C2021 02 12.32399411 00 20.91 -18 51 26.6          15.68GV~4ctz703
99942         C2021 02 12.39737911 00 07.44 -18 50 24.5          15.85cV~4ctzT05
99942         C2021 02 12.41485511 00 03.50 -18 50 13.7          15.83cV~4ctzT05
99942         C2021 02 12.42034911 00 02.25 -18 50 10.2          15.86cV~4ctzT05
99942         C2021 02 12.44544910 59 56.54 -18 49 54.2          15.91cV~4ctzT05
99942         C2021 02 12.88228 10 58 26.46 -18 44 48.9          16.4 Vq~5OYDM47
99942         C2021 02 12.88671 10 58 25.43 -18 44 44.2          16.2 Vq~5OYDM47
99942         C2021 02 12.88991 10 58 24.55 -18 44 41.7          15.8 Vq~4ctzM47
99942         C2021 02 12.89465 10 58 23.29 -18 44 39.7          15.7 Vq~4ctzM47
99942         C2021 02 12.89788 10 58 22.59 -18 44 36.2          16.0 Vq~4ctzM47
99942         C2021 02 12.90194 10 58 21.75 -18 44 33.2          16.4 Vq~5OYDM47
99942         C2021 02 12.90523 10 58 20.94 -18 44 30.9          16.0 Vq~4ctzM47
99942         C2021 02 13.00616 10 57 59.55 -18 43 29.5          15.6 GV~4ctz073
99942         C2021 02 13.02134 10 57 56.08 -18 43 17.3          15.5 GV~4ctz073
99942         C2021 02 13.03652 10 57 52.66 -18 43 05.9          15.6 GV~4ctz073
99942        1C2021 02 13.04197710 57 53.065-18 42 58.32         15.8 GV~4ctzZ84
99942        KC2021 02 13.04269710 57 52.70 -18 43 05.4          16.6 GV~4ctzZ80
99942        KC2021 02 13.04616910 57 51.83 -18 43 02.6          16.0 GV~4ctzZ80
99942        KC2021 02 13.04964110 57 51.12 -18 43 00.2          15.8 GV~4ctzZ80
99942        KC2021 02 13.05311710 57 50.32 -18 42 57.3          16.1 GV~4ctzZ80
99942        1C2021 02 13.07451110 57 45.538-18 42 34.03         15.7 GV~4ctzZ84
99942        1C2021 02 13.10704310 57 38.014-18 42 08.99         15.7 GV~4ctzZ84
99942         C2021 02 13.12285 10 57 37.82 -18 40 43.6                q~4ctz834
99942        1C2021 02 13.13959110 57 30.513-18 41 43.05         15.8 GV~4ctzZ84
99942         C2021 02 13.16822 10 57 27.38 -18 40 10.7                q~4ctz834
99942        1C2021 02 13.17147910 57 23.218-18 41 16.99         15.9 GV~4ctzZ84
99942        1C2021 02 13.88523 10 54 53.64 -18 31 50.1          16.4 GV~4ctz186
99942        1C2021 02 13.88882 10 54 52.81 -18 31 46.9          16.3 GV~4ctz186
99942        1C2021 02 13.89234 10 54 51.96 -18 31 44.0          16.5 GV~4ctz186
99942        1C2021 02 13.89599 10 54 51.08 -18 31 41.2          16.3 GV~4ctz186
99942         C2021 02 14.49213010 52 41.72 -18 22 46.5          16.02cV~4ctzT08
99942         C2021 02 14.52704110 52 33.07 -18 22 14.2          16.16cV~4ctzT08
99942         C2021 02 14.53026410 52 32.28 -18 22 11.1          16.13cV~4ctzT08
99942         C2021 02 14.53717310 52 30.57 -18 22 04.5          16.18cV~4ctzT08
99942        5C2021 02 14.56197 10 52 28.38 -18 20 45.6          15.5 RV~4ctzQ62
99942        5C2021 02 14.56544 10 52 27.53 -18 20 42.6          15.5 RV~4ctzQ62
99942        5C2021 02 14.56804 10 52 26.92 -18 20 40.4          15.7 RV~4ctzQ62
99942         C2021 02 14.77648 10 51 42.01 -18 18 24.6          15.4 GV~4ctzM44
99942        KC2021 02 14.78322 10 51 40.31 -18 18 18.1          15.5 GV~4ctzM46
99942        KC2021 02 14.78741 10 51 39.36 -18 18 15.3          15.5 GV~4ctzM46
99942         C2021 02 14.79117 10 51 38.48 -18 18 11.2          15.1 GV~4ctzM44
99942        KC2021 02 14.79160 10 51 38.24 -18 18 11.6          15.6 GV~4ctzM46
99942        KC2021 02 14.79579 10 51 37.28 -18 18 08.0          15.7 GV~4ctzM46
99942        KC2021 02 14.79999 10 51 36.23 -18 18 04.3          15.5 GV~4ctzM46
99942         C2021 02 14.80319 10 51 35.55 -18 18 00.7          15.3 GV~4ctzM44
99942         C2021 02 14.80680 10 51 32.99 -18 18 13.8          16.5 R ~4ctzN42
99942         C2021 02 14.80839 10 51 32.50 -18 18 11.9          16.1 R ~4ctzN42
99942         C2021 02 14.80998 10 51 32.13 -18 18 10.6          16.1 R ~4ctzN42
99942         C2021 02 14.81157 10 51 31.76 -18 18 09.2          16.0 R ~4ctzN42
99942         C2021 02 14.81316 10 51 31.43 -18 18 08.0          16.5 R ~4ctzN42
99942         C2021 02 14.81475 10 51 30.98 -18 18 06.3          15.8 R ~4ctzN42
99942         C2021 02 14.81633 10 51 30.57 -18 18 04.6          15.6 R ~4ctzN42
99942         C2021 02 14.81792 10 51 30.21 -18 18 03.4          15.8 R ~4ctzN42
99942         C2021 02 14.81951 10 51 29.81 -18 18 01.7          15.8 R ~4ctzN42
99942         C2021 02 14.82110 10 51 29.42 -18 18 00.4          15.9 R ~4ctzN42
99942         C2021 02 14.82269 10 51 29.05 -18 17 59.0          15.9 R ~4ctzN42
99942         C2021 02 14.82428 10 51 28.68 -18 17 57.5          15.9 R ~4ctzN42
99942         C2021 02 14.82587 10 51 28.29 -18 17 56.1          15.8 R ~4ctzN42
99942         C2021 02 14.82746 10 51 27.88 -18 17 54.4          15.8 R ~4ctzN42
99942         C2021 02 14.82905 10 51 27.52 -18 17 53.2          15.8 R ~4ctzN42
99942         C2021 02 14.83064 10 51 27.11 -18 17 51.5          15.8 R ~4ctzN42
99942        1C2021 02 14.83219 10 51 27.42 -18 17 47.6          15.6 GV~4ctz186
99942         C2021 02 14.83223 10 51 26.71 -18 17 50.0          15.8 R ~4ctzN42
99942         C2021 02 14.83382 10 51 26.31 -18 17 48.4          16.2 R ~4ctzN42
99942         C2021 02 14.83541 10 51 26.00 -18 17 47.3          16.4 R ~4ctzN42
99942         C2021 02 14.83700 10 51 25.58 -18 17 45.6          16.0 R ~4ctzN42
99942         C2021 02 14.83859 10 51 25.26 -18 17 44.5          16.6 R ~4ctzN42
99942         C2021 02 14.84018 10 51 24.77 -18 17 42.5          15.8 R ~4ctzN42
99942         C2021 02 14.84178 10 51 24.37 -18 17 41.0          15.8 R ~4ctzN42
99942         C2021 02 14.84337 10 51 24.02 -18 17 39.6          15.7 R ~4ctzN42
99942         C2021 02 14.84496 10 51 23.61 -18 17 38.1          15.8 R ~4ctzN42
99942         C2021 02 14.84655 10 51 23.22 -18 17 36.5          16.5 R ~4ctzN42
99942         C2021 02 14.84814 10 51 22.88 -18 17 35.3          16.1 R ~4ctzN42
99942         C2021 02 14.84974 10 51 22.43 -18 17 33.5          16.4 R ~4ctzN42
99942         C2021 02 14.85132 10 51 22.06 -18 17 31.9          15.9 R ~4ctzN42
99942         C2021 02 14.85292 10 51 21.65 -18 17 30.5          16.0 R ~4ctzN42
99942         C2021 02 14.85450 10 51 21.31 -18 17 29.3          16.3 R ~4ctzN42
99942         C2021 02 14.85610 10 51 20.89 -18 17 27.5          15.9 R ~4ctzN42
99942         C2021 02 14.85769 10 51 20.51 -18 17 26.0          15.8 R ~4ctzN42
99942         C2021 02 14.85929 10 51 20.12 -18 17 24.5          15.9 R ~4ctzN42
99942         C2021 02 14.86088 10 51 19.72 -18 17 23.0          15.9 R ~4ctzN42
99942         C2021 02 14.86247 10 51 19.34 -18 17 21.5          15.8 R ~4ctzN42
99942         C2021 02 14.86406 10 51 18.94 -18 17 19.8          15.8 R ~4ctzN42
99942         C2021 02 14.86565 10 51 18.57 -18 17 18.4          16.2 R ~4ctzN42
99942         C2021 02 14.86724 10 51 18.18 -18 17 16.9          16.0 R ~4ctzN42
99942         C2021 02 14.86883 10 51 17.79 -18 17 15.3          15.7 R ~4ctzN42
99942         C2021 02 14.87044 10 51 17.39 -18 17 13.7          15.8 R ~4ctzN42
99942         C2021 02 14.87202 10 51 17.02 -18 17 12.2          15.8 R ~4ctzN42
99942         C2021 02 14.87361 10 51 16.56 -18 17 10.5          16.4 R ~4ctzN42
99942         C2021 02 14.87521 10 51 16.21 -18 17 09.0          15.9 R ~4ctzN42
99942         C2021 02 14.87679 10 51 15.87 -18 17 07.7          16.0 R ~4ctzN42
99942         C2021 02 14.87838 10 51 15.53 -18 17 06.5          16.3 R ~4cu0N42
99942         C2021 02 14.87997 10 51 15.08 -18 17 04.5          15.8 R ~4cu0N42
99942         C2021 02 14.88157 10 51 14.69 -18 17 03.1          15.8 R ~4cu0N42
99942         C2021 02 14.88316 10 51 14.29 -18 17 01.4          15.9 R ~4cu0N42
99942         C2021 02 14.88475 10 51 13.91 -18 17 00.0          15.9 R ~4cu0N42
99942         C2021 02 14.88634 10 51 13.55 -18 16 58.4          16.2 R ~4cu0N42
99942         C2021 02 14.88793 10 51 13.11 -18 16 56.7          15.9 R ~4cu0N42
99942         C2021 02 14.88952 10 51 12.77 -18 16 55.3          16.0 R ~4cu0N42
99942         C2021 02 14.89111 10 51 12.42 -18 16 54.0          16.6 R ~4cu0N42
99942        1C2021 02 14.89247 10 51 12.55 -18 16 50.6          15.6 GV~4cu0186
99942         C2021 02 14.89270 10 51 12.04 -18 16 52.5          16.2 R ~4cu0N42
99942         C2021 02 14.89429 10 51 11.61 -18 16 50.7          15.7 R ~4cu0N42
99942         C2021 02 14.89588 10 51 11.19 -18 16 48.9          15.6 R ~4cu0N42
99942         C2021 02 14.89747 10 51 10.81 -18 16 47.3          15.7 R ~4cu0N42
99942         C2021 02 14.89906 10 51 10.42 -18 16 45.9          15.7 R ~4cu0N42
99942         C2021 02 14.90066 10 51 10.04 -18 16 44.3          15.7 R ~4cu0N42
99942         C2021 02 14.91633 10 51 06.24 -18 16 28.4          15.9 R ~4cu0N42
99942        KC2021 02 14.91765 10 51 10.64 -18 16 18.5          15.7 GV~4cu0J37
99942         C2021 02 14.91792 10 51 05.82 -18 16 26.9          16.0 R ~4cu0N42
99942         C2021 02 14.91951 10 51 05.46 -18 16 25.5          16.0 R ~4cu0N42
99942         C2021 02 14.92110 10 51 05.04 -18 16 23.7          16.1 R ~4cu0N42
99942        KC2021 02 14.92237 10 51 09.52 -18 16 14.3          15.6 GV~4cu0J37
99942         C2021 02 14.92269 10 51 04.65 -18 16 22.2          15.8 R ~4cu0N42
99942         C2021 02 14.92427 10 51 04.28 -18 16 20.6          16.0 R ~4cu0N42
99942         C2021 02 14.92586 10 51 03.90 -18 16 19.1          15.8 R ~4cu0N42
99942         C2021 02 14.92745 10 51 03.50 -18 16 17.5          16.6 R ~4cu0N42
99942        1C2021 02 14.92903 10 51 03.62 -18 16 14.8          15.6 GV~4cu0186
99942         C2021 02 14.92904 10 51 03.15 -18 16 16.0          15.7 R ~4cu0N42
99942         C2021 02 14.93063 10 51 02.74 -18 16 14.3          15.7 R ~4cu0N42
99942         C2021 02 14.93222 10 51 02.34 -18 16 12.7          15.6 R ~4cu0N42
99942         C2021 02 14.93382 10 51 02.02 -18 16 11.3          15.6 R ~4cu0N42
99942         C2021 02 14.93541 10 51 01.62 -18 16 09.6          15.6 R ~4cu0N42
99942         C2021 02 14.93700 10 51 01.20 -18 16 07.8          15.7 R ~4cu0N42
99942         C2021 02 14.93859 10 51 00.82 -18 16 06.2          15.8 R ~4cu0N42
99942        KC2021 02 14.94334 10 51 04.50 -18 15 56.3          15.2 GV~4cu0J37
99942        KC2021 02 14.95280 10 51 02.21 -18 15 47.3          15.4 GV~4cu0J37
99942        KC2021 02 14.95969 10 51 00.56 -18 15 41.4          15.4 GV~4cu0J37
99942        1C2021 02 14.97850 10 50 51.62 -18 15 25.0          15.6 GV~4cu0186
99942         C2021 02 15.60141 10 48 34.30 -18 05 07.7          15.4 Vq~4cu0Q21
99942         C2021 02 15.60561 10 48 33.27 -18 05 04.2          15.5 Vq~4cu0Q21
99942         C2021 02 15.61088 10 48 31.99 -18 04 59.0          15.4 Vq~4cu0Q21
99942         C2021 02 15.74151 10 48 02.71 -18 02 45.7          15.7 R ~4cu0N42
99942         C2021 02 15.74240 10 48 02.49 -18 02 44.9          15.8 R ~4cu0N42
99942         C2021 02 15.74330 10 48 02.29 -18 02 44.0          15.7 R ~4cu0N42
99942         C2021 02 15.74419 10 48 02.05 -18 02 43.1          15.7 R ~4cu0N42
99942         C2021 02 15.74509 10 48 01.82 -18 02 42.1          15.7 R ~4cu0N42
99942         C2021 02 15.74598 10 48 01.61 -18 02 41.3          15.8 R ~4cu0N42
99942         C2021 02 15.74688 10 48 01.39 -18 02 40.4          15.6 R ~4cu0N42
99942         C2021 02 15.74778 10 48 01.16 -18 02 39.6          15.9 R ~4cu0N42
99942         C2021 02 15.74957 10 48 00.71 -18 02 37.8          15.6 R ~4cu0N42
99942         C2021 02 15.75046 10 48 00.51 -18 02 37.0          15.8 R ~4cu0N42
99942         C2021 02 15.75136 10 48 00.27 -18 02 36.1          15.8 R ~4cu0N42
99942         C2021 02 15.75225 10 48 00.06 -18 02 35.2          15.7 R ~4cu0N42
99942         C2021 02 15.75315 10 47 59.83 -18 02 34.3          15.7 R ~4cu0N42
99942         C2021 02 15.75404 10 47 59.62 -18 02 33.4          15.9 R ~4cu0N42
99942         C2021 02 15.75494 10 47 59.39 -18 02 32.6          15.8 R ~4cu0N42
99942         C2021 02 15.75583 10 47 59.17 -18 02 31.5          15.7 R ~4cu0N42
99942         C2021 02 15.75673 10 47 58.91 -18 02 30.5          16.0 R ~4cu0N42
99942         C2021 02 15.75762 10 47 58.71 -18 02 29.7          15.8 R ~4cu0N42
99942         C2021 02 15.75852 10 47 58.47 -18 02 28.9          15.8 R ~4cu0N42
99942         C2021 02 15.75941 10 47 58.27 -18 02 28.1          15.6 R ~4cu0N42
99942         C2021 02 15.76031 10 47 58.04 -18 02 27.0          15.9 R ~4cu0N42
99942         C2021 02 15.76120 10 47 57.81 -18 02 26.1          15.7 R ~4cu0N42
99942         C2021 02 15.76213 10 47 57.59 -18 02 25.2          15.9 R ~4cu0N42
99942         C2021 02 15.76302 10 47 57.38 -18 02 24.3          15.9 R ~4cu0N42
99942         C2021 02 15.76399 10 47 57.12 -18 02 23.5          15.8 R ~4cu0N42
99942         C2021 02 15.76879 10 47 55.96 -18 02 18.9          15.8 R ~4cu0N42
99942         C2021 02 15.77061 10 47 55.47 -18 02 17.1          17.1 R ~4cu0N42
99942         C2021 02 15.77151 10 47 55.26 -18 02 16.0          16.0 R ~4cu0N42
99942         C2021 02 15.77242 10 47 55.04 -18 02 15.2          16.0 R ~4cu0N42
99942         C2021 02 15.77331 10 47 54.79 -18 02 14.1          16.0 R ~4cu0N42
99942         C2021 02 15.77421 10 47 54.57 -18 02 13.2          16.0 R ~4cu0N42
99942         C2021 02 15.77511 10 47 54.36 -18 02 12.3          16.0 R ~4cu0N42
99942         C2021 02 15.77600 10 47 54.13 -18 02 11.6          15.9 R ~4cu0N42
99942         C2021 02 15.77690 10 47 53.90 -18 02 10.8          16.0 R ~4cu0N42
99942         C2021 02 15.77782 10 47 53.67 -18 02 09.7          16.0 R ~4cu0N42
99942         C2021 02 15.77872 10 47 53.46 -18 02 08.7          16.0 R ~4cu0N42
99942         C2021 02 15.77962 10 47 53.22 -18 02 07.9          16.0 R ~4cu0N42
99942         C2021 02 15.78052 10 47 53.01 -18 02 06.9          15.8 R ~4cu0N42
99942         C2021 02 15.78141 10 47 52.76 -18 02 05.9          15.9 R ~4cu0N42
99942         C2021 02 15.78231 10 47 52.56 -18 02 05.1          15.9 R ~4cu0N42
99942         C2021 02 15.78321 10 47 52.32 -18 02 04.2          16.0 R ~4cu0N42
99942         C2021 02 15.78411 10 47 52.10 -18 02 03.2          16.0 R ~4cu0N42
99942        KC2021 02 15.78448 10 47 53.70 -18 01 46.2          15.6 GV~4cu0M46
99942         C2021 02 15.78501 10 47 51.88 -18 02 02.4          16.0 R ~4cu0N42
99942         C2021 02 15.78590 10 47 51.66 -18 02 01.4          16.0 R ~4cu0N42
99942         C2021 02 15.78681 10 47 51.42 -18 02 00.4          16.0 R ~4cu0N42
99942         C2021 02 15.78770 10 47 51.20 -18 01 59.5          15.9 R ~4cu0N42
99942        KC2021 02 15.78797 10 47 52.78 -18 01 43.2          15.6 GV~4cu0M46
99942         C2021 02 15.78860 10 47 50.97 -18 01 58.6          15.9 R ~4cu0N42
99942         C2021 02 15.78950 10 47 50.73 -18 01 57.6          15.9 R ~4cu0N42
99942         C2021 02 15.79039 10 47 50.51 -18 01 56.8          15.9 R ~4cu0N42
99942         C2021 02 15.79129 10 47 50.31 -18 01 56.1          16.4 R ~4cu0N42
99942        KC2021 02 15.79148 10 47 51.94 -18 01 39.8          15.6 GV~4cu0M46
99942         C2021 02 15.79219 10 47 50.09 -18 01 55.1          16.3 R ~4cu0N42
99942         C2021 02 15.79308 10 47 49.86 -18 01 54.1          16.0 R ~4cu0N42
99942         C2021 02 15.79398 10 47 49.63 -18 01 53.1          16.0 R ~4cu0N42
99942         C2021 02 15.79488 10 47 49.39 -18 01 52.2          16.0 R ~4cu0N42
99942        KC2021 02 15.79499 10 47 51.05 -18 01 36.4          15.7 GV~4cu0M46
99942         C2021 02 15.79578 10 47 49.19 -18 01 51.5          16.0 R ~4cu0N42
99942         C2021 02 15.79667 10 47 48.95 -18 01 50.3          16.0 R ~4cu0N42
99942         C2021 02 15.79757 10 47 48.73 -18 01 49.5          15.9 R ~4cu0N42
99942         C2021 02 15.79847 10 47 48.49 -18 01 48.6          16.1 R ~4cu0N42
99942        KC2021 02 15.79848 10 47 50.15 -18 01 33.0          15.6 GV~4cu0M46
99942         C2021 02 15.79937 10 47 48.27 -18 01 47.6          15.9 R ~4cu0N42
99942         C2021 02 15.80027 10 47 48.04 -18 01 46.7          16.1 R ~4cu0N42
99942         C2021 02 15.80116 10 47 47.82 -18 01 45.8          16.0 R ~4cu0N42
99942        KC2021 02 15.80199 10 47 49.28 -18 01 29.5          15.8 GV~4cu0M46
99942         C2021 02 15.80206 10 47 47.59 -18 01 44.9          16.0 R ~4cu0N42
99942         C2021 02 15.80296 10 47 47.36 -18 01 43.9          16.0 R ~4cu0N42
99942         C2021 02 15.80385 10 47 47.15 -18 01 43.0          16.1 R ~4cu0N42
99942        KC2021 02 15.80444 10 47 48.65 -18 01 27.0          15.8 GV~4cu0M46
99942         C2021 02 15.80475 10 47 46.91 -18 01 42.0          16.1 R ~4cu0N42
99942         C2021 02 15.80565 10 47 46.68 -18 01 41.2          16.1 R ~4cu0N42
99942         C2021 02 15.80655 10 47 46.47 -18 01 40.4          16.1 R ~4cu0N42
99942         C2021 02 15.80745 10 47 46.22 -18 01 39.3          16.1 R ~4cu0N42
99942         C2021 02 15.81559 10 47 45.85 -18 01 15.4          15.6 GV~4cu0M44
99942        1C2021 02 15.81874 10 47 44.05 -18 01 24.7          15.8 GV~4cu0186
99942         C2021 02 15.82609 10 47 43.17 -18 01 04.8          15.8 GV~4cu0M44
99942        1C2021 02 15.83380 10 47 40.23 -18 01 09.3          15.9 GV~4cu0186
99942         C2021 02 15.84215 10 47 39.06 -18 00 47.9          15.5 GV~4cu0M44
99942         C2021 02 15.85718 10 47 37.67 -17 59 34.9          16.2 GV~4cu0221
99942         C2021 02 15.85838 10 47 37.37 -17 59 33.7          16.2 GV~4cu0221
99942         C2021 02 15.85958 10 47 37.07 -17 59 32.6          16.1 GV~4cu0221
99942         C2021 02 15.87108 10 47 34.21 -17 59 21.4          16.0 GV~4cu0221
99942         C2021 02 15.87228 10 47 33.90 -17 59 20.3          16.0 GV~4cu0221
99942         C2021 02 15.87348 10 47 33.60 -17 59 19.1          16.2 GV~4cu0221
99942        1C2021 02 15.87466 10 47 29.87 -18 00 26.0          15.9 GV~4cu0186
99942         C2021 02 15.89096 10 47 29.22 -17 59 02.0          16.1 GV~4cu0221
99942         C2021 02 15.89218 10 47 28.92 -17 59 00.8          16.1 GV~4cu0221
99942         C2021 02 15.89343 10 47 28.60 -17 58 59.6          16.1 GV~4cu0221
99942         C2021 02 15.91325 10 47 23.56 -17 58 39.9          16.1 GV~4cu0221
99942         C2021 02 15.91451 10 47 23.25 -17 58 38.6          16.1 GV~4cu0221
99942         C2021 02 15.91573 10 47 22.93 -17 58 37.4          16.1 GV~4cu0221
99942         C2021 02 15.93243 10 47 18.66 -17 58 20.6          16.0 GV~4cu0221
99942         C2021 02 15.93363 10 47 18.35 -17 58 19.4          16.1 GV~4cu0221
99942         C2021 02 15.93491 10 47 18.04 -17 58 18.1          16.1 GV~4cu0221
99942        1C2021 02 15.97574 10 47 04.42 -17 58 35.0          15.8 GV~4cu0186
99942         C2021 02 15.99384 10 47 02.96 -17 58 20.8          15.3 RU~4cu0470
99942         C2021 02 15.99471 10 47 02.74 -17 58 20.0          15.1 RU~4cu0470
99942         C2021 02 15.99564 10 47 02.51 -17 58 19.0          15.3 RU~4cu0470
99942         C2021 02 16.49404010 45 05.35 -17 48 54.7          16.07cV~4cu0T05
99942         C2021 02 16.49724210 45 04.51 -17 48 51.1          16.07cV~4cu0T05
99942         C2021 02 16.52686510 44 56.72 -17 48 16.7          16.09cV~4cu0T05
99942         C2021 02 16.53200910 44 55.36 -17 48 10.8          16.18cV~4cu0T05
99942         C2021 02 16.59574 10 44 43.25 -17 47 11.1          15.1 Vq~4cu0Q21
99942         C2021 02 16.59890 10 44 42.44 -17 47 08.3          16.2 Vq~4cu0Q21
99942         C2021 02 16.60204 10 44 41.62 -17 47 04.8          16.3 Vq~4cu0Q21
99942         C2021 02 16.60519 10 44 40.79 -17 47 01.0          15.3 Vq~4cu0Q21
99942        `C2021 02 16.68041 10 44 20.52 -17 44 23.2          16.0 GV~4cu0Q62
99942        `C2021 02 16.68941 10 44 18.17 -17 44 12.6          16.0 GV~4cu0Q62
99942        `C2021 02 16.69847 10 44 15.80 -17 44 01.8          16.0 GV~4cu0Q62
99942        `C2021 02 16.70745 10 44 13.46 -17 43 50.8          16.0 GV~4cu0Q62
99942         C2021 02 16.73347 10 44 12.95 -17 44 15.2          14.8 GV~4cu0M44
99942         C2021 02 16.74606 10 44 09.73 -17 44 02.6          14.9 GV~4cu0M44
99942         C2021 02 16.75236 10 44 08.18 -17 43 57.3          15.0 GV~4cu0M44
99942        1C2021 02 16.77469 10 44 01.36 -17 43 46.1          15.4 GV~4cu0186
99942        1C2021 02 16.77684 10 44 00.80 -17 43 44.1          15.4 GV~4cu0186
99942        1C2021 02 16.83703 10 43 45.06 -17 42 35.5          15.4 GV~4cu0186
99942        1C2021 02 16.83918 10 43 44.56 -17 42 33.2          15.3 GV~4cu0186
99942         C2021 02 16.85574 10 43 43.65 -17 41 03.5          15.4 GV~4cu0221
99942         C2021 02 16.85696 10 43 43.34 -17 41 02.1          15.4 GV~4cu0221
99942         C2021 02 16.85817 10 43 43.01 -17 41 00.8          15.5 GV~4cu0221
99942         C2021 02 16.87336 10 43 39.12 -17 40 44.4          15.4 GV~4cu0221
99942         C2021 02 16.87457 10 43 38.81 -17 40 43.1          15.3 GV~4cu0221
99942         C2021 02 16.87603 10 43 38.41 -17 40 41.4          15.4 GV~4cu0221
99942         C2021 02 16.88756 10 43 35.44 -17 40 28.9          15.4 GV~4cu0221
99942         C2021 02 16.88876 10 43 35.12 -17 40 27.5          15.4 GV~4cu0221
99942         C2021 02 16.89010 10 43 34.77 -17 40 26.1          15.4 GV~4cu0221
99942        KC2021 02 16.89981510 43 31.35 -17 41 24.5          15.3 GV~4cu0L54
99942        KC2021 02 16.90581910 43 29.79 -17 41 17.9          15.3 GV~4cu0L54
99942         C2021 02 16.90618 10 43 30.57 -17 40 08.3          15.4 GV~4cu0221
99942         C2021 02 16.90756 10 43 30.22 -17 40 06.7          15.4 GV~4cu0221
99942         C2021 02 16.90876 10 43 29.89 -17 40 05.3          15.4 GV~4cu0221
99942        KC2021 02 16.91324410 43 27.89 -17 41 08.8          15.5 GV~4cu0L54
99942         C2021 02 16.92394 10 43 25.90 -17 39 48.4          15.4 GV~4cu0221
99942         C2021 02 16.92525 10 43 25.56 -17 39 46.9          15.4 GV~4cu0221
99942         C2021 02 16.92647 10 43 25.23 -17 39 45.5          15.5 GV~4cu0221
99942        1C2021 02 16.95853210 43 17.782-17 40 09.35         15.4 GV~4cu0Z84
99942        1C2021 02 17.00039810 43 06.858-17 39 21.53         15.5 GV~4cu0Z84
99942        KC2021 02 17.00574110 43 05.12 -17 39 23.5          15.7 GV~4cu0Z80
99942        KC2021 02 17.01228210 43 03.45 -17 39 15.8          16.3 GV~4cu0Z80
99942        1C2021 02 17.04227910 42 55.841-17 38 32.48         15.7 GV~4cu0Z84
99942        1C2021 02 17.08374010 42 44.920-17 37 42.51         15.9 GV~4cu0Z84
99942        1C2021 02 17.12560410 42 33.941-17 36 50.76         16.0 GV~4cu0Z84
99942        HC2021 02 17.30397 10 41 54.01 -17 33 12.3          15.5 Ro~4cu0691
99942        HC2021 02 17.30522 10 41 53.67 -17 33 10.8          15.4 Ro~4cu0691
99942        HC2021 02 17.30645 10 41 53.34 -17 33 09.3          15.4 Ro~4cu0691
99942         C2021 02 17.78212 10 39 59.49 -17 23 03.7          15.6 GV~4cu0M44
99942         C2021 02 17.79515 10 39 54.19 -17 23 06.1          16.2 R ~4cu0N42
99942         C2021 02 17.79605 10 39 53.96 -17 23 05.1          16.1 R ~4cu0N42
99942         C2021 02 17.79608 10 39 55.89 -17 22 49.3          15.6 GV~5M9jM44
99942         C2021 02 17.79694 10 39 53.75 -17 23 03.9          16.1 R ~4cu0N42
99942         C2021 02 17.79784 10 39 53.48 -17 23 02.8          17.1 R ~4cu0N42
99942         C2021 02 17.79873 10 39 53.25 -17 23 01.6          16.1 R ~4cu0N42
99942         C2021 02 17.79962 10 39 53.01 -17 23 00.5          16.2 R ~4cu0N42
99942         C2021 02 17.80052 10 39 52.77 -17 22 59.4          16.1 R ~4cu0N42
99942         C2021 02 17.80141 10 39 52.53 -17 22 58.2          16.2 R ~4cu0N42
99942         C2021 02 17.80231 10 39 52.29 -17 22 57.2          16.2 R ~4cu0N42
99942         C2021 02 17.80320 10 39 52.07 -17 22 56.3          16.5 R ~4cu0N42
99942         C2021 02 17.80410 10 39 51.82 -17 22 54.8          16.2 R ~4cu0N42
99942         C2021 02 17.80499 10 39 51.57 -17 22 53.7          16.6 R ~4cu0N42
99942         C2021 02 17.80589 10 39 51.34 -17 22 52.5          16.2 R ~4cu0N42
99942         C2021 02 17.80678 10 39 51.10 -17 22 51.4          16.2 R ~4cu0N42
99942         C2021 02 17.80767 10 39 50.86 -17 22 50.3          16.2 R ~4cu0N42
99942         C2021 02 17.80857 10 39 50.62 -17 22 49.2          16.1 R ~4cu0N42
99942         C2021 02 17.80946 10 39 50.38 -17 22 47.9          16.2 R ~4cu0N42
99942         C2021 02 17.81002 10 39 52.04 -17 22 32.2          15.6 GV~4cu0M44
99942         C2021 02 17.81036 10 39 50.14 -17 22 46.8          16.1 R ~4cu0N42
99942         C2021 02 17.81125 10 39 49.90 -17 22 45.7          16.2 R ~4cu0N42
99942         C2021 02 17.81215 10 39 49.67 -17 22 44.7          16.2 R ~4cu0N42
99942         C2021 02 17.81304 10 39 49.43 -17 22 43.4          16.2 R ~4cu0N42
99942         C2021 02 17.81393 10 39 49.19 -17 22 42.4          16.2 R ~4cu0N42
99942         C2021 02 17.81483 10 39 48.95 -17 22 41.1          16.2 R ~4cu1N42
99942         C2021 02 17.81572 10 39 48.71 -17 22 40.1          16.1 R ~4cu1N42
99942         C2021 02 17.81662 10 39 48.48 -17 22 38.9          16.1 R ~4cu1N42
99942         C2021 02 17.81751 10 39 48.25 -17 22 37.7          16.1 R ~4cu1N42
99942         C2021 02 17.81841 10 39 48.00 -17 22 36.6          16.1 R ~4cu1N42
99942         C2021 02 17.81930 10 39 47.78 -17 22 35.6          16.1 R ~4cu1N42
99942         C2021 02 17.82019 10 39 47.54 -17 22 34.4          16.2 R ~4cu1N42
99942         C2021 02 17.82109 10 39 47.28 -17 22 33.2          16.2 R ~4cu1N42
99942         C2021 02 17.82198 10 39 47.05 -17 22 32.1          16.2 R ~4cu1N42
99942         C2021 02 17.82288 10 39 46.82 -17 22 30.9          16.2 R ~4cu1N42
99942         C2021 02 17.82377 10 39 46.58 -17 22 29.6          16.2 R ~4cu1N42
99942         C2021 02 17.82467 10 39 46.33 -17 22 28.7          16.3 R ~4cu1N42
99942         C2021 02 17.82556 10 39 46.08 -17 22 27.2          16.2 R ~4cu1N42
99942         C2021 02 17.82645 10 39 45.85 -17 22 26.3          16.2 R ~4cu1N42
99942         C2021 02 17.82735 10 39 45.63 -17 22 25.2          16.2 R ~4cu1N42
99942         C2021 02 17.82824 10 39 45.36 -17 22 23.9          16.2 R ~4cu1N42
99942         C2021 02 17.82914 10 39 45.15 -17 22 23.1          16.2 R ~4cu1N42
99942         C2021 02 17.83003 10 39 44.91 -17 22 21.8          16.3 R ~4cu1N42
99942         C2021 02 17.83093 10 39 44.66 -17 22 20.6          16.1 R ~4cu1N42
99942         C2021 02 17.83182 10 39 44.40 -17 22 19.6          16.1 R ~4cu1N42
99942         C2021 02 17.83238 10 39 45.12 -17 22 24.8          15.8 Rq~4cu1168
99942         C2021 02 17.83272 10 39 44.19 -17 22 18.4          16.1 R ~4cu1N42
99942         C2021 02 17.83361 10 39 43.95 -17 22 17.2          16.2 R ~4cu1N42
99942         C2021 02 17.83451 10 39 43.72 -17 22 16.0          16.2 R ~4cu1N42
99942         C2021 02 17.83540 10 39 43.48 -17 22 14.9          16.1 R ~4cu1N42
99942         C2021 02 17.83630 10 39 43.25 -17 22 13.9          16.2 R ~4cu1N42
99942         C2021 02 17.83719 10 39 42.97 -17 22 12.4          16.1 R ~4cu1N42
99942         C2021 02 17.83809 10 39 42.74 -17 22 11.2          16.1 R ~4cu1N42
99942         C2021 02 17.83898 10 39 42.53 -17 22 10.2          16.1 R ~4cu1N42
99942         C2021 02 17.83988 10 39 42.27 -17 22 08.7          16.2 R ~4cu1N42
99942         C2021 02 17.84077 10 39 41.97 -17 22 08.4          15.5 R ~4cu1N42
99942         C2021 02 17.84167 10 39 41.80 -17 22 06.6          15.4 R ~4cu1N42
99942         C2021 02 17.84256 10 39 41.53 -17 22 06.4          15.5 R ~4cu1N42
99942         C2021 02 17.84346 10 39 41.30 -17 22 04.2          16.3 R ~4cu1N42
99942        KC2021 02 17.84400 10 39 42.76 -17 21 48.9          15.8 GV~4cu1M43
99942         C2021 02 17.84435 10 39 41.08 -17 22 03.2          16.2 R ~4cu1N42
99942         C2021 02 17.84525 10 39 40.85 -17 22 02.1          16.1 R ~4cu1N42
99942         C2021 02 17.84614 10 39 40.63 -17 22 00.9          16.2 R ~4cu1N42
99942         C2021 02 17.84704 10 39 40.37 -17 21 59.7          16.0 R ~4cu1N42
99942         C2021 02 17.84793 10 39 40.13 -17 21 58.5          16.2 R ~4cu1N42
99942         C2021 02 17.84883 10 39 39.89 -17 21 57.3          16.2 R ~4cu1N42
99942        KC2021 02 17.84896 10 39 41.44 -17 21 42.8          15.9 GV~4cu1M43
99942         C2021 02 17.84972 10 39 39.63 -17 21 56.1          16.1 R ~4cu1N42
99942         C2021 02 17.85062 10 39 39.40 -17 21 55.0          16.2 R ~4cu1N42
99942         C2021 02 17.85151 10 39 39.17 -17 21 53.8          16.1 R ~4cu1N42
99942        1C2021 02 17.85219 10 39 39.64 -17 21 50.6          15.9 GV~4cu1186
99942         C2021 02 17.85241 10 39 38.94 -17 21 52.8          16.1 R ~4cu1N42
99942         C2021 02 17.85330 10 39 38.69 -17 21 51.6          16.1 R ~4cu1N42
99942        KC2021 02 17.85370 10 39 40.10 -17 21 36.7          16.1 GV~4cu1M43
99942         C2021 02 17.85420 10 39 38.46 -17 21 50.4          16.1 R ~4cu1N42
99942        1C2021 02 17.85434 10 39 39.05 -17 21 48.0          15.9 GV~4cu1186
99942         C2021 02 17.85509 10 39 38.23 -17 21 49.3          16.1 R ~4cu1N42
99942         C2021 02 17.85576 10 39 42.14 -17 20 35.2          15.9 GV~4cu1221
99942         C2021 02 17.85599 10 39 37.99 -17 21 48.1          16.1 R ~4cu1N42
99942         C2021 02 17.85688 10 39 37.76 -17 21 46.8          16.1 R ~4cu1N42
99942         C2021 02 17.85697 10 39 41.82 -17 20 33.7          16.0 GV~4cu1221
99942         C2021 02 17.85778 10 39 37.51 -17 21 45.6          16.2 R ~4cu1N42
99942         C2021 02 17.85817 10 39 41.51 -17 20 32.4          16.0 GV~4cu1221
99942        KC2021 02 17.85845 10 39 38.83 -17 21 30.8          16.0 GV~4cu1M43
99942         C2021 02 17.85867 10 39 37.27 -17 21 44.6          16.1 R ~4cu1N42
99942         C2021 02 17.85957 10 39 37.01 -17 21 43.3          16.1 R ~4cu1N42
99942         C2021 02 17.86046 10 39 36.79 -17 21 42.2          16.1 R ~4cu1N42
99942         C2021 02 17.86136 10 39 36.55 -17 21 41.0          16.2 R ~4cu1N42
99942         C2021 02 17.86225 10 39 36.33 -17 21 39.9          16.1 R ~4cu1N42
99942         C2021 02 17.86315 10 39 36.08 -17 21 38.7          16.2 R ~4cu1N42
99942        KC2021 02 17.86319 10 39 37.56 -17 21 24.2          15.9 GV~4cu1M43
99942         C2021 02 17.86404 10 39 35.85 -17 21 37.6          16.1 R ~4cu1N42
99942         C2021 02 17.86493 10 39 35.60 -17 21 36.4          16.1 R ~4cu1N42
99942         C2021 02 17.86583 10 39 35.37 -17 21 34.9          16.0 R ~4cu1N42
99942         C2021 02 17.86672 10 39 35.13 -17 21 33.9          16.1 R ~4cu1N42
99942         C2021 02 17.86762 10 39 34.88 -17 21 32.7          16.0 R ~4cu1N42
99942         C2021 02 17.86851 10 39 34.64 -17 21 31.6          16.1 R ~4cu1N42
99942         C2021 02 17.86941 10 39 34.41 -17 21 30.6          16.0 R ~4cu1N42
99942         C2021 02 17.87031 10 39 34.18 -17 21 29.3          16.0 R ~4cu1N42
99942         C2021 02 17.87087 10 39 38.15 -17 20 17.1          15.9 GV~4cu1221
99942         C2021 02 17.87120 10 39 33.94 -17 21 27.9          16.0 R ~4cu1N42
99942        1C2021 02 17.87154 10 39 34.41 -17 21 25.6          15.9 GV~4cu1186
99942         C2021 02 17.87208 10 39 37.81 -17 20 15.6          15.9 GV~4cu1221
99942         C2021 02 17.87210 10 39 33.68 -17 21 26.9          15.9 R ~4cu1N42
99942         C2021 02 17.87329 10 39 37.49 -17 20 14.2          15.9 GV~4cu1221
99942        1C2021 02 17.87369 10 39 33.77 -17 21 22.9          15.7 GV~4cu1186
99942         C2021 02 17.88308 10 39 31.88 -17 21 19.9          15.7 Rq~4cu1168
99942         C2021 02 17.89022 10 39 32.98 -17 19 53.6          15.8 GV~4cu1221
99942         C2021 02 17.89157 10 39 32.61 -17 19 52.0          15.9 GV~4cu1221
99942         C2021 02 17.89280 10 39 32.29 -17 19 50.5          15.8 GV~4cu1221
99942         C2021 02 17.90669 10 39 25.69 -17 20 49.0          15.5 Rq~4cu1168
99942         C2021 02 17.91465 10 39 26.40 -17 19 23.6          15.8 GV~4cu1221
99942         C2021 02 17.91586 10 39 26.07 -17 19 22.0          15.8 GV~4cu1221
99942         C2021 02 17.91707 10 39 25.74 -17 19 20.5          15.8 GV~4cu1221
99942         C2021 02 17.93381 10 39 21.20 -17 18 59.6          15.7 GV~4cu1221
99942         C2021 02 17.93528 10 39 20.80 -17 18 57.8          15.7 GV~4cu1221
99942         C2021 02 17.93649 10 39 20.46 -17 18 56.2          15.7 GV~4cu1221
99942         C2021 02 17.93863 10 39 17.34 -17 20 06.9          15.7 Rq~4cu1168
99942         C2021 02 17.95257 10 39 16.28 -17 19 44.4                V~4cu1204
99942         C2021 02 17.95420 10 39 15.87 -17 19 42.4          15.7 GV~4cu1204
99942         C2021 02 17.95827 10 39 14.77 -17 19 37.2                V~4cu1204
99942        HC2021 02 18.29754 10 37 51.16 -17 12 00.8          15.3 Ro~4cu1691
99942        HC2021 02 18.29909 10 37 50.74 -17 11 58.7          15.4 Ro~4cu1691
99942        HC2021 02 18.30064 10 37 50.31 -17 11 56.8          15.4 Ro~4cu1691
99942         C2021 02 18.85569 10 35 34.01 -16 58 09.9          15.5 GV~4cu1221
99942         C2021 02 18.85705 10 35 33.64 -16 58 08.1          15.5 GV~4cu1221
99942         C2021 02 18.85828 10 35 33.30 -16 58 06.5          15.5 GV~4cu1221
99942         C2021 02 18.87654 10 35 28.33 -16 57 42.4          15.6 GV~4cu1221
99942         C2021 02 18.87789 10 35 27.97 -16 57 40.5          15.6 GV~4cu1221
99942         C2021 02 18.87912 10 35 27.61 -16 57 38.8          15.6 GV~4cu1221
99942         C2021 02 18.89748 10 35 22.57 -16 57 14.3          15.7 GV~4cu1221
99942         C2021 02 18.89870 10 35 22.21 -16 57 12.5          15.7 GV~4cu1221
99942         C2021 02 18.89994 10 35 21.89 -16 57 10.9          15.6 GV~4cu1221
99942         C2021 02 18.92192 10 35 15.80 -16 56 41.1          15.7 GV~4cu1221
99942         C2021 02 18.92315 10 35 15.45 -16 56 39.3          15.7 GV~4cu1221
99942         C2021 02 18.92438 10 35 15.12 -16 56 37.7          15.7 GV~4cu1221
99942         C2021 02 18.93402 10 35 11.83 -16 57 36.3          15.9 Vq~4cu1056
99942         C2021 02 18.94353 10 35 09.76 -16 56 11.3          15.7 GV~4cu1221
99942         C2021 02 18.94475 10 35 09.41 -16 56 09.5          15.8 GV~4cu1221
99942         C2021 02 18.94622 10 35 09.02 -16 56 07.5          15.7 GV~4cu1221
99942         C2021 02 18.95088 10 35 07.25 -16 57 13.2          15.9 Vq~4cu1056
99942         C2021 02 18.96736 10 35 02.77 -16 56 49.6          15.8 Vq~4cu1056
99942         C2021 02 18.97065 10 35 01.86 -16 56 45.0          15.9 Vq~4cu1056
99942        KC2021 02 19.00395910 34 53.93 -16 55 58.9          15.9 GV~4cu1Z80
99942        KC2021 02 19.00743310 34 53.01 -16 55 53.9          16.4 GV~4cu1Z80
99942        KC2021 02 19.01090310 34 52.04 -16 55 49.1          16.8 GV~4cu1Z80
99942        KC2021 02 19.01437510 34 51.12 -16 55 44.0          15.7 GV~4cu1Z80
99942         C2021 02 19.30206610 33 38.83 -16 48 37.7          15.40GV~4cu1703
99942         C2021 02 19.30743410 33 37.30 -16 48 29.4          15.42GV~4cu1703
99942         C2021 02 19.31815910 33 34.31 -16 48 13.5          15.35GV~4cu1703
99942         S2021 02 19.79451310 32 49.260-16 56 01.79         15.7 GV~6oz2C57
99942         s2021 02 19.7945131 -200299.471 +186790.132 +37143.2790   ~6oz2C57
99942         S2021 02 19.80145710 32 46.946-16 55 50.48         15.6 GV~6oz2C57
99942         s2021 02 19.8014571 -200341.908 +186135.761 +37156.2050   ~6oz2C57
99942         S2021 02 19.80840210 32 44.645-16 55 39.61         15.5 GV~6oz2C57
99942         s2021 02 19.8084021 -200382.981 +185480.117 +37168.8770   ~6oz2C57
99942         S2021 02 19.81534610 32 42.367-16 55 27.48         15.6 GV~6oz2C57
99942         s2021 02 19.8153461 -200422.684 +184823.197 +37181.2950   ~6oz2C57
99942         S2021 02 19.82229110 32 40.025-16 55 16.86         15.5 GV~6oz2C57
99942         s2021 02 19.8222911 -200461.010 +184165.001 +37193.4570   ~6oz2C57
99942         C2021 02 19.82493 10 31 25.75 -16 35 31.9          15.3 GV~4cu1M44
99942         S2021 02 19.82923510 32 37.764-16 55 05.27         15.6 GV~6oz2C57
99942         s2021 02 19.8292351 -200497.953 +183505.527 +37205.3610   ~6oz2C57
99942         S2021 02 19.83618010 32 35.424-16 54 54.29         15.6 GV~6oz2C57
99942         s2021 02 19.8361801 -200533.505 +182844.775 +37217.0080   ~6oz2C57
99942         C2021 02 19.83751 10 31 22.10 -16 35 13.7          15.5 GV~4cu1M44
99942         S2021 02 19.84312410 32 33.163-16 54 43.31         15.6 GV~6oz2C57
99942         s2021 02 19.8431241 -200567.662 +182182.743 +37228.3950   ~6oz2C57
99942         S2021 02 19.85006810 32 30.799-16 54 32.26         15.6 GV~6oz2C57
99942         s2021 02 19.8500681 -200600.415 +181519.431 +37239.5210   ~6oz2C57
99942         C2021 02 19.85221 10 31 17.93 -16 34 51.1          15.3 GV~4cu1M44
99942         S2021 02 19.85701310 32 28.502-16 54 21.46         15.5 GV~6oz2C57
99942         s2021 02 19.8570131 -200631.758 +180854.836 +37250.3840   ~6oz2C57
99942         S2021 02 19.86395710 32 26.239-16 54 09.83         15.5 GV~6oz2C57
99942         s2021 02 19.8639571 -200661.685 +180188.958 +37260.9850   ~6oz2C57
99942         S2021 02 19.87090210 32 24.019-16 53 58.74         15.6 GV~6oz2C57
99942         s2021 02 19.8709021 -200690.189 +179521.796 +37271.3200   ~6oz2C57
99942         S2021 02 19.87784610 32 21.583-16 53 47.04         15.5 GV~6oz2C57
99942         s2021 02 19.8778461 -200717.262 +178853.348 +37281.3900   ~6oz2C57
99942         S2021 02 19.88479110 32 19.274-16 53 36.31         15.4 GV~6oz2C57
99942         s2021 02 19.8847911 -200742.898 +178183.614 +37291.1920   ~6oz2C57
99942         S2021 02 19.89173510 32 16.978-16 53 25.40         15.5 GV~6oz2C57
99942         s2021 02 19.8917351 -200767.091 +177512.592 +37300.7260   ~6oz2C57
99942         S2021 02 19.89868010 32 14.681-16 53 14.32         15.5 GV~6oz2C57
99942         s2021 02 19.8986801 -200789.832 +176840.281 +37309.9900   ~6oz2C57
99942         S2021 02 19.90562410 32 12.403-16 53 02.65         15.5 GV~6oz2C57
99942         s2021 02 19.9056241 -200811.116 +176166.680 +37318.9820   ~6oz2C57
99942         S2021 02 19.91256810 32 10.070-16 52 51.31         15.4 GV~6oz2C57
99942         s2021 02 19.9125681 -200830.935 +175491.788 +37327.7020   ~6oz2C57
99942        2C2021 02 19.91699 10 31 00.96 -16 33 28.8          16.4 Lc~4cu1095
99942        1C2021 02 19.91730 10 31 02.04 -16 33 27.4          15.4 G ~4oN3L28
99942        2C2021 02 19.91738 10 31 00.86 -16 33 28.0          16.3 Lc~4cu1095
99942        2C2021 02 19.91776 10 31 00.74 -16 33 27.2          16.3 Lc~4cu1095
99942        2C2021 02 19.91796 10 31 00.70 -16 33 26.7          16.3 Lc~4cu1095
99942        1C2021 02 19.91804 10 31 01.83 -16 33 26.1          15.4 G ~4oN3L28
99942        2C2021 02 19.91815 10 31 00.65 -16 33 26.4          16.2 Lc~4cu1095
99942        2C2021 02 19.91835 10 31 00.58 -16 33 26.5          16.3 Lc~4cu1095
99942        2C2021 02 19.91873 10 31 00.45 -16 33 25.6          16.2 Lc~4cu1095
99942        2C2021 02 19.91893 10 31 00.40 -16 33 25.0          16.2 Lc~4cu1095
99942         S2021 02 19.91951310 32 07.778-16 52 40.66         15.4 GV~6oz2C57
99942         s2021 02 19.9195131 -200849.281 +174815.603 +37336.1470   ~6oz2C57
99942        1C2021 02 19.91953 10 31 01.44 -16 33 23.2          15.3 G ~4oN3L28
99942        1C2021 02 19.92101 10 31 01.03 -16 33 21.0          15.4 G ~4oN3L28
99942        1C2021 02 19.92249 10 31 00.61 -16 33 19.6          15.4 G ~4oN3L28
99942        1C2021 02 19.92381110 31 01.458-16 33 09.17         15.4 GV~4cu1Z84
99942        1C2021 02 19.92471 10 30 59.96 -16 33 16.0          15.3 G ~4oN3L28
99942        1C2021 02 19.92619 10 30 59.60 -16 33 14.1          15.4 G ~4oN3L28
99942         S2021 02 19.92645710 32 05.453-16 52 29.46         15.4 GV~6oz2C57
99942         s2021 02 19.9264571 -200866.149 +174138.125 +37344.3180   ~6oz2C57
99942        1C2021 02 19.92693 10 30 59.34 -16 33 12.6          15.4 G ~4oN3L28
99942        1C2021 02 19.92841 10 30 58.95 -16 33 10.6          15.2 G ~4oN3L28
99942        1C2021 02 19.92916 10 30 58.76 -16 33 09.0          15.5 G ~4oN3L28
99942         S2021 02 19.93340210 32 03.173-16 52 17.87         15.4 GV~6oz2C57
99942         s2021 02 19.9334021 -200881.530 +173459.353 +37352.2110   ~6oz2C57
99942        1C2021 02 19.93360 10 30 57.52 -16 33 02.8          15.4 G ~4oN3L28
99942        1C2021 02 19.93508 10 30 57.09 -16 33 01.0          15.3 G ~4oN3L28
99942        1C2021 02 19.93582 10 30 56.84 -16 32 59.2          15.4 G ~4oN3L28
99942        1C2021 02 19.93730 10 30 56.49 -16 32 57.6          15.4 G ~4oN3L28
99942         S2021 02 19.94034610 32 00.780-16 52 06.28         15.4 GV~6oz2C57
99942         s2021 02 19.9403461 -200895.417 +172779.285 +37359.8260   ~6oz2C57
99942        1C2021 02 19.94101 10 30 55.41 -16 32 51.5          15.2 G ~4oN3L28
99942        1C2021 02 19.94249 10 30 54.98 -16 32 50.5          15.4 G ~4oN3L28
99942         S2021 02 19.94729110 31 58.507-16 51 55.22         15.3 GV~6oz2C57
99942         s2021 02 19.9472911 -200907.803 +172097.921 +37367.1620   ~6oz2C57
99942        1C2021 02 19.94767 10 30 53.54 -16 32 41.9          15.3 G ~4oN3L28
99942        1C2021 02 19.94990 10 30 52.95 -16 32 38.7          15.4 G ~4oN3L28
99942        1C2021 02 19.95138 10 30 52.54 -16 32 36.8          15.4 G ~4oN3L28
99942        1C2021 02 19.95286 10 30 52.10 -16 32 34.4          15.5 G ~4oN3L28
99942         S2021 02 19.95423510 31 56.210-16 51 43.24         15.4 GV~6oz2C57
99942         s2021 02 19.9542351 -200918.681 +171415.258 +37374.2170   ~6oz2C57
99942        1C2021 02 19.95434 10 30 51.66 -16 32 31.9          15.4 G ~4oN3L28
99942        1C2021 02 19.95582 10 30 51.26 -16 32 29.8          15.4 G ~4oN3L28
99942        1C2021 02 19.95730 10 30 50.81 -16 32 28.0          15.2 G ~4oN3L28
99942        1C2021 02 19.95878 10 30 50.40 -16 32 25.8          15.4 G ~4oN3L28
99942         S2021 02 19.96117910 31 53.902-16 51 31.50         15.3 GV~6oz2C57
99942         s2021 02 19.9611791 -200928.042 +170731.297 +37380.9890   ~6oz2C57
99942        1C2021 02 19.96175 10 30 49.56 -16 32 21.3          15.4 G ~4oN3L28
99942        1C2021 02 19.96569210 30 49.766-16 32 07.22         15.4 GV~4cu1Z84
99942         S2021 02 19.96812410 31 51.600-16 51 20.27         15.4 GV~6oz2C57
99942         s2021 02 19.9681241 -200935.881 +170046.036 +37387.4780   ~6oz2C57
99942        1C2021 02 19.96841 10 30 47.72 -16 32 10.7          15.2 G ~4oN3L28
99942        1C2021 02 19.97360 10 30 46.28 -16 32 02.8          15.2 G ~4oN3L28
99942         S2021 02 19.97506810 31 49.349-16 51 08.93         15.4 GV~6oz2C57
99942         s2021 02 19.9750681 -200942.188 +169359.473 +37393.6810   ~6oz2C57
99942         S2021 02 19.98201310 31 46.973-16 50 57.95         15.3 GV~6oz2C57
99942         s2021 02 19.9820131 -200946.958 +168671.609 +37399.5980   ~6oz2C57
99942        2C2021 02 19.98623 10 30 41.63 -16 31 41.7          16.0 Lc~4cu1095
99942        2C2021 02 19.98700 10 30 41.38 -16 31 40.5          16.1 Lc~4cu1095
99942        2C2021 02 19.98758 10 30 41.21 -16 31 39.0          15.9 Lc~4cu1095
99942        2C2021 02 19.98778 10 30 41.13 -16 31 38.7          16.1 Lc~4cu1095
99942        2C2021 02 19.98836 10 30 41.00 -16 31 38.2          16.0 Lc~4cu1095
99942        2C2021 02 19.98855 10 30 40.95 -16 31 38.2          16.1 Lc~4cu1095
99942         S2021 02 19.98895710 31 44.614-16 50 46.07         15.3 GV~6oz2C57
99942         s2021 02 19.9889571 -200950.181 +167982.441 +37405.2270   ~6oz2C57
99942         S2021 02 19.99590210 31 42.283-16 50 34.66         15.3 GV~6oz2C57
99942         s2021 02 19.9959021 -200951.850 +167291.969 +37410.5650   ~6oz2C57
99942         S2021 02 20.00284610 31 39.984-16 50 23.68         15.3 GV~6oz2C57
99942         s2021 02 20.0028461 -200951.957 +166600.192 +37415.6130   ~6oz2C57
99942        1C2021 02 20.00715510 30 38.073-16 31 04.45         15.4 GV~4cu1Z84
99942         S2021 02 20.00979110 31 37.670-16 50 11.18         15.4 GV~6oz2C57
99942         s2021 02 20.0097911 -200950.496 +165907.108 +37420.3680   ~6oz2C57
99942         S2021 02 20.01673510 31 35.359-16 49 59.95         15.4 GV~6oz2C57
99942         s2021 02 20.0167351 -200947.457 +165212.717 +37424.8290   ~6oz2C57
99942         S2021 02 20.02367910 31 33.038-16 49 48.50         15.4 GV~6oz2C57
99942         s2021 02 20.0236791 -200942.833 +164517.017 +37428.9950   ~6oz2C57
99942         S2021 02 20.03062410 31 30.691-16 49 36.88         15.3 GV~6oz2C57
99942         s2021 02 20.0306241 -200936.616 +163820.008 +37432.8630   ~6oz2C57
99942         S2021 02 20.03756810 31 28.008-16 49 26.94         15.4 GV~6oz2C57
99942         s2021 02 20.0375681 -200928.798 +163121.689 +37436.4320   ~6oz2C57
99942         S2021 02 20.04451310 31 26.076-16 49 15.02         15.3 GV~6oz2C57
99942         s2021 02 20.0445131 -200919.370 +162422.058 +37439.7020   ~6oz2C57
99942        1C2021 02 20.04903710 30 26.226-16 29 59.98         15.3 GV~4cu1Z84
99942         S2021 02 20.05145710 31 23.777-16 49 02.14         15.3 GV~6oz2C57
99942         s2021 02 20.0514571 -200908.325 +161721.114 +37442.6690   ~6oz2C57
99942         S2021 02 20.05840210 31 21.444-16 48 50.44         15.3 GV~6oz2C57
99942         s2021 02 20.0584021 -200895.654 +161018.857 +37445.3330   ~6oz2C57
99942         S2021 02 20.06534610 31 19.116-16 48 38.81         15.3 GV~6oz2C57
99942         s2021 02 20.0653461 -200881.350 +160315.285 +37447.6930   ~6oz2C57
99942         S2021 02 20.07229110 31 16.757-16 48 27.79         15.4 GV~6oz2C57
99942         s2021 02 20.0722911 -200865.403 +159610.398 +37449.7450   ~6oz2C57
99942         S2021 02 20.07923510 31 14.414-16 48 16.13         15.3 GV~6oz2C57
99942         s2021 02 20.0792351 -200847.806 +158904.194 +37451.4900   ~6oz2C57
99942         S2021 02 20.08617910 31 12.122-16 48 04.18         15.3 GV~6oz2C57
99942         s2021 02 20.0861791 -200828.549 +158196.673 +37452.9240   ~6oz2C57
99942         S2021 02 20.09312410 31 09.816-16 47 52.51         15.3 GV~6oz2C57
99942         s2021 02 20.0931241 -200807.625 +157487.833 +37454.0480   ~6oz2C57
99942         S2021 02 20.10006810 31 07.476-16 47 41.03         15.4 GV~6oz2C57
99942         s2021 02 20.1000681 -200785.025 +156777.674 +37454.8580   ~6oz2C57
99942         S2021 02 20.10701310 31 05.146-16 47 29.36         15.4 GV~6oz2C57
99942         s2021 02 20.1070131 -200760.739 +156066.194 +37455.3530   ~6oz2C57
99942         S2021 02 20.11395710 31 02.791-16 47 16.94         15.4 GV~6oz2C57
99942         s2021 02 20.1139571 -200734.761 +155353.394 +37455.5320   ~6oz2C57
99942         S2021 02 20.12090210 31 00.475-16 47 05.14         15.4 GV~6oz2C57
99942         s2021 02 20.1209021 -200707.079 +154639.271 +37455.3940   ~6oz2C57
99942         S2021 02 20.12784610 30 58.145-16 46 53.76         15.5 GV~6oz2C57
99942         s2021 02 20.1278461 -200677.687 +153923.826 +37454.9350   ~6oz2C57
99942         S2021 02 20.13479110 30 55.774-16 46 41.77         15.4 GV~6oz2C57
99942         s2021 02 20.1347911 -200646.574 +153207.056 +37454.1550   ~6oz2C57
99942         S2021 02 20.14173510 30 53.494-16 46 30.18         15.4 GV~6oz2C57
99942         s2021 02 20.1417351 -200613.732 +152488.961 +37453.0510   ~6oz2C57
99942         S2021 02 20.14867910 30 51.091-16 46 18.05         15.4 GV~6oz2C57
99942         s2021 02 20.1486791 -200579.152 +151769.541 +37451.6230   ~6oz2C57
99942         S2021 02 20.15562410 30 48.799-16 46 06.06         15.5 GV~6oz2C57
99942         s2021 02 20.1556241 -200542.824 +151048.795 +37449.8680   ~6oz2C57
99942         S2021 02 20.16256810 30 46.426-16 45 54.25         15.5 GV~6oz2C57
99942         s2021 02 20.1625681 -200504.740 +150326.721 +37447.7850   ~6oz2C57
99942         S2021 02 20.16951310 30 44.131-16 45 42.16         15.5 GV~6oz2C57
99942         s2021 02 20.1695131 -200464.891 +149603.318 +37445.3710   ~6oz2C57
99942         S2021 02 20.17645710 30 41.808-16 45 30.42         15.5 GV~6oz2C57
99942         s2021 02 20.1764571 -200423.266 +148878.587 +37442.6260   ~6oz2C57
99942         S2021 02 20.18340210 30 39.418-16 45 18.18         15.5 GV~6oz2C57
99942         s2021 02 20.1834021 -200379.856 +148152.526 +37439.5460   ~6oz2C57
99942         S2021 02 20.19034610 30 37.109-16 45 06.30         15.6 GV~6oz2C57
99942         s2021 02 20.1903461 -200334.652 +147425.134 +37436.1310   ~6oz2C57
99942         S2021 02 20.19729010 30 34.747-16 44 54.24         15.5 GV~6oz2C57
99942         s2021 02 20.1972901 -200287.645 +146696.411 +37432.3790   ~6oz2C57
99942         S2021 02 20.20423510 30 32.374-16 44 42.76         15.6 GV~6oz2C57
99942         s2021 02 20.2042351 -200238.824 +145966.355 +37428.2870   ~6oz2C57
99942         S2021 02 20.21117910 30 30.103-16 44 30.52         15.7 GV~6oz2C57
99942         s2021 02 20.2111791 -200188.181 +145234.967 +37423.8540   ~6oz2C57
99942         S2021 02 20.21812410 30 27.799-16 44 18.96         15.6 GV~6oz2C57
99942         s2021 02 20.2181241 -200135.705 +144502.245 +37419.0780   ~6oz2C57
99942         S2021 02 20.22506810 30 25.392-16 44 06.76         15.6 GV~6oz2C57
99942         s2021 02 20.2250681 -200081.386 +143768.188 +37413.9570   ~6oz2C57
99942         S2021 02 20.23201310 30 23.095-16 43 54.23         15.6 GV~6oz2C57
99942         s2021 02 20.2320131 -200025.214 +143032.797 +37408.4900   ~6oz2C57
99942         S2021 02 20.23895710 30 20.782-16 43 42.60         15.7 GV~6oz2C57
99942         s2021 02 20.2389571 -199967.180 +142296.070 +37402.6730   ~6oz2C57
99942         S2021 02 20.24590210 30 18.434-16 43 30.50         15.7 GV~6oz2C57
99942         s2021 02 20.2459021 -199907.274 +141558.006 +37396.5060   ~6oz2C57
99942         S2021 02 20.25284610 30 16.034-16 43 18.59         15.7 GV~6oz2C57
99942         s2021 02 20.2528461 -199845.484 +140818.605 +37389.9860   ~6oz2C57
99942         S2021 02 20.25979010 30 13.742-16 43 05.95         15.8 GV~6oz2C57
99942         s2021 02 20.2597901 -199781.802 +140077.866 +37383.1120   ~6oz2C57
99942         S2021 02 20.26673510 30 11.318-16 42 53.89         15.7 GV~6oz2C57
99942         s2021 02 20.2667351 -199716.215 +139335.789 +37375.8810   ~6oz2C57
99942         S2021 02 20.27367910 30 08.983-16 42 41.90         15.7 GV~6oz2C57
99942         s2021 02 20.2736791 -199648.716 +138592.374 +37368.2920   ~6oz2C57
99942         S2021 02 20.28062410 30 06.648-16 42 29.27         15.8 GV~6oz2C57
99942         s2021 02 20.2806241 -199579.291 +137847.618 +37360.3410   ~6oz2C57
99942         S2021 02 20.28756810 30 04.327-16 42 18.00         15.8 GV~6oz2C57
99942         s2021 02 20.2875681 -199507.932 +137101.523 +37352.0290   ~6oz2C57
99942         S2021 02 20.29451310 30 01.968-16 42 05.00         15.8 GV~6oz2C57
99942         s2021 02 20.2945131 -199434.627 +136354.086 +37343.3510   ~6oz2C57
99942         S2021 02 20.30145710 29 59.642-16 41 52.48         15.8 GV~6oz2C57
99942         s2021 02 20.3014571 -199359.366 +135605.309 +37334.3070   ~6oz2C57
99942         S2021 02 20.30840210 29 57.223-16 41 40.96         15.8 GV~6oz2C57
99942         s2021 02 20.3084021 -199282.137 +134855.190 +37324.8940   ~6oz2C57
99942         S2021 02 20.31534610 29 54.835-16 41 28.72         15.8 GV~6oz2C57
99942         s2021 02 20.3153461 -199202.930 +134103.729 +37315.1100   ~6oz2C57
99942         S2021 02 20.32229010 29 52.579-16 41 16.76         15.9 GV~6oz2C57
99942         s2021 02 20.3222901 -199121.734 +133350.925 +37304.9530   ~6oz2C57
99942         S2021 02 20.32923510 29 50.239-16 41 04.13         15.8 GV~6oz2C57
99942         s2021 02 20.3292351 -199038.538 +132596.779 +37294.4210   ~6oz2C57
99942         S2021 02 20.33617910 29 47.813-16 40 51.49         15.9 GV~6oz3C57
99942         s2021 02 20.3361791 -198953.330 +131841.288 +37283.5110   ~6oz3C57
99942         S2021 02 20.34312410 29 45.487-16 40 40.08         15.9 GV~6oz3C57
99942         s2021 02 20.3431241 -198866.099 +131084.455 +37272.2220   ~6oz3C57
99942         S2021 02 20.35006810 29 43.121-16 40 27.26         15.8 GV~6oz3C57
99942         s2021 02 20.3500681 -198776.834 +130326.276 +37260.5510   ~6oz3C57
99942         S2021 02 20.35701310 29 40.771-16 40 14.02         15.8 GV~6oz3C57
99942         s2021 02 20.3570131 -198685.523 +129566.754 +37248.4970   ~6oz3C57
99942         S2021 02 20.36395710 29 38.424-16 40 02.21         15.9 GV~6oz3C57
99942         s2021 02 20.3639571 -198592.155 +128805.886 +37236.0560   ~6oz3C57
99942         S2021 02 20.37090210 29 36.041-16 39 49.14         15.8 GV~6oz3C57
99942         s2021 02 20.3709021 -198496.718 +128043.674 +37223.2270   ~6oz3C57
99942         S2021 02 20.37784610 29 33.684-16 39 37.73         15.9 GV~6oz3C57
99942         s2021 02 20.3778461 -198399.200 +127280.116 +37210.0070   ~6oz3C57
99942         S2021 02 20.39173510 29 29.026-16 39 12.85         15.9 GV~6oz3C57
99942         s2021 02 20.3917351 -198197.875 +125748.963 +37182.3860   ~6oz3C57
99942         S2021 02 20.39867910 29 26.606-16 38 59.96         15.8 GV~6oz3C57
99942         s2021 02 20.3986791 -198094.043 +124981.367 +37167.9810   ~6oz3C57
99942         S2021 02 20.40562410 29 24.336-16 38 48.01         15.8 GV~6oz3C57
99942         s2021 02 20.4056241 -197988.083 +124212.426 +37153.1750   ~6oz3C57
99942         S2021 02 20.41256810 29 21.886-16 38 35.81         15.7 GV~6oz3C57
99942         s2021 02 20.4125681 -197879.981 +123442.138 +37137.9680   ~6oz3C57
99942         S2021 02 20.41951310 29 19.613-16 38 22.92         15.7 GV~6oz3C57
99942         s2021 02 20.4195131 -197769.726 +122670.504 +37122.3560   ~6oz3C57
99942         S2021 02 20.42645710 29 17.165-16 38 10.68         15.7 GV~6oz3C57
99942         s2021 02 20.4264571 -197657.304 +121897.524 +37106.3360   ~6oz3C57
99942         S2021 02 20.43340210 29 14.868-16 37 58.37         15.8 GV~6oz3C57
99942         s2021 02 20.4334021 -197542.704 +121123.197 +37089.9080   ~6oz3C57
99942         S2021 02 20.44034610 29 12.475-16 37 45.34         15.8 GV~6oz3C57
99942         s2021 02 20.4403461 -197425.913 +120347.523 +37073.0670   ~6oz3C57
99942         S2021 02 20.44729010 29 10.082-16 37 32.56         15.7 GV~6oz3C57
99942         s2021 02 20.4472901 -197306.918 +119570.504 +37055.8120   ~6oz3C57
99942         S2021 02 20.45423510 29 07.762-16 37 19.16         15.7 GV~6oz3C57
99942         s2021 02 20.4542351 -197185.706 +118792.138 +37038.1410   ~6oz3C57
99942         S2021 02 20.46117910 29 05.371-16 37 06.89         15.7 GV~6oz3C57
99942         s2021 02 20.4611791 -197062.264 +118012.426 +37020.0500   ~6oz3C57
99942         S2021 02 20.46812410 29 02.986-16 36 54.11         15.7 GV~6oz3C57
99942         s2021 02 20.4681241 -196936.578 +117231.368 +37001.5370   ~6oz3C57
99942         S2021 02 20.47506810 29 00.619-16 36 41.65         15.6 GV~6oz3C57
99942         s2021 02 20.4750681 -196808.636 +116448.964 +36982.6000   ~6oz3C57
99942         S2021 02 20.48201310 28 58.334-16 36 29.09         15.7 GV~6oz3C57
99942         s2021 02 20.4820131 -196678.425 +115665.214 +36963.2350   ~6oz3C57
99942         S2021 02 20.48895710 28 55.963-16 36 16.20         15.6 GV~6oz3C57
99942         s2021 02 20.4889571 -196545.930 +114880.119 +36943.4420   ~6oz3C57
99942         S2021 02 20.49590110 28 53.568-16 36 03.17         15.6 GV~6oz3C57
99942         s2021 02 20.4959011 -196411.138 +114093.679 +36923.2150   ~6oz3C57
99942         S2021 02 20.50284610 28 51.166-16 35 50.57         15.6 GV~6oz3C57
99942         s2021 02 20.5028461 -196274.035 +113305.895 +36902.5550   ~6oz3C57
99942         S2021 02 20.50979010 28 48.878-16 35 38.11         15.6 GV~6oz3C57
99942         s2021 02 20.5097901 -196134.609 +112516.766 +36881.4560   ~6oz3C57
99942         S2021 02 20.51673510 28 46.469-16 35 25.51         15.6 GV~6oz3C57
99942         s2021 02 20.5167351 -195992.844 +111726.293 +36859.9180   ~6oz3C57
99942         S2021 02 20.52367910 28 44.122-16 35 12.55         15.6 GV~6oz3C57
99942         s2021 02 20.5236791 -195848.726 +110934.476 +36837.9360   ~6oz3C57
99942         C2021 02 20.52528710 28 21.13 -16 17 14.2          15.71cV~4cu1T05
99942         C2021 02 20.52804910 28 20.33 -16 17 09.6          15.86cV~4cu1T05
99942         S2021 02 20.53062410 28 41.803-16 34 59.77         15.5 GV~6oz3C57
99942         s2021 02 20.5306241 -195702.242 +110141.317 +36815.5090   ~6oz3C57
99942         C2021 02 20.53449310 28 18.48 -16 16 59.4          15.40cV~4cu1T05
99942         S2021 02 20.53756810 28 39.406-16 34 46.96         15.5 GV~6oz3C57
99942         s2021 02 20.5375681 -195553.376 +109346.815 +36792.6340   ~6oz3C57
99942         S2021 02 20.54451310 28 36.955-16 34 33.71         15.5 GV~6oz3C57
99942         s2021 02 20.5445131 -195402.116 +108550.972 +36769.3070   ~6oz3C57
99942         C2021 02 20.54550410 28 15.34 -16 16 40.4          15.96cV~4cu1T05
99942         S2021 02 20.55145710 28 34.589-16 34 20.32         15.7 GV~6oz3C57
99942         s2021 02 20.5514571 -195248.445 +107753.788 +36745.5270   ~6oz3C57
99942         S2021 02 20.55840110 28 32.309-16 34 09.66         15.6 GV~6oz3C57
99942         s2021 02 20.5584011 -195092.350 +106955.263 +36721.2890   ~6oz3C57
99942         S2021 02 20.56534610 28 29.897-16 33 56.56         15.6 GV~6oz3C57
99942         s2021 02 20.5653461 -194933.815 +106155.398 +36696.5920   ~6oz3C57
99942         S2021 02 20.57229010 28 27.497-16 33 43.13         15.4 GV~6oz3C57
99942         s2021 02 20.5722901 -194772.825 +105354.195 +36671.4320   ~6oz3C57
99942         S2021 02 20.57923510 28 25.116-16 33 29.74         15.4 GV~6oz3C57
99942         s2021 02 20.5792351 -194609.366 +104551.653 +36645.8070   ~6oz3C57
99942         S2021 02 20.58617910 28 22.810-16 33 16.60         15.4 GV~6oz3C57
99942         s2021 02 20.5861791 -194443.422 +103747.775 +36619.7140   ~6oz3C57
99942        2C2021 02 20.72623 10 27 27.70 -16 10 44.6          14.7 RV~4cu1Q62
99942        2C2021 02 20.72806 10 27 27.21 -16 10 41.9          14.6 RV~4cu1Q62
99942        2C2021 02 20.72897 10 27 26.92 -16 10 40.1          14.7 RV~4cu1Q62
99942        2C2021 02 20.73080 10 27 26.45 -16 10 37.0          14.7 RV~4cu1Q62
99942        2C2021 02 20.84705 10 27 00.68 -16 08 52.8          16.2 Lc~4cu1095
99942        2C2021 02 20.84725 10 27 00.62 -16 08 52.1          16.2 Lc~4cu1095
99942        2C2021 02 20.84763 10 27 00.51 -16 08 52.2          16.2 Lc~4cu1095
99942        2C2021 02 20.84802 10 27 00.44 -16 08 51.2          16.1 Lc~4cu1095
99942        2C2021 02 20.84822 10 27 00.35 -16 08 51.3          16.1 Lc~4cu1095
99942        2C2021 02 20.84841 10 27 00.32 -16 08 50.6          16.3 Lc~4cu1095
99942        2C2021 02 20.84899 10 27 00.15 -16 08 49.9          16.2 Lc~4cu1095
99942        2C2021 02 20.84919 10 27 00.11 -16 08 49.5          16.2 Lc~4cu1095
99942        2C2021 02 20.84938 10 27 00.04 -16 08 49.6          16.3 Lc~4cu1095
99942        2C2021 02 20.84957 10 27 00.01 -16 08 48.9          16.2 Lc~4cu1095
99942        2C2021 02 20.84996 10 26 59.88 -16 08 48.2          15.9 Lc~4cu1095
99942        2C2021 02 20.85073 10 26 59.66 -16 08 47.2          16.2 Lc~4cu1095
99942        2C2021 02 20.85112 10 26 59.55 -16 08 46.1          16.1 Lc~4cu1095
99942        2C2021 02 20.85151 10 26 59.47 -16 08 45.2          16.3 Lc~4cu1095
99942         S2021 02 20.87784610 26 43.003-16 23 50.28         15.5 GV~6oz3C57
99942         s2021 02 20.8778461 -185005.537 +68799.3060 +35057.4920   ~6oz3C57
99942         S2021 02 20.91256810 26 30.946-16 22 41.20         15.7 GV~6oz3C57
99942         s2021 02 20.9125681 -183525.048 +64489.5330 +34803.9240   ~6oz3C57
99942        KC2021 02 20.93449310 26 36.48 -16 06 30.1          15.7 GV~4cu1L54
99942        dC2021 02 20.94332 10 26 34.76 -16 06 18.4          15.0 RV~4knYB72
99942        dC2021 02 20.94403 10 26 34.55 -16 06 16.6          14.7 RV~4knYB72
99942        KC2021 02 20.94439110 26 33.65 -16 06 13.5          15.5 GV~4cu1L54
99942        KC2021 02 20.94475 10 26 34.36 -16 06 15.3          15.0 RV~4knYB72
99942        dC2021 02 20.94546 10 26 34.16 -16 06 14.1          14.7 RV~4knYB72
99942        dC2021 02 20.94618 10 26 33.98 -16 06 13.4          14.9 RV~4knYB72
99942        KC2021 02 20.94653 10 26 33.85 -16 06 12.3          15.0 RV~4knYB72
99942        dC2021 02 20.94689 10 26 33.81 -16 06 12.2          14.9 RV~4knYB72
99942        dC2021 02 20.94761 10 26 33.58 -16 06 10.9          14.7 RV~4knYB72
99942        dC2021 02 20.94832 10 26 33.40 -16 06 10.1          15.0 RV~4knYB72
99942        dC2021 02 20.94904 10 26 33.16 -16 06 08.7          14.6 RV~4knYB72
99942        KC2021 02 20.95512210 26 30.61 -16 05 55.8          15.5 GV~4cu1L54
99942        KC2021 02 20.96045 10 26 29.80 -16 05 45.7          16.0 GV~4cu1G17
99942         S2021 02 20.96117910 26 14.378-16 21 00.72         15.8 GV~6oz3C57
99942         s2021 02 20.9611791 -181308.386 +58405.6500 +34421.5930   ~6oz3C57
99942        KC2021 02 20.96231 10 26 29.31 -16 05 43.9          16.0 GV~4cu1G17
99942         C2021 02 20.96330 10 26 28.43 -16 05 44.6          15.9 Vq~4cu1056
99942        KC2021 02 20.96417 10 26 28.76 -16 05 40.2          16.0 GV~4cu1G17
99942         S2021 02 20.96812310 26 12.108-16 20 46.18         15.8 GV~6oz3C57
99942         s2021 02 20.9681231 -180977.580 +57531.8480 +34364.2870   ~6oz3C57
99942         C2021 02 20.97319 10 26 25.62 -16 05 27.8          16.0 Vq~4cu1056
99942         S2021 02 20.97506810 26 09.737-16 20 31.81         15.8 GV~6oz3C57
99942         s2021 02 20.9750681 -180643.161 +56656.8970 +34306.2950   ~6oz3C57
99942         S2021 02 20.98201210 26 07.284-16 20 17.88         15.8 GV~6oz3C57
99942         s2021 02 20.9820121 -180305.105 +55780.8050 +34247.6120   ~6oz3C57
99942         C2021 02 20.98308 10 26 22.83 -16 05 11.4          16.2 Vq~4cu1056
99942         S2021 02 20.98895710 26 04.882-16 20 03.84         15.8 GV~6oz3C57
99942         s2021 02 20.9889571 -179963.383 +54903.5780 +34188.2310   ~6oz3C57
99942         S2021 02 20.99590110 26 02.520-16 19 50.05         15.8 GV~6oz3C57
99942         s2021 02 20.9959011 -179617.971 +54025.2240 +34128.1490   ~6oz3C57
99942         C2021 02 20.99626 10 26 19.07 -16 04 49.6          16.1 Vq~4cu1056
99942         S2021 02 21.00284610 26 00.156-16 19 35.18         15.8 GV~6oz3C57
99942         s2021 02 21.0028461 -179268.840 +53145.7520 +34067.3590   ~6oz3C57
99942         S2021 02 21.00979010 25 57.758-16 19 20.42         15.8 GV~6oz3C57
99942         s2021 02 21.0097901 -178915.963 +52265.1680 +34005.8570   ~6oz3C57
99942         S2021 02 21.01673510 25 55.402-16 19 06.28         15.8 GV~6oz3C57
99942         s2021 02 21.0167351 -178559.312 +51383.4810 +33943.6370   ~6oz3C57
99942         S2021 02 21.02367910 25 53.047-16 18 51.80         15.8 GV~6oz3C57
99942         s2021 02 21.0236791 -178198.861 +50500.7000 +33880.6940   ~6oz3C57
99942         S2021 02 21.03062310 25 50.710-16 18 35.93         15.8 GV~6oz3C57
99942         s2021 02 21.0306231 -177834.580 +49616.8330 +33817.0210   ~6oz3C57
99942        KC2021 02 21.03156810 26 09.52 -16 03 48.0          15.7 GV~4cu1104
99942        KC2021 02 21.03456210 26 08.67 -16 03 43.1          15.7 GV~4cu1104
99942        KC2021 02 21.03756410 26 07.81 -16 03 38.0          15.7 GV~4cu1104
99942         S2021 02 21.03756810 25 48.300-16 18 23.15         15.8 GV~6oz3C57
99942         s2021 02 21.0375681 -177466.441 +48731.8900 +33752.6150   ~6oz3C57
99942         S2021 02 21.04451210 25 45.842-16 18 07.70         15.7 GV~6oz3C57
99942         s2021 02 21.0445121 -177094.415 +47845.8780 +33687.4680   ~6oz3C57
99942         S2021 02 21.05145710 25 43.531-16 17 54.02         15.7 GV~6oz3C57
99942         s2021 02 21.0514571 -176718.474 +46958.8090 +33621.5750   ~6oz3C57
99942         S2021 02 21.05840110 25 41.105-16 17 39.34         15.7 GV~6oz3C57
99942         s2021 02 21.0584011 -176338.588 +46070.6900 +33554.9320   ~6oz3C57
99942         S2021 02 21.06534610 25 38.770-16 17 24.14         15.8 GV~6oz3C57
99942         s2021 02 21.0653461 -175954.727 +45181.5330 +33487.5310   ~6oz3C57
99942         S2021 02 21.07229010 25 36.379-16 17 09.78         15.6 GV~6oz3C57
99942         s2021 02 21.0722901 -175566.862 +44291.3470 +33419.3670   ~6oz3C57
99942         S2021 02 21.07923510 25 34.022-16 16 54.84         15.6 GV~6oz3C57
99942         s2021 02 21.0792351 -175174.962 +43400.1420 +33350.4350   ~6oz3C57
99942         S2021 02 21.08617910 25 31.601-16 16 40.12         15.6 GV~6oz3C57
99942         s2021 02 21.0861791 -174778.997 +42507.9300 +33280.7270   ~6oz3C57
99942         S2021 02 21.09312310 25 29.280-16 16 25.18         15.6 GV~6oz3C57
99942         s2021 02 21.0931231 -174378.935 +41614.7220 +33210.2390   ~6oz3C57
99942         S2021 02 21.10006810 25 26.882-16 16 10.63         15.6 GV~6oz3C57
99942         s2021 02 21.1000681 -173974.746 +40720.5280 +33138.9640   ~6oz3C57
99942         S2021 02 21.10701210 25 24.526-16 15 55.91         15.5 GV~6oz3C57
99942         s2021 02 21.1070121 -173566.398 +39825.3600 +33066.8960   ~6oz3C57
99942         S2021 02 21.11395710 25 22.114-16 15 40.93         15.5 GV~6oz3C57
99942         s2021 02 21.1139571 -173153.859 +38929.2310 +32994.0290   ~6oz3C57
99942         S2021 02 21.12090110 25 19.798-16 15 26.39         15.5 GV~6oz3C57
99942         s2021 02 21.1209011 -172737.097 +38032.1510 +32920.3560   ~6oz3C57
99942         S2021 02 21.12784610 25 17.342-16 15 11.02         15.4 GV~6oz3C57
99942         s2021 02 21.1278461 -172316.080 +37134.1350 +32845.8710   ~6oz3C57
99942         S2021 02 21.13479010 25 15.050-16 14 58.74         15.4 GV~6oz3C57
99942         s2021 02 21.1347901 -171890.774 +36235.1940 +32770.5680   ~6oz3C57
99942         S2021 02 21.14173510 25 12.593-16 14 42.29         15.5 GV~6oz3C57
99942         s2021 02 21.1417351 -171461.147 +35335.3420 +32694.4410   ~6oz3C57
99942         S2021 02 21.14867910 25 10.231-16 14 26.74         15.4 GV~6oz3C57
99942         s2021 02 21.1486791 -171027.166 +34434.5920 +32617.4820   ~6oz3C57
99942         S2021 02 21.15562310 25 07.961-16 14 11.44         15.4 GV~6oz3C57
99942         s2021 02 21.1556231 -170588.795 +33532.9580 +32539.6850   ~6oz3C57
99942         S2021 02 21.16256810 25 05.556-16 13 56.39         15.4 GV~6oz3C57
99942         s2021 02 21.1625681 -170146.001 +32630.4550 +32461.0440   ~6oz3C57
99942         S2021 02 21.16951210 25 03.218-16 13 41.70         15.4 GV~6oz3C57
99942         s2021 02 21.1695121 -169698.750 +31727.0970 +32381.5510   ~6oz3C57
99942         S2021 02 21.17645710 25 00.794-16 13 26.08         15.4 GV~6oz3C57
99942         s2021 02 21.1764571 -169247.007 +30822.8980 +32301.2000   ~6oz3C57
99942         S2021 02 21.18340110 24 58.481-16 13 11.17         15.3 GV~6oz3C57
99942         s2021 02 21.1834011 -168790.735 +29917.8750 +32219.9840   ~6oz3C57
99942         S2021 02 21.19034610 24 56.074-16 12 56.20         15.3 GV~6oz3C57
99942         s2021 02 21.1903461 -168329.900 +29012.0420 +32137.8960   ~6oz3C57
99942         S2021 02 21.19729010 24 53.731-16 12 40.82         15.3 GV~6oz3C57
99942         s2021 02 21.1972901 -167864.466 +28105.4170 +32054.9290   ~6oz3C57
99942         S2021 02 21.20423510 24 51.386-16 12 25.88         15.3 GV~6oz3C57
99942         s2021 02 21.2042351 -167394.396 +27198.0160 +31971.0760   ~6oz3C57
99942         S2021 02 21.21117910 24 49.025-16 12 10.84         15.3 GV~6oz3C57
99942         s2021 02 21.2111791 -166919.654 +26289.8550 +31886.3300   ~6oz3C57
99942         S2021 02 21.21812310 24 46.649-16 11 55.43         15.3 GV~6oz3C57
99942         s2021 02 21.2181231 -166440.201 +25380.9520 +31800.6830   ~6oz3C57
99942         S2021 02 21.22506810 24 44.299-16 11 39.98         15.3 GV~6oz3C57
99942         s2021 02 21.2250681 -165956.002 +24471.3260 +31714.1280   ~6oz3C57
99942         S2021 02 21.23201210 24 41.923-16 11 24.68         15.3 GV~6oz3C57
99942         s2021 02 21.2320121 -165467.018 +23560.9930 +31626.6580   ~6oz3C57
99942         S2021 02 21.23895710 24 39.588-16 11 09.17         15.3 GV~6oz3C57
99942         s2021 02 21.2389571 -164973.210 +22649.9740 +31538.2650   ~6oz3C57
99942         S2021 02 21.24590110 24 37.243-16 10 53.76         15.2 GV~6oz3C57
99942         s2021 02 21.2459011 -164474.540 +21738.2870 +31448.9410   ~6oz3C57
99942         S2021 02 21.25284610 24 34.877-16 10 38.60         15.3 GV~6oz3C57
99942         s2021 02 21.2528461 -163970.969 +20825.9530 +31358.6790   ~6oz3C57
99942         S2021 02 21.25979010 24 32.496-16 10 22.98         15.2 GV~6oz3C57
99942         s2021 02 21.2597901 -163462.458 +19912.9910 +31267.4720   ~6oz3C57
99942         S2021 02 21.26673410 24 30.163-16 10 08.08         15.3 GV~6oz3C57
99942         s2021 02 21.2667341 -162948.966 +18999.4220 +31175.3100   ~6oz3C57
99942         S2021 02 21.27367910 24 27.790-16 09 52.09         15.2 GV~6oz3C57
99942         s2021 02 21.2736791 -162430.454 +18085.2680 +31082.1880   ~6oz3C57
99942         S2021 02 21.28062310 24 25.450-16 09 36.58         15.2 GV~6oz3C57
99942         s2021 02 21.2806231 -161906.880 +17170.5500 +30988.0950   ~6oz3C57
99942         S2021 02 21.28756810 24 23.102-16 09 21.53         15.2 GV~6oz3C57
99942         s2021 02 21.2875681 -161378.204 +16255.2910 +30893.0260   ~6oz3C57
99942         S2021 02 21.29451210 24 20.767-16 09 05.33         15.4 GV~6oz3C57
99942         s2021 02 21.2945121 -160844.384 +15339.5140 +30796.9700   ~6oz3C57
99942         S2021 02 21.30145710 24 18.434-16 08 50.39         15.6 GV~6oz3C57
99942         s2021 02 21.3014571 -160305.378 +14423.2420 +30699.9200   ~6oz3C57
99942         S2021 02 21.32923410 24 09.029-16 07 46.88         15.5 GV~6oz3C57
99942         s2021 02 21.3292341 -158096.642 +10753.7030 +30301.6150   ~6oz3C57
99942         S2021 02 21.33617910 24 06.778-16 07 31.55         15.4 GV~6oz3C57
99942         s2021 02 21.3361791 -157531.063 + 9835.3340 +30199.4690   ~6oz3C57
99942         S2021 02 21.34312310 24 04.145-16 07 13.08         15.4 GV~6oz3C57
99942         s2021 02 21.3431231 -156960.038 + 8916.6250 +30096.2790   ~6oz3C57
99942         S2021 02 21.35006810 24 02.078-16 06 59.62         15.3 GV~6oz3C57
99942         s2021 02 21.3500681 -156383.522 + 7997.6040 +29992.0340   ~6oz3C57
99942         S2021 02 21.35701210 23 59.707-16 06 43.45         15.3 GV~6oz3C57
99942         s2021 02 21.3570121 -155801.469 + 7078.3000 +29886.7260   ~6oz3C57
99942         S2021 02 21.36395710 23 57.346-16 06 27.36         15.2 GV~6oz3C57
99942         s2021 02 21.3639571 -155213.834 + 6158.7420 +29780.3460   ~6oz3C57
99942         S2021 02 21.37090110 23 55.044-16 06 11.27         15.3 GV~6oz3C57
99942         s2021 02 21.3709011 -154620.571 + 5238.9610 +29672.8860   ~6oz3C57
99942         S2021 02 21.37784610 23 52.714-16 05 55.50         15.3 GV~6oz3C57
99942         s2021 02 21.3778461 -154021.632 + 4318.9880 +29564.3350   ~6oz3C57
99942         S2021 02 21.38479010 23 50.328-16 05 39.16         15.3 GV~6oz3C57
99942         s2021 02 21.3847901 -153416.971 + 3398.8550 +29454.6840   ~6oz3C57
99942         S2021 02 21.39173410 23 48.010-16 05 23.64         15.3 GV~6oz3C57
99942         s2021 02 21.3917341 -152806.541 + 2478.5940 +29343.9250   ~6oz3C57
99942         S2021 02 21.39867910 23 45.694-16 05 06.65         15.3 GV~6oz3C57
99942         s2021 02 21.3986791 -152190.292 + 1558.2390 +29232.0480   ~6oz3C57
99942         S2021 02 21.40562310 23 43.361-16 04 51.42         15.3 GV~6oz3C57
99942         s2021 02 21.4056231 -151568.178 +  637.8230 +29119.0420   ~6oz3C57
99942         S2021 02 21.41256810 23 41.057-16 04 35.29         15.4 GV~6oz3C57
99942         s2021 02 21.4125681 -150940.148 -  282.6170 +29004.8990   ~6oz3C57
99942         S2021 02 21.41951210 23 38.678-16 04 19.02         15.4 GV~6oz3C57
99942         s2021 02 21.4195121 -150306.154 - 1203.0450 +28889.6090   ~6oz3C57
99942         S2021 02 21.42645710 23 36.413-16 04 02.64         15.4 GV~6oz3C57
99942         s2021 02 21.4264571 -149666.146 - 2123.4260 +28773.1620   ~6oz3C57
99942         S2021 02 21.43340110 23 34.128-16 03 46.04         15.4 GV~6oz3C57
99942         s2021 02 21.4334011 -149020.073 - 3043.7200 +28655.5470   ~6oz3C57
99942         S2021 02 21.44034610 23 31.752-16 03 29.92         15.5 GV~6oz3C57
99942         s2021 02 21.4403461 -148367.886 - 3963.8890 +28536.7560   ~6oz3C57
99942         S2021 02 21.44729010 23 29.436-16 03 13.28         15.5 GV~6oz3C57
99942         s2021 02 21.4472901 -147709.532 - 4883.8930 +28416.7770   ~6oz3C57
99942         S2021 02 21.45423410 23 27.144-16 02 57.26         15.4 GV~6oz4C57
99942         s2021 02 21.4542341 -147044.961 - 5803.6920 +28295.6010   ~6oz4C57
99942         S2021 02 21.46117910 23 24.866-16 02 40.78         15.6 GV~6oz4C57
99942         s2021 02 21.4611791 -146374.120 - 6723.2430 +28173.2180   ~6oz4C57
99942         S2021 02 21.46812310 23 22.692-16 02 23.93         15.5 GV~6oz4C57
99942         s2021 02 21.4681231 -145696.956 - 7642.5030 +28049.6160   ~6oz4C57
99942        5C2021 02 21.56397 10 23 50.64 -15 47 24.4          14.9 RV~4cu1Q62
99942        5C2021 02 21.56486 10 23 50.39 -15 47 22.8          15.0 RV~4cu1Q62
99942        5C2021 02 21.57014 10 23 48.84 -15 47 13.8          15.0 RV~4cu1Q62
99942        5C2021 02 21.57101 10 23 48.60 -15 47 12.4          15.0 RV~4cu1Q62
99942        5C2021 02 21.57189 10 23 48.33 -15 47 10.8          15.0 RV~4cu1Q62
99942         C2021 02 21.61219 10 23 37.20 -15 47 17.4          15.6 Vq~4cu1Q21
99942         C2021 02 21.61534 10 23 36.34 -15 47 12.5          16.0 Vq~4cu1Q21
99942         C2021 02 21.61848 10 23 35.37 -15 47 06.9          14.9 Vq~4cu1Q21
99942         C2021 02 21.62162 10 23 34.47 -15 47 01.6          14.6 Vq~4cu1Q21
99942        1C2021 02 21.86013 10 22 33.18 -15 40 04.2          15.1 G ~4cu1L28
99942        1C2021 02 21.86161 10 22 32.77 -15 40 01.8          15.2 G ~4cu1L28
99942        1C2021 02 21.86235 10 22 32.55 -15 40 00.5          15.2 G ~4cu1L28
99942        1C2021 02 21.86605 10 22 31.52 -15 39 54.4          15.2 G ~4cu1L28
99942        1C2021 02 21.86679 10 22 31.27 -15 39 53.1          15.3 G ~4cu1L28
99942        1C2021 02 21.86828 10 22 30.85 -15 39 50.4          15.4 G ~4cu1L28
99942        1C2021 02 21.87124 10 22 29.99 -15 39 45.5          15.2 G ~4cu1L28
99942        1C2021 02 21.87272 10 22 29.55 -15 39 42.8          15.2 G ~4cu1L28
99942        1C2021 02 21.87420 10 22 29.14 -15 39 40.4          15.1 G ~4cu1L28
99942        1C2021 02 21.87568 10 22 28.73 -15 39 37.7          15.2 G ~4cu1L28
99942        1C2021 02 21.87642 10 22 28.53 -15 39 36.6          15.2 G ~4cu1L28
99942        1C2021 02 21.87716 10 22 28.32 -15 39 35.4          15.1 G ~4cu1L28
99942        1C2021 02 21.87791 10 22 28.07 -15 39 34.0          15.2 G ~4cu1L28
99942        KC2021 02 21.87843210 22 27.74 -15 39 40.1          16.1 GV~4cu1G34
99942        1C2021 02 21.87865 10 22 27.85 -15 39 32.8          15.1 G ~4cu1L28
99942        KC2021 02 21.88006610 22 27.28 -15 39 37.0          15.7 GV~4cu1G34
99942        1C2021 02 21.88087 10 22 27.21 -15 39 29.0          15.1 G ~4cu1L28
99942        KC2021 02 21.88170110 22 26.83 -15 39 34.1          15.5 GV~4cu1G34
99942        KC2021 02 21.88371 10 22 26.60 -15 39 26.4          15.4 GV~4cu1L39
99942        1C2021 02 21.88531 10 22 25.94 -15 39 21.6          15.1 G ~4cu1L28
99942        KC2021 02 21.88622 10 22 25.89 -15 39 21.9          15.4 GV~4cu1L39
99942        1C2021 02 21.88679 10 22 25.49 -15 39 19.2          15.1 G ~4cu1L28
99942        1C2021 02 21.88753 10 22 25.29 -15 39 17.7          15.2 G ~4cu2L28
99942        KC2021 02 21.88771710 22 25.11 -15 39 24.0          14.1 GV~4cu2G34
99942        KC2021 02 21.88874 10 22 25.15 -15 39 17.5          15.4 GV~4cu2L39
99942        KC2021 02 21.88935110 22 24.59 -15 39 20.5          15.6 GV~4cu2G34
99942        1C2021 02 21.88976 10 22 24.67 -15 39 14.2          15.1 G ~4cu2L28
99942        KC2021 02 21.89117 10 22 24.48 -15 39 13.5          15.2 GV~4cu2L39
99942        1C2021 02 21.89198 10 22 24.01 -15 39 10.6          15.2 G ~4cu2L28
99942        1C2021 02 21.89272 10 22 23.81 -15 39 09.1          15.2 G ~4cu2L28
99942        1C2021 02 21.89346 10 22 23.56 -15 39 07.8          15.3 G ~4cu2L28
99942        1C2021 02 21.89494 10 22 23.17 -15 39 05.5          15.2 G ~4cu2L28
99942        1C2021 02 21.89642 10 22 22.75 -15 39 02.5          15.2 G ~4cu2L28
99942        dC2021 02 21.89706 10 22 22.73 -15 39 06.8          15.1 RV~4knYB72
99942        dC2021 02 21.89779 10 22 22.53 -15 39 05.5          15.0 RV~4knYB72
99942        dC2021 02 21.89850 10 22 22.33 -15 39 04.4          14.9 RV~4knZB72
99942        1C2021 02 21.89865 10 22 22.08 -15 38 58.8          15.3 G ~4cu2L28
99942        dC2021 02 21.89922 10 22 22.17 -15 39 03.2          15.0 RV~4knZB72
99942        1C2021 02 21.89939 10 22 21.87 -15 38 57.8          15.2 G ~4cu2L28
99942        dC2021 02 21.89994 10 22 21.93 -15 39 02.2          15.1 RV~4knZB72
99942        1C2021 02 21.90013 10 22 21.66 -15 38 56.7          15.1 G ~4cu2L28
99942        1C2021 02 21.90087 10 22 21.46 -15 38 55.0          15.1 G ~4cu2L28
99942        1C2021 02 21.90235 10 22 20.99 -15 38 52.5          15.2 G ~4cu2L28
99942        1C2021 02 21.90531 10 22 20.14 -15 38 47.6          15.2 G ~4cu2L28
99942        1C2021 02 21.90679 10 22 19.72 -15 38 45.1          15.3 G ~4cu2L28
99942        1C2021 02 21.90753 10 22 19.50 -15 38 43.8          15.4 G ~4cu2L28
99942        1C2021 02 21.90828 10 22 19.30 -15 38 42.4          15.2 G ~4cu2L28
99942        1C2021 02 21.90976 10 22 18.85 -15 38 39.7          15.2 G ~4cu2L28
99942        1C2021 02 21.91050 10 22 18.65 -15 38 38.7          15.4 G ~4cu2L28
99942        1C2021 02 21.91124 10 22 18.45 -15 38 37.6          15.1 G ~4cu2L28
99942        1C2021 02 21.91198 10 22 18.22 -15 38 36.4          15.3 G ~4cu2L28
99942        1C2021 02 21.91272 10 22 18.01 -15 38 34.5          15.2 G ~4cu2L28
99942        1C2021 02 21.91346 10 22 17.76 -15 38 33.4          15.1 G ~4cu2L28
99942         C2021 02 21.91369 10 22 17.37 -15 38 38.6          15.3 Vq~5I7M056
99942        1C2021 02 21.91420 10 22 17.58 -15 38 32.2          15.2 G ~4cu2L28
99942        1C2021 02 21.91494 10 22 17.38 -15 38 31.1          15.2 G ~4cu2L28
99942         C2021 02 21.91699 10 22 16.44 -15 38 32.9          15.4 Vq~5I7M056
99942         C2021 02 21.91715 10 22 17.00 -15 38 28.4          15.2 GV~4cu2K83
99942         C2021 02 21.92007 10 22 16.16 -15 38 23.4          15.3 GV~4cu2K83
99942         C2021 02 21.92028 10 22 15.45 -15 38 26.9          15.3 Vq~5I7M056
99942         C2021 02 21.92358 10 22 14.53 -15 38 21.0          15.3 Vq~5I7M056
99942         C2021 02 21.92590 10 22 14.47 -15 38 13.0          15.3 GV~4cu2K83
99942         C2021 02 21.92687 10 22 13.58 -15 38 15.5          15.5 Vq~5I7M056
99942         C2021 02 21.93017 10 22 12.63 -15 38 09.6          15.4 Vq~5I7M056
99942         C2021 02 21.93346 10 22 11.67 -15 38 03.8          15.4 Vq~5I7M056
99942         C2021 02 21.93392 10 22 12.16 -15 37 59.4          15.3 GV~4cu2K83
99942         C2021 02 21.93676 10 22 10.72 -15 37 58.1          15.4 Vq~5I7M056
99942         C2021 02 21.94006 10 22 09.77 -15 37 52.2          15.6 Vq~5I7M056
99942         C2021 02 21.94336 10 22 08.82 -15 37 46.3          15.5 Vq~5I7M056
99942        KC2021 02 22.01933210 21 47.67 -15 35 32.1          15.3 GV~4cu2G33
99942        KC2021 02 22.02401010 21 46.33 -15 35 25.2          15.3 GV~4cu2G33
99942        0C2021 02 22.17351 10 21 07.24 -15 30 52.9          15.3 GV~4puN851
99942        0C2021 02 22.18123 10 21 04.96 -15 30 38.8          15.2 GV~4puN851
99942         C2021 02 22.26453 10 20 44.38 -15 28 00.3          15.9 Rq~4cu2U71
99942         C2021 02 22.27596 10 20 41.04 -15 27 40.7          15.9 Rq~4cu2U71
99942         C2021 02 22.28774 10 20 37.57 -15 27 18.9          15.9 Rq~4cu2U71
99942         C2021 02 22.41814110 20 01.83 -15 23 08.4          15.11oV~4cu2T08
99942         C2021 02 22.41998110 20 01.28 -15 23 05.2          15.11oV~4cu2T08
99942         C2021 02 22.42274610 20 00.45 -15 23 00.2          15.10oV~4cu2T08
99942         C2021 02 22.42968610 19 58.38 -15 22 47.6          15.07oV~4cu2T08
99942         C2021 02 22.75786 10 18 32.04 -15 12 42.9          15.1 GV~4cu2M44
99942         C2021 02 22.76836 10 18 29.05 -15 12 25.6          15.2 GV~4cu2M44
99942         C2021 02 22.77884 10 18 25.90 -15 12 06.1          15.2 GV~4cu2M44
99942         C2021 02 22.86432 10 18 00.32 -15 09 29.3          15.8 Vq~4cu2M47
99942         C2021 02 22.86618 10 17 59.68 -15 09 24.0          16.0 Vq~4cu2M47
99942         C2021 02 22.87051 10 17 58.42 -15 09 16.7          16.5 Vq~4cu2M47
99942         C2021 02 22.87241 10 17 57.75 -15 09 12.6          16.6 Vq~4cu2M47
99942         C2021 02 22.87481 10 17 57.18 -15 09 07.9          15.2 Vq~4cu2M47
99942        KC2021 02 22.88841910 17 55.26 -15 08 58.1          15.6 GV~4cu2L54
99942         C2021 02 22.90535 10 17 50.41 -15 08 28.9          15.6 Vq~5I7M056
99942         C2021 02 22.90865 10 17 49.44 -15 08 22.8          15.8 Vq~5I7M056
99942         C2021 02 22.91194 10 17 48.48 -15 08 16.7          15.8 Vq~5I7M056
99942         C2021 02 22.91524 10 17 47.53 -15 08 10.6          15.7 Vq~5I7M056
99942         C2021 02 22.91853 10 17 46.57 -15 08 04.3          15.9 Vq~5I7M056
99942        KC2021 02 22.93130510 17 42.70 -15 07 38.5          15.7 GV~4cu2L54
99942        KC2021 02 22.97785810 17 29.02 -15 06 10.2          15.6 GV~4cu2L54
99942        KC2021 02 23.02068610 17 17.90 -15 04 52.7          15.9 GV~4cu2Z80
99942        KC2021 02 23.02242210 17 17.37 -15 04 49.6          16.3 GV~4cu2Z80
99942         C2021 02 23.43088410 15 26.63 -14 51 19.9          15.29oV~4cu2T08
99942         C2021 02 23.45588610 15 19.04 -14 50 31.2          15.36oV~4cu2T08
99942         C2021 02 23.48068410 15 11.54 -14 49 42.2          15.47oV~4cu2T08
99942         C2021 02 23.50553110 15 04.04 -14 48 52.7          15.50oV~4cu2T08
99942         S2021 02 23.62090010 16 30.024-14 33 45.22         15.6 GV~6oz4C57
99942         s2021 02 23.6209001 +154780.082 +84764.3010 -30368.6630   ~6oz4C57
99942         S2021 02 23.62784410 16 28.922-14 33 32.72         15.6 GV~6oz4C57
99942         s2021 02 23.6278441 +154934.109 +85746.8510 -30405.3090   ~6oz4C57
99942         S2021 02 23.63478910 16 27.739-14 33 19.51         15.4 GV~6oz4C57
99942         s2021 02 23.6347891 +155084.302 +86727.2720 -30441.2030   ~6oz4C57
99942         S2021 02 23.64867810 16 25.466-14 32 53.48         15.3 GV~6oz4C57
99942         s2021 02 23.6486781 +155373.324 +88681.7190 -30510.7630   ~6oz4C57
99942         S2021 02 23.65562210 16 24.235-14 32 42.65         15.5 GV~6oz4C57
99942         s2021 02 23.6556221 +155512.221 +89655.7390 -30544.4420   ~6oz4C57
99942         S2021 02 23.66951110 16 22.138-14 32 14.32         15.4 GV~6oz4C57
99942         s2021 02 23.6695111 +155778.957 +91597.3630 -30609.6300   ~6oz4C57
99942         S2021 02 23.67645610 16 20.969-14 32 01.39         15.4 GV~6oz4C57
99942         s2021 02 23.6764561 +155906.861 +92564.9630 -30641.1510   ~6oz4C57
99942         S2021 02 23.68340010 16 19.776-14 31 47.82         15.3 GV~6oz4C57
99942         s2021 02 23.6834001 +156031.167 +93530.4190 -30671.9660   ~6oz4C57
99942         S2021 02 23.69728910 16 17.470-14 31 21.65         15.3 GV~6oz4C57
99942         s2021 02 23.6972891 +156269.108 +95454.8960 -30731.5000   ~6oz4C57
99942         S2021 02 23.71117810 16 15.084-14 30 56.09         15.3 GV~6oz4C57
99942         s2021 02 23.7111781 +156493.032 +97370.7840 -30788.2810   ~6oz4C57
99942         S2021 02 23.71812210 16 14.069-14 30 42.98         15.3 GV~6oz4C57
99942         s2021 02 23.7181221 +156599.815 +98325.5050 -30815.6530   ~6oz4C57
99942         S2021 02 23.72506710 16 12.859-14 30 30.10         15.2 GV~6oz4C57
99942         s2021 02 23.7250671 +156703.185 +99278.0770 -30842.3550   ~6oz4C57
99942         S2021 02 23.73201110 16 11.652-14 30 17.68         15.2 GV~6oz4C57
99942         s2021 02 23.7320111 +156803.173 +100228.500 -30868.3910   ~6oz4C57
99942         S2021 02 23.73895610 16 10.471-14 30 03.38         15.3 GV~6oz4C57
99942         s2021 02 23.7389561 +156899.808 +101176.772 -30893.7680   ~6oz4C57
99942         S2021 02 23.75284410 16 08.088-14 29 38.36         15.2 GV~6oz4C57
99942         s2021 02 23.7528441 +157083.135 +103066.866 -30942.5670   ~6oz4C57
99942         S2021 02 23.75978910 16 06.991-14 29 25.30         15.3 GV~6oz4C57
99942         s2021 02 23.7597891 +157169.884 +104008.688 -30965.9990   ~6oz4C57
99942         S2021 02 23.76673310 16 05.822-14 29 14.10         15.5 GV~6oz4C57
99942         s2021 02 23.7667331 +157253.395 +104948.360 -30988.7940   ~6oz4C57
99942         S2021 02 23.77367810 16 04.644-14 29 00.42         15.3 GV~6oz4C57
99942         s2021 02 23.7736781 +157333.696 +105885.883 -31010.9560   ~6oz4C57
99942         S2021 02 23.78062210 16 03.427-14 28 46.60         15.2 GV~6oz4C57
99942         s2021 02 23.7806221 +157410.814 +106821.257 -31032.4920   ~6oz4C57
99942         S2021 02 23.79451110 16 01.003-14 28 20.82         15.2 GV~6oz4C57
99942         s2021 02 23.7945111 +157555.609 +108685.560 -31073.7050   ~6oz4C57
99942         S2021 02 23.80145610 15 59.815-14 28 07.32         15.2 GV~6oz4C57
99942         s2021 02 23.8014561 +157623.340 +109614.492 -31093.3920   ~6oz4C57
99942         S2021 02 23.80840010 15 58.586-14 27 55.62         15.1 GV~6oz4C57
99942         s2021 02 23.8084001 +157687.995 +110541.277 -31112.4730   ~6oz4C57
99942         S2021 02 23.81534410 15 57.427-14 27 42.77         15.1 GV~6oz4C57
99942         s2021 02 23.8153441 +157749.601 +111465.918 -31130.9530   ~6oz4C57
99942         S2021 02 23.82228910 15 56.263-14 27 28.98         15.1 GV~6oz4C57
99942         s2021 02 23.8222891 +157808.182 +112388.416 -31148.8370   ~6oz4C57
99942         S2021 02 23.82923310 15 55.082-14 27 16.09         15.1 GV~6oz4C57
99942         s2021 02 23.8292331 +157863.765 +113308.770 -31166.1290   ~6oz4C57
99942         S2021 02 23.83617810 15 53.822-14 27 03.49         15.1 GV~6oz4C57
99942         s2021 02 23.8361781 +157916.374 +114226.984 -31182.8350   ~6oz4C57
99942         S2021 02 23.84312210 15 52.685-14 26 50.68         15.1 GV~6oz4C57
99942         s2021 02 23.8431221 +157966.035 +115143.059 -31198.9590   ~6oz4C57
99942         S2021 02 23.85006710 15 51.434-14 26 37.54         15.1 GV~6oz4C57
99942         s2021 02 23.8500671 +158012.772 +116056.995 -31214.5070   ~6oz4C57
99942         S2021 02 23.85701110 15 50.177-14 26 24.36         15.1 GV~6oz4C57
99942         s2021 02 23.8570111 +158056.610 +116968.795 -31229.4820   ~6oz4C57
99942         S2021 02 23.86395510 15 48.950-14 26 11.80         15.2 GV~6oz4C57
99942         s2021 02 23.8639551 +158097.572 +117878.460 -31243.8890   ~6oz4C57
99942         S2021 02 23.87090010 15 47.729-14 25 58.84         15.2 GV~6oz4C57
99942         s2021 02 23.8709001 +158135.682 +118785.992 -31257.7340   ~6oz4C57
99942         S2021 02 23.87784410 15 46.565-14 25 46.49         15.2 GV~6oz4C57
99942         s2021 02 23.8778441 +158170.964 +119691.392 -31271.0200   ~6oz4C57
99942         S2021 02 23.88478910 15 45.331-14 25 33.85         15.2 GV~6oz4C57
99942         s2021 02 23.8847891 +158203.441 +120594.664 -31283.7520   ~6oz4C57
99942         S2021 02 23.89173310 15 44.066-14 25 21.14         15.3 GV~6oz4C57
99942         s2021 02 23.8917331 +158233.137 +121495.807 -31295.9350   ~6oz4C57
99942         S2021 02 23.89867810 15 42.790-14 25 08.18         15.2 GV~6oz4C57
99942         s2021 02 23.8986781 +158260.073 +122394.826 -31307.5730   ~6oz4C57
99942         S2021 02 23.90562210 15 41.599-14 24 55.62         15.2 GV~6oz4C57
99942         s2021 02 23.9056221 +158284.273 +123291.722 -31318.6690   ~6oz4C57
99942        KC2021 02 23.90904 10 13 17.08 -14 35 59.3          15.4 GV~4cu2L06
99942        KC2021 02 23.91792 10 13 14.47 -14 35 42.4          15.4 GV~4cu2L06
99942         S2021 02 23.92645510 15 37.831-14 24 16.38         15.3 GV~6oz4C57
99942         s2021 02 23.9264551 +158340.675 +125969.691 -31348.7580   ~6oz4C57
99942        KC2021 02 23.92680 10 13 11.87 -14 35 24.5          15.5 GV~4cu2L06
99942         S2021 02 23.93340010 15 36.607-14 24 03.96         15.3 GV~6oz4C57
99942         s2021 02 23.9334001 +158354.149 +126858.116 -31357.7340   ~6oz4C57
99942         S2021 02 23.96812210 15 30.348-14 22 58.98         15.2 GV~6oz4C57
99942         s2021 02 23.9681221 +158382.527 +131268.615 -31394.8990   ~6oz4C57
99942         S2021 02 23.97506710 15 29.047-14 22 48.40         15.4 GV~6oz4C57
99942         s2021 02 23.9750671 +158380.549 +132144.408 -31400.8170   ~6oz4C57
99942         S2021 02 24.00978910 15 22.778-14 21 43.60         15.5 GV~6oz4C57
99942         s2021 02 24.0097891 +158333.489 +136491.985 -31423.0420   ~6oz4C57
99942         S2021 02 24.01673310 15 21.444-14 21 30.06         15.6 GV~6oz4C57
99942         s2021 02 24.0167331 +158316.779 +137355.243 -31426.0410   ~6oz4C57
99942         S2021 02 24.02367810 15 20.237-14 21 17.42         15.5 GV~6oz4C57
99942         s2021 02 24.0236781 +158297.680 +138216.422 -31428.5660   ~6oz4C57
99942         S2021 02 24.03062210 15 18.924-14 21 05.15         15.5 GV~6oz4C57
99942         s2021 02 24.0306221 +158276.212 +139075.525 -31430.6210   ~6oz4C57
99942         S2021 02 24.03756710 15 17.640-14 20 52.12         15.6 GV~6oz4C57
99942         s2021 02 24.0375671 +158252.393 +139932.555 -31432.2090   ~6oz4C57
99942         S2021 02 24.04451110 15 16.394-14 20 39.59         15.7 GV~6oz4C57
99942         s2021 02 24.0445111 +158226.240 +140787.515 -31433.3350   ~6oz4C57
99942         S2021 02 24.05145510 15 15.034-14 20 27.64         15.5 GV~6oz4C57
99942         s2021 02 24.0514551 +158197.772 +141640.408 -31434.0010   ~6oz4C57
99942         S2021 02 24.07923310 15 09.866-14 19 35.40         15.7 GV~6oz4C57
99942         s2021 02 24.0792331 +158061.104 +145031.375 -31432.1400   ~6oz4C57
99942         C2021 02 24.09500 10 12 25.43 -14 28 33.9          15.6 Rq~4cu2Y00
99942         C2021 02 24.09597 10 12 25.11 -14 28 32.3          15.6 Rq~4cu2Y00
99942         C2021 02 24.09696 10 12 24.77 -14 28 31.0          15.4 Rq~4cu2Y00
99942        KC2021 02 24.13996710 12 14.41 -14 28 06.3          15.7 GV~4cu2W33
99942        KC2021 02 24.14541610 12 12.78 -14 27 55.5          15.7 GV~4cu2W33
99942        KC2021 02 24.15085810 12 11.16 -14 27 44.7          15.7 GV~4cu2W33
99942        KC2021 02 24.15628910 12 09.54 -14 27 34.0          15.7 GV~4cu2W33
99942        KC2021 02 24.16172110 12 07.91 -14 27 23.2          15.7 GV~4cu2W33
99942        KC2021 02 24.16781610 12 06.08 -14 27 11.1          15.7 GV~4cu2W33
99942         S2021 02 24.26673310 14 33.710-14 13 54.84         15.6 GV~6oz4C57
99942         s2021 02 24.2667331 +156257.343 +167072.894 -31244.2600   ~6oz4C57
99942         S2021 02 24.28756610 14 29.777-14 13 15.85         15.5 GV~6oz4C57
99942         s2021 02 24.2875661 +155969.798 +169432.587 -31206.0110   ~6oz4C57
99942         S2021 02 24.30840010 14 25.934-14 12 36.29         15.4 GV~6oz4C57
99942         s2021 02 24.3084001 +155666.181 +171774.759 -31164.5510   ~6oz4C57
99942         S2021 02 24.31534410 14 24.326-14 12 25.34         15.4 GV~6oz4C57
99942         s2021 02 24.3153441 +155561.462 +172551.607 -31150.0290   ~6oz4C57
99942         S2021 02 24.34312210 14 18.823-14 11 34.80         15.4 GV~6oz4C57
99942         s2021 02 24.3431221 +155125.350 +175639.710 -31088.4910   ~6oz4C57
99942         S2021 02 24.35006610 14 17.364-14 11 20.83         15.4 GV~6oz4C57
99942         s2021 02 24.3500661 +155012.073 +176406.932 -31072.2560   ~6oz4C57
99942         S2021 02 24.35701110 14 16.056-14 11 09.35         15.5 GV~6oz4C57
99942         s2021 02 24.3570111 +154897.120 +177172.240 -31055.6850   ~6oz4C57
99942         S2021 02 24.41951110 14 03.468-14 09 14.72         15.1 GV~6oz4C57
99942         s2021 02 24.4195111 +153789.004 +183974.463 -30891.8160   ~6oz4C57
99942         S2021 02 24.42645510 14 02.047-14 09 03.02         15.3 GV~6oz4C57
99942         s2021 02 24.4264551 +153657.913 +184720.827 -30872.0110   ~6oz4C57
99942         S2021 02 24.43340010 14 00.571-14 08 49.70         15.2 GV~6oz4C57
99942         s2021 02 24.4334001 +153525.268 +185465.316 -30851.8950   ~6oz4C57
99942         S2021 02 24.52367710 13 42.053-14 06 05.18         15.2 GV~6oz4C57
99942         s2021 02 24.5236771 +151664.174 +194974.703 -30562.9140   ~6oz4C57
99942         S2021 02 24.53062210 13 40.560-14 05 52.08         15.1 GV~6oz4C57
99942         s2021 02 24.5306221 +151510.844 +195693.321 -30538.6400   ~6oz4C57
99942         S2021 02 24.53756610 13 39.192-14 05 40.42         15.0 GV~6oz4C57
99942         s2021 02 24.5375661 +151356.108 +196410.118 -30514.0830   ~6oz4C57
99942         S2021 02 24.57228910 13 31.915-14 04 37.16         15.2 GV~6oz4C57
99942         s2021 02 24.5722891 +150561.678 +199966.901 -30387.1200   ~6oz4C57
99942         S2021 02 24.57923310 13 30.458-14 04 24.13         15.3 GV~6oz4C57
99942         s2021 02 24.5792331 +150398.705 +200672.842 -30360.9030   ~6oz4C57
99942         S2021 02 24.58617710 13 29.016-14 04 10.63         15.3 GV~6oz4C57
99942         s2021 02 24.5861771 +150234.390 +201376.986 -30334.4170   ~6oz4C57
99942         S2021 02 24.59312210 13 27.571-14 03 58.75         15.3 GV~6oz4C57
99942         s2021 02 24.5931221 +150068.742 +202079.336 -30307.6610   ~6oz4C57
99942         S2021 02 24.60006610 13 26.074-14 03 46.22         15.3 GV~6oz4C57
99942         s2021 02 24.6000661 +149901.769 +202779.896 -30280.6390   ~6oz4C57
99942         S2021 02 24.60701110 13 24.634-14 03 33.12         15.2 GV~6oz4C57
99942         s2021 02 24.6070111 +149733.481 +203478.669 -30253.3510   ~6oz4C57
99942         S2021 02 24.61395510 13 23.191-14 03 19.87         15.3 GV~6oz4C57
99942         s2021 02 24.6139551 +149563.886 +204175.659 -30225.7990   ~6oz4C57
99942         S2021 02 24.63478810 13 18.787-14 02 43.33         15.4 GV~6oz4C57
99942         s2021 02 24.6347881 +149047.339 +206255.961 -30141.5770   ~6oz4C57
99942         S2021 02 24.64173310 13 17.302-14 02 28.97         15.3 GV~6oz4C57
99942         s2021 02 24.6417331 +148872.598 +206945.851 -30112.9870   ~6oz4C57
99942         S2021 02 24.67645510 13 10.025-14 01 26.69         15.4 GV~6oz4C57
99942         s2021 02 24.6764551 +147980.066 +210368.873 -29966.2320   ~6oz4C57
99942         S2021 02 24.68340010 13 08.450-14 01 13.58         15.2 GV~6oz4C57
99942         s2021 02 24.6834001 +147797.850 +211048.215 -29936.1310   ~6oz4C57
99942         S2021 02 24.69034410 13 06.905-14 01 01.16         15.5 GV~6oz4C57
99942         s2021 02 24.6903441 +147614.416 +211725.810 -29905.7840   ~6oz4C57
99942         S2021 02 24.69728810 13 05.366-14 00 48.92         15.5 GV~6oz4C57
99942         s2021 02 24.6972881 +147429.772 +212401.663 -29875.1920   ~6oz4C57
99942         S2021 02 24.73201110 12 58.003-13 59 44.12         15.6 GV~6oz4C57
99942         s2021 02 24.7320111 +146488.658 +215754.895 -29718.6110   ~6oz4C57
99942         S2021 02 24.73895510 12 56.486-13 59 30.84         15.7 GV~6oz4C57
99942         s2021 02 24.7389551 +146296.910 +216420.358 -29686.5810   ~6oz4C57
99942         S2021 02 24.75978810 12 51.994-13 58 53.83         15.6 GV~6oz4C57
99942         s2021 02 24.7597881 +145714.744 +218406.440 -29589.0890   ~6oz4C57
99942         S2021 02 24.80145510 12 43.020-13 57 38.38         15.4 GV~6oz4C57
99942         s2021 02 24.8014551 +144519.912 +222332.507 -29387.9210   ~6oz4C57
99942         S2021 02 24.82228810 12 38.309-13 56 58.81         15.5 GV~6oz4C57
99942         s2021 02 24.8222881 +143907.621 +224272.665 -29284.3180   ~6oz4C57
99942         S2021 02 24.85701110 12 30.742-13 55 58.80         15.5 GV~6oz4C57
99942         s2021 02 24.8570111 +142865.726 +227472.662 -29107.2980   ~6oz4C57
99942         C2021 02 24.88392 10 08 48.07 -14 02 42.4          15.4 Vq~5I7M056
99942         C2021 02 24.88721 10 08 47.31 -14 02 33.4          15.6 Vq~5M9j056
99942         C2021 02 24.89051 10 08 46.16 -14 02 28.6          15.4 Vq~5I7M056
99942         C2021 02 24.89381 10 08 45.15 -14 02 21.7          15.8 Vq~5I7M056
99942         C2021 02 24.89711 10 08 44.11 -14 02 14.9          16.4 Vq~5I7M056
99942         C2021 02 24.89770 10 08 44.64 -14 02 14.0          14.9 GV~4knZG04
99942         C2021 02 24.89918 10 08 44.15 -14 02 10.5          14.9 GV~4knZG04
99942         C2021 02 24.90065 10 08 43.72 -14 02 07.9          15.0 GV~4knZG04
99942        KC2021 02 24.90148710 08 44.12 -14 01 57.8          15.0 GV~4cu2K14
99942         C2021 02 24.90213 10 08 43.31 -14 02 04.7          15.0 GV~4knZG04
99942         C2021 02 24.90360 10 08 42.90 -14 02 02.0          15.0 GV~4knZG04
99942        KC2021 02 24.90427 10 08 42.65 -14 01 56.0          15.3 GV~4cu2G17
99942         C2021 02 24.90508 10 08 42.44 -14 01 58.8          14.9 GV~4knZG04
99942        KC2021 02 24.90612 10 08 42.11 -14 01 51.6          15.2 GV~4cu2G17
99942         C2021 02 24.90655 10 08 42.01 -14 01 55.7          15.0 GV~4knZG04
99942        KC2021 02 24.90797 10 08 41.54 -14 01 48.3          15.2 GV~4cu2G17
99942        KC2021 02 24.91152210 08 41.11 -14 01 37.0          15.5 GV~4cu2K14
99942         S2021 02 24.91951110 12 16.922-13 54 00.22         15.4 GV~6oz4C57
99942         s2021 02 24.9195111 +140925.168 +233127.922 -28775.4100   ~6oz4C57
99942        1C2021 02 24.91959810 08 39.091-14 01 17.82         16.0 GV~4cu2Z84
99942        KC2021 02 24.92176510 08 38.04 -14 01 15.7          15.4 GV~4cu2K14
99942         S2021 02 24.92645510 12 15.365-13 53 48.37         15.5 GV~6oz4C57
99942         s2021 02 24.9264551 +140704.536 +233748.047 -28737.5120   ~6oz4C57
99942         S2021 02 24.93339910 12 13.877-13 53 35.92         15.4 GV~6oz4C57
99942         s2021 02 24.9333991 +140482.923 +234366.537 -28699.4150   ~6oz4C57
99942        KC2021 02 24.93347710 08 33.15 -14 00 56.5          15.3 GV~4cu2L54
99942         S2021 02 24.94034410 12 12.245-13 53 22.13         15.3 GV~6oz4C57
99942         s2021 02 24.9403441 +140260.334 +234983.393 -28661.1190   ~6oz4C57
99942         S2021 02 24.95423310 12 09.173-13 52 57.18         15.3 GV~6oz4C57
99942         s2021 02 24.9542331 +139812.257 +236212.216 -28583.9350   ~6oz4C57
99942         S2021 02 24.96117710 12 07.615-13 52 44.08         15.3 GV~6oz4C57
99942         s2021 02 24.9611771 +139586.778 +236824.190 -28545.0490   ~6oz4C57
99942        KC2021 02 24.96648210 08 23.27 -13 59 46.6          15.3 GV~4cu2L54
99942         C2021 02 24.97258 10 08 22.30 -13 59 34.3                V~4cu2204
99942         C2021 02 24.97536 10 08 21.47 -13 59 28.3                V~4cu2204
99942         C2021 02 24.97814 10 08 20.65 -13 59 22.5                V~4cu2204
99942         C2021 02 24.98094 10 08 19.81 -13 59 16.5                V~4cu2204
99942         C2021 02 24.98395 10 08 18.89 -13 59 10.0          15.3 GV~4cu2204
99942        KC2021 02 24.99345510 08 16.04 -13 58 49.5          15.2 GV~4cu2203
99942        KC2021 02 24.99938910 08 14.42 -13 58 40.4          15.4 GV~4cu2G33
99942        KC2021 02 24.99988410 08 13.31 -13 58 34.9          15.2 GV~4cu2L54
99942        KC2021 02 25.00048010 08 14.13 -13 58 37.5          14.7 GV~4cu2G33
99942        KC2021 02 25.00164410 08 13.59 -13 58 32.1          15.3 GV~4cu2203
99942        KC2021 02 25.00164910 08 13.74 -13 58 35.1          15.2 GV~4cu2G33
99942        KC2021 02 25.00281910 08 13.45 -13 58 32.7          15.1 GV~4cu2G33
99942        KC2021 02 25.00398810 08 13.09 -13 58 30.4          14.8 GV~4cu2G33
99942        KC2021 02 25.00515710 08 12.76 -13 58 27.6          14.5 GV~4cu2G33
99942        KC2021 02 25.01075910 08 10.86 -13 58 12.6          15.3 GV~4cu2203
99942        1C2021 02 25.04690110 08 00.610-13 56 49.65         14.8 GV~4cu2Z84
99942        1C2021 02 25.08324010 07 49.680-13 55 31.01         14.9 GV~4cu2Z84
99942         S2021 02 25.27367710 10 55.997-13 43 05.52         15.1 GV~6oz4C57
99942         s2021 02 25.2736771 +128535.488 +262727.039 -26609.9670   ~6oz4C57
99942         S2021 02 25.32228810 10 44.556-13 41 35.52         15.3 GV~6oz4C57
99942         s2021 02 25.3222881 +126672.898 +266477.272 -26279.4480   ~6oz4C57
99942         S2021 02 25.32923310 10 42.946-13 41 22.92         15.4 GV~6oz4C57
99942         s2021 02 25.3292331 +126403.973 +267007.065 -26231.6440   ~6oz4C57
99942         S2021 02 25.33617710 10 41.299-13 41 08.66         15.3 GV~6oz4C57
99942         s2021 02 25.3361771 +126134.350 +267535.376 -26183.6960   ~6oz4C57
99942         S2021 02 25.34312110 10 39.787-13 40 57.18         15.5 GV~6oz4C57
99942         s2021 02 25.3431211 +125864.033 +268062.207 -26135.6040   ~6oz4C57
99942         S2021 02 25.35006610 10 37.990-13 40 44.04         15.4 GV~6oz4C57
99942         s2021 02 25.3500661 +125593.026 +268587.562 -26087.3690   ~6oz4C57
99942         S2021 02 25.35701010 10 36.425-13 40 29.96         15.3 GV~6oz4C57
99942         s2021 02 25.3570101 +125321.333 +269111.443 -26038.9930   ~6oz4C57
99942         S2021 02 25.36395510 10 34.738-13 40 17.62         15.3 GV~6oz4C57
99942         s2021 02 25.3639551 +125048.958 +269633.851 -25990.4750   ~6oz4C57
99942         S2021 02 25.37089910 10 33.062-13 40 04.04         15.5 GV~6oz4C57
99942         s2021 02 25.3708991 +124775.904 +270154.790 -25941.8170   ~6oz4C57
99942         S2021 02 25.37784410 10 31.452-13 39 50.65         15.5 GV~6oz4C57
99942         s2021 02 25.3778441 +124502.176 +270674.261 -25893.0190   ~6oz4C57
99942         S2021 02 25.38478810 10 29.784-13 39 38.48         15.5 GV~6oz4C57
99942         s2021 02 25.3847881 +124227.777 +271192.268 -25844.0820   ~6oz4C57
99942         S2021 02 25.39173310 10 28.106-13 39 25.38         15.5 GV~6oz4C57
99942         s2021 02 25.3917331 +123952.712 +271708.811 -25795.0070   ~6oz4C57
99942         S2021 02 25.39867710 10 26.542-13 39 12.20         15.5 GV~6oz4C57
99942         s2021 02 25.3986771 +123676.983 +272223.894 -25745.7940   ~6oz4C57
99942         S2021 02 25.40562110 10 24.878-13 38 59.14         15.6 GV~6oz4C57
99942         s2021 02 25.4056211 +123400.595 +272737.519 -25696.4450   ~6oz4C57
99942         S2021 02 25.41951010 10 21.502-13 38 34.01         15.7 GV~6oz4C57
99942         s2021 02 25.4195101 +122845.857 +273760.403 -25597.3400   ~6oz4C57
99942         S2021 02 25.42645510 10 19.858-13 38 19.75         15.5 GV~6oz4C57
99942         s2021 02 25.4264551 +122567.514 +274269.667 -25547.5850   ~6oz4C57
99942         S2021 02 25.43339910 10 18.276-13 38 07.87         15.5 GV~6oz4C57
99942         s2021 02 25.4333991 +122288.527 +274777.482 -25497.6960   ~6oz4C57
99942         S2021 02 25.44034410 10 16.627-13 37 54.37         15.6 GV~6oz5C57
99942         s2021 02 25.4403441 +122008.899 +275283.850 -25447.6740   ~6oz5C57
99942         S2021 02 25.44728810 10 14.959-13 37 42.89         15.5 GV~6oz5C57
99942         s2021 02 25.4472881 +121728.634 +275788.773 -25397.5210   ~6oz5C57
99942         S2021 02 25.45423310 10 13.471-13 37 26.90         15.5 GV~6oz5C57
99942         s2021 02 25.4542331 +121447.735 +276292.254 -25347.2350   ~6oz5C57
99942         S2021 02 25.46812110 10 09.876-13 37 02.82         15.7 GV~6oz5C57
99942         s2021 02 25.4681211 +120884.053 +277294.898 -25246.2720   ~6oz5C57
99942         S2021 02 25.47506610 10 08.179-13 36 49.21         15.6 GV~6oz5C57
99942         s2021 02 25.4750661 +120601.275 +277794.066 -25195.5960   ~6oz5C57
99942         S2021 02 25.52367710 09 56.419-13 35 17.77         15.7 GV~6oz5C57
99942         s2021 02 25.5236771 +118604.693 +281248.221 -24837.2940   ~6oz5C57
99942         S2021 02 25.63478810 09 29.414-13 31 47.71         15.4 GV~6oz5C57
99942         s2021 02 25.6347881 +113933.397 +288883.612 -23995.8530   ~6oz5C57
99942         S2021 02 25.64173210 09 27.658-13 31 33.78         15.2 GV~6oz5C57
99942         s2021 02 25.6417321 +113636.689 +289348.962 -23942.2690   ~6oz5C57
99942         S2021 02 25.67645510 09 19.579-13 30 31.72         15.1 GV~6oz5C57
99942         s2021 02 25.6764551 +112145.101 +291655.006 -23672.6610   ~6oz5C57
99942         S2021 02 25.68339910 09 17.474-13 30 15.59         15.1 GV~6oz5C57
99942         s2021 02 25.6833991 +111845.196 +292112.087 -23618.4060   ~6oz5C57
99942         S2021 02 25.69034410 09 15.780-13 30 02.52         15.2 GV~6oz5C57
99942         s2021 02 25.6903441 +111544.769 +292567.796 -23564.0420   ~6oz5C57
99942         S2021 02 25.69728810 09 14.026-13 29 49.99         15.1 GV~6oz5C57
99942         s2021 02 25.6972881 +111243.823 +293022.136 -23509.5680   ~6oz5C57
99942         S2021 02 25.71117710 09 10.673-13 29 23.28         15.2 GV~6oz5C57
99942         s2021 02 25.7111771 +110640.384 +293926.714 -23400.2960   ~6oz5C57
99942         S2021 02 25.71812110 09 08.926-13 29 10.28         15.3 GV~6oz5C57
99942         s2021 02 25.7181211 +110337.898 +294376.957 -23345.4990   ~6oz5C57
99942         S2021 02 25.72506610 09 07.150-13 28 55.27         15.0 GV~6oz5C57
99942         s2021 02 25.7250661 +110034.904 +294825.838 -23290.5940   ~6oz5C57
99942         S2021 02 25.73201010 09 05.484-13 28 44.00         14.8 GV~6oz5C57
99942         s2021 02 25.7320101 +109731.405 +295273.359 -23235.5840   ~6oz5C57
99942         S2021 02 25.73895510 09 03.725-13 28 29.06         15.0 GV~6oz5C57
99942         s2021 02 25.7389551 +109427.404 +295719.522 -23180.4680   ~6oz5C57
99942         S2021 02 25.74589910 09 01.980-13 28 16.90         15.1 GV~6oz5C57
99942         s2021 02 25.7458991 +109122.905 +296164.329 -23125.2470   ~6oz5C57
99942         S2021 02 25.75284410 09 00.298-13 28 03.29         15.1 GV~6oz5C57
99942         s2021 02 25.7528441 +108817.909 +296607.782 -23069.9210   ~6oz5C57
99942         S2021 02 25.75978810 08 58.550-13 27 50.90         15.0 GV~6oz5C57
99942         s2021 02 25.7597881 +108512.420 +297049.883 -23014.4920   ~6oz5C57
99942         S2021 02 25.76673210 08 56.873-13 27 37.40         15.1 GV~6oz5C57
99942         s2021 02 25.7667321 +108206.441 +297490.632 -22958.9590   ~6oz5C57
99942         S2021 02 25.79451010 08 50.102-13 26 46.90         15.0 GV~6oz5C57
99942         s2021 02 25.7945101 +106977.673 +299240.164 -22735.8030   ~6oz5C57
99942         C2021 02 25.81155 10 04 29.54 -13 29 28.6          15.0 Rq~4cu2168
99942         C2021 02 25.82683 10 04 25.01 -13 28 55.1          15.1 Rq~4cu2168
99942         C2021 02 25.83516 10 04 22.55 -13 28 36.6          15.1 Rq~4cu2168
99942         C2021 02 25.84349 10 04 20.07 -13 28 18.1          15.0 Rq~4cu2168
99942         S2021 02 25.85006610 08 35.930-13 24 57.49         15.1 GV~6oz5C57
99942         s2021 02 25.8500661 +104497.428 +302674.962 -22284.6930   ~6oz5C57
99942         C2021 02 25.85044 10 04 18.02 -13 28 02.7          15.0 Rq~4cu2168
99942         S2021 02 25.85701010 08 34.253-13 24 44.21         15.1 GV~6oz5C57
99942         s2021 02 25.8570101 +104185.321 +303098.322 -22227.8650   ~6oz5C57
99942         S2021 02 25.86395510 08 32.489-13 24 31.28         15.1 GV~6oz5C57
99942         s2021 02 25.8639551 +103872.761 +303520.356 -22170.9400   ~6oz5C57
99942         S2021 02 25.87089910 08 30.725-13 24 18.54         15.1 GV~6oz5C57
99942         s2021 02 25.8708991 +103559.750 +303941.068 -22113.9200   ~6oz5C57
99942        KC2021 02 25.89709 10 04 06.45 -13 26 14.7                V~4cu2118
99942        KC2021 02 25.91852 10 04 00.05 -13 25 27.9                V~4cu2118
99942        KC2021 02 25.93909710 03 54.25 -13 24 39.1          14.8 RV~4cu2160
99942        KC2021 02 25.93968 10 03 53.67 -13 24 40.7                V~4cu2118
99942        KC2021 02 25.94232210 03 53.29 -13 24 32.0          14.8 RV~4cu2160
99942        KC2021 02 25.94555310 03 52.31 -13 24 24.8          14.7 RV~4cu2160
99942         S2021 02 25.95423210 08 09.871-13 21 41.44         15.2 GV~6oz5C57
99942         s2021 02 25.9542321 +99769.4390 +308887.011 -21422.4190   ~6oz5C57
99942         S2021 02 25.96117710 08 07.877-13 21 24.34         15.2 GV~6oz5C57
99942         s2021 02 25.9611771 +99450.8060 +309290.675 -21364.2030   ~6oz5C57
99942         S2021 02 25.96812110 08 06.130-13 21 11.30         15.2 GV~6oz5C57
99942         s2021 02 25.9681211 +99131.7590 +309693.040 -21305.8990   ~6oz5C57
99942         S2021 02 25.97506610 08 04.354-13 20 57.59         15.2 GV~6oz5C57
99942         s2021 02 25.9750661 +98812.2980 +310094.107 -21247.5070   ~6oz5C57
99942        KC2021 02 25.98260810 03 41.81 -13 23 08.6          15.4 GV~4cu2Z99
99942        KC2021 02 25.98529510 03 41.02 -13 23 02.4          15.6 GV~4cu2Z99
99942        KC2021 02 25.98798710 03 40.20 -13 22 56.7          15.4 GV~4cu2Z99
99942         S2021 02 25.98895510 08 00.950-13 20 30.88         15.5 GV~6oz5C57
99942         s2021 02 25.9889551 +98172.1490 +310892.354 -21130.4600   ~6oz5C57
99942        KC2021 02 25.99074810 03 39.39 -13 22 50.6          15.5 GV~4cu2Z99
99942        KC2021 02 25.99357610 03 38.53 -13 22 44.1          15.5 GV~4cu2Z99
99942        KC2021 02 25.99626610 03 37.72 -13 22 38.3          15.3 GV~4cu2Z99
99942        KC2021 02 25.99895510 03 36.92 -13 22 32.2          15.6 GV~4cu2Z99
99942        KC2021 02 26.00165210 03 36.11 -13 22 26.3          15.6 GV~4cu2Z99
99942         C2021 02 26.06500 10 03 20.89 -13 18 26.7                q~4fzd834
99942         C2021 02 26.08446 10 03 14.99 -13 17 43.6                q~4fzd834
99942         S2021 02 26.51673210 05 42.878-13 03 17.57         15.1 GV~6oz5C57
99942         s2021 02 26.5167321 +72802.7240 +337504.111 -16457.0640   ~6oz5C57
99942         S2021 02 26.52367710 05 41.018-13 03 03.46         15.1 GV~6oz5C57
99942         s2021 02 26.5236771 +72457.3830 +337807.348 -16393.0400   ~6oz5C57
99942         S2021 02 26.53062110 05 39.173-13 02 48.80         15.3 GV~6oz5C57
99942         s2021 02 26.5306211 +72111.7910 +338109.400 -16328.9600   ~6oz5C57
99942         S2021 02 26.53756510 05 37.308-13 02 37.07         15.3 GV~6oz5C57
99942         s2021 02 26.5375651 +71765.8520 +338410.259 -16264.8530   ~6oz5C57
99942         S2021 02 26.54451010 05 35.438-13 02 22.27         15.4 GV~6oz5C57
99942         s2021 02 26.5445101 +71415.5810 +338709.577 -16201.9550   ~6oz5C57
99942         S2021 02 26.55145410 05 33.598-13 02 08.70         15.4 GV~6oz5C57
99942         s2021 02 26.5514541 +71069.4550 +339008.097 -16137.6320   ~6oz5C57
99942         S2021 02 26.55839910 05 31.699-13 01 54.62         15.3 GV~6oz5C57
99942         s2021 02 26.5583991 +70722.8680 +339305.417 -16073.3210   ~6oz5C57
99942         S2021 02 26.56534310 05 29.837-13 01 40.19         15.3 GV~6oz5C57
99942         s2021 02 26.5653431 +70376.0360 +339601.558 -16008.9560   ~6oz5C57
99942         S2021 02 26.57228810 05 27.986-13 01 25.97         15.3 GV~6oz5C57
99942         s2021 02 26.5722881 +70028.9620 +339896.521 -15944.5360   ~6oz5C57
99942         S2021 02 26.57923210 05 26.102-13 01 12.11         15.3 GV~6oz5C57
99942         s2021 02 26.5792321 +69681.6490 +340190.307 -15880.0630   ~6oz5C57
99942         S2021 02 26.58617710 05 24.271-13 00 58.97         15.3 GV~6oz5C57
99942         s2021 02 26.5861771 +69334.0960 +340482.917 -15815.5350   ~6oz5C57
99942         S2021 02 26.59312110 05 22.385-13 00 45.50         15.4 GV~6oz5C57
99942         s2021 02 26.5931211 +68986.3070 +340774.353 -15750.9540   ~6oz5C57
99942         S2021 02 26.60006510 05 20.465-13 00 31.50         15.4 GV~6oz5C57
99942         s2021 02 26.6000651 +68638.2820 +341064.616 -15686.3200   ~6oz5C57
99942         S2021 02 26.60701010 05 18.602-13 00 17.03         15.5 GV~6oz5C57
99942         s2021 02 26.6070101 +68290.0240 +341353.706 -15621.6330   ~6oz5C57
99942         S2021 02 26.61395410 05 16.800-13 00 02.30         15.4 GV~6oz5C57
99942         s2021 02 26.6139541 +67941.5340 +341641.625 -15556.8940   ~6oz5C57
99942         S2021 02 26.62089910 05 14.921-12 59 48.77         15.5 GV~6oz5C57
99942         s2021 02 26.6208991 +67592.8130 +341928.375 -15492.1020   ~6oz5C57
99942         S2021 02 26.62784310 05 13.006-12 59 35.74         15.4 GV~6oz5C57
99942         s2021 02 26.6278431 +67243.8640 +342213.955 -15427.2590   ~6oz5C57
99942         S2021 02 26.63478810 05 11.155-12 59 21.84         15.4 GV~6oz5C57
99942         s2021 02 26.6347881 +66894.6870 +342498.368 -15362.3640   ~6oz5C57
99942         S2021 02 26.64173210 05 09.266-12 59 08.12         15.4 GV~6oz5C57
99942         s2021 02 26.6417321 +66545.2840 +342781.614 -15297.4170   ~6oz5C57
99942         S2021 02 26.64867610 05 07.385-12 58 53.26         15.4 GV~6oz5C57
99942         s2021 02 26.6486761 +66195.6580 +343063.694 -15232.4200   ~6oz5C57
99942         S2021 02 26.65562110 05 05.518-12 58 39.58         15.4 GV~6oz5C57
99942         s2021 02 26.6556211 +65845.8090 +343344.611 -15167.3730   ~6oz5C57
99942         S2021 02 26.66256510 05 03.631-12 58 25.90         15.4 GV~6oz5C57
99942         s2021 02 26.6625651 +65495.7400 +343624.364 -15102.2740   ~6oz5C57
99942         S2021 02 26.66951010 05 01.723-12 58 12.58         15.5 GV~6oz5C57
99942         s2021 02 26.6695101 +65145.4510 +343902.955 -15037.1260   ~6oz5C57
99942         S2021 02 26.67645410 04 59.810-12 57 58.03         15.5 GV~6oz5C57
99942         s2021 02 26.6764541 +64794.9440 +344180.384 -14971.9290   ~6oz5C57
99942         S2021 02 26.68339910 04 57.941-12 57 44.14         15.5 GV~6oz5C57
99942         s2021 02 26.6833991 +64444.2210 +344456.654 -14906.6820   ~6oz5C57
99942         S2021 02 26.69034310 04 56.090-12 57 29.59         15.5 GV~6oz5C57
99942         s2021 02 26.6903431 +64093.2840 +344731.765 -14841.3860   ~6oz5C57
99942         S2021 02 26.69728810 04 54.204-12 57 15.91         15.4 GV~6oz5C57
99942         s2021 02 26.6972881 +63742.1330 +345005.718 -14776.0410   ~6oz5C57
99942         S2021 02 26.70423210 04 52.334-12 57 02.05         15.5 GV~6oz5C57
99942         s2021 02 26.7042321 +63390.7710 +345278.515 -14710.6470   ~6oz5C57
99942         S2021 02 26.71117610 04 50.405-12 56 48.26         15.4 GV~6oz5C57
99942         s2021 02 26.7111761 +63039.1990 +345550.155 -14645.2060   ~6oz5C57
99942         S2021 02 26.71812110 04 48.485-12 56 35.05         15.6 GV~6oz5C57
99942         s2021 02 26.7181211 +62687.4190 +345820.642 -14579.7170   ~6oz5C57
99942         S2021 02 26.72506510 04 46.615-12 56 19.93         15.5 GV~6oz5C57
99942         s2021 02 26.7250651 +62335.4310 +346089.974 -14514.1800   ~6oz5C57
99942         S2021 02 26.73895410 04 42.854-12 55 51.64         15.6 GV~6oz5C57
99942         s2021 02 26.7389541 +61630.8420 +346625.183 -14382.9640   ~6oz5C57
99942         S2021 02 26.74589910 04 40.966-12 55 38.42         15.6 GV~6oz5C57
99942         s2021 02 26.7458991 +61278.2430 +346891.062 -14317.2860   ~6oz5C57
99942         S2021 02 26.75284310 04 39.055-12 55 24.20         15.5 GV~6oz5C57
99942         s2021 02 26.7528431 +60925.4440 +347155.791 -14251.5620   ~6oz5C57
99942         S2021 02 26.75978810 04 37.126-12 55 10.88         15.6 GV~6oz5C57
99942         s2021 02 26.7597881 +60572.4440 +347419.371 -14185.7920   ~6oz5C57
99942         S2021 02 26.76673210 04 35.237-12 54 55.80         15.6 GV~6oz5C57
99942         s2021 02 26.7667321 +60219.2480 +347681.805 -14119.9760   ~6oz5C57
99942         S2021 02 26.77367610 04 33.348-12 54 41.62         15.5 GV~6oz5C57
99942         s2021 02 26.7736761 +59865.8540 +347943.092 -14054.1140   ~6oz5C57
99942         S2021 02 26.78062110 04 31.464-12 54 27.83         15.5 GV~6oz5C57
99942         s2021 02 26.7806211 +59512.2660 +348203.235 -13988.2080   ~6oz5C57
99942         S2021 02 26.78756510 04 29.568-12 54 14.18         15.5 GV~6oz5C57
99942         s2021 02 26.7875651 +59158.4850 +348462.233 -13922.2560   ~6oz5C57
99942         S2021 02 26.79451010 04 27.643-12 54 00.97         15.5 GV~6oz5C57
99942         s2021 02 26.7945101 +58804.5110 +348720.088 -13856.2600   ~6oz5C57
99942         S2021 02 26.80145410 04 25.742-12 53 46.86         15.5 GV~6oz5C57
99942         s2021 02 26.8014541 +58450.3470 +348976.800 -13790.2190   ~6oz5C57
99942         S2021 02 26.80839910 04 23.851-12 53 31.70         15.5 GV~6oz5C57
99942         s2021 02 26.8083991 +58095.9940 +349232.372 -13724.1350   ~6oz5C57
99942         S2021 02 26.81534310 04 21.982-12 53 17.45         15.5 GV~6oz5C57
99942         s2021 02 26.8153431 +57741.4540 +349486.804 -13658.0060   ~6oz5C57
99942         S2021 02 26.82228810 04 20.040-12 53 03.77         15.5 GV~6oz5C57
99942         s2021 02 26.8222881 +57386.7280 +349740.096 -13591.8340   ~6oz5C57
99942         S2021 02 26.82923210 04 18.137-12 52 50.23         15.8 GV~6oz5C57
99942         s2021 02 26.8292321 +57031.8170 +349992.251 -13525.6190   ~6oz5C57
99942        KC2021 02 26.82973 09 59 47.86 -12 51 00.1          15.4 GV~4cu2K83
99942        KC2021 02 26.83164 09 59 47.28 -12 50 56.0          15.4 GV~4cu2K83
99942        KC2021 02 26.83355 09 59 46.72 -12 50 51.9          15.4 GV~4cu2K83
99942         S2021 02 26.83617610 04 16.236-12 52 36.95         15.7 GV~6oz5C57
99942         s2021 02 26.8361761 +56676.7230 +350243.268 -13459.3610   ~6oz5C57
99942         S2021 02 26.84312110 04 14.282-12 52 22.30         15.8 GV~6oz5C57
99942         s2021 02 26.8431211 +56321.4470 +350493.149 -13393.0610   ~6oz5C57
99942         S2021 02 26.85006510 04 12.442-12 52 07.46         15.7 GV~6oz5C57
99942         s2021 02 26.8500651 +55965.9910 +350741.896 -13326.7180   ~6oz5C57
99942         S2021 02 26.85701010 04 10.548-12 51 52.63         15.5 GV~6oz5C57
99942         s2021 02 26.8570101 +55610.3560 +350989.507 -13260.3330   ~6oz5C57
99942         S2021 02 26.86395410 04 08.604-12 51 39.35         15.4 GV~6oz5C57
99942         s2021 02 26.8639541 +55254.5440 +351235.986 -13193.9060   ~6oz5C57
99942         S2021 02 26.87089910 04 06.689-12 51 25.78         15.4 GV~6oz5C57
99942         s2021 02 26.8708991 +54898.5560 +351481.333 -13127.4380   ~6oz5C57
99942         S2021 02 26.87784310 04 04.728-12 51 11.95         15.5 GV~6oz5C57
99942         s2021 02 26.8778431 +54542.3930 +351725.548 -13060.9280   ~6oz5C57
99942         S2021 02 26.88478710 04 02.844-12 50 57.77         15.4 GV~6oz5C57
99942         s2021 02 26.8847871 +54186.0570 +351968.634 -12994.3780   ~6oz5C57
99942        KC2021 02 26.88927 09 59 28.96 -12 48 47.4          15.0 RV~4cu2C73
99942         S2021 02 26.89173210 04 00.946-12 50 42.32         15.3 GV~6oz5C57
99942         s2021 02 26.8917321 +53829.5490 +352210.589 -12927.7870   ~6oz5C57
99942        KC2021 02 26.89551 09 59 27.02 -12 48 32.7          14.9 RV~4cu2C73
99942         S2021 02 26.89867610 03 59.018-12 50 28.10         15.2 GV~6oz5C57
99942         s2021 02 26.8986761 +53472.8710 +352451.417 -12861.1550   ~6oz5C57
99942        KC2021 02 26.90173 09 59 25.15 -12 48 18.3          14.9 RV~4cu2C73
99942         S2021 02 26.90562110 03 57.101-12 50 14.32         15.3 GV~6oz5C57
99942         s2021 02 26.9056211 +53116.0240 +352691.117 -12794.4840   ~6oz5C57
99942        KC2021 02 26.90796 09 59 23.27 -12 48 04.1          14.5 RV~4cu2C73
99942         S2021 02 26.91256510 03 55.195-12 50 01.18         15.2 GV~6oz5C57
99942         s2021 02 26.9125651 +52759.0100 +352929.691 -12727.7720   ~6oz5C57
99942         S2021 02 26.91951010 03 53.237-12 49 47.03         15.2 GV~6oz5C57
99942         s2021 02 26.9195101 +52401.8290 +353167.139 -12661.0210   ~6oz5C57
99942         S2021 02 26.92645410 03 51.336-12 49 32.16         15.2 GV~6oz5C57
99942         s2021 02 26.9264541 +52044.4840 +353403.463 -12594.2310   ~6oz5C57
99942         S2021 02 26.93339910 03 49.428-12 49 17.83         15.1 GV~6oz5C57
99942         s2021 02 26.9333991 +51686.9750 +353638.663 -12527.4010   ~6oz5C57
99942         S2021 02 26.94034310 03 47.496-12 49 03.47         15.1 GV~6oz5C57
99942         s2021 02 26.9403431 +51329.3050 +353872.740 -12460.5330   ~6oz5C57
99942         S2021 02 26.94728710 03 45.571-12 48 49.75         15.1 GV~6oz5C57
99942         s2021 02 26.9472871 +50971.4740 +354105.696 -12393.6260   ~6oz5C57
99942         S2021 02 26.95423210 03 43.625-12 48 36.11         15.1 GV~6oz5C57
99942         s2021 02 26.9542321 +50613.4830 +354337.531 -12326.6810   ~6oz5C57
99942         S2021 02 26.96117610 03 41.712-12 48 22.18         15.1 GV~6oz5C57
99942         s2021 02 26.9611761 +50255.3350 +354568.246 -12259.6980   ~6oz5C57
99942         S2021 02 26.96812110 03 39.797-12 48 07.42         15.1 GV~6oz5C57
99942         s2021 02 26.9681211 +49897.0300 +354797.842 -12192.6780   ~6oz5C57
99942        KC2021 02 26.96895809 59 06.59 -12 45 46.7          15.1 GV~4cu2Z80
99942        KC2021 02 26.97358809 59 05.20 -12 45 36.0          15.1 GV~4cu2Z80
99942         S2021 02 26.97506510 03 37.891-12 47 52.55         15.1 GV~6oz5C57
99942         s2021 02 26.9750651 +49538.5700 +355026.319 -12125.6200   ~6oz5C57
99942        KC2021 02 26.97821809 59 03.83 -12 45 24.9          15.1 GV~4cu2Z80
99942         S2021 02 26.98201010 03 35.950-12 47 38.72         15.0 GV~6oz5C57
99942         s2021 02 26.9820101 +49179.9560 +355253.680 -12058.5250   ~6oz5C57
99942         S2021 02 26.98895410 03 34.013-12 47 24.86         15.0 GV~6oz5C57
99942         s2021 02 26.9889541 +48821.1900 +355479.925 -11991.3920   ~6oz5C57
99942         S2021 02 26.99589910 03 32.066-12 47 10.82         15.0 GV~6oz5C57
99942         s2021 02 26.9958991 +48462.2730 +355705.054 -11924.2240   ~6oz5C57
99942         S2021 02 27.00284310 03 30.134-12 46 56.68         15.0 GV~6oz5C57
99942         s2021 02 27.0028431 +48103.2060 +355929.068 -11857.0190   ~6oz5C57
99942         S2021 02 27.00978710 03 28.243-12 46 42.20         15.0 GV~6oz5C57
99942         s2021 02 27.0097871 +47743.9900 +356151.969 -11789.7770   ~6oz5C57
99942         S2021 02 27.01673210 03 26.287-12 46 27.52         15.0 GV~6oz5C57
99942         s2021 02 27.0167321 +47384.6280 +356373.758 -11722.5000   ~6oz5C57
99942         S2021 02 27.03062110 03 22.392-12 45 59.58         14.9 GV~6oz5C57
99942         s2021 02 27.0306211 +46665.4670 +356814.000 -11587.8390   ~6oz5C57
99942         S2021 02 27.03756510 03 20.477-12 45 45.76         15.0 GV~6oz5C57
99942         s2021 02 27.0375651 +46305.6710 +357032.456 -11520.4560   ~6oz5C57
99942         S2021 02 27.04451010 03 18.511-12 45 31.50         15.0 GV~6oz5C57
99942         s2021 02 27.0445101 +45945.7330 +357249.802 -11453.0380   ~6oz5C57
99942         S2021 02 27.05145410 03 16.577-12 45 16.24         14.9 GV~6oz6C57
99942         s2021 02 27.0514541 +45585.6550 +357466.040 -11385.5850   ~6oz6C57
99942         S2021 02 27.05839910 03 14.650-12 45 02.23         14.9 GV~6oz6C57
99942         s2021 02 27.0583991 +45225.4380 +357681.171 -11318.0980   ~6oz6C57
99942         S2021 02 27.06534310 03 12.739-12 44 47.98         14.9 GV~6oz6C57
99942         s2021 02 27.0653431 +44865.0830 +357895.195 -11250.5770   ~6oz6C57
99942         S2021 02 27.07228710 03 10.766-12 44 34.04         14.9 GV~6oz6C57
99942         s2021 02 27.0722871 +44504.5910 +358108.114 -11183.0230   ~6oz6C57
99942         S2021 02 27.07923210 03 08.794-12 44 19.97         14.9 GV~6oz6C57
99942         s2021 02 27.0792321 +44143.9640 +358319.928 -11115.4340   ~6oz6C57
99942         S2021 02 27.08617610 03 06.859-12 44 05.86         15.0 GV~6oz6C57
99942         s2021 02 27.0861761 +43783.2040 +358530.637 -11047.8130   ~6oz6C57
99942         S2021 02 27.09312110 03 04.942-12 43 50.45         14.9 GV~6oz6C57
99942         s2021 02 27.0931211 +43422.3100 +358740.244 -10980.1580   ~6oz6C57
99942         S2021 02 27.10006510 03 02.983-12 43 35.90         14.9 GV~6oz6C57
99942         s2021 02 27.1000651 +43061.2850 +358948.748 -10912.4700   ~6oz6C57
99942         S2021 02 27.10701010 03 01.054-12 43 21.83         15.0 GV~6oz6C57
99942         s2021 02 27.1070101 +42700.1300 +359156.151 -10844.7500   ~6oz6C57
99942         S2021 02 27.11395410 02 59.088-12 43 08.00         14.9 GV~6oz6C57
99942         s2021 02 27.1139541 +42338.8470 +359362.453 -10776.9980   ~6oz6C57
99942         S2021 02 27.12089810 02 57.118-12 42 54.25         14.9 GV~6oz6C57
99942         s2021 02 27.1208981 +41977.4350 +359567.655 -10709.2130   ~6oz6C57
99942         S2021 02 27.12784310 02 55.166-12 42 39.96         14.9 GV~6oz6C57
99942         s2021 02 27.1278431 +41615.8980 +359771.759 -10641.3970   ~6oz6C57
99942         S2021 02 27.13478710 02 53.239-12 42 24.59         15.0 GV~6oz6C57
99942         s2021 02 27.1347871 +41254.2350 +359974.764 -10573.5490   ~6oz6C57
99942         S2021 02 27.14173210 02 51.305-12 42 10.26         15.0 GV~6oz6C57
99942         s2021 02 27.1417321 +40892.4490 +360176.672 -10505.6700   ~6oz6C57
99942         S2021 02 27.14867610 02 49.349-12 41 56.33         15.0 GV~6oz6C57
99942         s2021 02 27.1486761 +40530.5400 +360377.483 -10437.7600   ~6oz6C57
99942         S2021 02 27.15562110 02 47.383-12 41 42.40         15.0 GV~6oz6C57
99942         s2021 02 27.1556211 +40168.5110 +360577.199 -10369.8190   ~6oz6C57
99942         S2021 02 27.16256510 02 45.442-12 41 28.61         15.0 GV~6oz6C57
99942         s2021 02 27.1625651 +39806.3610 +360775.820 -10301.8470   ~6oz6C57
99942         S2021 02 27.16951010 02 43.476-12 41 13.92         15.1 GV~6oz6C57
99942         s2021 02 27.1695101 +39444.0920 +360973.346 -10233.8450   ~6oz6C57
99942         S2021 02 27.17645410 02 41.522-12 40 58.19         15.0 GV~6oz6C57
99942         s2021 02 27.1764541 +39081.7060 +361169.780 -10165.8130   ~6oz6C57
99942         S2021 02 27.18339810 02 39.581-12 40 44.29         15.0 GV~6oz6C57
99942         s2021 02 27.1833981 +38719.2040 +361365.121 -10097.7510   ~6oz6C57
99942         S2021 02 27.19034310 02 37.627-12 40 30.00         15.1 GV~6oz6C57
99942         s2021 02 27.1903431 +38356.5870 +361559.370 -10029.6590   ~6oz6C57
99942         S2021 02 27.19728710 02 35.650-12 40 15.85         15.1 GV~6oz6C57
99942         s2021 02 27.1972871 +37993.8560 +361752.529 - 9961.5380   ~6oz6C57
99942         S2021 02 27.20423210 02 33.658-12 40 01.70         15.1 GV~6oz6C57
99942         s2021 02 27.2042321 +37631.0130 +361944.597 - 9893.3880   ~6oz6C57
99942         S2021 02 27.21117610 02 31.723-12 39 47.23         15.2 GV~6oz6C57
99942         s2021 02 27.2111761 +37268.0590 +362135.576 - 9825.2090   ~6oz6C57
99942         S2021 02 27.21812110 02 29.760-12 39 32.11         15.2 GV~6oz6C57
99942         s2021 02 27.2181211 +36904.9940 +362325.467 - 9757.0020   ~6oz6C57
99942         S2021 02 27.22506510 02 27.826-12 39 17.86         15.2 GV~6oz6C57
99942         s2021 02 27.2250651 +36541.8210 +362514.270 - 9688.7660   ~6oz6C57
99942         S2021 02 27.23201010 02 25.846-12 39 03.89         15.2 GV~6oz6C57
99942         s2021 02 27.2320101 +36178.5400 +362701.986 - 9620.5020   ~6oz6C57
99942        0C2021 02 27.23690 09 57 49.60 -12 35 15.1          15.1 GV~4cu2851
99942        0C2021 02 27.23840 09 57 49.13 -12 35 11.9          15.2 GV~4cu2851
99942         S2021 02 27.23895410 02 23.875-12 38 49.88         15.3 GV~6oz6C57
99942         s2021 02 27.2389541 +35815.1530 +362888.615 - 9552.2090   ~6oz6C57
99942         S2021 02 27.24589810 02 21.907-12 38 35.52         15.3 GV~6oz6C57
99942         s2021 02 27.2458981 +35451.6600 +363074.160 - 9483.8890   ~6oz6C57
99942         S2021 02 27.25284310 02 19.915-12 38 20.83         15.3 GV~6oz6C57
99942         s2021 02 27.2528431 +35088.0640 +363258.619 - 9415.5420   ~6oz6C57
99942         S2021 02 27.25978710 02 17.957-12 38 05.17         15.3 GV~6oz6C57
99942         s2021 02 27.2597871 +34724.3650 +363441.995 - 9347.1670   ~6oz6C57
99942         S2021 02 27.26673210 02 16.020-12 37 51.10         15.4 GV~6oz6C57
99942         s2021 02 27.2667321 +34360.5650 +363624.287 - 9278.7660   ~6oz6C57
99942         S2021 02 27.27367610 02 14.045-12 37 37.02         15.4 GV~6oz6C57
99942         s2021 02 27.2736761 +33996.6640 +363805.497 - 9210.3370   ~6oz6C57
99942         S2021 02 27.28062110 02 12.031-12 37 22.66         15.4 GV~6oz6C57
99942         s2021 02 27.2806211 +33632.6640 +363985.626 - 9141.8830   ~6oz6C57
99942         S2021 02 27.28756510 02 10.063-12 37 08.87         15.4 GV~6oz6C57
99942         s2021 02 27.2875651 +33268.5670 +364164.673 - 9073.4010   ~6oz6C57
99942         S2021 02 27.29451010 02 08.102-12 36 54.29         15.4 GV~6oz6C57
99942         s2021 02 27.2945101 +32904.3720 +364342.641 - 9004.8940   ~6oz6C57
99942         S2021 02 27.30145410 02 06.144-12 36 38.74         15.5 GV~6oz6C57
99942         s2021 02 27.3014541 +32540.0820 +364519.529 - 8936.3610   ~6oz6C57
99942         S2021 02 27.30839810 02 04.145-12 36 24.44         15.4 GV~6oz6C57
99942         s2021 02 27.3083981 +32175.6980 +364695.338 - 8867.8020   ~6oz6C57
99942         S2021 02 27.32228710 02 00.199-12 35 56.26         15.5 GV~6oz6C57
99942         s2021 02 27.3222871 +31446.6520 +365043.724 - 8730.6090   ~6oz6C57
99942         S2021 02 27.32923210 01 58.222-12 35 41.82         15.4 GV~6oz6C57
99942         s2021 02 27.3292321 +31081.9920 +365216.302 - 8661.9740   ~6oz6C57
99942         S2021 02 27.33617610 01 56.230-12 35 27.06         15.5 GV~6oz6C57
99942         s2021 02 27.3361761 +30717.2420 +365387.803 - 8593.3150   ~6oz6C57
99942         S2021 02 27.34312110 01 54.295-12 35 11.62         15.5 GV~6oz6C57
99942         s2021 02 27.3431211 +30352.4040 +365558.230 - 8524.6320   ~6oz6C57
99942         S2021 02 27.35006510 01 52.294-12 34 57.54         15.5 GV~6oz6C57
99942         s2021 02 27.3500651 +29987.4790 +365727.583 - 8455.9240   ~6oz6C57
99942         S2021 02 27.35701010 01 50.328-12 34 42.96         15.5 GV~6oz6C57
99942         s2021 02 27.3570101 +29622.4680 +365895.862 - 8387.1930   ~6oz6C57
99942         S2021 02 27.36395410 01 48.324-12 34 29.21         15.5 GV~6oz6C57
99942         s2021 02 27.3639541 +29257.3720 +366063.068 - 8318.4370   ~6oz6C57
99942         S2021 02 27.37089810 01 46.358-12 34 14.88         15.5 GV~6oz6C57
99942         s2021 02 27.3708981 +28892.1920 +366229.202 - 8249.6580   ~6oz6C57
99942         S2021 02 27.37784310 01 44.357-12 34 00.01         15.5 GV~6oz6C57
99942         s2021 02 27.3778431 +28526.9290 +366394.264 - 8180.8560   ~6oz6C57
99942         S2021 02 27.38478710 01 42.382-12 33 44.50         15.5 GV~6oz6C57
99942         s2021 02 27.3847871 +28161.5860 +366558.256 - 8112.0300   ~6oz6C57
99942         S2021 02 27.39173210 01 40.426-12 33 30.67         15.5 GV~6oz6C57
99942         s2021 02 27.3917321 +27796.1610 +366721.177 - 8043.1820   ~6oz6C57
99942         S2021 02 27.39867610 01 38.410-12 33 15.88         15.5 GV~6oz6C57
99942         s2021 02 27.3986761 +27430.6580 +366883.029 - 7974.3110   ~6oz6C57
99942         S2021 02 27.40562110 01 36.408-12 33 01.58         15.5 GV~6oz6C57
99942         s2021 02 27.4056211 +27065.0770 +367043.812 - 7905.4170   ~6oz6C57
99942         S2021 02 27.41256510 01 34.392-12 32 47.15         15.4 GV~6oz6C57
99942         s2021 02 27.4125651 +26699.4190 +367203.528 - 7836.5010   ~6oz6C57
99942         S2021 02 27.41950910 01 32.417-12 32 32.14         15.5 GV~6oz6C57
99942         s2021 02 27.4195091 +26333.6850 +367362.176 - 7767.5640   ~6oz6C57
99942         S2021 02 27.42645410 01 30.432-12 32 16.80         15.4 GV~6oz6C57
99942         s2021 02 27.4264541 +25967.8770 +367519.757 - 7698.6040   ~6oz6C57
99942         S2021 02 27.43339810 01 28.466-12 32 02.83         15.4 GV~6oz6C57
99942         s2021 02 27.4333981 +25601.9960 +367676.272 - 7629.6230   ~6oz6C57
99942         S2021 02 27.44034310 01 26.462-12 31 48.47         15.4 GV~6oz6C57
99942         s2021 02 27.4403431 +25236.0420 +367831.722 - 7560.6200   ~6oz6C57
99942         S2021 02 27.44728710 01 24.456-12 31 34.61         15.4 GV~6oz6C57
99942         s2021 02 27.4472871 +24870.0170 +367986.107 - 7491.5970   ~6oz6C57
99942         S2021 02 27.45423210 01 22.471-12 31 19.63         15.3 GV~6oz6C57
99942         s2021 02 27.4542321 +24503.9220 +368139.429 - 7422.5520   ~6oz6C57
99942         S2021 02 27.46117610 01 20.458-12 31 04.48         15.3 GV~6oz6C57
99942         s2021 02 27.4611761 +24137.7590 +368291.687 - 7353.4870   ~6oz6C57
99942         S2021 02 27.46812110 01 18.449-12 30 49.39         15.4 GV~6oz6C57
99942         s2021 02 27.4681211 +23771.5270 +368442.882 - 7284.4010   ~6oz6C57
99942         S2021 02 27.47506510 01 16.493-12 30 35.17         15.3 GV~6oz6C57
99942         s2021 02 27.4750651 +23405.2290 +368593.016 - 7215.2950   ~6oz6C57
99942         S2021 02 27.48200910 01 14.486-12 30 20.70         15.3 GV~6oz6C57
99942         s2021 02 27.4820091 +23038.8660 +368742.088 - 7146.1690   ~6oz6C57
99942         S2021 02 27.48895410 01 12.478-12 30 06.12         15.3 GV~6oz6C57
99942         s2021 02 27.4889541 +22672.4380 +368890.099 - 7077.0230   ~6oz6C57
99942         S2021 02 27.49589810 01 10.531-12 29 52.19         15.3 GV~6oz6C57
99942         s2021 02 27.4958981 +22305.9470 +369037.050 - 7007.8580   ~6oz6C57
99942         S2021 02 27.50284310 01 08.460-12 29 37.14         15.3 GV~6oz6C57
99942         s2021 02 27.5028431 +21939.3940 +369182.942 - 6938.6730   ~6oz6C57
99942         S2021 02 27.50978710 01 06.504-12 29 21.48         15.3 GV~6oz6C57
99942         s2021 02 27.5097871 +21572.7800 +369327.775 - 6869.4690   ~6oz6C57
99942         S2021 02 27.51673210 01 04.493-12 29 07.19         15.3 GV~6oz6C57
99942         s2021 02 27.5167321 +21206.1060 +369471.550 - 6800.2460   ~6oz6C57
99942         S2021 02 27.52367610 01 02.450-12 28 52.82         15.3 GV~6oz6C57
99942         s2021 02 27.5236761 +20839.3730 +369614.267 - 6731.0040   ~6oz6C57
99942         S2021 02 27.53062110 01 00.482-12 28 38.89         15.3 GV~6oz6C57
99942         s2021 02 27.5306211 +20472.5830 +369755.928 - 6661.7440   ~6oz6C57
99942         S2021 02 27.53756510 00 58.428-12 28 24.02         15.3 GV~6oz6C57
99942         s2021 02 27.5375651 +20105.7360 +369896.532 - 6592.4650   ~6oz6C57
99942         S2021 02 27.54450910 00 56.460-12 28 08.33         15.2 GV~6oz6C57
99942         s2021 02 27.5445091 +19738.8330 +370036.081 - 6523.1680   ~6oz6C57
99942         S2021 02 27.55145410 00 54.437-12 27 53.10         15.2 GV~6oz6C57
99942         s2021 02 27.5514541 +19371.8760 +370174.575 - 6453.8540   ~6oz6C57
99942         S2021 02 27.55839810 00 52.469-12 27 39.02         15.2 GV~6oz6C57
99942         s2021 02 27.5583981 +19004.8660 +370312.015 - 6384.5210   ~6oz6C57
99942         S2021 02 27.56534310 00 50.424-12 27 24.84         15.2 GV~6oz6C57
99942         s2021 02 27.5653431 +18637.8040 +370448.400 - 6315.1710   ~6oz6C57
99942         S2021 02 27.57228710 00 48.401-12 27 10.30         15.2 GV~6oz6C57
99942         s2021 02 27.5722871 +18270.6910 +370583.733 - 6245.8040   ~6oz6C57
99942         S2021 02 27.57923210 00 46.409-12 26 55.93         15.2 GV~6oz6C57
99942         s2021 02 27.5792321 +17903.5270 +370718.013 - 6176.4200   ~6oz6C57
99942         S2021 02 27.59312110 00 42.422-12 26 25.01         15.2 GV~6oz6C57
99942         s2021 02 27.5931211 +17169.0550 +370983.418 - 6037.6010   ~6oz6C57
99942         S2021 02 27.60006510 00 40.366-12 26 10.46         15.1 GV~6oz6C57
99942         s2021 02 27.6000651 +16801.7480 +371114.544 - 5968.1670   ~6oz6C57
99942         S2021 02 27.60700910 00 38.352-12 25 56.64         15.1 GV~6oz6C57
99942         s2021 02 27.6070091 +16434.3960 +371244.620 - 5898.7170   ~6oz6C57
99942         S2021 02 27.61395410 00 36.350-12 25 41.88         15.1 GV~6oz6C57
99942         s2021 02 27.6139541 +16066.9990 +371373.646 - 5829.2500   ~6oz6C57
99942         S2021 02 27.62089810 00 34.330-12 25 27.62         15.1 GV~6oz6C57
99942         s2021 02 27.6208981 +15699.5580 +371501.624 - 5759.7680   ~6oz6C57
99942         S2021 02 27.62784310 00 32.318-12 25 11.71         15.0 GV~6oz6C57
99942         s2021 02 27.6278431 +15332.0750 +371628.553 - 5690.2700   ~6oz6C57
99942         S2021 02 27.63478710 00 30.314-12 24 56.95         15.1 GV~6oz6C57
99942         s2021 02 27.6347871 +14964.5510 +371754.435 - 5620.7570   ~6oz6C57
99942         S2021 02 27.64173210 00 28.303-12 24 41.54         15.1 GV~6oz6C57
99942         s2021 02 27.6417321 +14596.9860 +371879.269 - 5551.2280   ~6oz6C57
99942         S2021 02 27.64867610 00 26.294-12 24 26.89         15.1 GV~6oz6C57
99942         s2021 02 27.6486761 +14229.3830 +372003.057 - 5481.6850   ~6oz6C57
99942         S2021 02 27.65562010 00 24.245-12 24 13.25         15.0 GV~6oz6C57
99942         s2021 02 27.6556201 +13861.7410 +372125.798 - 5412.1270   ~6oz6C57
99942         S2021 02 27.66256510 00 22.202-12 23 58.67         15.1 GV~6oz6C57
99942         s2021 02 27.6625651 +13494.0620 +372247.494 - 5342.5540   ~6oz6C57
99942         S2021 02 27.66950910 00 20.179-12 23 42.32         15.1 GV~6oz6C57
99942         s2021 02 27.6695091 +13126.3470 +372368.146 - 5272.9670   ~6oz6C57
99942         S2021 02 27.67645410 00 18.161-12 23 27.74         15.0 GV~6oz6C57
99942         s2021 02 27.6764541 +12758.5970 +372487.753 - 5203.3650   ~6oz6C57
99942         S2021 02 27.68339810 00 16.150-12 23 13.34         15.1 GV~6oz6C57
99942         s2021 02 27.6833981 +12390.8130 +372606.316 - 5133.7500   ~6oz6C57
99942         S2021 02 27.69034310 00 14.122-12 22 58.87         15.1 GV~6oz6C57
99942         s2021 02 27.6903431 +12022.9970 +372723.836 - 5064.1210   ~6oz6C57
99942         S2021 02 27.69728710 00 12.094-12 22 44.40         15.0 GV~6oz6C57
99942         s2021 02 27.6972871 +11655.1480 +372840.314 - 4994.4780   ~6oz6C57
99942         S2021 02 27.70423210 00 10.070-12 22 29.57         15.0 GV~6oz6C57
99942         s2021 02 27.7042321 +11287.2690 +372955.749 - 4924.8220   ~6oz6C57
99942         S2021 02 27.71117610 00 08.045-12 22 13.76         15.0 GV~6oz6C57
99942         s2021 02 27.7111761 +10919.3610 +373070.143 - 4855.1530   ~6oz6C57
99942         S2021 02 27.71812010 00 06.029-12 21 58.61         15.1 GV~6oz6C57
99942         s2021 02 27.7181201 +10551.4230 +373183.496 - 4785.4700   ~6oz6C57
99942         S2021 02 27.72506510 00 03.989-12 21 44.28         15.0 GV~6oz6C57
99942         s2021 02 27.7250651 +10183.4580 +373295.809 - 4715.7750   ~6oz6C57
99942         S2021 02 27.73200910 00 01.944-12 21 29.70         15.0 GV~6oz6C57
99942         s2021 02 27.7320091 + 9815.4670 +373407.082 - 4646.0680   ~6oz6C57
99942         S2021 02 27.73895409 59 59.933-12 21 15.34         15.0 GV~6oz6C57
99942         s2021 02 27.7389541 + 9447.4500 +373517.315 - 4576.3480   ~6oz6C57
99942         S2021 02 27.74589809 59 57.876-12 21 00.32         15.1 GV~6oz6C57
99942         s2021 02 27.7458981 + 9079.4090 +373626.510 - 4506.6160   ~6oz6C57
99942         S2021 02 27.75284309 59 55.867-12 20 44.52         15.1 GV~6oz6C57
99942         s2021 02 27.7528431 + 8711.3440 +373734.666 - 4436.8720   ~6oz6C57
99942         S2021 02 27.75978709 59 53.827-12 20 29.54         15.1 GV~6oz6C57
99942         s2021 02 27.7597871 + 8343.2570 +373841.785 - 4367.1160   ~6oz6C57
99942         S2021 02 27.76673209 59 51.806-12 20 15.43         15.0 GV~6oz6C57
99942         s2021 02 27.7667321 + 7975.1490 +373947.866 - 4297.3490   ~6oz6C57
99942         S2021 02 27.77367609 59 49.764-12 20 00.53         15.1 GV~6oz6C57
99942         s2021 02 27.7736761 + 7607.0200 +374052.911 - 4227.5700   ~6oz6C57
99942         S2021 02 27.78062009 59 47.693-12 19 45.98         15.0 GV~6oz6C57
99942         s2021 02 27.7806201 + 7238.8730 +374156.920 - 4157.7800   ~6oz6C57
99942         S2021 02 27.78756509 59 45.686-12 19 31.26         15.1 GV~6oz6C57
99942         s2021 02 27.7875651 + 6870.7070 +374259.893 - 4087.9790   ~6oz6C57
99942         S2021 02 27.79450909 59 43.668-12 19 15.35         15.1 GV~6oz6C57
99942         s2021 02 27.7945091 + 6502.5240 +374361.831 - 4018.1670   ~6oz6C57
99942         S2021 02 27.80145409 59 41.640-12 19 00.23         15.1 GV~6oz7C57
99942         s2021 02 27.8014541 + 6134.3240 +374462.734 - 3948.3450   ~6oz7C57
99942         C2021 02 27.80200 09 55 12.33 -12 12 53.0          15.5 R ~4cu2N42
99942         C2021 02 27.80290 09 55 12.06 -12 12 51.1          15.3 R ~4cu2N42
99942         C2021 02 27.80470 09 55 11.50 -12 12 46.5          15.5 R ~4cu2N42
99942         C2021 02 27.80559 09 55 11.23 -12 12 44.4          15.9 R ~4cu2N42
99942         C2021 02 27.80649 09 55 10.95 -12 12 42.3          15.5 R ~4cu2N42
99942         C2021 02 27.80829 09 55 10.43 -12 12 37.8          15.3 R ~4cu2N42
99942         S2021 02 27.80839809 59 39.595-12 18 45.97         15.1 GV~6oz7C57
99942         s2021 02 27.8083981 + 5766.1100 +374562.604 - 3878.5120   ~6oz7C57
99942         C2021 02 27.80918 09 55 10.14 -12 12 35.7          15.4 R ~4cu2N42
99942         C2021 02 27.81187 09 55 09.33 -12 12 29.1          15.4 R ~4cu2N42
99942         C2021 02 27.81457 09 55 08.49 -12 12 22.7          15.7 R ~4cu2N42
99942         S2021 02 27.81534309 59 37.531-12 18 31.18         15.2 GV~6oz7C57
99942         s2021 02 27.8153431 + 5397.8820 +374661.439 - 3808.6700   ~6oz7C57
99942         C2021 02 27.81726 09 55 07.70 -12 12 16.1          15.5 R ~4cu2N42
99942         S2021 02 27.82228709 59 35.498-12 18 16.67         15.2 GV~6oz7C57
99942         s2021 02 27.8222871 + 5029.6400 +374759.242 - 3738.8170   ~6oz7C57
99942         S2021 02 27.82923209 59 33.403-12 18 01.30         15.1 GV~6oz7C57
99942         s2021 02 27.8292321 + 4661.3870 +374856.012 - 3668.9540   ~6oz7C57
99942         S2021 02 27.83617609 59 31.414-12 17 45.53         15.2 GV~6oz7C57
99942         s2021 02 27.8361761 + 4293.1220 +374951.750 - 3599.0820   ~6oz7C57
99942         S2021 02 27.84312009 59 29.366-12 17 30.30         15.2 GV~6oz7C57
99942         s2021 02 27.8431201 + 3924.8480 +375046.457 - 3529.2000   ~6oz7C57
99942         S2021 02 27.85700909 59 25.274-12 17 01.54         15.2 GV~6oz7C57
99942         s2021 02 27.8570091 + 3188.2730 +375232.777 - 3389.4090   ~6oz7C57
99942         S2021 02 27.86395409 59 23.196-12 16 46.92         15.3 GV~6oz7C57
99942         s2021 02 27.8639541 + 2819.9740 +375324.392 - 3319.5010   ~6oz7C57
99942         S2021 02 27.87089809 59 21.125-12 16 31.15         15.2 GV~6oz7C57
99942         s2021 02 27.8708981 + 2451.6700 +375414.977 - 3249.5830   ~6oz7C57
99942         S2021 02 27.87784309 59 19.111-12 16 14.77         15.3 GV~6oz7C57
99942         s2021 02 27.8778431 + 2083.3610 +375504.533 - 3179.6580   ~6oz7C57
99942         S2021 02 27.88478709 59 17.162-12 16 00.98         15.3 GV~6oz7C57
99942         s2021 02 27.8847871 + 1715.0480 +375593.060 - 3109.7240   ~6oz7C57
99942         S2021 02 27.89173109 59 15.038-12 15 46.19         15.3 GV~6oz7C57
99942         s2021 02 27.8917311 + 1346.7320 +375680.560 - 3039.7820   ~6oz7C57
99942         S2021 02 27.89867609 59 12.967-12 15 31.82         15.3 GV~6oz7C57
99942         s2021 02 27.8986761 +  978.4140 +375767.031 - 2969.8320   ~6oz7C57
99942        KC2021 02 27.90096 09 54 46.18 -12 08 59.5                V~4cu2118
99942        KC2021 02 27.90557 09 54 44.76 -12 08 48.6                V~4cu2118
99942         S2021 02 27.90562009 59 10.934-12 15 16.96         15.3 GV~6oz7C57
99942         s2021 02 27.9056201 +  610.0950 +375852.476 - 2899.8740   ~6oz7C57
99942        KC2021 02 27.91018 09 54 43.42 -12 08 36.5                V~4cu2118
99942         S2021 02 27.91256509 59 08.849-12 15 01.66         15.4 GV~6oz7C57
99942         s2021 02 27.9125651 +  241.7770 +375936.893 - 2829.9090   ~6oz7C57
99942         S2021 02 27.91950909 59 06.845-12 14 45.28         15.3 GV~6oz7C57
99942         s2021 02 27.9195091 -  126.5400 +376020.285 - 2759.9370   ~6oz7C57
99942        1C2021 02 27.92015 09 54 37.25 -12 08 01.8          15.0 GV~4cu2186
99942        1C2021 02 27.92159 09 54 36.82 -12 07 58.4          15.3 GV~4cu2186
99942         S2021 02 27.92645409 59 04.786-12 14 30.37         15.4 GV~6oz7C57
99942         s2021 02 27.9264541 -  494.8560 +376102.650 - 2689.9570   ~6oz7C57
99942        1C2021 02 27.93256 09 54 33.61 -12 07 31.1          15.2 GV~4cu2186
99942         S2021 02 27.93339809 59 02.700-12 14 15.65         15.4 GV~6oz7C57
99942         s2021 02 27.9333981 -  863.1680 +376183.991 - 2619.9710   ~6oz7C57
99942        1C2021 02 27.93399 09 54 33.16 -12 07 28.2          15.4 GV~4cu2186
99942         S2021 02 27.94034309 59 00.686-12 14 01.00         15.4 GV~6oz7C57
99942         s2021 02 27.9403431 - 1231.4760 +376264.306 - 2549.9780   ~6oz7C57
99942         S2021 02 27.94728709 58 58.579-12 13 46.09         15.4 GV~6oz7C57
99942         s2021 02 27.9472871 - 1599.7780 +376343.597 - 2479.9780   ~6oz7C57
99942         S2021 02 27.95423109 58 56.546-12 13 31.15         15.4 GV~6oz7C57
99942         s2021 02 27.9542311 - 1968.0750 +376421.864 - 2409.9720   ~6oz7C57
99942         S2021 02 27.96117609 58 54.521-12 13 14.88         15.4 GV~6oz7C57
99942         s2021 02 27.9611761 - 2336.3650 +376499.108 - 2339.9600   ~6oz7C57
99942         S2021 02 27.96812009 58 52.433-12 12 59.94         15.4 GV~6oz7C57
99942         s2021 02 27.9681201 - 2704.6460 +376575.328 - 2269.9420   ~6oz7C57
99942         S2021 02 27.97506509 58 50.376-12 12 45.07         15.5 GV~6oz7C57
99942         s2021 02 27.9750651 - 3072.9180 +376650.526 - 2199.9190   ~6oz7C57
99942        KC2021 02 27.97513709 54 24.84 -12 06 02.1          15.4 GV~4cu2Z80
99942        KC2021 02 27.97861109 54 23.83 -12 05 53.4          15.6 GV~4cu2Z80
99942         S2021 02 27.98200909 58 48.298-12 12 30.53         15.5 GV~6oz7C57
99942         s2021 02 27.9820091 - 3441.1800 +376724.702 - 2129.8890   ~6oz7C57
99942        KC2021 02 27.98208309 54 22.79 -12 05 45.0          15.8 GV~4cu2Z80
99942         S2021 02 27.98895409 58 46.217-12 12 16.20         15.4 GV~6oz7C57
99942         s2021 02 27.9889541 - 3809.4310 +376797.856 - 2059.8550   ~6oz7C57
99942         S2021 02 27.99589809 58 44.174-12 12 00.50         15.5 GV~6oz7C57
99942         s2021 02 27.9958981 - 4177.6700 +376869.988 - 1989.8150   ~6oz7C57
99942        KC2021 02 27.99969209 54 17.50 -12 05 03.9          15.6 GV~4cu2Z99
99942        KC2021 02 28.00223109 54 16.75 -12 04 57.6          15.7 GV~4cu2Z99
99942         S2021 02 28.00284309 58 42.106-12 11 44.41         15.5 GV~6oz7C57
99942         s2021 02 28.0028431 - 4545.8960 +376941.100 - 1919.7700   ~6oz7C57
99942        KC2021 02 28.00476309 54 15.97 -12 04 51.5          15.5 GV~4cu2Z99
99942        KC2021 02 28.00730709 54 15.23 -12 04 45.4          15.7 GV~4cu2Z99
99942         S2021 02 28.00978709 58 40.066-12 11 29.83         15.5 GV~6oz7C57
99942         s2021 02 28.0097871 - 4914.1070 +377011.191 - 1849.7200   ~6oz7C57
99942        KC2021 02 28.00983009 54 14.45 -12 04 39.1          15.7 GV~4cu2Z99
99942         S2021 02 28.01673109 58 37.987-12 11 14.68         15.5 GV~6oz7C57
99942         s2021 02 28.0167311 - 5282.3040 +377080.262 - 1779.6650   ~6oz7C57
99942         S2021 02 28.02367609 58 35.940-12 11 00.67         15.5 GV~6oz7C57
99942         s2021 02 28.0236761 - 5650.4840 +377148.314 - 1709.6070   ~6oz7C57
99942         S2021 02 28.03062009 58 33.878-12 10 45.37         15.5 GV~6oz7C57
99942         s2021 02 28.0306201 - 6018.6480 +377215.347 - 1639.5430   ~6oz7C57
99942         S2021 02 28.03756509 58 31.754-12 10 29.42         15.5 GV~6oz7C57
99942         s2021 02 28.0375651 - 6386.7930 +377281.360 - 1569.4760   ~6oz7C57
99942         S2021 02 28.04450909 58 29.731-12 10 13.87         15.5 GV~6oz7C57
99942         s2021 02 28.0445091 - 6754.9200 +377346.356 - 1499.4050   ~6oz7C57
99942         S2021 02 28.05145409 58 27.650-12 09 58.28         15.4 GV~6oz7C57
99942         s2021 02 28.0514541 - 7123.0260 +377410.333 - 1429.3300   ~6oz7C57
99942         S2021 02 28.05839809 58 25.598-12 09 45.29         15.5 GV~6oz7C57
99942         s2021 02 28.0583981 - 7491.1120 +377473.293 - 1359.2520   ~6oz7C57
99942         S2021 02 28.06534309 58 23.537-12 09 28.84         15.4 GV~6oz7C57
99942         s2021 02 28.0653431 - 7859.1750 +377535.236 - 1289.1700   ~6oz7C57
99942         S2021 02 28.07228709 58 21.398-12 09 13.97         15.5 GV~6oz7C57
99942         s2021 02 28.0722871 - 8227.2160 +377596.163 - 1219.0860   ~6oz7C57
99942         S2021 02 28.07923109 58 19.361-12 08 58.45         15.4 GV~6oz7C57
99942         s2021 02 28.0792311 - 8595.2330 +377656.073 - 1148.9980   ~6oz7C57
99942         S2021 02 28.08617609 58 17.335-12 08 42.43         15.4 GV~6oz7C57
99942         s2021 02 28.0861761 - 8963.2240 +377714.967 - 1078.9070   ~6oz7C57
99942         S2021 02 28.09312009 58 15.211-12 08 27.49         15.4 GV~6oz7C57
99942         s2021 02 28.0931201 - 9331.1900 +377772.846 - 1008.8140   ~6oz7C57
99942         S2021 02 28.10006509 58 13.164-12 08 12.73         15.4 GV~6oz7C57
99942         s2021 02 28.1000651 - 9699.1290 +377829.709 -  938.7190   ~6oz7C57
99942         S2021 02 28.10700909 58 11.047-12 07 57.68         15.4 GV~6oz7C57
99942         s2021 02 28.1070091 -10067.0410 +377885.558 -  868.6210   ~6oz7C57
99942         S2021 02 28.11395409 58 09.017-12 07 43.68         15.3 GV~6oz7C57
99942         s2021 02 28.1139541 -10434.9230 +377940.393 -  798.5210   ~6oz7C57
99942         S2021 02 28.12089809 58 06.919-12 07 27.23         15.3 GV~6oz7C57
99942         s2021 02 28.1208981 -10802.7760 +377994.214 -  728.4200   ~6oz7C57
99942         S2021 02 28.12784209 58 04.848-12 07 11.03         15.3 GV~6oz7C57
99942         s2021 02 28.1278421 -11170.5980 +378047.021 -  658.3160   ~6oz7C57
99942         S2021 02 28.13478709 58 02.810-12 06 55.94         15.3 GV~6oz7C57
99942         s2021 02 28.1347871 -11538.3890 +378098.815 -  588.2120   ~6oz7C57
99942         S2021 02 28.14173109 58 00.682-12 06 41.54         15.3 GV~6oz7C57
99942         s2021 02 28.1417311 -11906.1460 +378149.597 -  518.1050   ~6oz7C57
99942         S2021 02 28.14867609 57 58.627-12 06 26.86         15.2 GV~6oz7C57
99942         s2021 02 28.1486761 -12273.8700 +378199.366 -  447.9980   ~6oz7C57
99942         S2021 02 28.15562009 57 56.544-12 06 11.99         15.2 GV~6oz7C57
99942         s2021 02 28.1556201 -12641.5600 +378248.123 -  377.8900   ~6oz7C57
99942         S2021 02 28.16256509 57 54.437-12 05 55.68         15.2 GV~6oz7C57
99942         s2021 02 28.1625651 -13009.2140 +378295.868 -  307.7810   ~6oz7C57
99942         S2021 02 28.16950909 57 52.387-12 05 39.52         15.2 GV~6oz7C57
99942         s2021 02 28.1695091 -13376.8310 +378342.602 -  237.6720   ~6oz7C57
99942         S2021 02 28.17645409 57 50.292-12 05 24.90         15.2 GV~6oz7C57
99942         s2021 02 28.1764541 -13744.4110 +378388.326 -  167.5620   ~6oz7C57
99942         S2021 02 28.18339809 57 48.185-12 05 09.60         15.1 GV~6oz7C57
99942         s2021 02 28.1833981 -14111.9530 +378433.039 -   97.4520   ~6oz7C57
99942         S2021 02 28.19034209 57 46.121-12 04 55.27         15.1 GV~6oz7C57
99942         s2021 02 28.1903421 -14479.4550 +378476.741 -   27.3420   ~6oz7C57
99942         S2021 02 28.19728709 57 43.980-12 04 39.61         15.1 GV~6oz7C57
99942         s2021 02 28.1972871 -14846.9170 +378519.434 +   42.7680   ~6oz7C57
99942         S2021 02 28.20423109 57 41.933-12 04 23.99         15.1 GV~6oz7C57
99942         s2021 02 28.2042311 -15214.3370 +378561.118 +  112.8780   ~6oz7C57
99942         S2021 02 28.21117609 57 39.854-12 04 07.97         15.1 GV~6oz7C57
99942         s2021 02 28.2111761 -15581.7160 +378601.792 +  182.9870   ~6oz7C57
99942         S2021 02 28.21812009 57 37.745-12 03 52.49         15.0 GV~6oz7C57
99942         s2021 02 28.2181201 -15949.0500 +378641.458 +  253.0950   ~6oz7C57
99942         S2021 02 28.22506509 57 35.681-12 03 38.38         15.0 GV~6oz7C57
99942         s2021 02 28.2250651 -16316.3410 +378680.115 +  323.2030   ~6oz7C57
99942         S2021 02 28.23200909 57 33.566-12 03 23.15         15.0 GV~6oz7C57
99942         s2021 02 28.2320091 -16683.5870 +378717.764 +  393.3090   ~6oz7C57
99942         S2021 02 28.23895409 57 31.462-12 03 07.99         15.0 GV~6oz7C57
99942         s2021 02 28.2389541 -17050.7860 +378754.406 +  463.4150   ~6oz7C57
99942         S2021 02 28.24589809 57 29.431-12 02 51.83         15.0 GV~6oz7C57
99942         s2021 02 28.2458981 -17417.9390 +378790.040 +  533.5180   ~6oz7C57
99942         S2021 02 28.25284209 57 27.314-12 02 35.88         15.0 GV~6oz7C57
99942         s2021 02 28.2528421 -17785.0430 +378824.668 +  603.6210   ~6oz7C57
99942         S2021 02 28.25978709 57 25.253-12 02 20.90         15.0 GV~6oz7C57
99942         s2021 02 28.2597871 -18152.0990 +378858.288 +  673.7210   ~6oz7C57
99942         S2021 02 28.26673109 57 23.138-12 02 06.14         14.9 GV~6oz7C57
99942         s2021 02 28.2667311 -18519.1040 +378890.903 +  743.8190   ~6oz7C57
99942         S2021 02 28.27367609 57 20.990-12 01 50.95         14.9 GV~6oz7C57
99942         s2021 02 28.2736761 -18886.0590 +378922.511 +  813.9160   ~6oz7C57
99942         S2021 02 28.28062009 57 18.919-12 01 35.80         14.9 GV~6oz7C57
99942         s2021 02 28.2806201 -19252.9610 +378953.114 +  884.0100   ~6oz7C57
99942         S2021 02 28.28756509 57 16.841-12 01 19.56         14.9 GV~6oz7C57
99942         s2021 02 28.2875651 -19619.8110 +378982.711 +  954.1010   ~6oz7C57
99942         S2021 02 28.29450909 57 14.760-12 01 03.90         14.9 GV~6oz7C57
99942         s2021 02 28.2945091 -19986.6080 +379011.303 + 1024.1900   ~6oz7C57
99942         S2021 02 28.30145409 57 12.682-12 00 48.85         14.9 GV~6oz7C57
99942         s2021 02 28.3014541 -20353.3490 +379038.891 + 1094.2760   ~6oz7C57
99942         S2021 02 28.30839809 57 10.526-12 00 33.73         14.9 GV~6oz7C57
99942         s2021 02 28.3083981 -20720.0350 +379065.474 + 1164.3590   ~6oz7C57
99942         S2021 02 28.31534209 57 08.443-12 00 19.01         14.9 GV~6oz7C57
99942         s2021 02 28.3153421 -21086.6650 +379091.054 + 1234.4390   ~6oz7C57
99942         S2021 02 28.32228709 57 06.350-12 00 03.49         14.9 GV~6oz7C57
99942         s2021 02 28.3222871 -21453.2360 +379115.629 + 1304.5150   ~6oz7C57
99942         S2021 02 28.32923109 57 04.238-11 59 46.82         14.9 GV~6oz7C57
99942         s2021 02 28.3292311 -21819.7500 +379139.201 + 1374.5880   ~6oz7C57
99942         S2021 02 28.33617609 57 02.170-11 59 31.38         14.9 GV~6oz7C57
99942         s2021 02 28.3361761 -22186.2040 +379161.770 + 1444.6570   ~6oz7C57
99942         S2021 02 28.34312009 57 00.055-11 59 16.22         14.9 GV~6oz7C57
99942         s2021 02 28.3431201 -22552.5970 +379183.336 + 1514.7220   ~6oz7C57
99942         S2021 02 28.35006509 56 57.953-11 59 01.25         14.9 GV~6oz7C57
99942         s2021 02 28.3500651 -22918.9300 +379203.900 + 1584.7830   ~6oz7C57
99942         S2021 02 28.35700909 56 55.843-11 58 46.06         14.9 GV~6oz7C57
99942         s2021 02 28.3570091 -23285.2000 +379223.462 + 1654.8390   ~6oz7C57
99942         S2021 02 28.36395309 56 53.712-11 58 30.79         14.9 GV~6oz7C57
99942         s2021 02 28.3639531 -23651.4060 +379242.021 + 1724.8910   ~6oz7C57
99942         S2021 02 28.37089809 56 51.643-11 58 14.30         14.9 GV~6oz7C57
99942         s2021 02 28.3708981 -24017.5490 +379259.579 + 1794.9390   ~6oz7C57
99942         S2021 02 28.37784209 56 49.550-11 57 58.46         14.9 GV~6oz7C57
99942         s2021 02 28.3778421 -24383.6260 +379276.136 + 1864.9820   ~6oz7C57
99942         S2021 02 28.38478709 56 47.414-11 57 43.34         14.9 GV~6oz7C57
99942         s2021 02 28.3847871 -24749.6380 +379291.692 + 1935.0190   ~6oz7C57
99942         S2021 02 28.39173109 56 45.336-11 57 28.69         14.9 GV~6oz7C57
99942         s2021 02 28.3917311 -25115.5820 +379306.247 + 2005.0520   ~6oz7C57
99942         S2021 02 28.39867609 56 43.210-11 57 13.72         15.0 GV~6oz7C57
99942         s2021 02 28.3986761 -25481.4590 +379319.802 + 2075.0790   ~6oz7C57
99942         S2021 02 28.40562009 56 41.059-11 56 57.98         15.0 GV~6oz7C57
99942         s2021 02 28.4056201 -25847.2670 +379332.356 + 2145.1010   ~6oz7C57
99942         S2021 02 28.41256509 56 39.012-11 56 41.78         15.0 GV~6oz7C57
99942         s2021 02 28.4125651 -26213.0050 +379343.911 + 2215.1170   ~6oz7C57
99942         S2021 02 28.41950909 56 36.900-11 56 25.76         15.0 GV~6oz7C57
99942         s2021 02 28.4195091 -26578.6720 +379354.466 + 2285.1270   ~6oz7C57
99942         S2021 02 28.42645309 56 34.776-11 56 10.43         15.0 GV~6oz7C57
99942         s2021 02 28.4264531 -26944.2670 +379364.021 + 2355.1310   ~6oz7C57
99942         S2021 02 28.43339809 56 32.652-11 55 55.81         15.0 GV~6oz7C57
99942         s2021 02 28.4333981 -27309.7900 +379372.578 + 2425.1290   ~6oz7C57
99942         S2021 02 28.44034209 56 30.499-11 55 40.62         15.0 GV~6oz7C57
99942         s2021 02 28.4403421 -27675.2400 +379380.136 + 2495.1200   ~6oz7C57
99942         S2021 02 28.44728709 56 28.406-11 55 24.89         15.0 GV~6oz7C57
99942         s2021 02 28.4472871 -28040.6150 +379386.695 + 2565.1050   ~6oz7C57
99942         S2021 02 28.45423109 56 26.335-11 55 08.33         15.0 GV~6oz7C57
99942         s2021 02 28.4542311 -28405.9140 +379392.257 + 2635.0830   ~6oz7C57
99942         S2021 02 28.46117609 56 24.223-11 54 52.74         15.1 GV~6oz7C57
99942         s2021 02 28.4611761 -28771.1370 +379396.820 + 2705.0540   ~6oz7C57
99942         S2021 02 28.46812009 56 22.085-11 54 37.51         15.1 GV~6oz7C57
99942         s2021 02 28.4681201 -29136.2830 +379400.385 + 2775.0180   ~6oz7C57
99942         S2021 02 28.47506509 56 19.970-11 54 22.68         15.1 GV~6oz7C57
99942         s2021 02 28.4750651 -29501.3500 +379402.954 + 2844.9740   ~6oz7C57
99942         S2021 02 28.48200909 56 17.815-11 54 07.24         15.2 GV~6oz7C57
99942         s2021 02 28.4820091 -29866.3380 +379404.525 + 2914.9240   ~6oz7C57
99942         S2021 02 28.48895309 56 15.703-11 53 51.50         15.2 GV~6oz7C57
99942         s2021 02 28.4889531 -30231.2460 +379405.099 + 2984.8650   ~6oz7C57
99942         S2021 02 28.49589809 56 13.598-11 53 34.62         15.2 GV~6oz7C57
99942         s2021 02 28.4958981 -30596.0730 +379404.676 + 3054.7990   ~6oz7C57
99942         S2021 02 28.50284209 56 11.494-11 53 19.50         15.3 GV~6oz7C57
99942         s2021 02 28.5028421 -30960.8180 +379403.257 + 3124.7240   ~6oz7C57
99942         S2021 02 28.50978709 56 09.422-11 53 04.60         15.3 GV~6oz7C57
99942         s2021 02 28.5097871 -31325.4800 +379400.842 + 3194.6420   ~6oz7C57
99942         S2021 02 28.51673109 56 07.298-11 52 49.04         15.3 GV~6oz7C57
99942         s2021 02 28.5167311 -31690.0590 +379397.431 + 3264.5510   ~6oz7C57
99942         S2021 02 28.52367609 56 05.126-11 52 34.07         15.3 GV~6oz7C57
99942         s2021 02 28.5236761 -32054.5520 +379393.024 + 3334.4520   ~6oz7C57
99942         S2021 02 28.53062009 56 03.022-11 52 17.65         15.3 GV~6oz7C57
99942         s2021 02 28.5306201 -32418.9600 +379387.622 + 3404.3440   ~6oz7C57
99942         S2021 02 28.53756509 56 00.895-11 52 00.98         15.4 GV~6oz7C57
99942         s2021 02 28.5375651 -32783.2810 +379381.225 + 3474.2270   ~6oz7C57
99942         S2021 02 28.54450909 55 58.781-11 51 45.86         15.4 GV~6oz8C57
99942         s2021 02 28.5445091 -33147.5140 +379373.832 + 3544.1010   ~6oz8C57
99942         S2021 02 28.55145309 55 56.678-11 51 31.07         15.3 GV~6oz8C57
99942         s2021 02 28.5514531 -33511.6590 +379365.445 + 3613.9660   ~6oz8C57
99942         S2021 02 28.55839809 55 54.494-11 51 15.30         15.5 GV~6oz8C57
99942         s2021 02 28.5583981 -33875.7140 +379356.064 + 3683.8210   ~6oz8C57
99942         S2021 02 28.56534209 55 52.356-11 51 00.07         15.5 GV~6oz8C57
99942         s2021 02 28.5653421 -34239.6790 +379345.688 + 3753.6670   ~6oz8C57
99942         S2021 02 28.57228709 55 50.249-11 50 44.48         15.5 GV~6oz8C57
99942         s2021 02 28.5722871 -34603.5530 +379334.318 + 3823.5030   ~6oz8C57
99942         S2021 02 28.57923109 55 48.110-11 50 27.64         15.5 GV~6oz8C57
99942         s2021 02 28.5792311 -34967.3340 +379321.955 + 3893.3290   ~6oz8C57
99942         S2021 02 28.58617609 55 46.051-11 50 12.16         15.5 GV~6oz8C57
99942         s2021 02 28.5861761 -35331.0220 +379308.597 + 3963.1450   ~6oz8C57
99942         S2021 02 28.59312009 55 43.884-11 49 56.60         15.5 GV~6oz8C57
99942         s2021 02 28.5931201 -35694.6160 +379294.247 + 4032.9510   ~6oz8C57
99942         S2021 02 28.60006509 55 41.734-11 49 41.74         15.5 GV~6oz8C57
99942         s2021 02 28.6000651 -36058.1150 +379278.903 + 4102.7460   ~6oz8C57
99942         S2021 02 28.60700909 55 39.631-11 49 26.04         15.5 GV~6oz8C57
99942         s2021 02 28.6070091 -36421.5170 +379262.566 + 4172.5310   ~6oz8C57
99942         S2021 02 28.61395309 55 37.442-11 49 09.41         15.6 GV~6oz8C57
99942         s2021 02 28.6139531 -36784.8230 +379245.237 + 4242.3050   ~6oz8C57
99942         S2021 02 28.62784209 55 33.250-11 48 38.09         15.5 GV~6oz8C57
99942         s2021 02 28.6278421 -37511.1400 +379207.601 + 4381.8190   ~6oz8C57
99942         S2021 02 28.63478709 55 31.039-11 48 22.68         15.5 GV~6oz8C57
99942         s2021 02 28.6347871 -37874.1500 +379187.295 + 4451.5600   ~6oz8C57
99942         S2021 02 28.64173109 55 28.954-11 48 07.49         15.6 GV~6oz8C57
99942         s2021 02 28.6417311 -38237.0580 +379165.996 + 4521.2890   ~6oz8C57
99942         S2021 02 28.64867609 55 26.774-11 47 51.90         15.6 GV~6oz8C57
99942         s2021 02 28.6486761 -38599.8650 +379143.707 + 4591.0060   ~6oz8C57
99942         S2021 02 28.65562009 55 24.672-11 47 35.48         15.5 GV~6oz8C57
99942         s2021 02 28.6556201 -38962.5700 +379120.425 + 4660.7110   ~6oz8C57
99942         S2021 02 28.66256409 55 22.577-11 47 19.03         15.5 GV~6oz8C57
99942         s2021 02 28.6625641 -39325.1710 +379096.152 + 4730.4050   ~6oz8C57
99942         S2021 02 28.66950909 55 20.426-11 47 03.70         15.5 GV~6oz8C57
99942         s2021 02 28.6695091 -39687.6680 +379070.889 + 4800.0860   ~6oz8C57
99942         S2021 02 28.67645309 55 18.262-11 46 48.11         15.5 GV~6oz8C57
99942         s2021 02 28.6764531 -40050.0590 +379044.634 + 4869.7540   ~6oz8C57
99942         S2021 02 28.68339809 55 16.092-11 46 32.59         15.4 GV~6oz8C57
99942         s2021 02 28.6833981 -40412.3440 +379017.388 + 4939.4110   ~6oz8C57
99942         S2021 02 28.69034209 55 13.946-11 46 17.26         15.5 GV~6oz8C57
99942         s2021 02 28.6903421 -40774.5220 +378989.152 + 5009.0540   ~6oz8C57
99942         S2021 02 28.69728709 55 11.856-11 46 01.06         15.4 GV~6oz8C57
99942         s2021 02 28.6972871 -41136.5910 +378959.926 + 5078.6850   ~6oz8C57
99942         S2021 02 28.70423109 55 09.720-11 45 45.04         15.4 GV~6oz8C57
99942         s2021 02 28.7042311 -41498.5520 +378929.709 + 5148.3020   ~6oz8C57
99942         S2021 02 28.71117609 55 07.570-11 45 29.59         15.4 GV~6oz8C57
99942         s2021 02 28.7111761 -41860.4020 +378898.503 + 5217.9070   ~6oz8C57
99942         S2021 02 28.71812009 55 05.446-11 45 13.79         15.3 GV~6oz8C57
99942         s2021 02 28.7181201 -42222.1420 +378866.307 + 5287.4970   ~6oz8C57
99942         S2021 02 28.72506409 55 03.233-11 44 58.16         15.4 GV~6oz8C57
99942         s2021 02 28.7250641 -42583.7690 +378833.121 + 5357.0750   ~6oz8C57
99942         S2021 02 28.73200909 55 01.126-11 44 42.83         15.3 GV~6oz8C57
99942         s2021 02 28.7320091 -42945.2840 +378798.945 + 5426.6380   ~6oz8C57
99942         S2021 02 28.76673109 54 50.357-11 43 23.63         15.3 GV~6oz8C57
99942         s2021 02 28.7667311 -44751.1340 +378613.231 + 5774.2430   ~6oz8C57
99942         S2021 02 28.77367609 54 48.307-11 43 07.82         15.3 GV~6oz8C57
99942         s2021 02 28.7736761 -45111.9520 +378573.122 + 5843.7200   ~6oz8C57
99942         S2021 02 28.78062009 54 46.114-11 42 50.54         15.3 GV~6oz8C57
99942         s2021 02 28.7806201 -45472.6510 +378532.025 + 5913.1820   ~6oz8C57
99942         S2021 02 28.78756409 54 43.978-11 42 35.03         15.3 GV~6oz8C57
99942         s2021 02 28.7875641 -45833.2300 +378489.940 + 5982.6290   ~6oz8C57
99942         S2021 02 28.79450909 54 41.849-11 42 19.44         15.3 GV~6oz8C57
99942         s2021 02 28.7945091 -46193.6870 +378446.866 + 6052.0610   ~6oz8C57
99942         S2021 02 28.80145309 54 39.624-11 42 04.03         15.2 GV~6oz8C57
99942         s2021 02 28.8014531 -46554.0230 +378402.805 + 6121.4770   ~6oz8C57
99942        KC2021 02 28.80395 09 50 36.09 -11 31 58.5          15.4 Vq~4cu2C77
99942         S2021 02 28.80839809 54 37.471-11 41 49.06         15.2 GV~6oz8C57
99942         s2021 02 28.8083981 -46914.2350 +378357.756 + 6190.8780   ~6oz8C57
99942        KC2021 02 28.80910 09 50 34.57 -11 31 46.1          15.3 Vq~4cu2C77
99942        KC2021 02 28.81412 09 50 33.10 -11 31 33.4          15.1 Vq~4cu2C77
99942         S2021 02 28.81534209 54 35.378-11 41 32.50         15.2 GV~6oz8C57
99942         s2021 02 28.8153421 -47274.3230 +378311.719 + 6260.2620   ~6oz8C57
99942        KC2021 02 28.81951 09 50 31.50 -11 31 20.3          15.4 Vq~4cu2C77
99942         S2021 02 28.82228709 54 33.218-11 41 15.76         15.2 GV~6oz8C57
99942         s2021 02 28.8222871 -47634.2860 +378264.695 + 6329.6310   ~6oz8C57
99942         S2021 02 28.82923109 54 31.068-11 40 59.52         15.2 GV~6oz8C57
99942         s2021 02 28.8292311 -47994.1240 +378216.684 + 6398.9830   ~6oz8C57
99942         S2021 02 28.83617609 54 28.906-11 40 44.47         15.2 GV~6oz8C57
99942         s2021 02 28.8361761 -48353.8340 +378167.685 + 6468.3190   ~6oz8C57
99942         S2021 02 28.84312009 54 26.729-11 40 29.10         15.2 GV~6oz8C57
99942         s2021 02 28.8431201 -48713.4170 +378117.699 + 6537.6390   ~6oz8C57
99942         S2021 02 28.85006409 54 24.533-11 40 13.33         15.2 GV~6oz8C57
99942         s2021 02 28.8500641 -49072.8710 +378066.727 + 6606.9410   ~6oz8C57
99942         S2021 02 28.85700909 54 22.445-11 39 56.63         15.1 GV~6oz8C57
99942         s2021 02 28.8570091 -49432.1960 +378014.768 + 6676.2270   ~6oz8C57
99942         S2021 02 28.86395309 54 20.287-11 39 39.96         15.1 GV~6oz8C57
99942         s2021 02 28.8639531 -49791.3890 +377961.822 + 6745.4960   ~6oz8C57
99942         S2021 02 28.87089809 54 18.089-11 39 24.26         15.1 GV~6oz8C57
99942         s2021 02 28.8708981 -50150.4520 +377907.889 + 6814.7470   ~6oz8C57
99942         S2021 02 28.87784209 54 15.974-11 39 08.89         15.1 GV~6oz8C57
99942         s2021 02 28.8778421 -50509.3820 +377852.970 + 6883.9810   ~6oz8C57
99942         S2021 02 28.88478709 54 13.798-11 38 53.63         15.2 GV~6oz8C57
99942         s2021 02 28.8847871 -50868.1780 +377797.065 + 6953.1980   ~6oz8C57
99942         S2021 02 28.89173109 54 11.575-11 38 37.43         15.1 GV~6oz8C57
99942         s2021 02 28.8917311 -51226.8400 +377740.174 + 7022.3960   ~6oz8C57
99942         S2021 02 28.89867509 54 09.463-11 38 21.16         15.1 GV~6oz8C57
99942         s2021 02 28.8986751 -51585.3670 +377682.296 + 7091.5770   ~6oz8C57
99942         S2021 02 28.91256409 54 05.136-11 37 48.50         15.1 GV~6oz8C57
99942         s2021 02 28.9125641 -52302.0110 +377563.584 + 7229.8830   ~6oz8C57
99942         S2021 02 28.91950909 54 03.005-11 37 33.28         15.1 GV~6oz8C57
99942         s2021 02 28.9195091 -52660.1270 +377502.749 + 7299.0090   ~6oz8C57
99942         S2021 02 28.92645309 54 00.838-11 37 17.94         15.1 GV~6oz8C57
99942         s2021 02 28.9264531 -53018.1030 +377440.928 + 7368.1160   ~6oz8C57
99942        KC2021 02 28.93138 09 49 57.30 -11 26 47.4                V~4cu2118
99942         S2021 02 28.93339809 53 58.610-11 37 01.49         15.0 GV~6oz8C57
99942         s2021 02 28.9333981 -53375.9400 +377378.122 + 7437.2040   ~6oz8C57
99942         S2021 02 28.94034209 53 56.515-11 36 44.78         15.0 GV~6oz8C57
99942         s2021 02 28.9403421 -53733.6350 +377314.331 + 7506.2730   ~6oz8C57
99942        KC2021 02 28.94291 09 49 53.83 -11 26 18.3                V~4cu2118
99942        KC2021 02 28.94517409 49 54.19 -11 26 14.6          15.1 GV~4cu2Z80
99942         S2021 02 28.94728709 53 54.365-11 36 28.33         15.1 GV~6oz8C57
99942         s2021 02 28.9472871 -54091.1890 +377249.554 + 7575.3230   ~6oz8C57
99942        KC2021 02 28.94806709 49 53.33 -11 26 07.7          15.0 GV~4cu2Z80
99942        KC2021 02 28.95096109 49 52.46 -11 26 00.1          15.0 GV~4cu2Z80
99942        KC2021 02 28.95385409 49 51.60 -11 25 53.1          15.0 GV~4cu2Z80
99942         S2021 02 28.95423109 53 52.140-11 36 12.92         15.0 GV~6oz8C57
99942         s2021 02 28.9542311 -54448.6000 +377183.792 + 7644.3540   ~6oz8C57
99942        KC2021 02 28.95444 09 49 50.36 -11 25 49.3                V~4cu2118
99942         S2021 02 28.96117509 53 50.004-11 35 57.37         15.0 GV~6oz8C57
99942         s2021 02 28.9611751 -54805.8670 +377117.045 + 7713.3650   ~6oz8C57
99942         S2021 02 28.96812009 53 47.810-11 35 41.78         15.0 GV~6oz8C57
99942         s2021 02 28.9681201 -55162.9890 +377049.313 + 7782.3560   ~6oz8C57
99942         S2021 02 28.97506409 53 45.626-11 35 25.51         15.0 GV~6oz8C57
99942         s2021 02 28.9750641 -55519.9660 +376980.596 + 7851.3280   ~6oz8C57
99942         S2021 02 28.98200909 53 43.495-11 35 08.34         15.1 GV~6oz8C57
99942         s2021 02 28.9820091 -55876.7970 +376910.894 + 7920.2790   ~6oz8C57
99942         S2021 02 28.98895309 53 41.376-11 34 52.46         15.1 GV~6oz8C57
99942         s2021 02 28.9889531 -56233.4790 +376840.208 + 7989.2100   ~6oz8C57
99942         S2021 02 28.99589809 53 39.182-11 34 38.06         14.9 GV~6oz8C57
99942         s2021 02 28.9958981 -56590.0140 +376768.536 + 8058.1210   ~6oz8C57
99942         S2021 03 01.00284209 53 36.962-11 34 21.47         14.9 GV~6oz8C57
99942         s2021 03 01.0028421 -56946.3990 +376695.880 + 8127.0110   ~6oz8C57
99942         S2021 03 01.00978709 53 34.814-11 34 06.13         14.9 GV~6oz8C57
99942         s2021 03 01.0097871 -57302.6330 +376622.240 + 8195.8810   ~6oz8C57
99942         S2021 03 01.01673109 53 32.635-11 33 48.92         15.0 GV~6oz8C57
99942         s2021 03 01.0167311 -57658.7160 +376547.615 + 8264.7290   ~6oz8C57
99942         S2021 03 01.02367509 53 30.446-11 33 31.61         15.0 GV~6oz8C57
99942         s2021 03 01.0236751 -58014.6470 +376472.006 + 8333.5560   ~6oz8C57
99942         S2021 03 01.03062009 53 28.301-11 33 16.06         15.1 GV~6oz8C57
99942         s2021 03 01.0306201 -58370.4250 +376395.413 + 8402.3620   ~6oz8C57
99942         S2021 03 01.03756409 53 26.155-11 33 00.79         15.1 GV~6oz8C57
99942         s2021 03 01.0375641 -58726.0490 +376317.835 + 8471.1470   ~6oz8C57
99942         S2021 03 01.04450909 53 23.914-11 32 44.74         15.1 GV~6oz8C57
99942         s2021 03 01.0445091 -59081.5180 +376239.273 + 8539.9090   ~6oz8C57
99942         S2021 03 01.05145309 53 21.746-11 32 29.11         15.1 GV~6oz8C57
99942         s2021 03 01.0514531 -59436.8300 +376159.727 + 8608.6500   ~6oz8C57
99942         S2021 03 01.05839809 53 19.608-11 32 12.62         15.1 GV~6oz8C57
99942         s2021 03 01.0583981 -59791.9860 +376079.197 + 8677.3690   ~6oz8C57
99942         S2021 03 01.06534209 53 17.402-11 31 55.16         15.1 GV~6oz8C57
99942         s2021 03 01.0653421 -60146.9830 +375997.684 + 8746.0660   ~6oz8C57
99942         S2021 03 01.07228709 53 15.247-11 31 39.40         15.1 GV~6oz8C57
99942         s2021 03 01.0722871 -60501.8220 +375915.186 + 8814.7410   ~6oz8C57
99942         S2021 03 01.07923109 53 13.058-11 31 23.95         15.1 GV~6oz8C57
99942         s2021 03 01.0792311 -60856.5010 +375831.704 + 8883.3920   ~6oz8C57
99942         S2021 03 01.08617509 53 10.867-11 31 08.44         15.2 GV~6oz8C57
99942         s2021 03 01.0861751 -61211.0190 +375747.239 + 8952.0220   ~6oz8C57
99942         S2021 03 01.09312009 53 08.628-11 30 51.77         15.2 GV~6oz8C57
99942         s2021 03 01.0931201 -61565.3750 +375661.790 + 9020.6280   ~6oz8C57
99942         S2021 03 01.10006409 53 06.538-11 30 35.28         15.2 GV~6oz8C57
99942         s2021 03 01.1000641 -61919.5690 +375575.357 + 9089.2110   ~6oz8C57
99942         S2021 03 01.10700909 53 04.354-11 30 18.79         15.2 GV~6oz8C57
99942         s2021 03 01.1070091 -62273.5990 +375487.940 + 9157.7710   ~6oz8C57
99942         S2021 03 01.11395309 53 02.141-11 30 02.77         15.2 GV~6oz8C57
99942         s2021 03 01.1139531 -62627.4640 +375399.540 + 9226.3080   ~6oz8C57
99942         S2021 03 01.12089809 52 59.981-11 29 47.26         15.2 GV~6oz8C57
99942         s2021 03 01.1208981 -62981.1640 +375310.157 + 9294.8200   ~6oz8C57
99942         S2021 03 01.12784209 52 57.797-11 29 31.78         15.2 GV~6oz8C57
99942         s2021 03 01.1278421 -63334.6970 +375219.789 + 9363.3100   ~6oz8C57
99942         S2021 03 01.13478609 52 55.598-11 29 15.18         15.3 GV~6oz8C57
99942         s2021 03 01.1347861 -63688.0630 +375128.439 + 9431.7750   ~6oz8C57
99942         S2021 03 01.14173109 52 53.448-11 28 58.26         15.3 GV~6oz8C57
99942         s2021 03 01.1417311 -64041.2600 +375036.105 + 9500.2160   ~6oz8C57
99942         S2021 03 01.14867509 52 51.276-11 28 41.88         15.3 GV~6oz8C57
99942         s2021 03 01.1486751 -64394.2880 +374942.787 + 9568.6320   ~6oz8C57
99942         S2021 03 01.15562009 52 49.042-11 28 25.90         15.3 GV~6oz8C57
99942         s2021 03 01.1556201 -64747.1460 +374848.486 + 9637.0250   ~6oz8C57
99942         S2021 03 01.16256409 52 46.822-11 28 10.02         15.3 GV~6oz8C57
99942         s2021 03 01.1625641 -65099.8320 +374753.202 + 9705.3920   ~6oz8C57
99942         S2021 03 01.16950909 52 44.686-11 27 54.61         15.3 GV~6oz8C57
99942         s2021 03 01.1695091 -65452.3460 +374656.935 + 9773.7350   ~6oz8C57
99942         S2021 03 01.17645309 52 42.514-11 27 38.05         15.3 GV~6oz8C57
99942         s2021 03 01.1764531 -65804.6860 +374559.684 + 9842.0520   ~6oz8C57
99942         S2021 03 01.18339809 52 40.289-11 27 20.66         15.3 GV~6oz8C57
99942         s2021 03 01.1833981 -66156.8530 +374461.449 + 9910.3450   ~6oz8C57
99942         S2021 03 01.19034209 52 38.117-11 27 04.79         15.4 GV~6oz8C57
99942         s2021 03 01.1903421 -66508.8440 +374362.232 + 9978.6120   ~6oz8C57
99942         S2021 03 01.19728609 52 35.918-11 26 48.62         15.4 GV~6oz8C57
99942         s2021 03 01.1972861 -66860.6590 +374262.031 +10046.8530   ~6oz8C57
99942         S2021 03 01.20423109 52 33.703-11 26 32.21         15.5 GV~6oz8C57
99942         s2021 03 01.2042311 -67212.2970 +374160.847 +10115.0690   ~6oz8C57
99942         S2021 03 01.21117509 52 31.555-11 26 16.76         15.4 GV~6oz8C57
99942         s2021 03 01.2111751 -67563.7570 +374058.680 +10183.2590   ~6oz8C57
99942         S2021 03 01.21812009 52 29.366-11 26 00.31         15.4 GV~6oz8C57
99942         s2021 03 01.2181201 -67915.0370 +373955.530 +10251.4220   ~6oz8C57
99942         S2021 03 01.22506409 52 27.144-11 25 43.32         15.4 GV~6oz8C57
99942         s2021 03 01.2250641 -68266.1380 +373851.396 +10319.5600   ~6oz8C57
99942         S2021 03 01.23200909 52 24.972-11 25 27.12         15.4 GV~6oz8C57
99942         s2021 03 01.2320091 -68617.0580 +373746.280 +10387.6710   ~6oz8C57
99942         S2021 03 01.23895309 52 22.776-11 25 11.50         15.5 GV~6oz8C57
99942         s2021 03 01.2389531 -68967.7960 +373640.180 +10455.7550   ~6oz8C57
99942         S2021 03 01.24589809 52 20.609-11 24 56.09         15.5 GV~6oz8C57
99942         s2021 03 01.2458981 -69318.3500 +373533.097 +10523.8120   ~6oz8C57
99942         S2021 03 01.25284209 52 18.307-11 24 38.92         15.5 GV~6oz8C57
99942         s2021 03 01.2528421 -69668.7210 +373425.030 +10591.8420   ~6oz8C57
99942         S2021 03 01.25978609 52 16.200-11 24 21.74         15.5 GV~6oz8C57
99942         s2021 03 01.2597861 -70018.9070 +373315.981 +10659.8460   ~6oz8C57
99942         S2021 03 01.26673109 52 14.002-11 24 05.54         15.5 GV~6oz8C57
99942         s2021 03 01.2667311 -70368.9080 +373205.948 +10727.8210   ~6oz8C57
99942         S2021 03 01.27367509 52 11.777-11 23 48.73         15.5 GV~6oz8C57
99942         s2021 03 01.2736751 -70718.7210 +373094.932 +10795.7700   ~6oz8C57
99942         S2021 03 01.28062009 52 09.569-11 23 33.36         15.5 GV~6oz8C57
99942         s2021 03 01.2806201 -71068.3460 +372982.933 +10863.6900   ~6oz8C57
99942         S2021 03 01.28756409 52 07.404-11 23 17.48         15.5 GV~6oz8C57
99942         s2021 03 01.2875641 -71417.7830 +372869.950 +10931.5830   ~6oz8C57
99942         S2021 03 01.29450909 52 05.196-11 23 01.32         15.4 GV~6oz8C57
99942         s2021 03 01.2945091 -71767.0300 +372755.985 +10999.4470   ~6oz8C57
99942         S2021 03 01.30145309 52 02.969-11 22 43.32         15.4 GV~6oz8C57
99942         s2021 03 01.3014531 -72116.0860 +372641.036 +11067.2830   ~6oz8C57
99942         S2021 03 01.30839809 52 00.787-11 22 27.16         15.4 GV~6oz8C57
99942         s2021 03 01.3083981 -72464.9510 +372525.104 +11135.0910   ~6oz8C57
99942         S2021 03 01.31534209 51 58.639-11 22 11.53         15.5 GV~6oz8C57
99942         s2021 03 01.3153421 -72813.6230 +372408.188 +11202.8700   ~6oz8C57
99942         S2021 03 01.32228609 51 56.378-11 21 55.58         15.4 GV~6oz9C57
99942         s2021 03 01.3222861 -73162.1010 +372290.289 +11270.6200   ~6oz9C57
99942         S2021 03 01.32923109 51 54.190-11 21 39.20         15.4 GV~6oz9C57
99942         s2021 03 01.3292311 -73510.3840 +372171.407 +11338.3410   ~6oz9C57
99942         S2021 03 01.33617509 51 51.998-11 21 22.86         15.5 GV~6oz9C57
99942         s2021 03 01.3361751 -73858.4720 +372051.541 +11406.0330   ~6oz9C57
99942         S2021 03 01.34312009 51 49.786-11 21 05.04         15.3 GV~6oz9C57
99942         s2021 03 01.3431201 -74206.3630 +371930.692 +11473.6960   ~6oz9C57
99942         S2021 03 01.39173109 51 34.375-11 19 10.88         15.2 GV~6oz9C57
99942         s2021 03 01.3917311 -76636.0100 +371057.210 +11946.4960   ~6oz9C57
99942         S2021 03 01.39867509 51 32.112-11 18 54.94         15.2 GV~6oz9C57
99942         s2021 03 01.3986751 -76982.2920 +370928.492 +12013.9160   ~6oz9C57
99942         S2021 03 01.40562009 51 29.914-11 18 38.59         15.2 GV~6oz9C57
99942         s2021 03 01.4056201 -77328.3680 +370798.790 +12081.3060   ~6oz9C57
99942         S2021 03 01.41256409 51 27.754-11 18 22.72         15.2 GV~6oz9C57
99942         s2021 03 01.4125641 -77674.2380 +370668.104 +12148.6650   ~6oz9C57
99942         S2021 03 01.41950909 51 25.512-11 18 04.97         15.2 GV~6oz9C57
99942         s2021 03 01.4195091 -78019.9000 +370536.435 +12215.9920   ~6oz9C57
99942         S2021 03 01.42645309 51 23.311-11 17 48.55         15.2 GV~6oz9C57
99942         s2021 03 01.4264531 -78365.3540 +370403.781 +12283.2880   ~6oz9C57
99942         S2021 03 01.43339709 51 21.115-11 17 32.28         15.1 GV~6oz9C57
99942         s2021 03 01.4333971 -78710.5980 +370270.144 +12350.5510   ~6oz9C57
99942         S2021 03 01.44034209 51 18.864-11 17 16.26         15.2 GV~6oz9C57
99942         s2021 03 01.4403421 -79055.6310 +370135.522 +12417.7830   ~6oz9C57
99942         S2021 03 01.44728609 51 16.642-11 16 59.99         15.1 GV~6oz9C57
99942         s2021 03 01.4472861 -79400.4530 +369999.916 +12484.9830   ~6oz9C57
99942         S2021 03 01.45423109 51 14.419-11 16 43.57         15.1 GV~6oz9C57
99942         s2021 03 01.4542311 -79745.0620 +369863.326 +12552.1500   ~6oz9C57
99942         S2021 03 01.46117509 51 12.269-11 16 26.00         15.1 GV~6oz9C57
99942         s2021 03 01.4611751 -80089.4580 +369725.752 +12619.2850   ~6oz9C57
99942         S2021 03 01.46812009 51 10.025-11 16 09.52         15.2 GV~6oz9C57
99942         s2021 03 01.4681201 -80433.6390 +369587.193 +12686.3870   ~6oz9C57
99942         S2021 03 01.47506409 51 07.788-11 15 53.28         15.1 GV~6oz9C57
99942         s2021 03 01.4750641 -80777.6040 +369447.650 +12753.4560   ~6oz9C57
99942         S2021 03 01.48200909 51 05.614-11 15 37.87         15.1 GV~6oz9C57
99942         s2021 03 01.4820091 -81121.3520 +369307.122 +12820.4920   ~6oz9C57
99942         S2021 03 01.48895309 51 03.410-11 15 21.49         15.1 GV~6oz9C57
99942         s2021 03 01.4889531 -81464.8830 +369165.610 +12887.4950   ~6oz9C57
99942         S2021 03 01.49589709 51 01.145-11 15 03.85         15.0 GV~6oz9C57
99942         s2021 03 01.4958971 -81808.1950 +369023.113 +12954.4640   ~6oz9C57
99942         S2021 03 01.50284209 50 58.932-11 14 46.39         15.0 GV~6oz9C57
99942         s2021 03 01.5028421 -82151.2880 +368879.631 +13021.4000   ~6oz9C57
99942         S2021 03 01.50978609 50 56.753-11 14 30.73         15.0 GV~6oz9C57
99942         s2021 03 01.5097861 -82494.1600 +368735.164 +13088.3010   ~6oz9C57
99942         S2021 03 01.51673109 50 54.509-11 14 14.35         15.0 GV~6oz9C57
99942         s2021 03 01.5167311 -82836.8100 +368589.713 +13155.1690   ~6oz9C57
99942         S2021 03 01.52367509 50 52.255-11 13 58.40         15.0 GV~6oz9C57
99942         s2021 03 01.5236751 -83179.2370 +368443.276 +13222.0020   ~6oz9C57
99942         S2021 03 01.53062009 50 50.040-11 13 41.77         15.0 GV~6oz9C57
99942         s2021 03 01.5306201 -83521.4400 +368295.854 +13288.8010   ~6oz9C57
99942         S2021 03 01.53756409 50 47.875-11 13 24.13         15.0 GV~6oz9C57
99942         s2021 03 01.5375641 -83863.4190 +368147.447 +13355.5660   ~6oz9C57
99942         C2021 03 01.73823 09 46 12.91 -10 52 37.0          15.5 R ~4cu2N42
99942         C2021 03 01.73912 09 46 12.62 -10 52 34.7          15.5 R ~4cu2N42
99942         C2021 03 01.74002 09 46 12.36 -10 52 32.3          15.5 R ~4cu2N42
99942         C2021 03 01.74091 09 46 12.08 -10 52 30.0          15.5 R ~4cu2N42
99942         C2021 03 01.74181 09 46 11.79 -10 52 27.7          15.5 R ~4cu2N42
99942         C2021 03 01.74264 09 46 11.55 -10 52 25.6          15.6 R ~4cu2N42
99942         C2021 03 01.74348 09 46 11.33 -10 52 23.7          15.6 R ~4cu2N42
99942         C2021 03 01.74437 09 46 11.05 -10 52 21.3          15.4 R ~4cu2N42
99942         C2021 03 01.74521 09 46 10.79 -10 52 19.0          15.6 R ~4cu2N42
99942         C2021 03 01.74604 09 46 10.52 -10 52 16.9          15.8 R ~4cu2N42
99942         C2021 03 01.74694 09 46 10.27 -10 52 14.7          15.6 R ~4cu2N42
99942         C2021 03 01.74777 09 46 10.01 -10 52 12.5          15.6 R ~4cu2N42
99942         C2021 03 01.74861 09 46 09.77 -10 52 10.5          15.5 R ~4cu2N42
99942         C2021 03 01.74945 09 46 09.55 -10 52 08.5          15.8 R ~4cu2N42
99942         C2021 03 01.75028 09 46 09.24 -10 52 05.9          15.5 R ~4cu2N42
99942         C2021 03 01.75112 09 46 08.99 -10 52 03.9          15.7 R ~4cu2N42
99942         C2021 03 01.75195 09 46 08.76 -10 52 01.8          15.5 R ~4cu2N42
99942         C2021 03 01.75279 09 46 08.50 -10 51 59.7          15.6 R ~4cu2N42
99942         C2021 03 01.75363 09 46 08.22 -10 51 57.3          15.6 R ~4cu2N42
99942         C2021 03 01.75446 09 46 07.98 -10 51 55.2          15.5 R ~4cu2N42
99942         C2021 03 01.75530 09 46 07.72 -10 51 53.1          15.6 R ~4cu2N42
99942         C2021 03 01.75614 09 46 07.48 -10 51 50.9          15.5 R ~4cu2N42
99942         C2021 03 01.75697 09 46 07.25 -10 51 49.1          15.5 R ~4cu2N42
99942         C2021 03 01.75781 09 46 07.03 -10 51 47.1          15.9 R ~4cu2N42
99942         C2021 03 01.75864 09 46 06.72 -10 51 44.6          15.6 R ~4cu2N42
99942        5C2021 03 01.76450 09 46 08.11 -10 51 21.5          15.0 VV~4fzdA84
99942        5C2021 03 01.76554 09 46 07.80 -10 51 19.1          15.0 VV~4fzdA84
99942        5C2021 03 01.76615 09 46 07.62 -10 51 17.6          15.0 VV~4fzdA84
99942        5C2021 03 01.76666 09 46 07.46 -10 51 16.2          15.0 VV~4fzdA84
99942        5C2021 03 01.76718 09 46 07.32 -10 51 15.0          15.0 VV~4fzdA84
99942        5C2021 03 01.76807 09 46 07.05 -10 51 12.7          15.0 VV~4fzdA84
99942        5C2021 03 01.76827 09 46 06.98 -10 51 12.1          15.0 VV~4fzdA84
99942        5C2021 03 01.77739 09 46 04.25 -10 50 49.7          15.1 VV~4fzdA84
99942         C2021 03 01.77813 09 46 01.87 -10 51 03.8          15.3 Rq~4cu2168
99942        5C2021 03 01.78127 09 46 03.11 -10 50 39.5          15.1 VV~4fzdA84
99942         C2021 03 01.78368 09 46 00.23 -10 50 49.6          15.2 Rq~4cu2168
99942        5C2021 03 01.78543 09 46 01.84 -10 50 28.8          15.1 VV~4fzdA84
99942        5C2021 03 01.78681 09 46 01.41 -10 50 24.7          15.1 VV~4fzdA84
99942         C2021 03 01.78785 09 45 59.00 -10 50 38.7          15.5 Rq~4cu2168
99942        5C2021 03 01.78962 09 46 00.59 -10 50 18.1          15.1 VV~4fzdA84
99942        5C2021 03 01.79089 09 46 00.21 -10 50 14.8          15.1 VV~4fzdA84
99942        5C2021 03 01.79216 09 45 59.82 -10 50 11.6          15.1 VV~4fzeA84
99942        5C2021 03 01.79343 09 45 59.44 -10 50 08.4          15.1 VV~4fzeA84
99942        5C2021 03 01.79469 09 45 59.06 -10 50 05.1          15.1 VV~4fzeA84
99942         C2021 03 01.79480 09 45 56.94 -10 50 20.9          15.2 Rq~4cu2168
99942        5C2021 03 01.79596 09 45 58.68 -10 50 01.9          15.1 VV~4fzeA84
99942        5C2021 03 01.79724 09 45 58.30 -10 49 58.7          15.1 VV~4fzeA84
99942        5C2021 03 01.79851 09 45 57.91 -10 49 55.5          15.1 VV~4fzeA84
99942        5C2021 03 01.79977 09 45 57.53 -10 49 52.3          15.2 VV~4fzeA84
99942        5C2021 03 01.80105 09 45 57.15 -10 49 49.1          15.1 VV~4fzeA84
99942        5C2021 03 01.80232 09 45 56.77 -10 49 45.9          15.1 VV~4fzeA84
99942        5C2021 03 01.80359 09 45 56.38 -10 49 42.6          15.1 VV~4fzeA84
99942        5C2021 03 01.80486 09 45 56.01 -10 49 39.4          15.1 VV~4fzeA84
99942        5C2021 03 01.80613 09 45 55.62 -10 49 36.1          15.1 VV~4fzeA84
99942        5C2021 03 01.80740 09 45 55.24 -10 49 33.0          15.2 VV~4fzeA84
99942        5C2021 03 01.80867 09 45 54.85 -10 49 29.7          15.1 VV~4fzeA84
99942         C2021 03 01.80868 09 45 52.83 -10 49 45.1          15.3 Rq~4cu2168
99942        5C2021 03 01.80994 09 45 54.47 -10 49 26.5          15.2 VV~4fzeA84
99942        5C2021 03 01.81121 09 45 54.09 -10 49 23.2          15.2 VV~4fzeA84
99942        KC2021 03 01.81371509 45 53.80 -10 49 25.6          14.7 RV~4cu2K61
99942        5C2021 03 01.81375 09 45 53.32 -10 49 16.8          15.2 VV~4fzeA84
99942        KC2021 03 01.81498909 45 53.43 -10 49 22.3          14.7 RV~4cu2K61
99942        5C2021 03 01.81502 09 45 52.95 -10 49 13.6          15.2 VV~4fzeA84
99942        KC2021 03 01.81578909 45 53.20 -10 49 20.1          14.8 RV~4cu2K61
99942        KC2021 03 01.81627309 45 53.05 -10 49 18.9          14.8 RV~4cu2K61
99942        5C2021 03 01.81629 09 45 52.55 -10 49 10.4          15.2 VV~4fzeA84
99942        KC2021 03 01.81722809 45 52.77 -10 49 16.6          14.8 RV~4cu2K61
99942        5C2021 03 01.81756 09 45 52.16 -10 49 07.2          15.2 VV~4fzeA84
99942        KC2021 03 01.81786209 45 52.58 -10 49 14.7          14.7 RV~4cu2K61
99942        5C2021 03 01.81883 09 45 51.78 -10 49 03.9          15.2 VV~4fzeA84
99942        5C2021 03 01.82010 09 45 51.40 -10 49 00.7          15.2 VV~4fzeA84
99942        5C2021 03 01.82137 09 45 51.01 -10 48 57.4          15.2 VV~4fzeA84
99942        5C2021 03 01.82263 09 45 50.63 -10 48 54.1          15.2 VV~4fzeA84
99942        KC2021 03 01.82885809 45 49.34 -10 48 47.7          15.9 GV~4cu2G34
99942        KC2021 03 01.83031809 45 48.88 -10 48 43.9          15.9 GV~4cu2G34
99942        KC2021 03 01.83177809 45 48.45 -10 48 40.3          15.7 GV~4cu2G34
99942        KC2021 03 01.83323909 45 48.03 -10 48 37.0          14.9 GV~4cu2G34
99942        KC2021 03 01.83470009 45 47.57 -10 48 32.9          15.7 GV~4cu2G34
99942        KC2021 03 01.83616109 45 47.13 -10 48 29.5          16.2 GV~4cu2G34
99942        KC2021 03 01.83908209 45 46.30 -10 48 22.3          15.4 GV~4cu2G34
99942        KC2021 03 01.84699609 45 43.59 -10 47 58.6          15.6 GV~4fzeL54
99942        KC2021 03 01.87257909 45 35.90 -10 46 53.1          15.6 GV~4fzeL54
99942        KC2021 03 01.87839 09 45 34.45 -10 46 39.9                V~4cu2118
99942         C2021 03 01.88079 09 45 34.23 -10 46 30.8          15.6 Ra~4cu2233
99942         C2021 03 01.88402 09 45 33.27 -10 46 22.8          15.5 Ra~4cu2233
99942         C2021 03 01.88719 09 45 32.33 -10 46 14.1          15.7 Ra~4cu2233
99942         C2021 03 01.89036 09 45 31.33 -10 46 06.2          15.7 Ra~4cu2233
99942        KC2021 03 01.89855809 45 28.08 -10 45 46.4          15.6 GV~4fzeL54
99942        KC2021 03 01.89858 09 45 28.40 -10 45 48.0                V~4cu2118
99942        KC2021 03 01.91835009 45 23.04 -10 44 58.2          15.6 GV~4h84G33
99942        KC2021 03 01.91951909 45 22.69 -10 44 55.6          15.5 GV~4h84G33
99942        KC2021 03 01.92072109 45 22.36 -10 44 52.5          15.6 GV~4h84G33
99942        KC2021 03 01.92185809 45 21.99 -10 44 49.7          15.7 GV~4h84G33
99942        KC2021 03 01.92302709 45 21.64 -10 44 46.5          15.6 GV~4h84G33
99942        KC2021 03 01.92413809 45 21.30 -10 44 44.0          15.4 GV~4h84G33
99942         C2021 03 01.93555009 45 17.54 -10 44 11.0          15.8 Vq~4cu3595
99942         C2021 03 01.93891309 45 16.52 -10 44 02.4          15.7 Vq~4cu3595
99942         C2021 03 01.94056609 45 16.01 -10 43 58.0          15.7 Vq~4cu3595
99942         C2021 03 01.94227209 45 15.49 -10 43 53.6          15.7 Vq~4cu3595
99942        KC2021 03 01.95759 09 45 10.71 -10 43 15.3                V~4cu3118
99942         S2021 03 02.06534109 47 57.444-10 52 04.08         15.2 GV~6oz9C57
99942         s2021 03 02.0653411 -109115.361 +353974.828 +18313.4060   ~6oz9C57
99942         S2021 03 02.07228609 47 55.145-10 51 47.38         15.2 GV~6oz9C57
99942         s2021 03 02.0722861 -109436.807 +353750.082 +18376.9070   ~6oz9C57
99942         C2021 03 02.07505 09 44 39.37 -10 36 52.4          15.1 Rq~4cu3Y00
99942         C2021 03 02.07602 09 44 39.08 -10 36 49.8          15.2 Rq~4cu3Y00
99942         C2021 03 02.07709 09 44 38.76 -10 36 46.6          15.2 Rq~4cu3Y00
99942         S2021 03 02.07923009 47 52.865-10 51 30.35         15.2 GV~6oz9C57
99942         s2021 03 02.0792301 -109757.943 +353524.335 +18440.3570   ~6oz9C57
99942         S2021 03 02.08617509 47 50.611-10 51 12.64         15.2 GV~6oz9C57
99942         s2021 03 02.0861751 -110078.767 +353297.588 +18503.7570   ~6oz9C57
99942         S2021 03 02.09311909 47 48.377-10 50 54.60         15.2 GV~6oz9C57
99942         s2021 03 02.0931191 -110399.278 +353069.840 +18567.1050   ~6oz9C57
99942         S2021 03 02.10006409 47 46.114-10 50 37.79         15.2 GV~6oz9C57
99942         s2021 03 02.1000641 -110719.475 +352841.092 +18630.4020   ~6oz9C57
99942         S2021 03 02.10700809 47 43.798-10 50 21.05         15.1 GV~6oz9C57
99942         s2021 03 02.1070081 -111039.356 +352611.342 +18693.6480   ~6oz9C57
99942         S2021 03 02.11395309 47 41.537-10 50 04.45         15.1 GV~6oz9C57
99942         s2021 03 02.1139531 -111358.920 +352380.591 +18756.8420   ~6oz9C57
99942         S2021 03 02.12089709 47 39.257-10 49 47.06         15.2 GV~6oz9C57
99942         s2021 03 02.1208971 -111678.167 +352148.838 +18819.9840   ~6oz9C57
99942         S2021 03 02.12784109 47 37.051-10 49 29.03         15.1 GV~6oz9C57
99942         s2021 03 02.1278411 -111997.095 +351916.083 +18883.0740   ~6oz9C57
99942         S2021 03 02.13478609 47 34.742-10 49 12.07         15.1 GV~6oz9C57
99942         s2021 03 02.1347861 -112315.702 +351682.325 +18946.1120   ~6oz9C57
99942         S2021 03 02.14173009 47 32.429-10 48 55.40         15.1 GV~6oz9C57
99942         s2021 03 02.1417301 -112633.988 +351447.565 +19009.0970   ~6oz9C57
99942         S2021 03 02.14867509 47 30.166-10 48 38.52         15.1 GV~6oz9C57
99942         s2021 03 02.1486751 -112951.951 +351211.801 +19072.0290   ~6oz9C57
99942         S2021 03 02.15561909 47 27.953-10 48 22.14         15.1 GV~6oz9C57
99942         s2021 03 02.1556191 -113269.590 +350975.035 +19134.9080   ~6oz9C57
99942         S2021 03 02.16256409 47 25.682-10 48 03.64         15.1 GV~6oz9C57
99942         s2021 03 02.1625641 -113586.904 +350737.264 +19197.7340   ~6oz9C57
99942         S2021 03 02.16950809 47 23.352-10 47 45.67         15.1 GV~6oz9C57
99942         s2021 03 02.1695081 -113903.891 +350498.490 +19260.5070   ~6oz9C57
99942         S2021 03 02.17645209 47 21.096-10 47 28.90         15.1 GV~6oz9C57
99942         s2021 03 02.1764521 -114220.551 +350258.711 +19323.2250   ~6oz9C57
99942         S2021 03 02.18339709 47 18.828-10 47 12.26         15.1 GV~6oz9C57
99942         s2021 03 02.1833971 -114536.882 +350017.928 +19385.8900   ~6oz9C57
99942         S2021 03 02.19034109 47 16.577-10 46 55.67         15.1 GV~6oz9C57
99942         s2021 03 02.1903411 -114852.883 +349776.140 +19448.5000   ~6oz9C57
99942         S2021 03 02.19728609 47 14.285-10 46 38.17         15.0 GV~6oz9C57
99942         s2021 03 02.1972861 -115168.553 +349533.346 +19511.0570   ~6oz9C57
99942         S2021 03 02.20423009 47 12.002-10 46 19.78         15.1 GV~6oz9C57
99942         s2021 03 02.2042301 -115483.889 +349289.547 +19573.5580   ~6oz9C57
99942         S2021 03 02.21117509 47 09.778-10 46 02.71         15.3 GV~6oz9C57
99942         s2021 03 02.2111751 -115798.892 +349044.742 +19636.0050   ~6oz9C57
99942         S2021 03 02.21811909 47 07.426-10 45 47.56         15.6 GV~6oz9C57
99942         s2021 03 02.2181191 -116113.560 +348798.931 +19698.3960   ~6oz9C57
99942         S2021 03 02.22506409 47 04.975-10 45 38.63         15.4 GV~6oz9C57
99942         s2021 03 02.2250641 -116427.892 +348552.113 +19760.7320   ~6oz9C57
99942         S2021 03 02.23200809 47 02.868-10 45 11.88         15.2 GV~6oz9C57
99942         s2021 03 02.2320081 -116741.886 +348304.289 +19823.0130   ~6oz9C57
99942         S2021 03 02.23895209 47 00.622-10 44 53.59         15.1 GV~6oz9C57
99942         s2021 03 02.2389521 -117055.541 +348055.457 +19885.2380   ~6oz9C57
99942         S2021 03 02.24589709 46 58.368-10 44 35.92         15.1 GV~6oz9C57
99942         s2021 03 02.2458971 -117368.856 +347805.617 +19947.4060   ~6oz9C57
99942         S2021 03 02.25284109 46 56.102-10 44 19.61         15.1 GV~6oz9C57
99942         s2021 03 02.2528411 -117681.829 +347554.769 +20009.5190   ~6oz9C57
99942         S2021 03 02.26673009 46 51.506-10 43 45.80         15.0 GV~6oz9C57
99942         s2021 03 02.2667301 -118306.747 +347050.049 +20133.5740   ~6oz9C57
99942         S2021 03 02.27367509 46 49.270-10 43 28.45         15.1 GV~6oz9C57
99942         s2021 03 02.2736751 -118618.689 +346796.175 +20195.5160   ~6oz9C57
99942         S2021 03 02.28061909 46 46.987-10 43 09.84         15.0 GV~6oz9C57
99942         s2021 03 02.2806191 -118930.284 +346541.292 +20257.4000   ~6oz9C57
99942         S2021 03 02.28756409 46 44.681-10 42 52.78         15.1 GV~6oz9C57
99942         s2021 03 02.2875641 -119241.531 +346285.400 +20319.2280   ~6oz9C57
99942         S2021 03 02.29450809 46 42.394-10 42 35.89         15.1 GV~6oz9C57
99942         s2021 03 02.2945081 -119552.430 +346028.497 +20380.9970   ~6oz9C57
99942         S2021 03 02.30145209 46 40.080-10 42 19.04         15.1 GV~6oz9C57
99942         s2021 03 02.3014521 -119862.978 +345770.584 +20442.7090   ~6oz9C57
99942         S2021 03 02.31534109 46 35.599-10 41 43.26         15.1 GV~6oz9C57
99942         s2021 03 02.3153411 -120483.017 +345251.724 +20565.9580   ~6oz9C57
99942         S2021 03 02.32228609 46 33.274-10 41 25.69         15.1 GV~6oz9C57
99942         s2021 03 02.3222861 -120792.506 +344990.777 +20627.4940   ~6oz9C57
99942         S2021 03 02.32923009 46 30.965-10 41 09.06         15.1 GV~6oz9C57
99942         s2021 03 02.3292301 -121101.640 +344728.818 +20688.9710   ~6oz9C57
99942         S2021 03 02.33617509 46 28.666-10 40 52.18         15.2 GV~6oz9C57
99942         s2021 03 02.3361751 -121410.416 +344465.847 +20750.3900   ~6oz9C57
99942         S2021 03 02.34311909 46 26.393-10 40 35.15         15.2 GV~6oz9C57
99942         s2021 03 02.3431191 -121718.834 +344201.863 +20811.7480   ~6oz9C57
99942         S2021 03 02.35006409 46 24.178-10 40 17.11         15.1 GV~6oz9C57
99942         s2021 03 02.3500641 -122026.893 +343936.867 +20873.0480   ~6oz9C57
99942         S2021 03 02.35700809 46 21.890-10 39 59.11         15.2 GV~6oz9C57
99942         s2021 03 02.3570081 -122334.591 +343670.856 +20934.2870   ~6oz9C57
99942         S2021 03 02.36395209 46 19.524-10 39 41.90         15.2 GV~6oz9C57
99942         s2021 03 02.3639521 -122641.927 +343403.832 +20995.4660   ~6oz9C57
99942         S2021 03 02.37089709 46 17.249-10 39 24.91         15.2 GV~6oz9C57
99942         s2021 03 02.3708971 -122948.900 +343135.793 +21056.5840   ~6oz9C57
99942         S2021 03 02.38478609 46 12.703-10 38 50.32         15.3 GV~6oz9C57
99942         s2021 03 02.3847861 -123561.749 +342596.672 +21178.6400   ~6oz9C57
99942         S2021 03 02.39173009 46 10.392-10 38 31.63         15.3 GV~6oz9C57
99942         s2021 03 02.3917301 -123867.622 +342325.588 +21239.5760   ~6oz9C57
99942         S2021 03 02.39867509 46 08.078-10 38 14.86         15.3 GV~6oz9C57
99942         s2021 03 02.3986751 -124173.128 +342053.489 +21300.4500   ~6oz9C57
99942         S2021 03 02.40561909 46 05.791-10 37 58.08         15.3 GV~6oz9C57
99942         s2021 03 02.4056191 -124478.262 +341780.373 +21361.2630   ~6oz9C57
99942         S2021 03 02.41256309 46 03.540-10 37 41.09         15.3 GV~6oz9C57
99942         s2021 03 02.4125631 -124783.026 +341506.240 +21422.0140   ~6oz9C57
99942         S2021 03 02.41950809 46 01.272-10 37 23.41         15.3 GV~6oz9C57
99942         s2021 03 02.4195081 -125087.416 +341231.091 +21482.7030   ~6oz9C57
99942         S2021 03 02.42645209 45 58.966-10 37 04.73         15.4 GV~6oz9C57
99942         s2021 03 02.4264521 -125391.433 +340954.924 +21543.3290   ~6oz9C57
99942         S2021 03 02.43339709 45 56.662-10 36 47.45         15.4 GV~6oz9C57
99942         s2021 03 02.4333971 -125695.073 +340677.739 +21603.8930   ~6oz9C57
99942         S2021 03 02.44034109 45 54.370-10 36 30.67         15.4 GV~6oz9C57
99942         s2021 03 02.4403411 -125998.337 +340399.536 +21664.3940   ~6oz9C57
99942         S2021 03 02.44728609 45 52.109-10 36 13.90         15.4 GV~6oz9C57
99942         s2021 03 02.4472861 -126301.223 +340120.314 +21724.8310   ~6oz9C57
99942         S2021 03 02.45423009 45 49.781-10 35 56.36         15.4 GV~6oz9C57
99942         s2021 03 02.4542301 -126603.728 +339840.073 +21785.2050   ~6oz9C57
99942         S2021 03 02.46117509 45 47.525-10 35 38.08         15.5 GV~6oz9C57
99942         s2021 03 02.4611751 -126905.853 +339558.812 +21845.5160   ~6oz9C57
99942         S2021 03 02.46811909 45 45.154-10 35 19.75         15.5 GV~6oz9C57
99942         s2021 03 02.4681191 -127207.595 +339276.531 +21905.7620   ~6oz9C57
99942         S2021 03 02.47506309 45 42.902-10 35 02.98         15.5 GV~6oz9C57
99942         s2021 03 02.4750631 -127508.953 +338993.230 +21965.9450   ~6oz9C57
99942         S2021 03 02.48200809 45 40.601-10 34 46.31         15.5 GV~6oz9C57
99942         s2021 03 02.4820081 -127809.926 +338708.908 +22026.0630   ~6oz9C57
99942         S2021 03 02.50284109 45 33.689-10 33 52.06         15.5 GV~6oz9C57
99942         s2021 03 02.5028411 -128710.520 +337849.812 +22206.0270   ~6oz9C57
99942         S2021 03 02.50978609 45 31.433-10 33 34.81         15.5 GV~6oz9C57
99942         s2021 03 02.5097861 -129009.938 +337561.403 +22265.8840   ~6oz9C57
99942         S2021 03 02.51673009 45 29.186-10 33 17.64         15.5 GV~6oz9C57
99942         s2021 03 02.5167301 -129308.964 +337271.970 +22325.6760   ~6oz9C57
99942         S2021 03 02.52367509 45 26.820-10 33 00.86         15.5 GV~6oz9C57
99942         s2021 03 02.5236751 -129607.596 +336981.513 +22385.4010   ~6oz9C57
99942         S2021 03 02.53061909 45 24.499-10 32 42.32         15.5 GV~6oz9C57
99942         s2021 03 02.5306191 -129905.833 +336690.032 +22445.0610   ~6oz9C57
99942         S2021 03 02.53756309 45 22.226-10 32 24.25         15.5 GV~6oz9C57
99942         s2021 03 02.5375631 -130203.674 +336397.527 +22504.6530   ~6oz9C57
99942         S2021 03 02.54450809 45 19.910-10 32 07.12         15.5 GV~6oz9C57
99942         s2021 03 02.5445081 -130501.117 +336103.998 +22564.1790   ~6oz9C57
99942         S2021 03 02.55145209 45 17.647-10 31 50.23         15.5 GV~6oz9C57
99942         s2021 03 02.5514521 -130798.160 +335809.442 +22623.6380   ~6oz9C57
99942         S2021 03 02.55839709 45 15.341-10 31 32.81         15.5 GV~6oz9C57
99942         s2021 03 02.5583971 -131094.802 +335513.861 +22683.0290   ~6oz9C57
99942         S2021 03 02.56534109 45 13.054-10 31 15.35         15.5 GV~6oz9C57
99942         s2021 03 02.5653411 -131391.043 +335217.254 +22742.3530   ~6oz9C57
99942         S2021 03 02.57228609 45 10.735-10 30 56.84         15.4 GV~6oz9C57
99942         s2021 03 02.5722861 -131686.879 +334919.620 +22801.6080   ~6oz9C57
99942         S2021 03 02.57923009 45 08.460-10 30 38.92         15.4 GV~6oz9C57
99942         s2021 03 02.5792301 -131982.311 +334620.958 +22860.7960   ~6oz9C57
99942         S2021 03 02.58617509 45 06.144-10 30 22.07         15.5 GV~6oz9C57
99942         s2021 03 02.5861751 -132277.335 +334321.269 +22919.9150   ~6oz9C57
99942         S2021 03 02.59311909 45 03.833-10 30 04.93         15.5 GV~6oz9C57
99942         s2021 03 02.5931191 -132571.952 +334020.552 +22978.9650   ~6oz9C57
99942         S2021 03 02.60006309 45 01.478-10 29 47.40         15.4 GV~6oz9C57
99942         s2021 03 02.6000631 -132866.159 +333718.806 +23037.9470   ~6oz9C57
99942         S2021 03 02.60700809 44 59.220-10 29 28.68         15.4 GV~6oz9C57
99942         s2021 03 02.6070081 -133159.956 +333416.031 +23096.8590   ~6oz9C57
99942         S2021 03 02.61395209 44 56.909-10 29 10.64         15.4 GV~6oz9C57
99942         s2021 03 02.6139521 -133453.339 +333112.226 +23155.7010   ~6oz9C57
99942         S2021 03 02.62089709 44 54.648-10 28 54.01         15.4 GV~6oz9C57
99942         s2021 03 02.6208971 -133746.309 +332807.391 +23214.4740   ~6oz9C57
99942         S2021 03 02.62784109 44 52.337-10 28 36.66         15.4 GV~6oz9C57
99942         s2021 03 02.6278411 -134038.864 +332501.526 +23273.1770   ~6oz9C57
99942         S2021 03 02.63478609 44 49.958-10 28 19.56         15.4 GV~6oz9C57
99942         s2021 03 02.6347861 -134331.001 +332194.629 +23331.8090   ~6oz9C57
99942         S2021 03 02.64173009 44 47.681-10 28 00.98         15.3 GV~6oz9C57
99942         s2021 03 02.6417301 -134622.720 +331886.701 +23390.3700   ~6oz9C57
99942         S2021 03 02.64867409 44 45.418-10 27 42.73         15.3 GV~6oz9C57
99942         s2021 03 02.6486741 -134914.019 +331577.740 +23448.8610   ~6oz9C57
99942         S2021 03 02.65561909 44 43.116-10 27 25.42         15.4 GV~6ozAC57
99942         s2021 03 02.6556191 -135204.897 +331267.747 +23507.2800   ~6ozAC57
99942         S2021 03 02.66256309 44 40.831-10 27 07.85         15.3 GV~6ozAC57
99942         s2021 03 02.6625631 -135495.352 +330956.721 +23565.6280   ~6ozAC57
99942         S2021 03 02.66950809 44 38.453-10 26 50.64         15.4 GV~6ozAC57
99942         s2021 03 02.6695081 -135785.382 +330644.661 +23623.9040   ~6ozAC57
99942         S2021 03 02.67645209 44 36.154-10 26 32.78         15.3 GV~6ozAC57
99942         s2021 03 02.6764521 -136074.987 +330331.567 +23682.1080   ~6ozAC57
99942         S2021 03 02.68339709 44 33.871-10 26 13.85         15.3 GV~6ozAC57
99942         s2021 03 02.6833971 -136364.164 +330017.439 +23740.2390   ~6ozAC57
99942         S2021 03 02.69034109 44 31.553-10 25 56.86         15.3 GV~6ozAC57
99942         s2021 03 02.6903411 -136652.912 +329702.275 +23798.2980   ~6ozAC57
99942         S2021 03 02.69728609 44 29.282-10 25 39.04         15.3 GV~6ozAC57
99942         s2021 03 02.6972861 -136941.230 +329386.076 +23856.2840   ~6ozAC57
99942         S2021 03 02.70423009 44 26.940-10 25 22.12         15.2 GV~6ozAC57
99942         s2021 03 02.7042301 -137229.115 +329068.840 +23914.1970   ~6ozAC57
99942         S2021 03 02.71117409 44 24.595-10 25 04.22         15.2 GV~6ozAC57
99942         s2021 03 02.7111741 -137516.567 +328750.568 +23972.0360   ~6ozAC57
99942         S2021 03 02.71811909 44 22.310-10 24 45.25         15.2 GV~6ozAC57
99942         s2021 03 02.7181191 -137803.584 +328431.258 +24029.8020   ~6ozAC57
99942         S2021 03 02.72506309 44 20.028-10 24 27.32         15.2 GV~6ozAC57
99942         s2021 03 02.7250631 -138090.164 +328110.910 +24087.4930   ~6ozAC57
99942         S2021 03 02.73200809 44 17.731-10 24 10.19         15.2 GV~6ozAC57
99942         s2021 03 02.7320081 -138376.306 +327789.525 +24145.1100   ~6ozAC57
99942         S2021 03 02.73895209 44 15.398-10 23 53.38         15.2 GV~6ozAC57
99942         s2021 03 02.7389521 -138662.008 +327467.100 +24202.6520   ~6ozAC57
99942         S2021 03 02.74589709 44 13.058-10 23 35.52         15.1 GV~6ozAC57
99942         s2021 03 02.7458971 -138947.268 +327143.636 +24260.1190   ~6ozAC57
99942         S2021 03 02.75284109 44 10.750-10 23 16.01         15.2 GV~6ozAC57
99942         s2021 03 02.7528411 -139232.086 +326819.132 +24317.5110   ~6ozAC57
99942         S2021 03 02.75978609 44 08.460-10 22 58.51         15.2 GV~6ozAC57
99942         s2021 03 02.7597861 -139516.459 +326493.587 +24374.8280   ~6ozAC57
99942         S2021 03 02.76673009 44 06.166-10 22 41.63         15.1 GV~6ozAC57
99942         s2021 03 02.7667301 -139800.386 +326167.001 +24432.0680   ~6ozAC57
99942         S2021 03 02.77367409 44 03.840-10 22 24.42         15.1 GV~6ozAC57
99942         s2021 03 02.7736741 -140083.866 +325839.374 +24489.2330   ~6ozAC57
99942         C2021 03 02.77883609 41 26.56 -10 07 21.5          15.0 GV~4cu3L54
99942         S2021 03 02.78061909 44 01.505-10 22 06.38         15.1 GV~6ozAC57
99942         s2021 03 02.7806191 -140366.896 +325510.705 +24546.3210   ~6ozAC57
99942         S2021 03 02.78756309 43 59.186-10 21 47.88         15.1 GV~6ozAC57
99942         s2021 03 02.7875631 -140649.475 +325180.993 +24603.3320   ~6ozAC57
99942         S2021 03 02.79450809 43 56.882-10 21 29.38         15.1 GV~6ozAC57
99942         s2021 03 02.7945081 -140931.602 +324850.237 +24660.2660   ~6ozAC57
99942         C2021 03 02.79533409 41 21.69 -10 06 38.3          14.9 GV~4cu3L54
99942         S2021 03 02.80145209 43 54.581-10 21 12.56         15.1 GV~6ozAC57
99942         s2021 03 02.8014521 -141213.274 +324518.438 +24717.1230   ~6ozAC57
99942         S2021 03 02.80839709 43 52.265-10 20 55.18         15.0 GV~6ozAC57
99942         s2021 03 02.8083971 -141494.491 +324185.594 +24773.9020   ~6ozAC57
99942         C2021 03 02.81018009 41 17.33 -10 05 59.8          15.1 GV~4cu3L54
99942         S2021 03 02.81534109 43 49.958-10 20 37.39         15.1 GV~6ozAC57
99942         s2021 03 02.8153411 -141775.251 +323851.705 +24830.6030   ~6ozAC57
99942         S2021 03 02.82228609 43 47.611-10 20 19.25         15.0 GV~6ozAC57
99942         s2021 03 02.8222861 -142055.551 +323516.771 +24887.2260   ~6ozAC57
99942         C2021 03 02.82500909 41 12.93 -10 05 20.7          15.0 GV~4cu3L54
99942         S2021 03 02.82923009 43 45.288-10 20 00.53         15.1 GV~6ozAC57
99942         s2021 03 02.8292301 -142335.391 +323180.791 +24943.7700   ~6ozAC57
99942         C2021 03 02.83361 09 41 11.05 -10 04 59.3          15.5 Vq~4cu3K40
99942         S2021 03 02.83617409 43 42.965-10 19 42.64         15.0 GV~6ozAC57
99942         s2021 03 02.8361741 -142614.769 +322843.764 +25000.2350   ~6ozAC57
99942         C2021 03 02.83925 09 41 09.37 -10 04 44.7          15.2 Vq~4cu3K40
99942         C2021 03 02.84068009 41 08.26 -10 04 39.7          15.1 GV~4cu3L54
99942         S2021 03 02.84311909 43 40.706-10 19 25.93         15.1 GV~6ozAC57
99942         s2021 03 02.8431191 -142893.682 +322505.689 +25056.6220   ~6ozAC57
99942         S2021 03 02.85006309 43 38.374-10 19 08.36         15.0 GV~6ozAC57
99942         s2021 03 02.8500631 -143172.131 +322166.567 +25112.9280   ~6ozAC57
99942         S2021 03 02.85700809 43 36.017-10 18 49.68         15.0 GV~6ozAC57
99942         s2021 03 02.8570081 -143450.112 +321826.396 +25169.1550   ~6ozAC57
99942         C2021 03 02.85717709 41 03.34 -10 03 56.2          15.0 GV~4cu3L54
99942         S2021 03 02.86395209 43 33.708-10 18 30.89         15.1 GV~6ozAC57
99942         s2021 03 02.8639521 -143727.624 +321485.177 +25225.3020   ~6ozAC57
99942         S2021 03 02.87089709 43 31.394-10 18 13.25         15.1 GV~6ozAC57
99942         s2021 03 02.8708971 -144004.665 +321142.907 +25281.3680   ~6ozAC57
99942         C2021 03 02.87366909 40 58.39 -10 03 12.8          15.0 GV~4cu3L54
99942         S2021 03 02.87784109 43 29.090-10 17 56.08         15.0 GV~6ozAC57
99942         s2021 03 02.8778411 -144281.235 +320799.588 +25337.3540   ~6ozAC57
99942         C2021 03 02.89098709 40 53.21 -10 02 26.8          15.0 GV~4cu3L54
99942         S2021 03 02.89173009 43 24.456-10 17 20.40         15.0 GV~6ozAC57
99942         s2021 03 02.8917301 -144832.950 +320109.795 +25449.0810   ~6ozAC57
99942         S2021 03 02.89867409 43 22.109-10 17 01.39         15.0 GV~6ozAC57
99942         s2021 03 02.8986741 -145108.093 +319763.321 +25504.8220   ~6ozAC57
99942         S2021 03 02.90561909 43 19.781-10 16 43.68         15.0 GV~6ozAC57
99942         s2021 03 02.9056191 -145382.757 +319415.795 +25560.4820   ~6ozAC57
99942         C2021 03 02.90733 09 40 49.01 -10 01 40.2          14.3 RU~4cu3470
99942         C2021 03 02.90866 09 40 48.12 -10 01 42.1          15.3 Vq~5I7M056
99942         C2021 03 02.90877 09 40 48.54 -10 01 36.2          14.2 RU~4cu3470
99942         C2021 03 02.91133809 40 47.11 -10 01 32.5          15.1 GV~4cu3L54
99942         C2021 03 02.91196 09 40 47.13 -10 01 33.6          15.3 Vq~5I7M056
99942         S2021 03 02.91256309 43 17.477-10 16 26.15         15.1 GV~6ozAC57
99942         s2021 03 02.9125631 -145656.940 +319067.215 +25616.0590   ~6ozAC57
99942         C2021 03 02.91378 09 40 47.22 -10 01 26.2          15.2 GV~4cu3130
99942         C2021 03 02.91485 09 40 46.90 -10 01 23.4          15.2 GV~4cu3130
99942         C2021 03 02.91525 09 40 46.18 -10 01 24.7          15.4 Vq~5I7M056
99942         C2021 03 02.91617 09 40 46.51 -10 01 19.9          15.2 GV~4cu3130
99942        KC2021 03 02.91706109 40 46.81 -10 01 21.9                V~4cu3Z80
99942         C2021 03 02.91724 09 40 46.17 -10 01 17.0          15.2 GV~4cu3130
99942         C2021 03 02.91855 09 40 45.18 -10 01 15.9          15.2 Vq~5I7M056
99942         S2021 03 02.91950809 43 15.156-10 16 08.83         15.1 GV~6ozAC57
99942         s2021 03 02.9195081 -145930.641 +318717.581 +25671.5530   ~6ozAC57
99942         C2021 03 02.92184 09 40 44.19 -10 01 07.1          15.4 Vq~5I7M056
99942         C2021 03 02.92514 09 40 43.22 -10 00 58.2          15.3 Vq~5I7M056
99942         S2021 03 02.92645209 43 12.847-10 15 50.69         15.0 GV~6ozAC57
99942         s2021 03 02.9264521 -146203.858 +318366.893 +25726.9640   ~6ozAC57
99942        KC2021 03 02.92764909 40 43.68 -10 00 53.0          15.0 GV~4cu3Z80
99942         C2021 03 02.92844 09 40 42.25 -10 00 49.6          15.4 Vq~5I7M056
99942         C2021 03 02.93111409 40 41.21 -10 00 40.1          15.1 GV~4cu3L54
99942         C2021 03 02.93174 09 40 41.29 -10 00 40.3          15.2 Vq~5I7M056
99942         S2021 03 02.93339709 43 10.517-10 15 31.07         15.0 GV~6ozAC57
99942         s2021 03 02.9333971 -146476.588 +318015.149 +25782.2920   ~6ozAC57
99942         C2021 03 02.93502 09 40 40.29 -10 00 32.1          15.3 Vq~5I7M056
99942        KC2021 03 02.93641309 40 40.60 -10 00 29.9          15.2 GV~4h84G33
99942        KC2021 03 02.93757409 40 40.25 -10 00 26.8          15.2 GV~4h84G33
99942         C2021 03 02.93832 09 40 39.27 -10 00 23.7          15.4 Vq~5I7M056
99942        KC2021 03 02.93878209 40 39.90 -10 00 23.8          15.2 GV~4h84G33
99942        KC2021 03 02.93992209 40 39.57 -10 00 20.7          15.2 GV~4h84G33
99942         S2021 03 02.94034109 43 08.170-10 15 13.97         15.0 GV~6ozAC57
99942         s2021 03 02.9403411 -146748.832 +317662.350 +25837.5370   ~6ozAC57
99942        KC2021 03 02.94109109 40 39.20 -10 00 17.8          15.3 GV~4h84G33
99942        KC2021 03 02.94226009 40 38.86 -10 00 14.7          15.2 GV~4h84G33
99942         S2021 03 02.94728509 43 05.856-10 14 56.47         15.1 GV~6ozAC57
99942         s2021 03 02.9472851 -147020.586 +317308.494 +25892.6970   ~6ozAC57
99942         C2021 03 02.95256409 40 34.85 -09 59 42.7          15.2 GV~4cu3L54
99942         S2021 03 02.95423009 43 03.538-10 14 39.34         15.1 GV~6ozAC57
99942         s2021 03 02.9542301 -147291.849 +316953.582 +25947.7730   ~6ozAC57
99942         S2021 03 02.96117409 43 01.217-10 14 20.69         15.1 GV~6ozAC57
99942         s2021 03 02.9611741 -147562.619 +316597.612 +26002.7650   ~6ozAC57
99942         S2021 03 02.96811909 42 58.896-10 14 01.86         15.1 GV~6ozAC57
99942         s2021 03 02.9681191 -147832.895 +316240.583 +26057.6710   ~6ozAC57
99942         S2021 03 02.97506309 42 56.566-10 13 43.82         15.1 GV~6ozAC57
99942         s2021 03 02.9750631 -148102.674 +315882.496 +26112.4930   ~6ozAC57
99942         C2021 03 02.98062409 40 26.49 -09 58 26.6          15.2 GV~4cu3L54
99942         S2021 03 02.98200809 42 54.235-10 13 26.72         15.1 GV~6ozAC57
99942         s2021 03 02.9820081 -148371.956 +315523.349 +26167.2280   ~6ozAC57
99942         S2021 03 02.98895209 42 51.871-10 13 09.12         15.1 GV~6ozAC57
99942         s2021 03 02.9889521 -148640.737 +315163.142 +26221.8780   ~6ozAC57
99942         S2021 03 02.99589709 42 49.570-10 12 50.83         15.1 GV~6ozAC57
99942         s2021 03 02.9958971 -148909.017 +314801.874 +26276.4410   ~6ozAC57
99942         C2021 03 02.99960009 40 20.89 -09 57 36.0          15.1 GV~4cu3L54
99942         S2021 03 03.00284109 42 47.282-10 12 31.18         15.0 GV~6ozAC57
99942         s2021 03 03.0028411 -149176.794 +314439.545 +26330.9180   ~6ozAC57
99942         S2021 03 03.00978509 42 44.914-10 12 13.82         15.2 GV~6ozAC57
99942         s2021 03 03.0097851 -149444.065 +314076.153 +26385.3080   ~6ozAC57
99942         S2021 03 03.01673009 42 42.598-10 11 56.22         15.2 GV~6ozAC57
99942         s2021 03 03.0167301 -149710.830 +313711.699 +26439.6110   ~6ozAC57
99942         S2021 03 03.02367409 42 40.246-10 11 38.98         15.3 GV~6ozAC57
99942         s2021 03 03.0236741 -149977.086 +313346.181 +26493.8260   ~6ozAC57
99942         S2021 03 03.03061909 42 37.949-10 11 20.22         15.2 GV~6ozAC57
99942         s2021 03 03.0306191 -150242.831 +312979.599 +26547.9520   ~6ozAC57
99942         S2021 03 03.03756309 42 35.647-10 11 01.14         15.2 GV~6ozAC57
99942         s2021 03 03.0375631 -150508.063 +312611.952 +26601.9910   ~6ozAC57
99942         S2021 03 03.04450809 42 33.322-10 10 42.89         15.2 GV~6ozAC57
99942         s2021 03 03.0445081 -150772.782 +312243.240 +26655.9410   ~6ozAC57
99942         C2021 03 03.04936 09 40 11.33 -09 53 48.5                q~4fze834
99942         S2021 03 03.05145209 42 30.998-10 10 26.08         15.3 GV~6ozAC57
99942         s2021 03 03.0514521 -151036.984 +311873.462 +26709.8020   ~6ozAC57
99942         S2021 03 03.05839709 42 28.579-10 10 08.44         15.3 GV~6ozAC57
99942         s2021 03 03.0583971 -151300.668 +311502.617 +26763.5740   ~6ozAC57
99942         S2021 03 03.06534109 42 26.268-10 09 49.39         15.4 GV~6ozAC57
99942         s2021 03 03.0653411 -151563.833 +311130.704 +26817.2560   ~6ozAC57
99942         C2021 03 03.06928 09 40 05.32 -09 52 55.8                q~4fze834
99942         S2021 03 03.07228509 42 23.954-10 09 30.31         15.4 GV~6ozAC57
99942         s2021 03 03.0722851 -151826.476 +310757.723 +26870.8470   ~6ozAC57
99942         S2021 03 03.07923009 42 21.655-10 09 12.85         15.4 GV~6ozAC57
99942         s2021 03 03.0792301 -152088.595 +310383.674 +26924.3490   ~6ozAC57
99942         S2021 03 03.08617409 42 19.327-10 08 54.89         15.4 GV~6ozAC57
99942         s2021 03 03.0861741 -152350.189 +310008.555 +26977.7590   ~6ozAC57
99942         S2021 03 03.09311909 42 16.999-10 08 38.18         15.5 GV~6ozAC57
99942         s2021 03 03.0931191 -152611.256 +309632.365 +27031.0790   ~6ozAC57
99942        KC2021 03 03.09499 09 39 58.51 -09 53 19.8          15.2 RS~4fze932
99942         S2021 03 03.10006309 42 14.638-10 08 19.46         15.4 GV~6ozAC57
99942         s2021 03 03.1000631 -152871.794 +309255.105 +27084.3070   ~6ozAC57
99942        KC2021 03 03.10409 09 39 55.78 -09 52 55.4          15.2 RS~4fze932
99942         S2021 03 03.10700809 42 12.302-10 08 00.13         15.5 GV~6ozAC57
99942         s2021 03 03.1070081 -153131.801 +308876.773 +27137.4430   ~6ozAC57
99942         S2021 03 03.11395209 42 09.958-10 07 42.10         15.5 GV~6ozAC57
99942         s2021 03 03.1139521 -153391.274 +308497.368 +27190.4880   ~6ozAC57
99942        KC2021 03 03.11401 09 39 52.82 -09 52 29.0          15.3 RS~4fze932
99942         S2021 03 03.12089609 42 07.673-10 07 24.56         15.6 GV~6ozAC57
99942         s2021 03 03.1208961 -153650.213 +308116.891 +27243.4390   ~6ozAC57
99942         S2021 03 03.12784109 42 05.405-10 07 07.39         15.7 GV~6ozAC57
99942         s2021 03 03.1278411 -153908.615 +307735.340 +27296.2980   ~6ozAC57
99942         S2021 03 03.13478509 42 03.019-10 06 49.36         15.5 GV~6ozAC57
99942         s2021 03 03.1347851 -154166.479 +307352.714 +27349.0630   ~6ozAC57
99942         S2021 03 03.14173009 42 00.636-10 06 29.20         15.6 GV~6ozAC57
99942         s2021 03 03.1417301 -154423.802 +306969.014 +27401.7350   ~6ozAC57
99942         S2021 03 03.14867409 41 58.262-10 06 10.58         15.5 GV~6ozAC57
99942         s2021 03 03.1486741 -154680.582 +306584.237 +27454.3130   ~6ozAC57
99942         S2021 03 03.15561909 41 55.920-10 05 53.56         15.5 GV~6ozAC57
99942         s2021 03 03.1556191 -154936.818 +306198.384 +27506.7960   ~6ozAC57
99942         S2021 03 03.16256309 41 53.635-10 05 35.59         15.5 GV~6ozAC57
99942         s2021 03 03.1625631 -155192.507 +305811.453 +27559.1850   ~6ozAC57
99942         S2021 03 03.16950809 41 51.298-10 05 17.48         15.5 GV~6ozAC57
99942         s2021 03 03.1695081 -155447.648 +305423.445 +27611.4790   ~6ozAC57
99942         S2021 03 03.17645209 41 48.974-10 04 58.62         15.5 GV~6ozAC57
99942         s2021 03 03.1764521 -155702.239 +305034.357 +27663.6770   ~6ozAC57
99942         S2021 03 03.18339609 41 46.644-10 04 40.12         15.5 GV~6ozAC57
99942         s2021 03 03.1833961 -155956.277 +304644.190 +27715.7790   ~6ozAC57
99942         S2021 03 03.19034109 41 44.290-10 04 22.73         15.6 GV~6ozAC57
99942         s2021 03 03.1903411 -156209.761 +304252.943 +27767.7850   ~6ozAC57
99942         S2021 03 03.19728509 41 41.935-10 04 04.22         15.5 GV~6ozAC57
99942         s2021 03 03.1972851 -156462.689 +303860.615 +27819.6950   ~6ozAC57
99942         C2021 03 03.20413809 39 25.95 -09 48 28.1          15.6 GV~4oN3W62
99942         S2021 03 03.20423009 41 39.581-10 03 46.33         15.5 GV~6ozAC57
99942         s2021 03 03.2042301 -156715.058 +303467.205 +27871.5070   ~6ozAC57
99942         S2021 03 03.21117409 41 37.229-10 03 26.60         15.5 GV~6ozAC57
99942         s2021 03 03.2111741 -156966.867 +303072.713 +27923.2220   ~6ozAC57
99942         C2021 03 03.21409109 39 22.99 -09 48 01.0          15.6 GV~4oN3W62
99942         S2021 03 03.21811909 41 34.956-10 03 08.78         15.4 GV~6ozAC57
99942         s2021 03 03.2181191 -157218.113 +302677.137 +27974.8400   ~6ozAC57
99942         C2021 03 03.22387209 39 20.06 -09 47 33.9          15.9 GV~4oN3W62
99942         S2021 03 03.22506309 41 32.606-10 02 51.11         15.5 GV~6ozAC57
99942         s2021 03 03.2250631 -157468.796 +302280.477 +28026.3590   ~6ozAC57
99942         S2021 03 03.23200809 41 30.257-10 02 33.40         15.5 GV~6ozAC57
99942         s2021 03 03.2320081 -157718.911 +301882.733 +28077.7800   ~6ozAC57
99942         S2021 03 03.23895209 41 27.864-10 02 14.71         15.4 GV~6ozAC57
99942         s2021 03 03.2389521 -157968.459 +301483.903 +28129.1020   ~6ozAC57
99942         S2021 03 03.24589609 41 25.570-10 01 55.85         15.4 GV~6ozAC57
99942         s2021 03 03.2458961 -158217.436 +301083.987 +28180.3250   ~6ozAC57
99942         S2021 03 03.25284109 41 23.239-10 01 38.14         15.4 GV~6ozAC57
99942         s2021 03 03.2528411 -158465.840 +300682.984 +28231.4480   ~6ozAC57
99942         C2021 03 03.25538 09 39 13.05 -09 46 02.4          15.7 Vo~4cu3691
99942         S2021 03 03.25978509 41 20.923-10 01 19.85         15.4 GV~6ozAC57
99942         s2021 03 03.2597851 -158713.669 +300280.893 +28282.4710   ~6ozAC57
99942         S2021 03 03.26673009 41 18.588-10 01 02.03         15.4 GV~6ozAC57
99942         s2021 03 03.2667301 -158960.922 +299877.713 +28333.3930   ~6ozAC57
99942         S2021 03 03.27367409 41 16.250-10 00 43.27         15.3 GV~6ozAC57
99942         s2021 03 03.2736741 -159207.596 +299473.445 +28384.2150   ~6ozAC57
99942         S2021 03 03.28061909 41 13.874-10 00 23.98         15.3 GV~6ozAC57
99942         s2021 03 03.2806191 -159453.690 +299068.086 +28434.9360   ~6ozAC57
99942         S2021 03 03.28756309 41 11.484-10 00 05.83         15.3 GV~6ozAC57
99942         s2021 03 03.2875631 -159699.200 +298661.636 +28485.5550   ~6ozAC57
99942         C2021 03 03.28885 09 39 02.92 -09 44 32.5          15.7 Vo~4cu3691
99942         S2021 03 03.29450809 41 09.211-09 59 47.98         15.3 GV~6ozAC57
99942         s2021 03 03.2945081 -159944.125 +298254.094 +28536.0720   ~6ozAC57
99942         S2021 03 03.30145209 41 06.862-09 59 30.37         15.3 GV~6ozAC57
99942         s2021 03 03.3014521 -160188.463 +297845.460 +28586.4860   ~6ozAC57
99942         S2021 03 03.30839609 41 04.531-09 59 11.29         15.2 GV~6ozAC57
99942         s2021 03 03.3083961 -160432.212 +297435.733 +28636.7980   ~6ozAC57
99942         S2021 03 03.31534109 41 02.234-09 58 52.79         15.2 GV~6ozAC57
99942         s2021 03 03.3153411 -160675.369 +297024.911 +28687.0060   ~6ozAC57
99942         C2021 03 03.32069 09 38 53.29 -09 43 06.5          15.6 Vo~4cu3691
99942         S2021 03 03.32228509 40 59.818-09 58 34.72         15.2 GV~6ozAC57
99942         s2021 03 03.3222851 -160917.932 +296612.995 +28737.1110   ~6ozAC57
99942         C2021 03 03.32237 09 38 52.78 -09 43 01.8          15.6 Vo~4cu3691
99942         S2021 03 03.32923009 40 57.422-09 58 16.90         15.2 GV~6ozAC57
99942         s2021 03 03.3292301 -161159.900 +296199.983 +28787.1120   ~6ozAC57
99942         C2021 03 03.33075 09 38 50.26 -09 42 39.2          15.6 Vo~4cu3691
99942         S2021 03 03.33617409 40 55.082-09 57 58.79         15.1 GV~6ozAC57
99942         s2021 03 03.3361741 -161401.270 +295785.874 +28837.0080   ~6ozAC57
99942         C2021 03 03.33908 09 38 47.75 -09 42 16.8          15.5 Vo~4cu3691
99942         S2021 03 03.34311909 40 52.771-09 57 39.31         15.2 GV~6ozAC57
99942         s2021 03 03.3431191 -161642.039 +295370.669 +28886.8000   ~6ozAC57
99942         S2021 03 03.35006309 40 50.465-09 57 20.56         15.2 GV~6ozAC57
99942         s2021 03 03.3500631 -161882.206 +294954.365 +28936.4860   ~6ozAC57
99942         S2021 03 03.35700809 40 48.091-09 57 02.34         15.2 GV~6ozAC57
99942         s2021 03 03.3570081 -162121.769 +294536.962 +28986.0660   ~6ozAC57
99942         S2021 03 03.36395209 40 45.749-09 56 44.74         15.1 GV~6ozAC57
99942         s2021 03 03.3639521 -162360.725 +294118.459 +29035.5410   ~6ozAC57
99942         S2021 03 03.37089609 40 43.363-09 56 26.45         15.2 GV~6ozAC57
99942         s2021 03 03.3708961 -162599.072 +293698.856 +29084.9090   ~6ozAC57
99942         S2021 03 03.37784109 40 41.006-09 56 06.83         15.1 GV~6ozAC57
99942         s2021 03 03.3778411 -162836.808 +293278.152 +29134.1700   ~6ozAC57
99942         S2021 03 03.38478509 40 38.714-09 55 47.96         15.1 GV~6ozAC57
99942         s2021 03 03.3847851 -163073.931 +292856.345 +29183.3230   ~6ozAC57
99942         C2021 03 03.38914 09 38 32.87 -09 39 59.9          15.5 Vo~4cu3691
99942         S2021 03 03.39173009 40 36.360-09 55 30.18         15.1 GV~6ozAC57
99942         s2021 03 03.3917301 -163310.438 +292433.435 +29232.3690   ~6ozAC57
99942         S2021 03 03.39867409 40 34.037-09 55 12.76         15.1 GV~6ozBC57
99942         s2021 03 03.3986741 -163546.327 +292009.422 +29281.3070   ~6ozBC57
99942         C2021 03 03.40471 09 38 28.30 -09 39 17.1          15.5 Vo~4cu3691
99942         S2021 03 03.40561909 40 31.680-09 54 54.22         15.1 GV~6ozBC57
99942         s2021 03 03.4056191 -163781.596 +291584.303 +29330.1360   ~6ozBC57
99942         S2021 03 03.41256309 40 29.323-09 54 34.45         15.1 GV~6ozBC57
99942         s2021 03 03.4125631 -164016.243 +291158.080 +29378.8550   ~6ozBC57
99942         C2021 03 03.41869 09 38 24.23 -09 38 38.8          15.5 Vo~4cu3691
99942         S2021 03 03.41950709 40 26.942-09 54 16.02         15.1 GV~6ozBC57
99942         s2021 03 03.4195071 -164250.265 +290730.749 +29427.4660   ~6ozBC57
99942         C2021 03 03.42608909 38 24.66 -09 38 09.8          14.90oV~4cu3T08
99942         S2021 03 03.42645209 40 24.590-09 53 58.06         15.1 GV~6ozBC57
99942         s2021 03 03.4264521 -164483.660 +290302.312 +29475.9660   ~6ozBC57
99942         C2021 03 03.42885509 38 23.82 -09 38 02.3          14.88oV~4cu3T08
99942         S2021 03 03.43339609 40 22.265-09 53 40.38         15.1 GV~6ozBC57
99942         s2021 03 03.4333961 -164716.426 +289872.766 +29524.3560   ~6ozBC57
99942         C2021 03 03.43485309 38 21.99 -09 37 46.0          14.89oV~4cu3T08
99942         S2021 03 03.44034109 40 19.920-09 53 21.62         15.1 GV~6ozBC57
99942         s2021 03 03.4403411 -164948.560 +289442.111 +29572.6360   ~6ozBC57
99942         S2021 03 03.44728509 40 17.604-09 53 02.18         15.1 GV~6ozBC57
99942         s2021 03 03.4472851 -165180.060 +289010.347 +29620.8040   ~6ozBC57
99942         C2021 03 03.44729709 38 18.20 -09 37 12.2          14.86oV~4cu3T08
99942         S2021 03 03.45423009 40 15.230-09 52 43.97         15.0 GV~6ozBC57
99942         s2021 03 03.4542301 -165410.924 +288577.471 +29668.8600   ~6ozBC57
99942         S2021 03 03.46117409 40 12.893-09 52 26.18         15.1 GV~6ozBC57
99942         s2021 03 03.4611741 -165641.150 +288143.485 +29716.8040   ~6ozBC57
99942         S2021 03 03.46811909 40 10.524-09 52 08.04         15.0 GV~6ozBC57
99942         s2021 03 03.4681191 -165870.734 +287708.385 +29764.6360   ~6ozBC57
99942         S2021 03 03.47506309 40 08.150-09 51 49.10         15.1 GV~6ozBC57
99942         s2021 03 03.4750631 -166099.676 +287272.173 +29812.3550   ~6ozBC57
99942         S2021 03 03.48200709 40 05.791-09 51 29.16         15.0 GV~6ozBC57
99942         s2021 03 03.4820071 -166327.971 +286834.846 +29859.9600   ~6ozBC57
99942         S2021 03 03.48895209 40 03.470-09 51 11.38         15.0 GV~6ozBC57
99942         s2021 03 03.4889521 -166555.619 +286396.404 +29907.4510   ~6ozBC57
99942         S2021 03 03.49589609 40 01.111-09 50 53.20         15.0 GV~6ozBC57
99942         s2021 03 03.4958961 -166782.616 +285956.846 +29954.8280   ~6ozBC57
99942         S2021 03 03.50284109 39 58.793-09 50 34.84         15.1 GV~6ozBC57
99942         s2021 03 03.5028411 -167008.960 +285516.172 +30002.0900   ~6ozBC57
99942         S2021 03 03.50978509 39 56.453-09 50 15.76         15.1 GV~6ozBC57
99942         s2021 03 03.5097851 -167234.649 +285074.380 +30049.2370   ~6ozBC57
99942         S2021 03 03.51673009 39 54.072-09 49 56.53         15.1 GV~6ozBC57
99942         s2021 03 03.5167301 -167459.681 +284631.469 +30096.2680   ~6ozBC57
99942         S2021 03 03.52367409 39 51.698-09 49 38.50         15.0 GV~6ozBC57
99942         s2021 03 03.5236741 -167684.052 +284187.438 +30143.1820   ~6ozBC57
99942         S2021 03 03.53061909 39 49.318-09 49 20.35         15.0 GV~6ozBC57
99942         s2021 03 03.5306191 -167907.761 +283742.287 +30189.9810   ~6ozBC57
99942         S2021 03 03.53756309 39 46.980-09 49 01.85         15.1 GV~6ozBC57
99942         s2021 03 03.5375631 -168130.805 +283296.015 +30236.6620   ~6ozBC57
99942         S2021 03 03.54450709 39 44.686-09 48 42.77         15.1 GV~6ozBC57
99942         s2021 03 03.5445071 -168353.181 +282848.620 +30283.2250   ~6ozBC57
99942         S2021 03 03.55145209 39 42.358-09 48 23.80         15.1 GV~6ozBC57
99942         s2021 03 03.5514521 -168574.887 +282400.103 +30329.6700   ~6ozBC57
99942         S2021 03 03.55839609 39 39.960-09 48 05.62         15.1 GV~6ozBC57
99942         s2021 03 03.5583961 -168795.921 +281950.461 +30375.9970   ~6ozBC57
99942         S2021 03 03.56534109 39 37.579-09 47 47.80         15.1 GV~6ozBC57
99942         s2021 03 03.5653411 -169016.280 +281499.694 +30422.2050   ~6ozBC57
99942         S2021 03 03.57228509 39 35.198-09 47 28.75         15.1 GV~6ozBC57
99942         s2021 03 03.5722851 -169235.961 +281047.802 +30468.2930   ~6ozBC57
99942         S2021 03 03.57923009 39 32.858-09 47 09.17         15.1 GV~6ozBC57
99942         s2021 03 03.5792301 -169454.962 +280594.782 +30514.2610   ~6ozBC57
99942         S2021 03 03.58617409 39 30.518-09 46 50.77         15.1 GV~6ozBC57
99942         s2021 03 03.5861741 -169673.281 +280140.635 +30560.1090   ~6ozBC57
99942         S2021 03 03.59311909 39 28.190-09 46 32.66         15.2 GV~6ozBC57
99942         s2021 03 03.5931191 -169890.914 +279685.359 +30605.8360   ~6ozBC57
99942         S2021 03 03.60006309 39 25.795-09 46 14.70         15.2 GV~6ozBC57
99942         s2021 03 03.6000631 -170107.860 +279228.954 +30651.4410   ~6ozBC57
99942         S2021 03 03.60700709 39 23.465-09 45 55.58         15.1 GV~6ozBC57
99942         s2021 03 03.6070071 -170324.116 +278771.417 +30696.9250   ~6ozBC57
99942         S2021 03 03.61395209 39 21.110-09 45 35.53         15.2 GV~6ozBC57
99942         s2021 03 03.6139521 -170539.679 +278312.750 +30742.2860   ~6ozBC57
99942         S2021 03 03.62089609 39 18.734-09 45 17.24         15.2 GV~6ozBC57
99942         s2021 03 03.6208961 -170754.546 +277852.950 +30787.5240   ~6ozBC57
99942         S2021 03 03.62784109 39 16.332-09 44 59.46         15.2 GV~6ozBC57
99942         s2021 03 03.6278411 -170968.715 +277392.016 +30832.6390   ~6ozBC57
99942         S2021 03 03.63478509 39 13.975-09 44 41.32         15.2 GV~6ozBC57
99942         s2021 03 03.6347851 -171182.184 +276929.948 +30877.6300   ~6ozBC57
99942         S2021 03 03.64173009 39 11.664-09 44 21.44         15.2 GV~6ozBC57
99942         s2021 03 03.6417301 -171394.949 +276466.745 +30922.4960   ~6ozBC57
99942         C2021 03 03.64802409 37 25.078-09 28 27.04         15.2 GV~5jggO85
99942         S2021 03 03.64867409 39 09.317-09 44 02.26         15.2 GV~6ozBC57
99942         s2021 03 03.6486741 -171607.009 +276002.405 +30967.2380   ~6ozBC57
99942         C2021 03 03.65558109 37 22.806-09 28 06.46         15.0 GV~5jggO85
99942         S2021 03 03.65561809 39 06.982-09 43 44.08         15.3 GV~6ozBC57
99942         s2021 03 03.6556181 -171818.359 +275536.928 +31011.8540   ~6ozBC57
99942         C2021 03 03.65667009 37 22.462-09 28 03.80         15.3 GV~5jghO85
99942         C2021 03 03.65759509 37 22.201-09 28 00.98         15.1 GV~5jghO85
99942         C2021 03 03.65868309 37 21.871-09 27 58.36         15.1 GV~5jghO85
99942         C2021 03 03.65960809 37 21.602-09 27 55.62         15.0 GV~5jghO85
99942         C2021 03 03.66069709 37 21.270-09 27 52.60         15.2 GV~5jghO85
99942         C2021 03 03.66162409 37 20.986-09 27 50.10         15.1 GV~5jghO85
99942         S2021 03 03.66256309 39 04.627-09 43 26.08         15.2 GV~6ozBC57
99942         s2021 03 03.6625631 -172028.999 +275070.313 +31056.3440   ~6ozBC57
99942         C2021 03 03.66271109 37 20.645-09 27 47.48         15.0 GV~5jghO85
99942         C2021 03 03.66472409 37 20.060-09 27 41.78         15.3 GV~5jghO85
99942         C2021 03 03.66673809 37 19.450-09 27 36.35         15.2 GV~5jghO85
99942         S2021 03 03.66950709 39 02.230-09 43 07.25         15.3 GV~6ozBC57
99942         s2021 03 03.6695071 -172238.924 +274602.559 +31100.7080   ~6ozBC57
99942         S2021 03 03.67645209 38 59.856-09 42 47.52         15.3 GV~6ozBC57
99942         s2021 03 03.6764521 -172448.133 +274133.664 +31144.9450   ~6ozBC57
99942         S2021 03 03.68339609 38 57.499-09 42 28.76         15.3 GV~6ozBC57
99942         s2021 03 03.6833961 -172656.622 +273663.629 +31189.0540   ~6ozBC57
99942         S2021 03 03.69034109 38 55.126-09 42 10.55         15.3 GV~6ozBC57
99942         s2021 03 03.6903411 -172864.389 +273192.451 +31233.0350   ~6ozBC57
99942         S2021 03 03.69728509 38 52.778-09 41 52.62         15.3 GV~6ozBC57
99942         s2021 03 03.6972851 -173071.431 +272720.130 +31276.8880   ~6ozBC57
99942         S2021 03 03.70423009 38 50.448-09 41 33.32         15.4 GV~6ozBC57
99942         s2021 03 03.7042301 -173277.746 +272246.665 +31320.6120   ~6ozBC57
99942         S2021 03 03.71117409 38 48.091-09 41 13.81         15.4 GV~6ozBC57
99942         s2021 03 03.7111741 -173483.330 +271772.055 +31364.2070   ~6ozBC57
99942        1C2021 03 03.71188 09 37 10.31 -09 25 40.6          15.9 GV~4cu3C40
99942        1C2021 03 03.71294 09 37 10.01 -09 25 37.7          15.8 GV~4cu3C40
99942        1C2021 03 03.71508 09 37 09.39 -09 25 32.0          15.8 GV~4cu3C40
99942        1C2021 03 03.71616 09 37 09.07 -09 25 28.9          15.6 GV~4cu3C40
99942        1C2021 03 03.71722 09 37 08.77 -09 25 26.3          15.8 GV~4cu3C40
99942         S2021 03 03.71811809 38 45.744-09 40 54.84         15.4 GV~6ozBC57
99942         s2021 03 03.7181181 -173688.181 +271296.299 +31407.6710   ~6ozBC57
99942        1C2021 03 03.72150 09 37 07.52 -09 25 14.6          15.6 GV~4cu3C40
99942        1C2021 03 03.72258 09 37 07.20 -09 25 11.8          15.7 GV~4cu3C40
99942        1C2021 03 03.72365 09 37 06.90 -09 25 09.0          15.6 GV~4cu3C40
99942        1C2021 03 03.72472 09 37 06.59 -09 25 06.1          15.8 GV~4cu3C40
99942         S2021 03 03.72506309 38 43.351-09 40 37.02         15.4 GV~6ozBC57
99942         s2021 03 03.7250631 -173892.296 +270819.395 +31451.0050   ~6ozBC57
99942        1C2021 03 03.72579 09 37 06.27 -09 25 03.4          15.6 GV~4cu3C40
99942        1C2021 03 03.72686 09 37 05.96 -09 25 00.5          15.7 GV~4cu3C40
99942        1C2021 03 03.72963 09 37 05.16 -09 24 53.2          15.7 GV~4cu3C40
99942        1C2021 03 03.73071 09 37 04.84 -09 24 50.1          15.7 GV~4cu3C40
99942        1C2021 03 03.73177 09 37 04.54 -09 24 47.4          15.8 GV~4cu3C40
99942         S2021 03 03.73200709 38 40.982-09 40 18.30         15.5 GV~6ozBC57
99942         s2021 03 03.7320071 -174095.672 +270341.344 +31494.2070   ~6ozBC57
99942        1C2021 03 03.73285 09 37 04.22 -09 24 44.3          15.7 GV~4cu3C40
99942        1C2021 03 03.73391 09 37 03.91 -09 24 41.5          15.7 GV~4cu3C40
99942        1C2021 03 03.73499 09 37 03.58 -09 24 38.7          15.6 GV~4cu3C40
99942        1C2021 03 03.73605 09 37 03.27 -09 24 35.9          15.7 GV~4cu3C40
99942        1C2021 03 03.73713 09 37 02.96 -09 24 32.9          15.7 GV~4cu3C40
99942        1C2021 03 03.73819 09 37 02.65 -09 24 30.1          15.6 GV~4cu3C40
99942         S2021 03 03.73895209 38 38.616-09 39 58.75         15.5 GV~6ozBC57
99942         s2021 03 03.7389521 -174298.307 +269862.143 +31537.2780   ~6ozBC57
99942        1C2021 03 03.73927 09 37 02.34 -09 24 27.2          15.6 GV~4cu3C40
99942        1C2021 03 03.74034 09 37 02.03 -09 24 24.4          15.7 GV~4cu3C40
99942        1C2021 03 03.74141 09 37 01.71 -09 24 21.6          15.7 GV~4cu3C40
99942        1C2021 03 03.74248 09 37 01.41 -09 24 18.7          15.7 GV~4cu3C40
99942        1C2021 03 03.74355 09 37 01.08 -09 24 15.8          15.7 GV~4cu3C40
99942        1C2021 03 03.74569 09 37 00.45 -09 24 10.0          15.7 GV~4cu3C40
99942         S2021 03 03.74589609 38 36.247-09 39 40.18         15.4 GV~6ozBC57
99942         s2021 03 03.7458961 -174500.197 +269381.792 +31580.2170   ~6ozBC57
99942        1C2021 03 03.74677 09 37 00.15 -09 24 07.2          15.8 GV~4cu3C40
99942        1C2021 03 03.74784 09 36 59.84 -09 24 04.3          15.7 GV~4cu3C40
99942        1C2021 03 03.74891 09 36 59.52 -09 24 01.4          15.6 GV~4cu3C40
99942         S2021 03 03.75284109 38 33.907-09 39 21.28         15.4 GV~6ozBC57
99942         s2021 03 03.7528411 -174701.340 +268900.290 +31623.0230   ~6ozBC57
99942        1C2021 03 03.75598 09 36 57.46 -09 23 42.8          15.7 GV~4cu3C40
99942         S2021 03 03.75978509 38 31.498-09 39 02.38         15.5 GV~6ozBC57
99942         s2021 03 03.7597851 -174901.733 +268417.636 +31665.6950   ~6ozBC57
99942         S2021 03 03.76673009 38 29.138-09 38 43.58         15.5 GV~6ozBC57
99942         s2021 03 03.7667301 -175101.372 +267933.829 +31708.2340   ~6ozBC57
99942         S2021 03 03.77367409 38 26.825-09 38 24.47         15.6 GV~6ozBC57
99942         s2021 03 03.7736741 -175300.256 +267448.868 +31750.6380   ~6ozBC57
99942         S2021 03 03.78061809 38 24.454-09 38 05.42         15.5 GV~6ozBC57
99942         s2021 03 03.7806181 -175498.381 +266962.751 +31792.9080   ~6ozBC57
99942         S2021 03 03.78756309 38 22.085-09 37 47.35         15.5 GV~6ozBC57
99942         s2021 03 03.7875631 -175695.744 +266475.478 +31835.0420   ~6ozBC57
99942         S2021 03 03.79450709 38 19.721-09 37 28.56         15.5 GV~6ozBC57
99942         s2021 03 03.7945071 -175892.343 +265987.047 +31877.0400   ~6ozBC57
99942         S2021 03 03.80145209 38 17.330-09 37 09.44         15.5 GV~6ozBC57
99942         s2021 03 03.8014521 -176088.174 +265497.459 +31918.9010   ~6ozBC57
99942         S2021 03 03.80839609 38 15.005-09 36 49.64         15.6 GV~6ozBC57
99942         s2021 03 03.8083961 -176283.234 +265006.711 +31960.6250   ~6ozBC57
99942         S2021 03 03.81534109 38 12.593-09 36 31.50         15.6 GV~6ozBC57
99942         s2021 03 03.8153411 -176477.520 +264514.802 +32002.2110   ~6ozBC57
99942         S2021 03 03.82228509 38 10.298-09 36 13.07         15.5 GV~6ozBC57
99942         s2021 03 03.8222851 -176671.030 +264021.732 +32043.6590   ~6ozBC57
99942         S2021 03 03.82923009 38 07.891-09 35 53.74         15.5 GV~6ozBC57
99942         s2021 03 03.8292301 -176863.761 +263527.499 +32084.9680   ~6ozBC57
99942        KC2021 03 03.83212309 36 35.96 -09 20 16.8          15.6 GV~4cu3L54
99942         S2021 03 03.83617409 38 05.537-09 35 34.51         15.5 GV~6ozBC57
99942         s2021 03 03.8361741 -177055.709 +263032.103 +32126.1380   ~6ozBC57
99942         S2021 03 03.84311809 38 03.163-09 35 15.18         15.5 GV~6ozBC57
99942         s2021 03 03.8431181 -177246.871 +262535.542 +32167.1680   ~6ozBC57
99942         C2021 03 03.84487 09 36 31.90 -09 19 42.5          15.6 GV~4cu3C73
99942         C2021 03 03.84761 09 36 31.01 -09 19 34.9          15.6 GV~4cu3C73
99942         S2021 03 03.85006309 38 00.780-09 34 56.57         15.6 GV~6ozBC57
99942         s2021 03 03.8500631 -177437.244 +262037.816 +32208.0570   ~6ozBC57
99942         C2021 03 03.85035 09 36 30.20 -09 19 27.9          15.5 GV~4cu3C73
99942         C2021 03 03.85308 09 36 29.40 -09 19 19.8          15.9 GV~4cu3C73
99942         C2021 03 03.85583 09 36 28.61 -09 19 12.7          15.6 GV~4cu3C73
99942         S2021 03 03.85700709 37 58.421-09 34 38.35         15.5 GV~6ozBC57
99942         s2021 03 03.8570071 -177626.826 +261538.922 +32248.8040   ~6ozBC57
99942         C2021 03 03.85857 09 36 27.80 -09 19 05.5          15.4 GV~4cu3C73
99942         C2021 03 03.86130 09 36 26.98 -09 18 58.0          15.8 GV~4cu3C73
99942         S2021 03 03.86395209 37 56.090-09 34 19.16         15.6 GV~6ozBC57
99942         s2021 03 03.8639521 -177815.613 +261038.861 +32289.4100   ~6ozBC57
99942         C2021 03 03.86405 09 36 26.21 -09 18 49.8          15.9 GV~4cu3C73
99942         C2021 03 03.86679 09 36 25.37 -09 18 42.8          15.6 GV~4cu3C73
99942         C2021 03 03.86953 09 36 24.55 -09 18 36.4          15.6 GV~4cu3C73
99942         S2021 03 03.87089609 37 53.760-09 33 59.22         15.5 GV~6ozBC57
99942         s2021 03 03.8708961 -178003.602 +260537.630 +32329.8740   ~6ozBC57
99942         C2021 03 03.87227 09 36 23.69 -09 18 28.0          15.7 GV~4cu3C73
99942         C2021 03 03.87501 09 36 22.94 -09 18 20.5          15.6 GV~4cu3C73
99942         C2021 03 03.87775 09 36 22.13 -09 18 12.7          15.7 GV~4cu3C73
99942         S2021 03 03.87784109 37 51.343-09 33 40.61         15.5 GV~6ozBC57
99942         s2021 03 03.8778411 -178190.789 +260035.230 +32370.1940   ~6ozBC57
99942         C2021 03 03.88049 09 36 21.30 -09 18 05.7          16.0 GV~4cu3C73
99942         C2021 03 03.88323 09 36 20.46 -09 17 58.3          15.7 GV~4cu3C73
99942         S2021 03 03.88478509 37 48.998-09 33 22.36         15.4 GV~6ozBC57
99942         s2021 03 03.8847851 -178377.173 +259531.658 +32410.3710   ~6ozBC57
99942         C2021 03 03.88597 09 36 19.64 -09 17 51.4          15.8 GV~4cu3C73
99942         C2021 03 03.88871 09 36 18.82 -09 17 43.5          15.5 GV~4cu3C73
99942         C2021 03 03.89145 09 36 18.02 -09 17 36.5          15.7 GV~4cu3C73
99942         S2021 03 03.89172909 37 46.608-09 33 03.46         15.6 GV~6ozBC57
99942         s2021 03 03.8917291 -178562.749 +259026.915 +32450.4040   ~6ozBC57
99942        KC2021 03 03.89653 09 36 17.24 -09 17 17.8          16.6 Vq~4cu3K73
99942        KC2021 03 03.89844 09 36 16.71 -09 17 13.3          16.8 Vq~4cu3K73
99942         S2021 03 03.89867409 37 44.251-09 32 43.58         15.5 GV~6ozBC57
99942         s2021 03 03.8986741 -178747.515 +258520.998 +32490.2920   ~6ozBC57
99942        KC2021 03 03.90034 09 36 16.09 -09 17 09.7          16.1 Vq~4cu3K73
99942        KC2021 03 03.90101309 36 15.58 -09 17 10.2          15.6 GV~4cu3L54
99942        KC2021 03 03.90225 09 36 15.63 -09 17 03.3          16.6 Vq~4cu3K73
99942        KC2021 03 03.90417 09 36 15.01 -09 16 56.1          16.4 Vq~4cu3K73
99942         S2021 03 03.90561809 37 41.849-09 32 24.54         15.5 GV~6ozBC57
99942         s2021 03 03.9056181 -178931.466 +258013.906 +32530.0350   ~6ozBC57
99942        KC2021 03 03.90608 09 36 14.45 -09 16 52.4          16.5 Vq~4cu3K73
99942        KC2021 03 03.90797 09 36 13.88 -09 16 47.2          16.4 Vq~4cu3K73
99942         S2021 03 03.91256309 37 39.458-09 32 06.25         15.5 GV~6ozBC57
99942         s2021 03 03.9125631 -179114.601 +257505.639 +32569.6320   ~6ozBC57
99942         S2021 03 03.91950709 37 37.126-09 31 47.78         15.5 GV~6ozBC57
99942         s2021 03 03.9195071 -179296.916 +256996.196 +32609.0820   ~6ozBC57
99942         S2021 03 03.92645209 37 34.778-09 31 28.38         15.4 GV~6ozBC57
99942         s2021 03 03.9264521 -179478.407 +256485.575 +32648.3840   ~6ozBC57
99942         S2021 03 03.93339609 37 32.443-09 31 08.00         15.5 GV~6ozBC57
99942         s2021 03 03.9333961 -179659.072 +255973.775 +32687.5390   ~6ozBC57
99942         S2021 03 03.94034109 37 30.062-09 30 49.57         15.3 GV~6ozBC57
99942         s2021 03 03.9403411 -179838.907 +255460.795 +32726.5460   ~6ozBC57
99942         S2021 03 03.94728509 37 27.710-09 30 31.68         15.3 GV~6ozBC57
99942         s2021 03 03.9472851 -180017.908 +254946.634 +32765.4030   ~6ozBC57
99942         S2021 03 03.95422909 37 25.291-09 30 12.67         15.4 GV~6ozBC57
99942         s2021 03 03.9542291 -180196.073 +254431.290 +32804.1110   ~6ozBC57
99942         S2021 03 03.96117409 37 22.932-09 29 52.48         15.3 GV~6ozBC57
99942         s2021 03 03.9611741 -180373.399 +253914.764 +32842.6680   ~6ozBC57
99942         S2021 03 03.96811809 37 20.539-09 29 32.89         15.3 GV~6ozBC57
99942         s2021 03 03.9681181 -180549.881 +253397.053 +32881.0740   ~6ozBC57
99942        KC2021 03 03.97242309 35 54.48 -09 13 54.4          15.4 GV~4cu3L54
99942        KC2021 03 03.97739 09 35 55.58 -09 13 25.8          15.4 Rt~4cu3Z21
99942        KC2021 03 03.98054 09 35 54.63 -09 13 17.2          15.0 Rt~4cu3Z21
99942        KC2021 03 03.98085 09 35 54.52 -09 13 16.5          15.0 Rt~4cu3Z17
99942         S2021 03 03.98200709 37 15.835-09 28 56.21         15.3 GV~6ozBC57
99942         s2021 03 03.9820071 -180900.302 +252358.074 +32957.4310   ~6ozBC57
99942        KC2021 03 03.98371 09 35 53.67 -09 13 08.8          15.1 Rt~4cu3Z21
99942        KC2021 03 03.98399 09 35 53.58 -09 13 08.0          14.9 Rt~4cu3Z17
99942        KC2021 03 03.98556 09 35 50.34 -09 11 44.2          15.0 Rt~4cu3L09
99942        KC2021 03 03.98713 09 35 52.62 -09 12 59.4          14.9 Rt~4cu3Z17
99942        KC2021 03 03.98837 09 35 49.50 -09 11 36.5          14.8 Rt~4cu3L09
99942         S2021 03 03.98895209 37 13.445-09 28 37.16         15.2 GV~6ozBC57
99942         s2021 03 03.9889521 -181074.235 +251836.803 +32995.3800   ~6ozBC57
99942        KC2021 03 03.98941 09 35 51.94 -09 12 53.2          15.0 Rt~4cu3Z21
99942        KC2021 03 03.99118 09 35 48.67 -09 11 28.6          14.8 Rt~4cu3L09
99942        KC2021 03 03.99277 09 35 50.92 -09 12 44.0          15.0 Rt~4cu3Z17
99942        KC2021 03 03.99399 09 35 47.84 -09 11 20.8          14.8 Rt~4cu3L09
99942         S2021 03 03.99589609 37 11.155-09 28 16.90         15.3 GV~6ozBC57
99942         s2021 03 03.9958961 -181247.310 +251314.343 +33033.1760   ~6ozBC57
99942         S2021 03 04.00284109 37 08.717-09 27 58.25         15.3 GV~6ozBC57
99942         s2021 03 04.0028411 -181419.526 +250790.693 +33070.8180   ~6ozBC57
99942         S2021 03 04.00978509 37 06.374-09 27 39.71         15.3 GV~6ozBC57
99942         s2021 03 04.0097851 -181590.878 +250265.852 +33108.3050   ~6ozBC57
99942         S2021 03 04.01672909 37 03.982-09 27 20.70         15.2 GV~6ozBC57
99942         s2021 03 04.0167291 -181761.363 +249739.819 +33145.6360   ~6ozBC57
99942         S2021 03 04.02367409 37 01.654-09 27 01.01         15.2 GV~6ozBC57
99942         s2021 03 04.0236741 -181930.978 +249212.591 +33182.8110   ~6ozBC57
99942         S2021 03 04.03061809 36 59.234-09 26 41.32         15.2 GV~6ozBC57
99942         s2021 03 04.0306181 -182099.718 +248684.170 +33219.8290   ~6ozBC57
99942         S2021 03 04.03756309 36 56.873-09 26 22.27         15.1 GV~6ozBC57
99942         s2021 03 04.0375631 -182267.581 +248154.552 +33256.6890   ~6ozBC57
99942         S2021 03 04.04450709 36 54.475-09 26 04.27         15.1 GV~6ozBC57
99942         s2021 03 04.0445071 -182434.563 +247623.737 +33293.3910   ~6ozBC57
99942         C2021 03 04.05006 09 35 38.19 -09 10 12.0          15.2 GV~4cu3W46
99942         S2021 03 04.05145209 36 52.152-09 25 44.44         15.1 GV~6ozBC57
99942         s2021 03 04.0514521 -182600.660 +247091.725 +33329.9350   ~6ozBC57
99942         S2021 03 04.05839609 36 49.781-09 25 25.00         15.1 GV~6ozBC57
99942         s2021 03 04.0583961 -182765.869 +246558.512 +33366.3190   ~6ozBC57
99942         S2021 03 04.06534109 36 47.405-09 25 05.84         15.2 GV~6ozBC57
99942         s2021 03 04.0653411 -182930.187 +246024.100 +33402.5420   ~6ozBC57
99942         C2021 03 04.06672 09 35 33.32 -09 09 27.2          15.1 GV~4cu3W46
99942         S2021 03 04.07228509 36 45.034-09 24 47.02         15.1 GV~6ozBC57
99942         s2021 03 04.0722851 -183093.608 +245488.485 +33438.6050   ~6ozBC57
99942         S2021 03 04.07922909 36 42.650-09 24 28.30         15.1 GV~6ozBC57
99942         s2021 03 04.0792291 -183256.131 +244951.668 +33474.5050   ~6ozBC57
99942         S2021 03 04.08617409 36 40.250-09 24 07.78         15.1 GV~6ozBC57
99942         s2021 03 04.0861741 -183417.751 +244413.646 +33510.2440   ~6ozBC57
99942        KC2021 03 04.08735 09 35 27.37 -09 08 31.2          15.2 GV~4cu3W34
99942         C2021 03 04.09037 09 35 26.34 -09 08 23.8          15.1 GV~4cu3W46
99942         S2021 03 04.09311809 36 37.886-09 23 48.55         15.1 GV~6ozBC57
99942         s2021 03 04.0931181 -183578.465 +243874.419 +33545.8190   ~6ozBC57
99942        KC2021 03 04.09729 09 35 24.42 -09 08 04.2          15.2 GV~4cu3W34
99942         S2021 03 04.10006309 36 35.489-09 23 29.98         15.1 GV~6ozBC57
99942         s2021 03 04.1000631 -183738.268 +243333.986 +33581.2310   ~6ozBC57
99942        KC2021 03 04.10576 09 35 21.91 -09 07 41.4          15.1 GV~4cu3W34
99942         S2021 03 04.10700709 36 33.149-09 23 11.54         15.1 GV~6ozBC57
99942         s2021 03 04.1070071 -183897.158 +242792.345 +33616.4780   ~6ozBC57
99942         S2021 03 04.11395209 36 30.804-09 22 51.82         15.2 GV~6ozBC57
99942         s2021 03 04.1139521 -184055.130 +242249.496 +33651.5600   ~6ozBC57
99942         S2021 03 04.12089609 36 28.306-09 22 35.69         15.1 GV~6ozBC57
99942         s2021 03 04.1208961 -184212.180 +241705.436 +33686.4760   ~6ozBC57
99942         S2021 03 04.12784009 36 26.052-09 22 13.44         15.1 GV~6ozBC57
99942         s2021 03 04.1278401 -184368.306 +241160.165 +33721.2250   ~6ozBC57
99942         S2021 03 04.13478509 36 23.681-09 21 54.18         15.3 GV~6ozBC57
99942         s2021 03 04.1347851 -184523.502 +240613.681 +33755.8080   ~6ozBC57
99942         S2021 03 04.14172909 36 21.463-09 21 37.51         15.8 GV~6ozCC57
99942         s2021 03 04.1417291 -184677.766 +240065.984 +33790.2210   ~6ozCC57
99942         C2021 03 04.15184 09 35 10.27 -09 05 30.6          15.4 Vo~4cu3691
99942         S2021 03 04.15561809 36 16.354-09 20 54.92         15.7 GV~6ozCC57
99942         s2021 03 04.1556181 -184983.480 +238966.943 +33858.5420   ~6ozCC57
99942         C2021 03 04.15666 09 35 08.84 -09 05 17.5          15.4 Vo~4cu3691
99942         C2021 03 04.16148 09 35 07.42 -09 05 04.6          15.4 Vo~4cu3691
99942         S2021 03 04.16256309 36 14.114-09 20 36.78         15.2 GV~6ozCC57
99942         s2021 03 04.1625631 -185134.923 +238415.598 +33892.4470   ~6ozCC57
99942         S2021 03 04.16950709 36 11.758-09 20 18.02         15.1 GV~6ozCC57
99942         s2021 03 04.1695071 -185285.417 +237863.033 +33926.1810   ~6ozCC57
99942         S2021 03 04.17645209 36 09.444-09 19 58.04         15.1 GV~6ozCC57
99942         s2021 03 04.1764521 -185434.959 +237309.249 +33959.7440   ~6ozCC57
99942         S2021 03 04.18339609 36 07.073-09 19 38.46         15.1 GV~6ozCC57
99942         s2021 03 04.1833961 -185583.545 +236754.244 +33993.1330   ~6ozCC57
99942         S2021 03 04.19034009 36 04.673-09 19 19.81         15.1 GV~6ozCC57
99942         s2021 03 04.1903401 -185731.170 +236198.017 +34026.3500   ~6ozCC57
99942         S2021 03 04.19728509 36 02.304-09 19 00.77         15.1 GV~6ozCC57
99942         s2021 03 04.1972851 -185877.832 +235640.566 +34059.3920   ~6ozCC57
99942         S2021 03 04.20422909 35 59.952-09 18 41.15         15.1 GV~6ozCC57
99942         s2021 03 04.2042291 -186023.525 +235081.890 +34092.2600   ~6ozCC57
99942         S2021 03 04.21117409 35 57.564-09 18 21.06         15.1 GV~6ozCC57
99942         s2021 03 04.2111741 -186168.246 +234521.989 +34124.9510   ~6ozCC57
99942         S2021 03 04.21811809 35 55.181-09 18 02.27         15.1 GV~6ozCC57
99942         s2021 03 04.2181181 -186311.991 +233960.860 +34157.4670   ~6ozCC57
99942         S2021 03 04.22506309 35 52.783-09 17 43.33         15.1 GV~6ozCC57
99942         s2021 03 04.2250631 -186454.756 +233398.502 +34189.8050   ~6ozCC57
99942         S2021 03 04.23200709 35 50.405-09 17 23.82         15.1 GV~6ozCC57
99942         s2021 03 04.2320071 -186596.535 +232834.915 +34221.9650   ~6ozCC57
99942         S2021 03 04.23895209 35 48.079-09 17 03.70         15.1 GV~6ozCC57
99942         s2021 03 04.2389521 -186737.327 +232270.097 +34253.9470   ~6ozCC57
99942         S2021 03 04.24589609 35 45.696-09 16 44.29         15.1 GV~6ozCC57
99942         s2021 03 04.2458961 -186877.125 +231704.047 +34285.7480   ~6ozCC57
99942        2C2021 03 04.24681 09 34 39.04 -09 01 22.3          15.1 GV~4fzeI22
99942        2C2021 03 04.24749 09 34 38.85 -09 01 20.4          15.2 GV~4fzeI22
99942        1C2021 03 04.24784 09 34 38.75 -09 01 19.5          15.1 GV~4fzeI22
99942        2C2021 03 04.24818 09 34 38.65 -09 01 18.5          15.2 GV~4fzeI22
99942        1C2021 03 04.24853 09 34 38.55 -09 01 17.4          15.1 GV~4fzeI22
99942        2C2021 03 04.24888 09 34 38.47 -09 01 16.5          15.1 GV~4fzeI22
99942        1C2021 03 04.24922 09 34 38.34 -09 01 15.7          15.1 GV~4fzeI22
99942        2C2021 03 04.24957 09 34 38.28 -09 01 14.5          15.2 GV~4fzeI22
99942        1C2021 03 04.24993 09 34 38.13 -09 01 13.4          15.1 GV~4fzeI22
99942        2C2021 03 04.25028 09 34 38.05 -09 01 12.4          15.2 GV~4fzeI22
99942        1C2021 03 04.25062 09 34 37.94 -09 01 11.6          15.1 GV~4fzeI22
99942        2C2021 03 04.25097 09 34 37.84 -09 01 10.9          15.0 GV~4fzeI22
99942        1C2021 03 04.25132 09 34 37.78 -09 01 09.5          15.1 GV~4fzeI22
99942        2C2021 03 04.25179 09 34 37.60 -09 01 08.3          15.2 GV~4fzeI22
99942        1C2021 03 04.25214 09 34 37.49 -09 01 07.6          15.2 GV~4fzeI22
99942        2C2021 03 04.25250 09 34 37.41 -09 01 06.4          15.1 GV~4fzeI22
99942         S2021 03 04.25284009 35 43.308-09 16 25.82         15.1 GV~6ozCC57
99942         s2021 03 04.2528401 -187015.926 +231136.763 +34317.3700   ~6ozCC57
99942        1C2021 03 04.25293 09 34 37.28 -09 01 05.7          15.1 GV~4fzeI22
99942        2C2021 03 04.25326 09 34 37.19 -09 01 04.5          15.2 GV~4fzeI22
99942        2C2021 03 04.25361 09 34 37.08 -09 01 03.3          15.2 GV~4h84I22
99942        2C2021 03 04.25410 09 34 36.95 -09 01 02.1          15.2 GV~4fzeI22
99942        2C2021 03 04.25444 09 34 36.85 -09 01 01.0          15.1 GV~4h84I22
99942        2C2021 03 04.25479 09 34 36.75 -09 01 00.1          15.1 GV~4fzeI22
99942        2C2021 03 04.25527 09 34 36.61 -09 00 58.8          15.2 GV~4h84I22
99942        2C2021 03 04.25561 09 34 36.53 -09 00 57.7          15.1 GV~4fzeI22
99942        2C2021 03 04.25596 09 34 36.43 -09 00 56.5          15.1 GV~4h84I22
99942        1C2021 03 04.25607609 34 36.375-09 00 56.30         15.2 GV~832pI22
99942        2C2021 03 04.25632 09 34 36.31 -09 00 56.1          15.1 GV~4fzeI22
99942        2C2021 03 04.25667 09 34 36.20 -09 00 55.0          15.1 GV~4h84I22
99942        2C2021 03 04.25703 09 34 36.11 -09 00 53.8          15.2 GV~4fzeI22
99942        2C2021 03 04.25736 09 34 36.05 -09 00 52.9          15.2 GV~4h84I22
99942        2C2021 03 04.25771 09 34 35.92 -09 00 52.1          15.2 GV~4fzeI22
99942        2C2021 03 04.25806 09 34 35.81 -09 00 51.0          15.1 GV~4h84I22
99942        2C2021 03 04.25840 09 34 35.71 -09 00 49.9          15.1 GV~4fzeI22
99942        2C2021 03 04.25874 09 34 35.60 -09 00 49.1          15.2 GV~4h84I22
99942        2C2021 03 04.25909 09 34 35.50 -09 00 48.1          15.1 GV~4fzeI22
99942        2C2021 03 04.25943 09 34 35.45 -09 00 47.6          15.2 GV~4h84I22
99942        1C2021 03 04.25961209 34 35.355-09 00 46.57         15.2 GV~832pI22
99942        2C2021 03 04.25977 09 34 35.32 -09 00 46.3          15.1 GV~4fzeI22
99942         S2021 03 04.25978509 35 40.886-09 16 06.67         15.1 GV~6ozCC57
99942         s2021 03 04.2597851 -187153.727 +230568.244 +34348.8100   ~6ozCC57
99942        2C2021 03 04.26013 09 34 35.22 -09 00 45.3          15.1 GV~4h84I22
99942        2C2021 03 04.26047 09 34 35.11 -09 00 44.3          15.1 GV~4fzeI22
99942        2C2021 03 04.26082 09 34 35.01 -09 00 43.7          15.2 GV~4h84I22
99942        2C2021 03 04.26153 09 34 34.82 -09 00 41.5          15.1 GV~4h84I22
99942        2C2021 03 04.26187 09 34 34.70 -09 00 40.5          15.1 GV~4fzeI22
99942        2C2021 03 04.26222 09 34 34.61 -09 00 39.4          15.2 GV~4h84I22
99942        2C2021 03 04.26258 09 34 34.51 -09 00 38.3          15.1 GV~4fzeI22
99942        1C2021 03 04.26309609 34 34.366-09 00 36.80         15.2 GV~832pI22
99942        2C2021 03 04.26328 09 34 34.32 -09 00 36.4          15.2 GV~4fzeI22
99942        2C2021 03 04.26362 09 34 34.21 -09 00 35.7          15.1 GV~4h84I22
99942        2C2021 03 04.26397 09 34 34.11 -09 00 34.8          15.3 GV~4fzeI22
99942        2C2021 03 04.26432 09 34 34.02 -09 00 33.7          15.1 GV~4h84I22
99942        2C2021 03 04.26466 09 34 33.91 -09 00 32.5          15.1 GV~4fzeI22
99942         S2021 03 04.26672909 35 38.558-09 15 46.69         15.1 GV~6ozCC57
99942         s2021 03 04.2667291 -187290.521 +229998.489 +34380.0680   ~6ozCC57
99942         S2021 03 04.27367409 35 36.197-09 15 27.04         15.1 GV~6ozCC57
99942         s2021 03 04.2736741 -187426.306 +229427.497 +34411.1440   ~6ozCC57
99942         S2021 03 04.28061809 35 33.785-09 15 08.10         15.2 GV~6ozCC57
99942         s2021 03 04.2806181 -187561.077 +228855.266 +34442.0350   ~6ozCC57
99942         S2021 03 04.28756309 35 31.406-09 14 49.24         15.2 GV~6ozCC57
99942         s2021 03 04.2875631 -187694.829 +228281.796 +34472.7430   ~6ozCC57
99942         S2021 03 04.29450709 35 29.023-09 14 29.08         15.2 GV~6ozCC57
99942         s2021 03 04.2945071 -187827.559 +227707.084 +34503.2650   ~6ozCC57
99942         C2021 03 04.29928109 34 26.22 -08 58 48.2          15.25GV~4cu3703
99942         S2021 03 04.30145209 35 26.606-09 14 08.70         15.3 GV~6ozCC57
99942         s2021 03 04.3014521 -187959.262 +227131.130 +34533.6010   ~6ozCC57
99942         S2021 03 04.30839609 35 24.266-09 13 49.58         15.2 GV~6ozCC57
99942         s2021 03 04.3083961 -188089.933 +226553.932 +34563.7490   ~6ozCC57
99942         C2021 03 04.30971009 34 23.04 -08 58 21.0          15.36GV~4cu3703
99942         C2021 03 04.31492409 34 21.49 -08 58 05.5                V~4cu3703
99942         S2021 03 04.31534009 35 21.905-09 13 31.19         15.3 GV~6ozCC57
99942         s2021 03 04.3153401 -188219.569 +225975.489 +34593.7100   ~6ozCC57
99942         S2021 03 04.32228509 35 19.584-09 13 11.32         15.2 GV~6ozCC57
99942         s2021 03 04.3222851 -188348.164 +225395.799 +34623.4830   ~6ozCC57
99942         S2021 03 04.32922909 35 17.189-09 12 50.94         15.3 GV~6ozCC57
99942         s2021 03 04.3292291 -188475.714 +224814.862 +34653.0660   ~6ozCC57
99942         S2021 03 04.33617409 35 14.777-09 12 31.90         15.3 GV~6ozCC57
99942         s2021 03 04.3361741 -188602.215 +224232.676 +34682.4580   ~6ozCC57
99942         S2021 03 04.34311809 35 12.451-09 12 13.21         15.3 GV~6ozCC57
99942         s2021 03 04.3431181 -188727.662 +223649.240 +34711.6590   ~6ozCC57
99942         S2021 03 04.35006309 35 10.037-09 11 53.38         15.3 GV~6ozCC57
99942         s2021 03 04.3500631 -188852.050 +223064.552 +34740.6680   ~6ozCC57
99942         S2021 03 04.35700709 35 07.632-09 11 33.00         15.4 GV~6ozCC57
99942         s2021 03 04.3570071 -188975.376 +222478.612 +34769.4840   ~6ozCC57
99942         S2021 03 04.36395209 35 05.297-09 11 14.17         15.4 GV~6ozCC57
99942         s2021 03 04.3639521 -189097.634 +221891.417 +34798.1060   ~6ozCC57
99942         S2021 03 04.37089609 35 02.873-09 10 54.52         15.4 GV~6ozCC57
99942         s2021 03 04.3708961 -189218.820 +221302.967 +34826.5340   ~6ozCC57
99942         S2021 03 04.37784009 35 00.473-09 10 35.33         15.4 GV~6ozCC57
99942         s2021 03 04.3778401 -189338.929 +220713.260 +34854.7650   ~6ozCC57
99942         S2021 03 04.38478509 34 58.154-09 10 14.81         15.5 GV~6ozCC57
99942         s2021 03 04.3847851 -189457.956 +220122.295 +34882.8000   ~6ozCC57
99942         S2021 03 04.39172909 34 55.745-09 09 54.25         15.5 GV~6ozCC57
99942         s2021 03 04.3917291 -189575.898 +219530.070 +34910.6380   ~6ozCC57
99942         S2021 03 04.39867409 34 53.410-09 09 36.61         15.7 GV~6ozCC57
99942         s2021 03 04.3986741 -189692.748 +218936.585 +34938.2770   ~6ozCC57
99942         S2021 03 04.40561809 34 51.024-09 09 17.68         15.5 GV~6ozCC57
99942         s2021 03 04.4056181 -189808.502 +218341.838 +34965.7170   ~6ozCC57
99942         S2021 03 04.41256309 34 48.720-09 08 57.55         15.5 GV~6ozCC57
99942         s2021 03 04.4125631 -189923.155 +217745.827 +34992.9560   ~6ozCC57
99942         S2021 03 04.41950709 34 46.310-09 08 37.21         15.5 GV~6ozCC57
99942         s2021 03 04.4195071 -190036.703 +217148.552 +35019.9950   ~6ozCC57
99942         S2021 03 04.42645109 34 43.867-09 08 17.92         15.6 GV~6ozCC57
99942         s2021 03 04.4264511 -190149.141 +216550.011 +35046.8310   ~6ozCC57
99942         S2021 03 04.43339609 34 41.554-09 07 59.59         15.7 GV~6ozCC57
99942         s2021 03 04.4333961 -190260.463 +215950.202 +35073.4640   ~6ozCC57
99942         S2021 03 04.44034009 34 39.132-09 07 38.60         15.6 GV~6ozCC57
99942         s2021 03 04.4403401 -190370.665 +215349.125 +35099.8940   ~6ozCC57
99942         S2021 03 04.44728509 34 36.821-09 07 18.98         15.6 GV~6ozCC57
99942         s2021 03 04.4472851 -190479.742 +214746.777 +35126.1180   ~6ozCC57
99942         S2021 03 04.45422909 34 34.382-09 06 59.08         15.6 GV~6ozCC57
99942         s2021 03 04.4542291 -190587.689 +214143.158 +35152.1360   ~6ozCC57
99942         S2021 03 04.46117409 34 31.994-09 06 40.57         15.5 GV~6ozCC57
99942         s2021 03 04.4611741 -190694.500 +213538.267 +35177.9480   ~6ozCC57
99942         S2021 03 04.46811809 34 29.635-09 06 20.63         15.7 GV~6ozCC57
99942         s2021 03 04.4681181 -190800.171 +212932.101 +35203.5520   ~6ozCC57
99942         S2021 03 04.47506309 34 27.305-09 06 00.29         15.7 GV~6ozCC57
99942         s2021 03 04.4750631 -190904.697 +212324.660 +35228.9460   ~6ozCC57
99942         S2021 03 04.48200709 34 24.936-09 05 40.99         15.6 GV~6ozCC57
99942         s2021 03 04.4820071 -191008.073 +211715.942 +35254.1320   ~6ozCC57
99942         S2021 03 04.48895109 34 22.572-09 05 21.48         15.6 GV~6ozCC57
99942         s2021 03 04.4889511 -191110.292 +211105.946 +35279.1060   ~6ozCC57
99942         S2021 03 04.49589609 34 20.162-09 05 02.15         15.6 GV~6ozCC57
99942         s2021 03 04.4958961 -191211.351 +210494.671 +35303.8680   ~6ozCC57
99942         S2021 03 04.50284009 34 17.760-09 04 41.56         15.5 GV~6ozCC57
99942         s2021 03 04.5028401 -191311.244 +209882.114 +35328.4180   ~6ozCC57
99942         S2021 03 04.51672909 34 12.986-09 04 02.71         15.5 GV~6ozCC57
99942         s2021 03 04.5167291 -191507.511 +208653.154 +35376.8750   ~6ozCC57
99942         S2021 03 04.52367409 34 10.589-09 03 43.20         15.5 GV~6ozCC57
99942         s2021 03 04.5236741 -191603.874 +208036.747 +35400.7800   ~6ozCC57
99942         S2021 03 04.53061809 34 08.251-09 03 22.86         15.4 GV~6ozCC57
99942         s2021 03 04.5306181 -191699.050 +207419.054 +35424.4690   ~6ozCC57
99942         S2021 03 04.53756309 34 05.890-09 03 02.99         15.4 GV~6ozCC57
99942         s2021 03 04.5375631 -191793.088 +206800.125 +35447.9190   ~6ozCC57
99942         S2021 03 04.54450709 34 03.466-09 02 43.44         15.5 GV~6ozCC57
99942         s2021 03 04.5445071 -191888.300 +206182.111 +35470.2950   ~6ozCC57
99942         S2021 03 04.55145109 34 01.090-09 02 24.65         15.4 GV~6ozCC57
99942         s2021 03 04.5514511 -191979.762 +205560.440 +35493.3740   ~6ozCC57
99942         S2021 03 04.55839609 33 58.733-09 02 03.80         15.3 GV~6ozCC57
99942         s2021 03 04.5583961 -192070.140 +204937.596 +35516.1870   ~6ozCC57
99942         S2021 03 04.56534009 33 56.357-09 01 44.33         15.3 GV~6ozCC57
99942         s2021 03 04.5653401 -192159.305 +204313.459 +35538.7770   ~6ozCC57
99942         S2021 03 04.57228509 33 53.969-09 01 24.53         15.3 GV~6ozCC57
99942         s2021 03 04.5722851 -192247.250 +203688.027 +35561.1440   ~6ozCC57
99942         S2021 03 04.57922909 33 51.593-09 01 05.12         15.3 GV~6ozCC57
99942         s2021 03 04.5792291 -192333.969 +203061.299 +35583.2870   ~6ozCC57
99942         S2021 03 04.58617409 33 49.195-09 00 44.57         15.2 GV~6ozCC57
99942         s2021 03 04.5861741 -192419.456 +202433.275 +35605.2040   ~6ozCC57
99942         S2021 03 04.59311809 33 46.829-09 00 24.88         15.2 GV~6ozCC57
99942         s2021 03 04.5931181 -192503.707 +201803.952 +35626.8950   ~6ozCC57
99942         S2021 03 04.60006309 33 44.450-09 00 05.54         15.2 GV~6ozCC57
99942         s2021 03 04.6000631 -192586.715 +201173.328 +35648.3590   ~6ozCC57
99942         S2021 03 04.60700709 33 42.041-08 59 45.82         15.1 GV~6ozCC57
99942         s2021 03 04.6070071 -192668.474 +200541.404 +35669.5940   ~6ozCC57
99942         S2021 03 04.61395109 33 39.708-08 59 25.62         15.2 GV~6ozCC57
99942         s2021 03 04.6139511 -192748.979 +199908.177 +35690.5990   ~6ozCC57
99942         S2021 03 04.62089609 33 37.325-08 59 05.53         15.2 GV~6ozCC57
99942         s2021 03 04.6208961 -192828.224 +199273.646 +35711.3730   ~6ozCC57
99942         S2021 03 04.62784009 33 34.918-08 58 46.13         15.1 GV~6ozCC57
99942         s2021 03 04.6278401 -192906.202 +198637.810 +35731.9160   ~6ozCC57
99942         S2021 03 04.63478509 33 32.570-08 58 26.58         15.1 GV~6ozCC57
99942         s2021 03 04.6347851 -192982.909 +198000.667 +35752.2250   ~6ozCC57
99942         S2021 03 04.64172909 33 30.233-08 58 05.95         15.1 GV~6ozCC57
99942         s2021 03 04.6417291 -193058.339 +197362.215 +35772.3000   ~6ozCC57
99942         S2021 03 04.64867409 33 27.823-08 57 46.37         15.1 GV~6ozCC57
99942         s2021 03 04.6486741 -193132.484 +196722.454 +35792.1390   ~6ozCC57
99942         S2021 03 04.65561809 33 25.462-08 57 27.29         15.1 GV~6ozCC57
99942         s2021 03 04.6556181 -193205.339 +196081.383 +35811.7420   ~6ozCC57
99942         S2021 03 04.66256209 33 23.047-08 57 07.16         15.1 GV~6ozCC57
99942         s2021 03 04.6625621 -193276.899 +195438.998 +35831.1080   ~6ozCC57
99942         S2021 03 04.66950709 33 20.690-08 56 46.75         15.1 GV~6ozCC57
99942         s2021 03 04.6695071 -193347.156 +194795.301 +35850.2340   ~6ozCC57
99942         S2021 03 04.67645109 33 18.276-08 56 26.56         15.1 GV~6ozCC57
99942         s2021 03 04.6764511 -193416.105 +194150.288 +35869.1200   ~6ozCC57
99942         S2021 03 04.68339609 33 15.902-08 56 07.22         15.0 GV~6ozCC57
99942         s2021 03 04.6833961 -193483.740 +193503.959 +35887.7650   ~6ozCC57
99942         S2021 03 04.69034009 33 13.529-08 55 47.68         15.0 GV~6ozCC57
99942         s2021 03 04.6903401 -193550.055 +192856.312 +35906.1670   ~6ozCC57
99942         S2021 03 04.69728509 33 11.162-08 55 26.54         15.0 GV~6ozCC57
99942         s2021 03 04.6972851 -193615.042 +192207.346 +35924.3260   ~6ozCC57
99942         S2021 03 04.70422909 33 08.794-08 55 06.89         15.0 GV~6ozCC57
99942         s2021 03 04.7042291 -193678.696 +191557.059 +35942.2400   ~6ozCC57
99942         S2021 03 04.71117409 33 06.434-08 54 47.56         15.0 GV~6ozCC57
99942         s2021 03 04.7111741 -193741.011 +190905.450 +35959.9070   ~6ozCC57
99942         S2021 03 04.71811809 33 04.025-08 54 28.12         15.0 GV~6ozCC57
99942         s2021 03 04.7181181 -193801.979 +190252.518 +35977.3270   ~6ozCC57
99942         S2021 03 04.72506209 33 01.668-08 54 07.13         15.0 GV~6ozCC57
99942         s2021 03 04.7250621 -193861.596 +189598.262 +35994.4990   ~6ozCC57
99942         S2021 03 04.73200709 32 59.302-08 53 47.22         15.0 GV~6ozCC57
99942         s2021 03 04.7320071 -193919.853 +188942.679 +36011.4210   ~6ozCC57
99942         S2021 03 04.73895109 32 56.897-08 53 27.67         15.0 GV~6ozCC57
99942         s2021 03 04.7389511 -193976.745 +188285.769 +36028.0910   ~6ozCC57
99942         S2021 03 04.74589609 32 54.533-08 53 08.20         15.0 GV~6ozCC57
99942         s2021 03 04.7458961 -194032.264 +187627.530 +36044.5090   ~6ozCC57
99942         S2021 03 04.75284009 32 52.138-08 52 47.32         15.0 GV~6ozCC57
99942         s2021 03 04.7528401 -194086.405 +186967.961 +36060.6740   ~6ozCC57
99942         S2021 03 04.75978509 32 49.745-08 52 26.90         15.0 GV~6ozCC57
99942         s2021 03 04.7597851 -194139.161 +186307.061 +36076.5830   ~6ozCC57
99942         S2021 03 04.76672909 32 47.405-08 52 07.54         15.0 GV~6ozCC57
99942         s2021 03 04.7667291 -194190.525 +185644.827 +36092.2370   ~6ozCC57
99942         S2021 03 04.77367409 32 45.017-08 51 47.81         15.0 GV~6ozCC57
99942         s2021 03 04.7736741 -194240.489 +184981.260 +36107.6320   ~6ozCC57
99942         S2021 03 04.78061809 32 42.662-08 51 26.82         15.0 GV~6ozCC57
99942         s2021 03 04.7806181 -194289.048 +184316.356 +36122.7690   ~6ozCC57
99942         S2021 03 04.78756209 32 40.291-08 51 07.06         15.1 GV~6ozCC57
99942         s2021 03 04.7875621 -194336.195 +183650.116 +36137.6460   ~6ozCC57
99942        5C2021 03 04.78970 09 32 16.35 -08 36 19.0          15.0 VV~4fzeA84
99942        5C2021 03 04.79097 09 32 15.98 -08 36 15.6          14.9 VV~4fzeA84
99942        5C2021 03 04.79225 09 32 15.61 -08 36 12.1          15.0 VV~4fzeA84
99942        5C2021 03 04.79351 09 32 15.24 -08 36 08.6          15.0 VV~4fzeA84
99942         S2021 03 04.79450709 32 37.913-08 50 47.83         15.0 GV~6ozCC57
99942         s2021 03 04.7945071 -194381.922 +182982.537 +36152.2610   ~6ozCC57
99942        5C2021 03 04.79478 09 32 14.86 -08 36 05.1          15.0 VV~4fzeA84
99942        5C2021 03 04.79605 09 32 14.49 -08 36 01.6          15.0 VV~4fzeA84
99942        5C2021 03 04.79732 09 32 14.12 -08 35 58.1          15.0 VV~4fzeA84
99942        5C2021 03 04.79859 09 32 13.75 -08 35 54.7          15.0 VV~4fzeA84
99942        5C2021 03 04.79986 09 32 13.37 -08 35 51.1          15.0 VV~4fzeA84
99942        5C2021 03 04.80113 09 32 13.00 -08 35 47.7          14.9 VV~4fzeA84
99942         S2021 03 04.80145109 32 35.537-08 50 28.07         15.0 GV~6ozCC57
99942         s2021 03 04.8014511 -194426.222 +182313.619 +36166.6130   ~6ozCC57
99942        5C2021 03 04.80240 09 32 12.62 -08 35 44.2          14.9 VV~4fzeA84
99942        5C2021 03 04.80367 09 32 12.25 -08 35 40.7          15.0 VV~4fzeA84
99942        5C2021 03 04.80494 09 32 11.88 -08 35 37.2          15.0 VV~4fzeA84
99942        5C2021 03 04.80622 09 32 11.50 -08 35 33.7          14.9 VV~4fzeA84
99942        5C2021 03 04.80748 09 32 11.13 -08 35 30.2          15.0 VV~4fzeA84
99942         S2021 03 04.80839609 32 33.209-08 50 06.65         15.0 GV~6ozCC57
99942         s2021 03 04.8083961 -194469.090 +181643.359 +36180.7010   ~6ozCC57
99942        5C2021 03 04.80875 09 32 10.76 -08 35 26.7          15.0 VV~4fzeA84
99942        5C2021 03 04.81002 09 32 10.38 -08 35 23.3          15.0 VV~4fzeA84
99942        5C2021 03 04.81129 09 32 10.01 -08 35 19.7          15.0 VV~4fzeA84
99942        5C2021 03 04.81256 09 32 09.64 -08 35 16.2          15.0 VV~4fzeA84
99942        5C2021 03 04.81383 09 32 09.26 -08 35 12.7          15.0 VV~4fzeA84
99942        KC2021 03 04.81441 09 32 09.90 -08 35 13.7          15.9 Vq~4cu3K73
99942         S2021 03 04.81534009 32 30.806-08 49 46.96         15.0 GV~6ozCC57
99942         s2021 03 04.8153401 -194510.516 +180971.757 +36194.5230   ~6ozCC57
99942        KC2021 03 04.81814 09 32 08.80 -08 35 03.7          16.1 Vq~4cu3K73
99942        5C2021 03 04.82061 09 32 07.25 -08 34 53.9          15.0 VV~4fzeA84
99942        5C2021 03 04.82188 09 32 06.87 -08 34 50.4          15.0 VV~4fzeA84
99942         S2021 03 04.82228509 32 28.423-08 49 27.59         15.1 GV~6ozCC57
99942         s2021 03 04.8222851 -194550.495 +180298.811 +36208.0790   ~6ozCC57
99942        5C2021 03 04.82315 09 32 06.50 -08 34 46.9          15.0 VV~4fzeA84
99942        KC2021 03 04.82321 09 32 07.32 -08 34 49.4          15.9 Vq~4cu3K73
99942        5C2021 03 04.82442 09 32 06.13 -08 34 43.4          15.0 VV~4fzeA84
99942        5C2021 03 04.82569 09 32 05.74 -08 34 39.9          15.0 VV~4fzeA84
99942        5C2021 03 04.82696 09 32 05.37 -08 34 36.4          15.0 VV~4fzeA84
99942        5C2021 03 04.82823 09 32 04.99 -08 34 32.9          15.0 VV~4fzeA84
99942         S2021 03 04.82922909 32 26.059-08 49 07.43         15.0 GV~6ozCC57
99942         s2021 03 04.8292291 -194589.020 +179624.520 +36221.3660   ~6ozCC57
99942        5C2021 03 04.82950 09 32 04.62 -08 34 29.4          15.0 VV~4fzeA84
99942        5C2021 03 04.83077 09 32 04.24 -08 34 25.9          15.0 VV~4fzeA84
99942        5C2021 03 04.83204 09 32 03.87 -08 34 22.4          15.0 VV~4fzeA84
99942        5C2021 03 04.83330 09 32 03.49 -08 34 18.9          15.0 VV~4fzeA84
99942        5C2021 03 04.83458 09 32 03.12 -08 34 15.4          14.9 VV~4fzeA84
99942        5C2021 03 04.83585 09 32 02.74 -08 34 11.9          14.9 VV~4fzeA84
99942         S2021 03 04.83617409 32 23.688-08 48 46.48         15.0 GV~6ozCC57
99942         s2021 03 04.8361741 -194626.082 +178948.883 +36234.3830   ~6ozCC57
99942        5C2021 03 04.83712 09 32 02.36 -08 34 08.3          14.9 VV~4fzeA84
99942        5C2021 03 04.83838 09 32 01.99 -08 34 04.9          14.9 VV~4fzeA84
99942        5C2021 03 04.83966 09 32 01.61 -08 34 01.3          15.0 VV~4fzeA84
99942        5C2021 03 04.84093 09 32 01.24 -08 33 57.9          15.0 VV~4fzeA84
99942        5C2021 03 04.84219 09 32 00.87 -08 33 54.3          15.1 VV~4fzeA84
99942         S2021 03 04.84311809 32 21.269-08 48 26.75         15.1 GV~6ozCC57
99942         s2021 03 04.8431181 -194661.675 +178271.898 +36247.1290   ~6ozCC57
99942        5C2021 03 04.84346 09 32 00.49 -08 33 50.8          15.0 VV~4fzeA84
99942        5C2021 03 04.84474 09 32 00.11 -08 33 47.3          15.0 VV~4fzeA84
99942         S2021 03 04.85006209 32 18.910-08 48 07.09         15.0 GV~6ozCC57
99942         s2021 03 04.8500621 -194695.791 +177593.563 +36259.6020   ~6ozCC57
99942         S2021 03 04.85700709 32 16.500-08 47 46.54         15.1 GV~6ozCC57
99942         s2021 03 04.8570071 -194728.424 +176913.879 +36271.8020   ~6ozCC57
99942         S2021 03 04.86395109 32 14.167-08 47 25.62         15.1 GV~6ozCC57
99942         s2021 03 04.8639511 -194759.565 +176232.842 +36283.7260   ~6ozCC57
99942        1C2021 03 04.87069 09 31 51.89 -08 32 42.2          15.5 GV~4cu3C40
99942         S2021 03 04.87089609 32 11.738-08 47 06.00         15.2 GV~6ozCC57
99942         s2021 03 04.8708961 -194789.207 +175550.452 +36295.3730   ~6ozCC57
99942        1C2021 03 04.87176 09 31 51.58 -08 32 39.4          15.5 GV~4cu3C40
99942        1C2021 03 04.87284 09 31 51.26 -08 32 36.2          15.6 GV~4cu3C40
99942         S2021 03 04.87784009 32 09.398-08 46 46.34         15.1 GV~6ozCC57
99942         s2021 03 04.8778401 -194817.342 +174866.707 +36306.7420   ~6ozCC57
99942        1C2021 03 04.87926 09 31 49.39 -08 32 18.5          15.5 GV~4cu3C40
99942        KC2021 03 04.88028509 31 49.92 -08 32 15.4          15.1 GV~4fze073
99942        1C2021 03 04.88032 09 31 49.08 -08 32 15.3          15.5 GV~4cu3C40
99942         C2021 03 04.88076309 31 49.97 -08 32 15.2          15.0 GV~4cu3L54
99942        1C2021 03 04.88354 09 31 48.13 -08 32 06.4          15.6 GV~4cu3C40
99942        1C2021 03 04.88462 09 31 47.82 -08 32 03.5          15.3 GV~4cu3C40
99942         S2021 03 04.88478509 32 07.034-08 46 26.04         15.3 GV~6ozCC57
99942         s2021 03 04.8847851 -194843.964 +174181.607 +36317.8310   ~6ozCC57
99942        1C2021 03 04.88568 09 31 47.52 -08 32 00.5          15.4 GV~4cu3C40
99942        KC2021 03 04.88829409 31 47.59 -08 31 53.2          15.1 GV~4fze073
99942         C2021 03 04.89149309 31 46.84 -08 31 45.2          15.2 GV~4cu3L54
99942         S2021 03 04.89172909 32 04.663-08 46 04.69         15.2 GV~6ozDC57
99942         s2021 03 04.8917291 -194869.064 +173495.150 +36328.6390   ~6ozDC57
99942        KC2021 03 04.89702309 31 45.01 -08 31 28.9          15.1 GV~4fze073
99942         S2021 03 04.89867309 32 02.306-08 45 45.32         15.2 GV~6ozDC57
99942         s2021 03 04.8986731 -194892.635 +172807.334 +36339.1650   ~6ozDC57
99942        KC2021 03 04.89932009 31 44.55 -08 31 23.3          15.3 GV~4cu3L54
99942         C2021 03 04.90221009 31 43.72 -08 31 15.0          15.2 GV~4cu3L54
99942         S2021 03 04.90561809 31 59.947-08 45 25.81         15.2 GV~6ozDC57
99942         s2021 03 04.9056181 -194914.668 +172118.158 +36349.4050   ~6ozDC57
99942         S2021 03 04.91256209 31 57.574-08 45 05.29         15.2 GV~6ozDC57
99942         s2021 03 04.9125621 -194935.157 +171427.621 +36359.3610   ~6ozDC57
99942         C2021 03 04.91293409 31 40.58 -08 30 45.5          15.2 GV~4cu3L54
99942         S2021 03 04.91950709 31 55.183-08 44 44.34         15.2 GV~6ozDC57
99942         s2021 03 04.9195071 -194954.093 +170735.722 +36369.0290   ~6ozDC57
99942         C2021 03 04.92365709 31 37.44 -08 30 15.4          15.2 GV~4cu3L54
99942         S2021 03 04.92645109 31 52.790-08 44 24.58         15.2 GV~6ozDC57
99942         s2021 03 04.9264511 -194971.468 +170042.459 +36378.4080   ~6ozDC57
99942         S2021 03 04.93339609 31 50.434-08 44 05.10         15.3 GV~6ozDC57
99942         s2021 03 04.9333961 -194987.274 +169347.831 +36387.4960   ~6ozDC57
99942         C2021 03 04.93520309 31 34.07 -08 29 43.1          15.2 GV~4cu3L54
99942        KC2021 03 04.93726709 31 33.48 -08 29 37.3          15.3 GV~4cu3L54
99942         S2021 03 04.94034009 31 48.091-08 43 43.86         15.3 GV~6ozDC57
99942         s2021 03 04.9403401 -195001.504 +168651.837 +36396.2930   ~6ozDC57
99942        1C2021 03 04.94413 09 31 30.55 -08 29 16.6          15.6 GV~4cu3C40
99942         C2021 03 04.94674809 31 30.71 -08 29 11.0          15.4 GV~4cu3L54
99942         S2021 03 04.94728509 31 45.691-08 43 23.95         15.2 GV~6ozDC57
99942         s2021 03 04.9472851 -195014.149 +167954.475 +36404.7960   ~6ozDC57
99942        1C2021 03 04.95152 09 31 28.43 -08 28 55.9          15.7 GV~4cu3C40
99942         S2021 03 04.95422909 31 43.639-08 43 07.82         15.6 GV~6ozDC57
99942         s2021 03 04.9542291 -195025.200 +167255.745 +36413.0050   ~6ozDC57
99942        1C2021 03 04.95468 09 31 27.52 -08 28 46.7          15.7 GV~4cu3C40
99942        1C2021 03 04.95787 09 31 26.60 -08 28 37.8          15.6 GV~4cu3C40
99942         C2021 03 04.95912209 31 27.13 -08 28 36.3          15.4 GV~4cu3L54
99942        1C2021 03 04.96109 09 31 25.67 -08 28 28.8          15.6 GV~4cu3C40
99942        1C2021 03 04.96215 09 31 25.37 -08 28 25.7          15.6 GV~4cu3C40
99942         C2021 03 04.96985309 31 24.02 -08 28 05.8          15.1 GV~4cu3L54
99942         S2021 03 04.97506209 31 36.206-08 42 02.70         15.5 GV~6ozDC57
99942         s2021 03 04.9750621 -195048.714 +165151.327 +36435.8430   ~6ozDC57
99942        KC2021 03 04.97520909 31 22.47 -08 27 50.8          15.5 GV~4cu3L54
99942        1C2021 03 04.97714 09 31 21.07 -08 27 43.5          15.7 GV~4cu3C40
99942        1C2021 03 04.98051 09 31 20.09 -08 27 34.3          15.6 GV~4cu3C40
99942         S2021 03 04.98200709 31 33.842-08 41 43.15         15.4 GV~6ozDC57
99942         s2021 03 04.9820071 -195053.310 +164447.109 +36442.8550   ~6ozDC57
99942         S2021 03 04.98895109 31 31.481-08 41 22.27         15.4 GV~6ozDC57
99942         s2021 03 04.9889511 -195056.272 +163741.515 +36449.5640   ~6ozDC57
99942         S2021 03 04.99589609 31 29.095-08 41 01.25         15.5 GV~6ozDC57
99942         s2021 03 04.9958961 -195057.590 +163034.545 +36455.9680   ~6ozDC57
99942         S2021 03 05.00284009 31 26.726-08 40 41.59         15.5 GV~6ozDC57
99942         s2021 03 05.0028401 -195057.256 +162326.198 +36462.0660   ~6ozDC57
99942         S2021 03 05.00978509 31 24.353-08 40 21.83         15.5 GV~6ozDC57
99942         s2021 03 05.0097851 -195055.261 +161616.472 +36467.8560   ~6ozDC57
99942         S2021 03 05.01672909 31 21.986-08 40 00.80         15.5 GV~6ozDC57
99942         s2021 03 05.0167291 -195051.597 +160905.365 +36473.3350   ~6ozDC57
99942         S2021 03 05.02367309 31 19.637-08 39 39.74         15.6 GV~6ozDC57
99942         s2021 03 05.0236731 -195046.255 +160192.878 +36478.5030   ~6ozDC57
99942         S2021 03 05.03061809 31 17.201-08 39 19.98         15.5 GV~6ozDC57
99942         s2021 03 05.0306181 -195039.226 +159479.008 +36483.3580   ~6ozDC57
99942         S2021 03 05.03756209 31 14.866-08 38 59.53         15.5 GV~6ozDC57
99942         s2021 03 05.0375621 -195030.500 +158763.754 +36487.8980   ~6ozDC57
99942         S2021 03 05.04450709 31 12.439-08 38 38.26         15.6 GV~6ozDC57
99942         s2021 03 05.0445071 -195020.069 +158047.116 +36492.1220   ~6ozDC57
99942         S2021 03 05.05145109 31 10.150-08 38 18.78         15.6 GV~6ozDC57
99942         s2021 03 05.0514511 -195007.924 +157329.092 +36496.0260   ~6ozDC57
99942        KC2021 03 05.08590109 30 57.31 -08 22 37.6          15.7 GV~4cu3V93
99942        KC2021 03 05.12005209 30 47.43 -08 21 03.2          15.8 GV~4cu3V93
99942        KC2021 03 05.14842309 30 39.14 -08 19 44.9          15.6 GV~4cu3V93
99942         S2021 03 05.16950709 30 29.878-08 32 29.72         15.5 GV~6ozDC57
99942         s2021 03 05.1695071 -194530.025 +144909.548 +36511.9050   ~6ozDC57
99942         S2021 03 05.18339609 30 25.186-08 31 49.62         15.4 GV~6ozDC57
99942         s2021 03 05.1833961 -194438.845 +143421.825 +36507.2590   ~6ozDC57
99942         S2021 03 05.19034009 30 22.788-08 31 28.85         15.4 GV~6ozDC57
99942         s2021 03 05.1903401 -194390.393 +142675.854 +36504.4020   ~6ozDC57
99942         S2021 03 05.20422909 30 18.098-08 30 47.16         15.4 GV~6ozDC57
99942         s2021 03 05.2042291 -194287.709 +141179.687 +36497.6100   ~6ozDC57
99942         S2021 03 05.21117309 30 15.722-08 30 27.29         15.4 GV~6ozDC57
99942         s2021 03 05.2111731 -194233.457 +140429.490 +36493.6700   ~6ozDC57
99942         S2021 03 05.21811809 30 13.354-08 30 06.08         15.4 GV~6ozDC57
99942         s2021 03 05.2181181 -194177.248 +139677.882 +36489.3650   ~6ozDC57
99942         S2021 03 05.23200709 30 08.611-08 29 24.90         15.3 GV~6ozDC57
99942         s2021 03 05.2320071 -194058.921 +138170.433 +36479.6500   ~6ozDC57
99942         S2021 03 05.23895109 30 06.266-08 29 04.52         15.3 GV~6ozDC57
99942         s2021 03 05.2389511 -193996.780 +137414.590 +36474.2370   ~6ozDC57
99942         S2021 03 05.24589609 30 03.888-08 28 42.53         15.3 GV~6ozDC57
99942         s2021 03 05.2458961 -193932.638 +136657.333 +36468.4490   ~6ozDC57
99942         S2021 03 05.25284009 30 01.577-08 28 22.58         15.2 GV~6ozDC57
99942         s2021 03 05.2528401 -193866.484 +135898.662 +36462.2850   ~6ozDC57
99942         S2021 03 05.25978409 29 59.172-08 28 02.10         15.2 GV~6ozDC57
99942         s2021 03 05.2597841 -193798.308 +135138.576 +36455.7430   ~6ozDC57
99942         C2021 03 05.26522 09 30 06.25 -08 14 10.2          15.9 Vo~4cu3691
99942         S2021 03 05.26672909 29 56.861-08 27 41.11         15.2 GV~6ozDC57
99942         s2021 03 05.2667291 -193728.096 +134377.075 +36448.8200   ~6ozDC57
99942         S2021 03 05.27367309 29 54.502-08 27 20.02         15.2 GV~6ozDC57
99942         s2021 03 05.2736731 -193655.837 +133614.157 +36441.5130   ~6ozDC57
99942         S2021 03 05.28061809 29 52.142-08 27 00.11         15.2 GV~6ozDC57
99942         s2021 03 05.2806181 -193581.519 +132849.822 +36433.8220   ~6ozDC57
99942         S2021 03 05.28756209 29 49.778-08 26 38.83         15.2 GV~6ozDC57
99942         s2021 03 05.2875621 -193505.131 +132084.070 +36425.7430   ~6ozDC57
99942         C2021 03 05.29208 09 29 58.31 -08 12 54.8          16.5 Vo~4cu3691
99942         S2021 03 05.29450709 29 47.472-08 26 17.56         15.2 GV~6ozDC57
99942         s2021 03 05.2945071 -193426.660 +131316.899 +36417.2740   ~6ozDC57
99942         S2021 03 05.30145109 29 45.089-08 25 57.79         15.2 GV~6ozDC57
99942         s2021 03 05.3014511 -193346.094 +130548.310 +36408.4130   ~6ozDC57
99942         S2021 03 05.30839609 29 42.727-08 25 37.20         15.2 GV~6ozDC57
99942         s2021 03 05.3083961 -193263.421 +129778.302 +36399.1570   ~6ozDC57
99942         S2021 03 05.31534009 29 40.387-08 25 15.49         15.2 GV~6ozDC57
99942         s2021 03 05.3153401 -193178.629 +129006.874 +36389.5040   ~6ozDC57
99942         C2021 03 05.32046 09 29 49.95 -08 11 34.8          15.6 Vo~4cu3691
99942         S2021 03 05.32228409 29 38.011-08 24 54.43         15.1 GV~6ozDC57
99942         s2021 03 05.3222841 -193091.704 +128234.025 +36379.4510   ~6ozDC57
99942         C2021 03 05.32494 09 29 48.63 -08 11 22.2          15.5 Vo~4cu3691
99942         C2021 03 05.32644 09 29 48.20 -08 11 17.9          15.5 Vo~4cu3691
99942         C2021 03 05.32793 09 29 47.77 -08 11 13.7          15.5 Vo~4cu3691
99942         S2021 03 05.32922909 29 35.645-08 24 33.88         15.1 GV~6ozDC57
99942         s2021 03 05.3292291 -193002.635 +127459.756 +36368.9970   ~6ozDC57
99942         S2021 03 05.33617309 29 33.302-08 24 13.25         15.2 GV~6ozDC57
99942         s2021 03 05.3361731 -192911.409 +126684.065 +36358.1380   ~6ozDC57
99942         S2021 03 05.34311809 29 30.946-08 23 52.01         15.1 GV~6ozDC57
99942         s2021 03 05.3431181 -192818.012 +125906.953 +36346.8720   ~6ozDC57
99942         S2021 03 05.35006209 29 28.608-08 23 31.88         15.1 GV~6ozDC57
99942         s2021 03 05.3500621 -192722.433 +125128.419 +36335.1960   ~6ozDC57
99942         S2021 03 05.35700709 29 26.232-08 23 11.18         15.1 GV~6ozDC57
99942         s2021 03 05.3570071 -192624.657 +124348.462 +36323.1090   ~6ozDC57
99942         S2021 03 05.36395109 29 23.909-08 22 49.62         15.1 GV~6ozDC57
99942         s2021 03 05.3639511 -192524.672 +123567.083 +36310.6060   ~6ozDC57
99942         S2021 03 05.37089609 29 21.550-08 22 29.06         15.1 GV~6ozDC57
99942         s2021 03 05.3708961 -192422.464 +122784.281 +36297.6870   ~6ozDC57
99942         S2021 03 05.37784009 29 19.234-08 22 08.58         15.1 GV~6ozDC57
99942         s2021 03 05.3778401 -192318.021 +122000.056 +36284.3480   ~6ozDC57
99942         S2021 03 05.38478409 29 16.894-08 21 46.94         15.1 GV~6ozDC57
99942         s2021 03 05.3847841 -192211.328 +121214.407 +36270.5870   ~6ozDC57
99942         S2021 03 05.39172909 29 14.522-08 21 25.88         15.1 GV~6ozDC57
99942         s2021 03 05.3917291 -192102.372 +120427.335 +36256.4000   ~6ozDC57
99942         S2021 03 05.39867309 29 12.199-08 21 05.36         15.1 GV~6ozDC57
99942         s2021 03 05.3986731 -191991.139 +119638.839 +36241.7860   ~6ozDC57
99942         S2021 03 05.40561809 29 09.806-08 20 44.95         15.1 GV~6ozDC57
99942         s2021 03 05.4056181 -191877.616 +118848.920 +36226.7410   ~6ozDC57
99942         S2021 03 05.41256209 29 07.478-08 20 23.03         15.1 GV~6ozDC57
99942         s2021 03 05.4125621 -191761.789 +118057.576 +36211.2640   ~6ozDC57
99942         S2021 03 05.41950709 29 05.112-08 20 02.40         15.1 GV~6ozDC57
99942         s2021 03 05.4195071 -191643.642 +117264.808 +36195.3500   ~6ozDC57
99942         S2021 03 05.42645109 29 02.765-08 19 42.17         15.1 GV~6ozDC57
99942         s2021 03 05.4264511 -191523.163 +116470.617 +36178.9980   ~6ozDC57
99942         S2021 03 05.43339509 29 00.406-08 19 19.92         15.1 GV~6ozDC57
99942         s2021 03 05.4333951 -191400.336 +115675.002 +36162.2040   ~6ozDC57
99942         S2021 03 05.44034009 28 58.106-08 18 59.22         15.1 GV~6ozDC57
99942         s2021 03 05.4403401 -191275.148 +114877.963 +36144.9660   ~6ozDC57
99942         S2021 03 05.44728409 28 55.718-08 18 38.81         15.0 GV~6ozDC57
99942         s2021 03 05.4472841 -191147.583 +114079.500 +36127.2810   ~6ozDC57
99942         C2021 03 05.45185409 29 14.39 -08 05 13.6          14.83oV~4cu3T05
99942         S2021 03 05.45422909 28 53.393-08 18 17.57         15.1 GV~6ozDC57
99942         s2021 03 05.4542291 -191017.627 +113279.614 +36109.1460   ~6ozDC57
99942         C2021 03 05.45598509 29 13.17 -08 05 01.9          14.88oV~4cu3T05
99942         S2021 03 05.46117309 28 51.079-08 17 55.93         15.1 GV~6ozDC57
99942         s2021 03 05.4611731 -190885.265 +112478.304 +36090.5580   ~6ozDC57
99942         C2021 03 05.46195309 29 11.42 -08 04 45.0          14.91oV~4cu3T05
99942         S2021 03 05.46811809 28 48.686-08 17 35.70         15.1 GV~6ozDC57
99942         s2021 03 05.4681181 -190750.482 +111675.572 +36071.5140   ~6ozDC57
99942         S2021 03 05.47506209 28 46.358-08 17 14.53         15.1 GV~6ozDC57
99942         s2021 03 05.4750621 -190613.263 +110871.417 +36052.0120   ~6ozDC57
99942         C2021 03 05.47523409 29 07.53 -08 04 07.3          14.83oV~4cu3T05
99942         S2021 03 05.48200709 28 44.050-08 16 52.46         15.1 GV~6ozDC57
99942         s2021 03 05.4820071 -190473.592 +110065.839 +36032.0470   ~6ozDC57
99942         S2021 03 05.48895109 28 41.710-08 16 32.20         15.1 GV~6ozDC57
99942         s2021 03 05.4889511 -190331.454 +109258.840 +36011.6180   ~6ozDC57
99942         S2021 03 05.49589509 28 39.374-08 16 11.53         15.1 GV~6ozDC57
99942         s2021 03 05.4958951 -190186.834 +108450.419 +35990.7210   ~6ozDC57
99942         S2021 03 05.50284009 28 37.015-08 15 49.14         15.1 GV~6ozDC57
99942         s2021 03 05.5028401 -190039.716 +107640.577 +35969.3530   ~6ozDC57
99942         S2021 03 05.50978409 28 34.716-08 15 29.12         15.1 GV~6ozDC57
99942         s2021 03 05.5097841 -189890.084 +106829.315 +35947.5120   ~6ozDC57
99942         S2021 03 05.51672909 28 32.330-08 15 07.74         15.1 GV~6ozDC57
99942         s2021 03 05.5167291 -189737.921 +106016.634 +35925.1930   ~6ozDC57
99942         S2021 03 05.52367309 28 29.969-08 14 46.25         15.1 GV~6ozDC57
99942         s2021 03 05.5236731 -189583.213 +105202.533 +35902.3930   ~6ozDC57
99942         S2021 03 05.53061809 28 27.670-08 14 25.01         15.1 GV~6ozDC57
99942         s2021 03 05.5306181 -189425.942 +104387.013 +35879.1110   ~6ozDC57
99942         S2021 03 05.53756209 28 25.308-08 14 04.45         15.1 GV~6ozDC57
99942         s2021 03 05.5375621 -189266.092 +103570.077 +35855.3420   ~6ozDC57
99942         S2021 03 05.57922909 28 11.374-08 11 56.94         15.4 GV~6ozDC57
99942         s2021 03 05.5792291 -188251.891 +98638.7390 +35702.3220   ~6ozDC57
99942         S2021 03 05.58617309 28 09.053-08 11 36.17         15.3 GV~6ozDC57
99942         s2021 03 05.5861731 -188073.514 +97811.9060 +35675.0540   ~6ozDC57
99942         S2021 03 05.59311809 28 06.754-08 11 13.81         15.3 GV~6ozDC57
99942         s2021 03 05.5931181 -187892.421 +96983.6650 +35647.2720   ~6ozDC57
99942         S2021 03 05.60006209 28 04.397-08 10 53.33         15.3 GV~6ozDC57
99942         s2021 03 05.6000621 -187708.594 +96154.0150 +35618.9730   ~6ozDC57
99942         S2021 03 05.60700709 28 02.090-08 10 32.48         15.3 GV~6ozDC57
99942         s2021 03 05.6070071 -187522.014 +95322.9600 +35590.1540   ~6ozDC57
99942         S2021 03 05.61395109 27 59.724-08 10 10.06         15.3 GV~6ozDC57
99942         s2021 03 05.6139511 -187332.664 +94490.5000 +35560.8100   ~6ozDC57
99942         S2021 03 05.62089509 27 57.442-08 09 49.64         15.3 GV~6ozDC57
99942         s2021 03 05.6208951 -187140.525 +93656.6370 +35530.9390   ~6ozDC57
99942         S2021 03 05.62784009 27 55.092-08 09 28.66         15.3 GV~6ozDC57
99942         s2021 03 05.6278401 -186945.579 +92821.3720 +35500.5370   ~6ozDC57
99942         S2021 03 05.63478409 27 53.263-08 09 02.95         15.2 GV~6ozDC57
99942         s2021 03 05.6347841 -186747.806 +91984.7080 +35469.5990   ~6ozDC57
99942         S2021 03 05.64172909 27 50.429-08 08 45.35         15.4 GV~6ozDC57
99942         s2021 03 05.6417291 -186547.188 +91146.6460 +35438.1230   ~6ozDC57
99942        KC2021 03 05.64205 09 28 27.14 -07 56 48.2          15.4 GV~4fzeN82
99942         S2021 03 05.64867309 27 48.146-08 08 24.43         15.4 GV~6ozDC57
99942         s2021 03 05.6486731 -186343.705 +90307.1890 +35406.1040   ~6ozDC57
99942         S2021 03 05.65561809 27 45.782-08 08 02.51         15.5 GV~6ozDC57
99942         s2021 03 05.6556181 -186137.339 +89466.3370 +35373.5390   ~6ozDC57
99942        KC2021 03 05.65756 09 28 22.69 -07 56 04.6          15.5 GV~4fzeN82
99942         S2021 03 05.66256209 27 43.517-08 07 41.34         15.4 GV~6ozDC57
99942         s2021 03 05.6625621 -185928.069 +88624.0930 +35340.4240   ~6ozDC57
99942        KC2021 03 05.67307 09 28 18.23 -07 55 21.0          15.6 GV~4fzeN82
99942         S2021 03 05.67645109 27 38.858-08 06 58.32         15.5 GV~6ozDC57
99942         s2021 03 05.6764511 -185500.741 +86935.4400 +35272.5280   ~6ozDC57
99942        1C2021 03 05.67785 09 28 19.40 -07 55 00.4          15.8 GV~4cu3C40
99942        1C2021 03 05.68534 09 28 17.31 -07 54 39.6          15.7 GV~4cu3C40
99942        1C2021 03 05.70259 09 28 12.46 -07 53 51.7          15.7 GV~4cu3C40
99942        1C2021 03 05.70581 09 28 11.55 -07 53 42.7          15.7 GV~4cu3C40
99942        1C2021 03 05.71731 09 28 08.30 -07 53 10.6          15.7 GV~4cu3C40
99942        1C2021 03 05.72588 09 28 05.87 -07 52 46.8          15.8 GV~4cu3C40
99942        5C2021 03 05.73578 09 28 03.81 -07 52 10.8          15.6 VV~4fzeA84
99942        5C2021 03 05.73704 09 28 03.44 -07 52 07.4          15.6 VV~4fzeA84
99942        5C2021 03 05.73832 09 28 03.07 -07 52 03.7          15.5 VV~4fzeA84
99942        5C2021 03 05.73959 09 28 02.71 -07 52 00.3          15.5 VV~4fzeA84
99942        5C2021 03 05.74086 09 28 02.35 -07 51 56.7          15.6 VV~4fzeA84
99942        5C2021 03 05.74212 09 28 02.00 -07 51 53.2          15.5 VV~4fzeA84
99942        5C2021 03 05.74339 09 28 01.63 -07 51 49.6          15.5 VV~4fzeA84
99942        5C2021 03 05.74467 09 28 01.27 -07 51 46.2          15.6 VV~4fzeA84
99942         S2021 03 05.74589509 27 15.802-08 03 22.97         15.4 GV~6ozDC57
99942         s2021 03 05.7458951 -183183.013 +78409.5120 +34898.6940   ~6ozDC57
99942        5C2021 03 05.74594 09 28 00.91 -07 51 42.6          15.5 VV~4fzeA84
99942        5C2021 03 05.74720 09 28 00.54 -07 51 39.0          15.5 VV~4fzeA84
99942        1C2021 03 05.74749 09 27 59.70 -07 51 46.5          15.6 GV~4cu3C40
99942        5C2021 03 05.74848 09 28 00.18 -07 51 35.6          15.6 VV~4fzeA84
99942        1C2021 03 05.74963 09 27 59.08 -07 51 40.5          15.8 GV~4cu3C40
99942        5C2021 03 05.74975 09 27 59.81 -07 51 32.0          15.5 VV~4fzeA84
99942        5C2021 03 05.75101 09 27 59.45 -07 51 28.4          15.5 VV~4fzeA84
99942        5C2021 03 05.75228 09 27 59.09 -07 51 25.0          15.5 VV~4fzeA84
99942        5C2021 03 05.75356 09 27 58.72 -07 51 21.3          15.5 VV~4fzeA84
99942        5C2021 03 05.75483 09 27 58.34 -07 51 17.9          15.6 VV~4fzeA84
99942        1C2021 03 05.75499 09 27 57.55 -07 51 25.4          15.8 GV~4cu3C40
99942        1C2021 03 05.75605 09 27 57.24 -07 51 22.3          15.8 GV~4cu3C40
99942        5C2021 03 05.75609 09 27 57.99 -07 51 14.2          15.5 VV~4fzeA84
99942        1C2021 03 05.75713 09 27 56.93 -07 51 19.4          15.8 GV~4cu3C40
99942        5C2021 03 05.75736 09 27 57.63 -07 51 10.8          15.5 VV~4fzeA84
99942        1C2021 03 05.75819 09 27 56.63 -07 51 16.6          15.8 GV~4cu3C40
99942        5C2021 03 05.75864 09 27 57.26 -07 51 07.2          15.5 VV~4fzeA84
99942        5C2021 03 05.75990 09 27 56.90 -07 51 03.7          15.5 VV~4fzeA84
99942        5C2021 03 05.76117 09 27 56.53 -07 51 00.1          15.5 VV~4fzeA84
99942        1C2021 03 05.76141 09 27 55.71 -07 51 07.4          15.8 GV~4cu3C40
99942        5C2021 03 05.76244 09 27 56.15 -07 50 56.6          15.5 VV~4fzeA84
99942        5C2021 03 05.76372 09 27 55.80 -07 50 53.0          15.5 VV~4fzeA84
99942        5C2021 03 05.76498 09 27 55.43 -07 50 49.5          15.5 VV~4fzeA84
99942        5C2021 03 05.76625 09 27 55.07 -07 50 46.0          15.5 VV~4fzeA84
99942        5C2021 03 05.76753 09 27 54.71 -07 50 42.5          15.5 VV~4fzeA84
99942        5C2021 03 05.76880 09 27 54.34 -07 50 38.9          15.5 VV~4fzeA84
99942         C2021 03 05.76939709 27 54.64 -07 50 47.5          15.5 Vt~4cu3G12
99942        5C2021 03 05.77006 09 27 53.98 -07 50 35.3          15.5 VV~4fzeA84
99942        5C2021 03 05.77133 09 27 53.60 -07 50 31.8          15.5 VV~4fzeA84
99942        1C2021 03 05.77220 09 27 52.60 -07 50 37.2          15.9 GV~4cu3C40
99942        5C2021 03 05.77261 09 27 53.24 -07 50 28.3          15.5 VV~4fzeA84
99942        5C2021 03 05.77387 09 27 52.87 -07 50 24.7          15.5 VV~4fzeA84
99942        1C2021 03 05.77434 09 27 51.99 -07 50 31.2          15.7 GV~4cu3C40
99942        5C2021 03 05.77514 09 27 52.50 -07 50 21.2          15.5 VV~4fzeA84
99942         C2021 03 05.77610009 27 52.77 -07 50 29.1          15.8 Vt~4cu3G12
99942        5C2021 03 05.77641 09 27 52.14 -07 50 17.7          15.4 VV~4fzeA84
99942        1C2021 03 05.77648 09 27 51.37 -07 50 25.2          15.7 GV~4cu3C40
99942        1C2021 03 05.77756 09 27 51.06 -07 50 22.3          15.7 GV~4cu3C40
99942        5C2021 03 05.77769 09 27 51.77 -07 50 14.1          15.4 VV~4fzeA84
99942        5C2021 03 05.77895 09 27 51.40 -07 50 10.5          15.5 VV~4fzeA84
99942        1C2021 03 05.77970 09 27 50.44 -07 50 16.1          15.7 GV~4cu3C40
99942         C2021 03 05.77983 09 27 47.92 -07 50 14.1          15.8 R ~4cu3N42
99942         C2021 03 05.78038 09 27 47.76 -07 50 12.6          15.7 R ~4cu3N42
99942        1C2021 03 05.78076 09 27 50.15 -07 50 13.4          15.7 GV~4cu3C40
99942         C2021 03 05.78093 09 27 47.61 -07 50 11.0          15.6 R ~4cu3N42
99942         C2021 03 05.78147 09 27 47.45 -07 50 09.5          15.6 R ~4cu3N42
99942        1C2021 03 05.78184 09 27 49.84 -07 50 10.2          15.8 GV~4cu3C40
99942         C2021 03 05.78202 09 27 47.28 -07 50 07.8          15.7 R ~4cu3N42
99942         C2021 03 05.78257 09 27 47.14 -07 50 06.3          15.6 R ~4cu3N42
99942        1C2021 03 05.78291 09 27 49.52 -07 50 07.3          15.8 GV~4cu3C40
99942         C2021 03 05.78311 09 27 46.97 -07 50 04.8          15.6 R ~4cu3N42
99942         C2021 03 05.78366 09 27 46.82 -07 50 03.2          15.6 R ~4cu3N42
99942         C2021 03 05.78421 09 27 46.65 -07 50 01.6          15.7 R ~4cu3N42
99942         C2021 03 05.78475 09 27 46.47 -07 50 00.2          15.3 R ~4cu3N42
99942         C2021 03 05.78530 09 27 46.33 -07 49 58.9          15.4 R ~4cu3N42
99942         C2021 03 05.78585 09 27 46.20 -07 49 57.6          15.4 R ~4cu3N42
99942         C2021 03 05.78639 09 27 46.04 -07 49 55.6          15.5 R ~4cu3N42
99942         C2021 03 05.78694 09 27 45.88 -07 49 53.8          15.7 R ~4cu3N42
99942         C2021 03 05.78749 09 27 45.71 -07 49 52.3          15.7 R ~4cu3N42
99942         C2021 03 05.78804 09 27 45.56 -07 49 50.8          15.6 R ~4cu3N42
99942         C2021 03 05.78858 09 27 45.39 -07 49 49.2          15.6 R ~4cu3N42
99942         C2021 03 05.78913 09 27 45.25 -07 49 47.8          15.5 R ~4cu3N42
99942        1C2021 03 05.78933 09 27 47.68 -07 49 49.4          15.8 GV~4cu3C40
99942         C2021 03 05.78968 09 27 45.09 -07 49 46.1          15.6 R ~4cu4N42
99942         C2021 03 05.79023 09 27 44.93 -07 49 44.6          15.6 R ~4cu4N42
99942         C2021 03 05.79077 09 27 44.78 -07 49 43.1          15.6 R ~4cu4N42
99942         C2021 03 05.79132 09 27 44.62 -07 49 41.5          15.6 R ~4cu4N42
99942         C2021 03 05.79141609 27 48.46 -07 49 46.9          15.2 Vt~4cu4G12
99942         C2021 03 05.79187 09 27 44.45 -07 49 39.9          15.5 R ~4cu4N42
99942         C2021 03 05.79241 09 27 44.30 -07 49 38.4          15.6 R ~4cu4N42
99942         C2021 03 05.79296 09 27 44.14 -07 49 36.7          15.6 R ~4cu4N42
99942         C2021 03 05.79351 09 27 43.99 -07 49 35.2          15.5 R ~4cu4N42
99942         C2021 03 05.79362209 27 47.85 -07 49 40.7          15.7 Vt~4cu4G12
99942         C2021 03 05.79405 09 27 43.83 -07 49 33.6          15.0 R ~4cu4N42
99942         C2021 03 05.79460 09 27 43.67 -07 49 32.1          15.5 R ~4cu4N42
99942         C2021 03 05.79515 09 27 43.51 -07 49 30.6          15.6 R ~4cu4N42
99942         C2021 03 05.79532809 27 47.36 -07 49 35.0          16.0 Vt~4cu4G12
99942         C2021 03 05.79569 09 27 43.36 -07 49 29.1          15.6 R ~4cu4N42
99942        1C2021 03 05.79584 09 27 45.80 -07 49 30.9          15.8 GV~4cu4C40
99942        1C2021 03 05.79692 09 27 45.48 -07 49 27.9          15.8 GV~4cu4C40
99942        1C2021 03 05.79800 09 27 45.18 -07 49 24.8          15.8 GV~4cu4C40
99942        1C2021 03 05.80014 09 27 44.56 -07 49 18.9          15.7 GV~4cu4C40
99942         S2021 03 05.80145109 26 57.374-08 00 29.77         15.4 GV~6ozDC57
99942         s2021 03 05.8014511 -181101.188 +71491.0750 +34556.3730   ~6ozDC57
99942         C2021 03 05.80226709 27 45.41 -07 49 16.5          15.6 Vt~4cu4G12
99942        1C2021 03 05.80228 09 27 43.94 -07 49 12.8          15.7 GV~4cu4C40
99942        1C2021 03 05.80334 09 27 43.63 -07 49 09.9          15.7 GV~4cu4C40
99942         C2021 03 05.80438309 27 44.83 -07 49 10.3          15.0 Vt~4cu4G12
99942         C2021 03 05.80720409 27 44.04 -07 49 02.4          15.8 Vt~4cu4G12
99942        1C2021 03 05.81084 09 27 41.48 -07 48 48.9          15.7 GV~4cu4C40
99942         S2021 03 05.81534009 26 52.764-07 59 47.11         15.4 GV~6ozDC57
99942         s2021 03 05.8153401 -180547.598 +69748.1500 +34464.4870   ~6ozDC57
99942        1C2021 03 05.81619 09 27 39.92 -07 48 33.8          15.6 GV~4cu4C40
99942         S2021 03 05.82922909 26 48.233-07 59 03.55         15.4 GV~6ozDC57
99942         s2021 03 05.8292291 -179980.370 +67999.9720 +34370.0040   ~6ozDC57
99942        KC2021 03 05.83171 09 27 34.12 -07 47 28.3          15.4 GV~4cu4M43
99942        KC2021 03 05.83529 09 27 33.06 -07 47 18.6          15.2 GV~4cu4M43
99942         S2021 03 05.83617309 26 45.917-07 58 42.35         15.4 GV~6ozDC57
99942         s2021 03 05.8361731 -179691.580 +67123.9250 +34321.7760   ~6ozDC57
99942        KC2021 03 05.83887 09 27 32.00 -07 47 08.6          15.2 GV~4cu4M43
99942        KC2021 03 05.84245 09 27 30.95 -07 46 58.8          15.3 GV~4cu4M43
99942         S2021 03 05.84311809 26 43.668-07 58 19.70         15.4 GV~6ozDC57
99942         s2021 03 05.8431181 -179399.306 +66246.5800 +34272.8840   ~6ozDC57
99942        KC2021 03 05.84603 09 27 29.89 -07 46 48.1          15.4 GV~4cu4M43
99942        KC2021 03 05.84961 09 27 28.85 -07 46 37.8          15.6 GV~4cu4M43
99942         S2021 03 05.85006209 26 41.383-07 57 58.21         15.3 GV~6ozDC57
99942         s2021 03 05.8500621 -179103.521 +65367.9430 +34223.3220   ~6ozDC57
99942         S2021 03 05.85700609 26 39.041-07 57 36.94         15.3 GV~6ozDC57
99942         s2021 03 05.8570061 -178804.201 +64488.0200 +34173.0870   ~6ozDC57
99942         S2021 03 05.86395109 26 36.814-07 57 14.00         15.3 GV~6ozDC57
99942         s2021 03 05.8639511 -178501.319 +63606.8150 +34122.1720   ~6ozDC57
99942         S2021 03 05.87089509 26 34.481-07 56 52.73         15.3 GV~6ozDC57
99942         s2021 03 05.8708951 -178194.848 +62724.3350 +34070.5720   ~6ozDC57
99942         S2021 03 05.87784009 26 32.172-07 56 30.66         15.2 GV~6ozDC57
99942         s2021 03 05.8778401 -177884.763 +61840.5870 +34018.2820   ~6ozDC57
99942         S2021 03 05.88478409 26 29.945-07 56 08.34         15.3 GV~6ozDC57
99942         s2021 03 05.8847841 -177571.036 +60955.5760 +33965.2980   ~6ozDC57
99942         S2021 03 05.89172909 26 27.658-07 55 47.28         15.2 GV~6ozDC57
99942         s2021 03 05.8917291 -177253.641 +60069.3090 +33911.6120   ~6ozDC57
99942        KC2021 03 05.89316809 27 19.98 -07 45 01.2          15.6 Vq~4cu4K05
99942        KC2021 03 05.89738209 27 17.23 -07 44 46.6          15.2 GV~5M9j073
99942        KC2021 03 05.89863809 27 18.42 -07 44 45.8          15.5 Vq~4cu4K05
99942         S2021 03 05.89867309 26 25.394-07 55 25.82         15.2 GV~6ozDC57
99942         s2021 03 05.8986731 -176932.549 +59181.7940 +33857.2210   ~6ozDC57
99942        KC2021 03 05.90118209 27 16.17 -07 44 33.5          15.2 GV~4fze073
99942        KC2021 03 05.90410809 27 16.86 -07 44 30.6          15.5 Vq~4cu4K05
99942        KC2021 03 05.90517009 27 15.03 -07 44 21.9          15.2 GV~4fze073
99942         S2021 03 05.90561709 26 23.136-07 55 03.29         15.2 GV~6ozDC57
99942         s2021 03 05.9056171 -176607.733 +58293.0360 +33802.1190   ~6ozDC57
99942        KC2021 03 05.90958009 27 15.30 -07 44 15.0          15.5 Vq~4cu4K05
99942        KC2021 03 05.91111609 27 14.52 -07 44 10.2          15.9 GV~4h84G33
99942        KC2021 03 05.91237909 27 14.15 -07 44 06.7          16.0 GV~4h84G33
99942         S2021 03 05.91256209 26 20.863-07 54 41.98         15.1 GV~6ozDC57
99942         s2021 03 05.9125621 -176279.164 +57403.0440 +33746.2990   ~6ozDC57
99942        KC2021 03 05.91342809 27 13.86 -07 44 03.7          16.1 GV~4h84G33
99942        KC2021 03 05.91458509 27 13.52 -07 44 00.3          16.1 GV~4h84G33
99942        KC2021 03 05.91505409 27 13.74 -07 43 59.6          15.4 Vq~4cu4K05
99942        KC2021 03 05.91557909 27 13.23 -07 43 57.7          15.7 GV~4h84G33
99942        KC2021 03 05.91700709 27 12.83 -07 43 53.6          15.9 GV~4h84G33
99942         C2021 03 05.91884 09 27 12.15 -07 43 47.9          16.1 GV~4cu4K87
99942         S2021 03 05.91950609 26 18.574-07 54 19.80         15.1 GV~6ozDC57
99942         s2021 03 05.9195061 -175946.816 +56511.8240 +33689.7580   ~6ozDC57
99942         C2021 03 05.91957 09 27 11.92 -07 43 45.3          15.8 GV~4cu4K87
99942         C2021 03 05.92030 09 27 11.70 -07 43 43.2          15.7 GV~4cu4K87
99942        KC2021 03 05.92052709 27 12.17 -07 43 44.2          15.4 Vq~4cu4K05
99942         C2021 03 05.92104 09 27 11.55 -07 43 41.1          16.0 GV~4cu4K87
99942         C2021 03 05.92164709 27 11.12 -07 43 40.1          15.5 GV~4cu4G34
99942         C2021 03 05.92177 09 27 11.33 -07 43 39.1          16.0 GV~4cu4K87
99942         C2021 03 05.92250 09 27 11.09 -07 43 36.8          15.5 GV~4cu4K87
99942         C2021 03 05.92328109 27 10.68 -07 43 35.7          14.9 GV~4cu4G34
99942         C2021 03 05.92491609 27 10.20 -07 43 30.9          15.5 GV~4cu4G34
99942        KC2021 03 05.92599909 27 10.62 -07 43 28.9          15.7 Vq~4cu4K05
99942         S2021 03 05.92645109 26 16.322-07 53 57.70         15.1 GV~6ozDC57
99942         s2021 03 05.9264511 -175610.659 +55619.3850 +33632.4880   ~6ozDC57
99942         C2021 03 05.92654909 27 09.79 -07 43 26.7          14.9 GV~4cu4G34
99942         C2021 03 05.92818309 27 09.25 -07 43 21.6          15.0 GV~4cu4G34
99942         C2021 03 05.92981609 27 08.80 -07 43 17.3          14.9 GV~4cu4G34
99942         C2021 03 05.93145009 27 08.30 -07 43 12.3          15.2 GV~4cu4G34
99942        KC2021 03 05.93147009 27 09.07 -07 43 13.3          15.4 Vq~4cu4K05
99942         S2021 03 05.93339509 26 14.042-07 53 36.24         15.1 GV~6ozDC57
99942         s2021 03 05.9333951 -175270.663 +54725.7330 +33574.4840   ~6ozDC57
99942        KC2021 03 05.93694009 27 07.50 -07 42 57.6          15.1 Vq~4cu4K05
99942        KC2021 03 05.93869209 27 06.22 -07 42 50.6          14.4 RV~4cu4K61
99942         S2021 03 05.94034009 26 11.786-07 53 13.42         15.1 GV~6ozEC57
99942         s2021 03 05.9403401 -174926.801 +53830.8780 +33515.7400   ~6ozEC57
99942        KC2021 03 05.94072909 27 05.64 -07 42 44.8          14.6 RV~4cu4K61
99942        KC2021 03 05.94116909 27 05.52 -07 42 43.5          14.5 RV~4cu4K61
99942        KC2021 03 05.94161509 27 05.39 -07 42 42.3          14.9 RV~4cu4K61
99942         S2021 03 05.94728409 26 09.540-07 52 52.03         15.1 GV~6ozEC57
99942         s2021 03 05.9472841 -174579.042 +52934.8270 +33456.2510   ~6ozEC57
99942         S2021 03 05.95422909 26 07.255-07 52 30.11         15.1 GV~6ozEC57
99942         s2021 03 05.9542291 -174227.356 +52037.5900 +33396.0110   ~6ozEC57
99942        KC2021 03 05.95762709 27 01.64 -07 41 59.3          15.2 GV~4cu4Z80
99942         S2021 03 05.96117309 26 05.021-07 52 07.25         15.1 GV~6ozEC57
99942         s2021 03 05.9611731 -173871.714 +51139.1740 +33335.0140   ~6ozEC57
99942        KC2021 03 05.96457209 26 59.69 -07 41 39.4          15.0 GV~4cu4Z80
99942         S2021 03 05.96811709 26 02.729-07 51 45.79         15.1 GV~6ozEC57
99942         s2021 03 05.9681171 -173512.085 +50239.5890 +33273.2530   ~6ozEC57
99942        KC2021 03 05.97151609 26 57.71 -07 41 19.6          15.1 GV~4cu4Z80
99942         S2021 03 05.97506209 26 00.502-07 51 23.83         15.1 GV~6ozEC57
99942         s2021 03 05.9750621 -173148.438 +49338.8450 +33210.7230   ~6ozEC57
99942        KC2021 03 05.97822 09 26 55.46 -07 40 54.1          15.2 Vq~4fzeG07
99942        KC2021 03 05.97846109 26 55.74 -07 40 59.7          15.3 GV~4cu4Z80
99942         S2021 03 05.98200609 25 58.236-07 51 01.30         15.1 GV~6ozEC57
99942         s2021 03 05.9820061 -172780.742 +48436.9500 +33147.4170   ~6ozEC57
99942        KC2021 03 05.98581009 26 53.62 -07 40 38.7          15.1 GV~4cu4Z80
99942         S2021 03 05.98895109 25 55.999-07 50 40.06         15.1 GV~6ozEC57
99942         s2021 03 05.9889511 -172408.966 +47533.9150 +33083.3300   ~6ozEC57
99942         S2021 03 05.99589509 25 53.765-07 50 17.23         15.0 GV~6ozEC57
99942         s2021 03 05.9958951 -172033.077 +46629.7490 +33018.4540   ~6ozEC57
99942        KC2021 03 05.99890 09 26 49.51 -07 39 55.5          15.2 Vq~4fzeG07
99942         S2021 03 06.00284009 25 51.473-07 49 55.24         15.1 GV~6ozEC57
99942         s2021 03 06.0028401 -171653.044 +45724.4640 +32952.7840   ~6ozEC57
99942         S2021 03 06.00978409 25 49.231-07 49 33.38         14.8 GV~6ozEC57
99942         s2021 03 06.0097841 -171268.834 +44818.0700 +32886.3140   ~6ozEC57
99942        KC2021 03 06.01157 09 26 50.62 -07 39 15.8          14.8 RS~4fze932
99942         S2021 03 06.01672909 25 46.997-07 49 10.42         15.1 GV~6ozEC57
99942         s2021 03 06.0167291 -170880.415 +43910.5780 +32819.0360   ~6ozEC57
99942        KC2021 03 06.01889 09 26 43.79 -07 38 58.3          15.1 Vq~4fzeG07
99942         S2021 03 06.02367309 25 44.762-07 48 48.96         15.0 GV~6ozEC57
99942         s2021 03 06.0236731 -170487.753 +43001.9990 +32750.9440   ~6ozEC57
99942        KC2021 03 06.02382 09 26 47.18 -07 38 41.2          14.8 RS~4fze932
99942         S2021 03 06.03061709 25 42.516-07 48 27.04         15.1 GV~6ozEC57
99942         s2021 03 06.0306171 -170090.815 +42092.3460 +32682.0310   ~6ozEC57
99942        KC2021 03 06.03607 09 26 43.70 -07 38 07.1          14.8 RS~4fze932
99942         S2021 03 06.03756209 25 40.286-07 48 04.25         15.1 GV~6ozEC57
99942         s2021 03 06.0375621 -169689.566 +41181.6290 +32612.2920   ~6ozEC57
99942        2C2021 03 06.04350 09 26 40.92 -07 37 49.6          15.0 GV~4fzeI22
99942        2C2021 03 06.04384 09 26 40.83 -07 37 48.7          15.0 GV~4h84I22
99942        2C2021 03 06.04419 09 26 40.72 -07 37 47.7          15.0 GV~4fzeI22
99942         S2021 03 06.04450609 25 38.030-07 47 42.54         15.1 GV~6ozEC57
99942         s2021 03 06.0445061 -169283.974 +40269.8610 +32541.7180   ~6ozEC57
99942        2C2021 03 06.04453 09 26 40.62 -07 37 46.7          15.0 GV~4h84I22
99942        2C2021 03 06.04487 09 26 40.53 -07 37 45.8          15.0 GV~4fzeI22
99942        2C2021 03 06.04521 09 26 40.43 -07 37 44.8          15.1 GV~4h84I22
99942        2C2021 03 06.04556 09 26 40.34 -07 37 43.9          15.1 GV~4fzeI22
99942        2C2021 03 06.04590 09 26 40.24 -07 37 42.8          15.0 GV~4h84I22
99942        2C2021 03 06.04624 09 26 40.14 -07 37 41.9          15.0 GV~4fzeI22
99942        2C2021 03 06.04659 09 26 40.04 -07 37 40.9          15.1 GV~4h84I22
99942        2C2021 03 06.04692 09 26 39.94 -07 37 40.1          15.1 GV~4fzeI22
99942        2C2021 03 06.04727 09 26 39.83 -07 37 38.8          15.0 GV~4h84I22
99942        2C2021 03 06.04760 09 26 39.74 -07 37 37.9          15.0 GV~4fzeI22
99942        2C2021 03 06.04795 09 26 39.62 -07 37 36.9          15.0 GV~4h84I22
99942        2C2021 03 06.04829 09 26 39.56 -07 37 36.1          15.0 GV~4fzeI22
99942        2C2021 03 06.04865 09 26 39.45 -07 37 35.2          15.0 GV~4h84I22
99942        2C2021 03 06.04898 09 26 39.34 -07 37 34.3          15.0 GV~4fzeI22
99942        2C2021 03 06.04933 09 26 39.25 -07 37 33.2          15.1 GV~4h84I22
99942        2C2021 03 06.04968 09 26 39.17 -07 37 32.2          15.0 GV~4fzeI22
99942        2C2021 03 06.05002 09 26 39.07 -07 37 31.2          15.0 GV~4h84I22
99942        2C2021 03 06.05036 09 26 38.98 -07 37 30.3          15.0 GV~4fzeI22
99942        2C2021 03 06.05071 09 26 38.86 -07 37 29.3          15.0 GV~4h84I22
99942        2C2021 03 06.05105 09 26 38.77 -07 37 28.4          15.0 GV~4fzeI22
99942        2C2021 03 06.05140 09 26 38.66 -07 37 27.4          15.1 GV~4h84I22
99942         S2021 03 06.05145109 25 35.832-07 47 20.04         15.0 GV~6ozEC57
99942         s2021 03 06.0514511 -168874.002 +39357.0550 +32470.3040   ~6ozEC57
99942        2C2021 03 06.05174 09 26 38.58 -07 37 26.4          15.0 GV~4fzeI22
99942        2C2021 03 06.05208 09 26 38.47 -07 37 25.4          15.0 GV~4h84I22
99942        2C2021 03 06.05242 09 26 38.38 -07 37 24.6          15.0 GV~4fzeI22
99942        2C2021 03 06.05277 09 26 38.28 -07 37 23.6          15.0 GV~4h84I22
99942        2C2021 03 06.05310 09 26 38.18 -07 37 22.7          15.0 GV~4fzeI22
99942        2C2021 03 06.05345 09 26 38.08 -07 37 21.6          15.0 GV~4h84I22
99942        2C2021 03 06.05378 09 26 37.98 -07 37 20.7          15.0 GV~4fzeI22
99942        2C2021 03 06.05413 09 26 37.87 -07 37 19.5          15.1 GV~4h84I22
99942        2C2021 03 06.05447 09 26 37.79 -07 37 18.9          15.1 GV~4fzeI22
99942        2C2021 03 06.05480 09 26 37.71 -07 37 17.9          15.1 GV~4h84I22
99942        2C2021 03 06.05515 09 26 37.59 -07 37 16.9          15.0 GV~4fzeI22
99942        2C2021 03 06.05549 09 26 37.48 -07 37 16.1          15.0 GV~4h84I22
99942        2C2021 03 06.05583 09 26 37.40 -07 37 14.9          15.1 GV~4fzeI22
99942        2C2021 03 06.05617 09 26 37.29 -07 37 14.0          15.0 GV~4h84I22
99942        2C2021 03 06.05653 09 26 37.19 -07 37 13.1          15.0 GV~4fzeI22
99942        2C2021 03 06.05686 09 26 37.10 -07 37 12.0          15.0 GV~4h84I22
99942        2C2021 03 06.05721 09 26 37.00 -07 37 11.1          15.0 GV~4fzeI22
99942        2C2021 03 06.05755 09 26 36.91 -07 37 10.1          15.1 GV~4h84I22
99942        2C2021 03 06.05789 09 26 36.81 -07 37 09.1          15.0 GV~4fzeI22
99942        2C2021 03 06.05823 09 26 36.71 -07 37 08.2          15.0 GV~4h84I22
99942         S2021 03 06.05839509 25 33.607-07 46 57.47         15.1 GV~6ozEC57
99942         s2021 03 06.0583951 -168459.617 +38443.2240 +32398.0420   ~6ozEC57
99942        2C2021 03 06.05859 09 26 36.61 -07 37 07.2          15.0 GV~4fzeI22
99942        2C2021 03 06.05894 09 26 36.52 -07 37 06.2          15.0 GV~4h84I22
99942        2C2021 03 06.05928 09 26 36.42 -07 37 05.3          15.1 GV~4fzeI22
99942        2C2021 03 06.05962 09 26 36.31 -07 37 04.1          15.1 GV~4h84I22
99942        0C2021 03 06.05966 09 26 36.29 -07 37 03.8          15.1 GV~4fze851
99942        2C2021 03 06.05997 09 26 36.23 -07 37 03.3          15.1 GV~4fzeI22
99942        2C2021 03 06.06031 09 26 36.11 -07 37 02.5          15.1 GV~4h84I22
99942        2C2021 03 06.06065 09 26 36.02 -07 37 01.5          15.0 GV~4fzeI22
99942        2C2021 03 06.06098 09 26 35.91 -07 37 00.3          15.1 GV~4h84I22
99942        0C2021 03 06.06118 09 26 35.85 -07 37 00.2          15.3 GV~4fze851
99942        2C2021 03 06.06133 09 26 35.80 -07 36 59.5          15.0 GV~4fzeI22
99942        2C2021 03 06.06167 09 26 35.75 -07 36 58.6          15.1 GV~4h84I22
99942        2C2021 03 06.06201 09 26 35.60 -07 36 57.7          15.0 GV~4fzeI22
99942        2C2021 03 06.06235 09 26 35.52 -07 36 56.6          15.1 GV~4h84I22
99942        2C2021 03 06.06270 09 26 35.43 -07 36 55.6          15.0 GV~4fzeI22
99942        2C2021 03 06.06303 09 26 35.32 -07 36 54.7          15.0 GV~4h84I22
99942        2C2021 03 06.06338 09 26 35.24 -07 36 53.7          15.1 GV~4fzeI22
99942        2C2021 03 06.06373 09 26 35.15 -07 36 52.7          15.0 GV~4h84I22
99942        2C2021 03 06.06407 09 26 35.01 -07 36 51.8          15.1 GV~4fzeI22
99942         S2021 03 06.06534009 25 31.320-07 46 36.23         15.0 GV~6ozEC57
99942         s2021 03 06.0653401 -168040.782 +37528.3810 +32324.9250   ~6ozEC57
99942         S2021 03 06.07228409 25 29.122-07 46 13.15         15.1 GV~6ozEC57
99942         s2021 03 06.0722841 -167617.463 +36612.5400 +32250.9460   ~6ozEC57
99942         S2021 03 06.07922909 25 26.909-07 45 51.66         15.1 GV~6ozEC57
99942         s2021 03 06.0792291 -167189.623 +35695.7150 +32176.0980   ~6ozEC57
99942         S2021 03 06.08617309 25 24.672-07 45 28.84         15.1 GV~6ozEC57
99942         s2021 03 06.0861731 -166757.225 +34777.9210 +32100.3740   ~6ozEC57
99942         S2021 03 06.09311709 25 22.435-07 45 06.16         15.1 GV~6ozEC57
99942         s2021 03 06.0931171 -166320.233 +33859.1710 +32023.7670   ~6ozEC57
99942         S2021 03 06.10006209 25 20.218-07 44 44.16         15.2 GV~6ozEC57
99942         s2021 03 06.1000621 -165878.609 +32939.4820 +31946.2680   ~6ozEC57
99942         S2021 03 06.10700609 25 18.036-07 44 19.50         15.1 GV~6ozEC57
99942         s2021 03 06.1070061 -165432.316 +32018.8700 +31867.8710   ~6ozEC57
99942         S2021 03 06.11395109 25 15.763-07 43 58.66         15.2 GV~6ozEC57
99942         s2021 03 06.1139511 -164981.316 +31097.3500 +31788.5680   ~6ozEC57
99942         C2021 03 06.11491 09 26 22.10 -07 34 27.0          14.8 Rq~4cu4726
99942         C2021 03 06.11956 09 26 20.77 -07 34 13.2          14.6 Rq~5M9j726
99942         S2021 03 06.12089509 25 13.579-07 43 37.45         15.1 GV~6ozEC57
99942         s2021 03 06.1208951 -164525.570 +30174.9380 +31708.3510   ~6ozEC57
99942         C2021 03 06.12237 09 26 19.97 -07 34 05.8          14.7 Rq~4cu4726
99942         S2021 03 06.12784009 25 11.354-07 43 14.12         15.2 GV~6ozEC57
99942         s2021 03 06.1278401 -164065.040 +29251.6530 +31627.2130   ~6ozEC57
99942         S2021 03 06.13478409 25 09.173-07 42 52.63         15.2 GV~6ozEC57
99942         s2021 03 06.1347841 -163599.686 +28327.5110 +31545.1450   ~6ozEC57
99942         S2021 03 06.14172809 25 06.948-07 42 29.12         15.2 GV~6ozEC57
99942         s2021 03 06.1417281 -163129.468 +27402.5300 +31462.1410   ~6ozEC57
99942         C2021 03 06.14324 09 26 15.63 -07 32 53.8          15.5 Vo~4cu4691
99942         C2021 03 06.14414 09 26 13.78 -07 33 04.1          14.9 Rq~4cu4726
99942         C2021 03 06.14788 09 26 12.70 -07 32 53.5          14.6 Rq~4cu4726
99942         S2021 03 06.14867309 25 04.730-07 42 07.09         15.2 GV~6ozEC57
99942         s2021 03 06.1486731 -162654.347 +26476.7280 +31378.1910   ~6ozEC57
99942         C2021 03 06.15138 09 26 11.71 -07 32 43.8          14.7 Rq~4cu4726
99942         S2021 03 06.15561709 25 02.542-07 41 44.70         15.3 GV~6ozEC57
99942         s2021 03 06.1556171 -162174.281 +25550.1260 +31293.2890   ~6ozEC57
99942         S2021 03 06.16256209 25 00.425-07 41 21.08         15.2 GV~6ozEC57
99942         s2021 03 06.1625621 -161689.230 +24622.7410 +31207.4250   ~6ozEC57
99942         S2021 03 06.16950609 24 58.147-07 40 59.88         15.3 GV~6ozEC57
99942         s2021 03 06.1695061 -161199.153 +23694.5940 +31120.5910   ~6ozEC57
99942         C2021 03 06.17310 09 26 07.03 -07 31 29.9          15.6 Vo~4cu4691
99942         S2021 03 06.17645109 24 55.975-07 40 35.94         15.3 GV~6ozEC57
99942         s2021 03 06.1764511 -160704.007 +22765.7050 +31032.7790   ~6ozEC57
99942         C2021 03 06.17678 09 26 05.91 -07 31 20.2          15.0 GV~4cu4I52
99942         C2021 03 06.17921 09 26 05.20 -07 31 13.4          14.9 GV~4cu4I52
99942         C2021 03 06.18164 09 26 04.51 -07 31 06.8          14.9 GV~4cu4I52
99942         S2021 03 06.18339509 24 53.822-07 40 14.41         15.2 GV~6ozEC57
99942         s2021 03 06.1833951 -160203.751 +21836.0950 +30943.9820   ~6ozEC57
99942         C2021 03 06.18406 09 26 03.79 -07 30 59.6          15.0 GV~4cu4I52
99942         S2021 03 06.19034009 24 51.638-07 39 52.02         15.3 GV~6ozEC57
99942         s2021 03 06.1903401 -159698.341 +20905.7870 +30854.1890   ~6ozEC57
99942         S2021 03 06.19728409 24 49.421-07 39 28.73         15.2 GV~6ozEC57
99942         s2021 03 06.1972841 -159187.734 +19974.8010 +30763.3930   ~6ozEC57
99942         C2021 03 06.20151 09 25 58.79 -07 30 09.8          15.7 Vo~4cu4691
99942         C2021 03 06.20300 09 25 58.36 -07 30 05.7          15.7 Vo~4cu4691
99942         S2021 03 06.20422809 24 47.162-07 39 07.16         15.3 GV~6ozEC57
99942         s2021 03 06.2042281 -158671.887 +19043.1610 +30671.5840   ~6ozEC57
99942         S2021 03 06.21117309 24 45.079-07 38 43.62         15.4 GV~6ozEC57
99942         s2021 03 06.2111731 -158150.756 +18110.8900 +30578.7550   ~6ozEC57
99942         S2021 03 06.21811709 24 42.917-07 38 21.73         15.4 GV~6ozEC57
99942         s2021 03 06.2181171 -157624.296 +17178.0110 +30484.8950   ~6ozEC57
99942         C2021 03 06.22390 09 25 52.28 -07 29 06.6          15.7 Vo~4cu4691
99942         S2021 03 06.22506209 24 40.714-07 37 58.19         15.4 GV~6ozEC57
99942         s2021 03 06.2250621 -157092.461 +16244.5510 +30389.9970   ~6ozEC57
99942         S2021 03 06.23200609 24 38.587-07 37 35.15         15.4 GV~6ozEC57
99942         s2021 03 06.2320061 -156555.208 +15310.5330 +30294.0510   ~6ozEC57
99942        KC2021 03 06.23599209 25 49.14 -07 28 36.0          15.5 GV~4cu4U72
99942         S2021 03 06.23895109 24 36.413-07 37 13.40         15.5 GV~6ozEC57
99942         s2021 03 06.2389511 -156012.489 +14375.9840 +30197.0470   ~6ozEC57
99942         C2021 03 06.24332 09 25 46.61 -07 28 11.5          15.8 Vo~4cu4691
99942         S2021 03 06.24589509 24 34.188-07 36 50.00         15.5 GV~6ozEC57
99942         s2021 03 06.2458951 -155464.259 +13440.9290 +30098.9780   ~6ozEC57
99942         S2021 03 06.25284009 24 32.054-07 36 27.76         15.5 GV~6ozEC57
99942         s2021 03 06.2528401 -154910.469 +12505.3980 +29999.8320   ~6ozEC57
99942         S2021 03 06.25978409 24 29.909-07 36 04.10         15.6 GV~6ozEC57
99942         s2021 03 06.2597841 -154351.074 +11569.4170 +29899.6010   ~6ozEC57
99942         S2021 03 06.26672809 24 27.722-07 35 42.40         15.6 GV~6ozEC57
99942         s2021 03 06.2667281 -153786.025 +10633.0150 +29798.2750   ~6ozEC57
99942         S2021 03 06.27367309 24 25.627-07 35 19.61         15.6 GV~6ozEC57
99942         s2021 03 06.2736731 -153215.274 + 9696.2220 +29695.8440   ~6ozEC57
99942         S2021 03 06.28061709 24 23.412-07 34 56.17         15.7 GV~6ozEC57
99942         s2021 03 06.2806171 -152638.771 + 8759.0680 +29592.2990   ~6ozEC57
99942        KC2021 03 06.28308609 25 35.62 -07 26 20.5          15.7 GV~4cu4U72
99942         S2021 03 06.28756209 24 21.307-07 34 33.78         15.7 GV~6ozEC57
99942         s2021 03 06.2875621 -152056.469 + 7821.5840 +29487.6300   ~6ozEC57
99942         S2021 03 06.29450609 24 19.130-07 34 10.49         15.6 GV~6ozEC57
99942         s2021 03 06.2945061 -151468.316 + 6883.8020 +29381.8260   ~6ozEC57
99942         S2021 03 06.30145109 24 16.994-07 33 48.20         15.7 GV~6ozEC57
99942         s2021 03 06.3014511 -150874.263 + 5945.7540 +29274.8780   ~6ozEC57
99942         S2021 03 06.30839509 24 14.914-07 33 24.19         15.6 GV~6ozEC57
99942         s2021 03 06.3083951 -150274.258 + 5007.4760 +29166.7760   ~6ozEC57
99942         S2021 03 06.31534009 24 12.746-07 33 02.09         15.7 GV~6ozEC57
99942         s2021 03 06.3153401 -149668.251 + 4069.0000 +29057.5080   ~6ozEC57
99942         S2021 03 06.32228409 24 10.670-07 32 38.69         15.8 GV~6ozEC57
99942         s2021 03 06.3222841 -149056.190 + 3130.3620 +28947.0660   ~6ozEC57
99942         C2021 03 06.32243 09 25 23.61 -07 24 26.0                o~4cu4691
99942         S2021 03 06.32922809 24 08.544-07 32 16.04         15.8 GV~6ozEC57
99942         s2021 03 06.3292281 -148438.022 + 2191.5990 +28835.4370   ~6ozEC57
99942        KC2021 03 06.33136209 25 21.62 -07 24 02.3          15.8 GV~4cu4U72
99942         S2021 03 06.33617309 24 06.338-07 31 52.50         15.9 GV~6ozEC57
99942         s2021 03 06.3361731 -147813.695 + 1252.7480 +28722.6120   ~6ozEC57
99942         S2021 03 06.34311709 24 04.301-07 31 29.53         15.8 GV~6ozEC57
99942         s2021 03 06.3431171 -147183.156 +  313.8460 +28608.5800   ~6ozEC57
99942         C2021 03 06.34971 09 25 15.78 -07 23 07.3                o~4cu4691
99942         S2021 03 06.35006209 24 02.198-07 31 07.32         15.7 GV~6ozEC57
99942         s2021 03 06.3500621 -146546.350 -  625.0660 +28493.3300   ~6ozEC57
99942         S2021 03 06.35700609 24 00.058-07 30 43.20         15.6 GV~6ozEC57
99942         s2021 03 06.3570061 -145903.223 - 1563.9480 +28376.8500   ~6ozEC57
99942         S2021 03 06.36395109 23 57.936-07 30 20.95         15.6 GV~6ozEC57
99942         s2021 03 06.3639511 -145253.722 - 2502.7590 +28259.1310   ~6ozEC57
99942         S2021 03 06.37089509 23 55.834-07 29 56.98         15.7 GV~6ozEC57
99942         s2021 03 06.3708951 -144597.789 - 3441.4570 +28140.1610   ~6ozEC57
99942         S2021 03 06.37784009 23 53.765-07 29 34.37         15.7 GV~6ozEC57
99942         s2021 03 06.3778401 -143935.370 - 4379.9970 +28019.9280   ~6ozEC57
99942         C2021 03 06.37842 09 25 07.62 -07 21 44.5                o~4cu4691
99942         S2021 03 06.38478409 23 51.638-07 29 10.75         15.6 GV~6ozEC57
99942         s2021 03 06.3847841 -143266.409 - 5318.3360 +27898.4220   ~6ozEC57
99942         S2021 03 06.39172809 23 49.584-07 28 48.14         15.6 GV~6ozEC57
99942         s2021 03 06.3917281 -142590.849 - 6256.4280 +27775.6300   ~6ozEC57
99942         S2021 03 06.39867309 23 47.515-07 28 24.35         15.7 GV~6ozEC57
99942         s2021 03 06.3986731 -141908.632 - 7194.2250 +27651.5410   ~6ozEC57
99942         S2021 03 06.40561709 23 45.413-07 28 01.42         15.7 GV~6ozEC57
99942         s2021 03 06.4056171 -141219.700 - 8131.6790 +27526.1440   ~6ozEC57
99942         S2021 03 06.41256209 23 43.354-07 27 38.05         15.5 GV~6ozEC57
99942         s2021 03 06.4125621 -140523.997 - 9068.7410 +27399.4270   ~6ozEC57
99942         S2021 03 06.41950609 23 41.244-07 27 14.69         15.6 GV~6ozEC57
99942         s2021 03 06.4195061 -139821.462 -10005.3590 +27271.3770   ~6ozEC57
99942         S2021 03 06.42645109 23 39.202-07 26 51.25         15.6 GV~6ozEC57
99942         s2021 03 06.4264511 -139112.038 -10941.4820 +27141.9830   ~6ozEC57
99942         S2021 03 06.43339509 23 37.114-07 26 27.96         15.6 GV~6ozEC57
99942         s2021 03 06.4333951 -138395.663 -11877.0560 +27011.2330   ~6ozEC57
99942         S2021 03 06.44033909 23 35.112-07 26 04.96         15.5 GV~6ozEC57
99942         s2021 03 06.4403391 -137672.280 -12812.0260 +26879.1150   ~6ozEC57
99942         S2021 03 06.44728409 23 33.046-07 25 41.20         15.6 GV~6ozEC57
99942         s2021 03 06.4472841 -136941.826 -13746.3360 +26745.6160   ~6ozEC57
99942         S2021 03 06.45422809 23 30.962-07 25 18.08         15.5 GV~6ozEC57
99942         s2021 03 06.4542281 -136204.241 -14679.9280 +26610.7230   ~6ozEC57
99942         S2021 03 06.46117309 23 28.949-07 24 54.32         15.5 GV~6ozEC57
99942         s2021 03 06.4611731 -135459.464 -15612.7430 +26474.4250   ~6ozEC57
99942         C2021 03 06.46498 09 24 50.29 -07 17 44.2          14.8 Vq~4cu4Q21
99942         S2021 03 06.46811709 23 26.887-07 24 31.43         15.5 GV~6ozEC57
99942         s2021 03 06.4681171 -134707.432 -16544.7190 +26336.7090   ~6ozEC57
99942         C2021 03 06.46918 09 24 49.10 -07 17 32.2          15.0 Vq~4cu4Q21
99942         C2021 03 06.47338 09 24 47.90 -07 17 20.7          15.7 Vq~4cu4Q21
99942         S2021 03 06.47506209 23 24.852-07 24 07.06         15.4 GV~6ozEC57
99942         s2021 03 06.4750621 -133948.085 -17475.7950 +26197.5620   ~6ozEC57
99942         C2021 03 06.47863 09 24 46.35 -07 17 05.5          15.5 Vq~4cu4Q21
99942         C2021 03 06.48391 09 24 44.85 -07 16 50.8          15.8 Vq~4cu4Q21
99942         C2021 03 06.52534409 24 28.20 -07 14 30.3          15.12oV~4cu4T08
99942         C2021 03 06.53103009 24 26.61 -07 14 13.8          15.10oV~4cu4T08
99942         C2021 03 06.54865609 24 21.72 -07 13 22.6          15.07oV~4cu4T08
99942         C2021 03 06.55086809 24 21.12 -07 13 16.1          15.08oV~4cu4T08
99942        5C2021 03 06.75328 09 23 35.07 -07 04 01.0          14.9 VV~4fzeA84
99942        5C2021 03 06.75455 09 23 34.71 -07 03 57.2          14.8 VV~4fzeA84
99942        5C2021 03 06.75582 09 23 34.36 -07 03 53.7          14.8 VV~4fzeA84
99942        5C2021 03 06.75709 09 23 33.98 -07 03 50.1          14.9 VV~4fzeA84
99942        5C2021 03 06.75836 09 23 33.64 -07 03 46.5          14.8 VV~4fzeA84
99942         C2021 03 06.75868 09 23 31.43 -07 04 02.9          15.1 Rq~4fze168
99942        5C2021 03 06.75963 09 23 33.28 -07 03 42.9          14.8 VV~4fzeA84
99942        5C2021 03 06.76090 09 23 32.92 -07 03 39.3          14.8 VV~4fzeA84
99942        5C2021 03 06.76217 09 23 32.55 -07 03 35.7          14.8 VV~4fzeA84
99942        5C2021 03 06.76344 09 23 32.20 -07 03 32.1          14.9 VV~4fzeA84
99942         C2021 03 06.76718 09 23 31.93 -07 03 26.3          15.4 VV~4cu4K83
99942        5C2021 03 06.76725 09 23 31.11 -07 03 21.3          14.9 VV~4fzeA84
99942         C2021 03 06.76841 09 23 28.73 -07 03 35.1          15.1 Rq~4fze168
99942        5C2021 03 06.76852 09 23 30.76 -07 03 17.8          14.8 VV~4fzeA84
99942        5C2021 03 06.76979 09 23 30.39 -07 03 14.2          14.8 VV~4fzeA84
99942         C2021 03 06.77116 09 23 30.83 -07 03 15.2          15.4 VV~4cu4K83
99942         C2021 03 06.77564 09 23 29.59 -07 03 02.6          15.3 VV~4cu4K83
99942         C2021 03 06.77813 09 23 26.02 -07 03 07.5          15.1 Rq~4fze168
99942        KC2021 03 06.78103 09 23 28.06 -07 02 47.3          15.2 GV~4cu4G17
99942        KC2021 03 06.78247 09 23 27.65 -07 02 42.7          15.1 GV~4cu4G17
99942        KC2021 03 06.78390 09 23 27.26 -07 02 39.0          15.0 GV~4cu4G17
99942         C2021 03 06.78646 09 23 23.70 -07 02 43.4          15.1 Rq~4fze168
99942         C2021 03 06.79202 09 23 22.14 -07 02 27.3          14.9 Rq~4fze168
99942        1C2021 03 06.82025209 23 16.74 -07 01 00.4                V~4cu4246
99942        1C2021 03 06.82074709 23 16.60 -07 00 59.1                V~4cu4246
99942        1C2021 03 06.82090509 23 16.56 -07 00 58.6                V~4cu4246
99942        1C2021 03 06.82107809 23 16.51 -07 00 58.1                V~4cu4246
99942        1C2021 03 06.82127409 23 16.45 -07 00 57.7                V~4cu4246
99942        1C2021 03 06.82151709 23 16.39 -07 00 56.9                V~4cu4246
99942        KC2021 03 06.82638309 23 14.61 -07 00 40.8          15.3 GV~4fzeL54
99942         C2021 03 06.84095 09 23 11.26 -07 00 03.0          15.1 GV~4knZB72
99942         C2021 03 06.84236 09 23 10.86 -06 59 58.5          15.3 GV~4knZB72
99942        KC2021 03 06.84246 09 23 10.90 -06 59 57.1          15.0 Vq~5M9jL47
99942         C2021 03 06.84377 09 23 10.45 -06 59 54.6          15.2 GV~4knZB72
99942         C2021 03 06.84517 09 23 10.09 -06 59 50.7          15.1 GV~4knZB72
99942         C2021 03 06.84659 09 23 09.67 -06 59 46.6          15.3 GV~4knZB72
99942         C2021 03 06.84800 09 23 09.27 -06 59 42.6          15.3 GV~4knZB72
99942         C2021 03 06.84941 09 23 08.86 -06 59 38.4          15.4 GV~4knZB72
99942         C2021 03 06.85081 09 23 08.48 -06 59 34.6          15.4 GV~4knZB72
99942        KC2021 03 06.85124 09 23 08.22 -06 59 27.5          15.9 Vq~4cu4L47
99942         C2021 03 06.85221 09 23 08.08 -06 59 30.6          15.4 GV~4knZB72
99942         C2021 03 06.85362 09 23 07.69 -06 59 26.5          15.3 GV~4knZB72
99942         C2021 03 06.85454 09 23 06.70 -06 59 22.5          15.5 Vq~5I7M056
99942         C2021 03 06.85585 09 23 07.02 -06 59 19.6          15.4 GV~4knZB72
99942         C2021 03 06.85586 09 23 07.04 -06 59 20.0          15.1 GV~4knZB72
99942         C2021 03 06.85726 09 23 06.69 -06 59 16.2          15.2 GV~4knZB72
99942         C2021 03 06.85818 09 23 05.73 -06 59 12.3          15.5 Vq~5I7M056
99942         C2021 03 06.85867 09 23 06.29 -06 59 12.2          15.2 GV~4knZB72
99942         C2021 03 06.86008 09 23 05.87 -06 59 08.2          15.3 GV~4knZB72
99942         C2021 03 06.86183 09 23 04.69 -06 59 02.0          15.5 Vq~5I7M056
99942         C2021 03 06.86510 09 23 04.36 -06 58 53.4          15.2 GV~4cu4K74
99942         C2021 03 06.86547 09 23 03.69 -06 58 51.7          15.5 Vq~5I7M056
99942        KC2021 03 06.86651609 23 03.24 -06 58 46.0          15.3 GV~4fzeL54
99942         C2021 03 06.86743 09 23 03.69 -06 58 46.6          15.2 GV~4cu4K74
99942         C2021 03 06.86912 09 23 02.64 -06 58 41.3          15.5 Vq~5I7M056
99942         C2021 03 06.86975 09 23 03.05 -06 58 40.0          15.1 GV~4cu4K74
99942         C2021 03 06.87205 09 23 02.42 -06 58 33.4          15.3 GV~4cu4K74
99942         C2021 03 06.87436 09 23 01.74 -06 58 26.7          15.2 GV~4cu4K74
99942         C2021 03 06.89912 09 22 54.51 -06 57 12.9          14.5 Vq~4fzeL47
99942         C2021 03 06.89998 09 22 54.18 -06 57 07.9          15.2 Vq~5OYDL47
99942         C2021 03 06.90089 09 22 54.09 -06 57 07.5          15.3 Vq~4cu4L47
99942         C2021 03 06.90170 09 22 53.73 -06 57 03.5          15.4 Vq~5OYDL47
99942         C2021 03 06.90247 09 22 53.58 -06 57 02.9          15.3 Vq~4cu4L47
99942         C2021 03 06.90314 09 22 53.35 -06 56 59.6          15.2 Vq~4cu4L47
99942         C2021 03 06.90386 09 22 53.29 -06 56 57.0          15.4 Vq~4cu4L47
99942         C2021 03 06.90455 09 22 53.07 -06 56 54.5          15.0 Vq~4cu4L47
99942         C2021 03 06.90515 09 22 52.86 -06 56 55.8          15.4 Vq~5OYDL47
99942         C2021 03 06.90573 09 22 52.83 -06 56 50.7          14.5 Vq~4cu4L47
99942        KC2021 03 06.91881 09 22 47.50 -06 56 16.2          15.7 Vq~4cu4L76
99942        KC2021 03 06.92094 09 22 46.91 -06 56 10.0          15.7 Vq~4cu4L76
99942        KC2021 03 06.92316 09 22 46.29 -06 56 03.6          15.7 Vq~4cu4L76
99942         C2021 03 06.93662 09 22 44.11 -06 55 23.0          15.5 GV~4cu4L39
99942         C2021 03 06.93883 09 22 43.46 -06 55 16.9          15.5 GV~4cu4L39
99942         C2021 03 06.94104 09 22 42.82 -06 55 10.8          15.6 GV~4cu4L39
99942         C2021 03 06.94377 09 22 42.06 -06 55 02.6          15.5 GV~4cu4L39
99942        KC2021 03 06.94897609 22 40.33 -06 54 44.4          15.3 GV~5M9jL54
99942         C2021 03 07.02465 09 22 25.64 -06 50 19.0          15.7 R ~4fzeH78
99942         C2021 03 07.02570 09 22 25.32 -06 50 16.4          15.6 R ~4fzeH78
99942         C2021 03 07.02962 09 22 24.20 -06 50 04.8          16.0 R ~4fzeH78
99942         C2021 03 07.03241 09 22 23.43 -06 49 57.6          15.7 R ~4fzeH78
99942         C2021 03 07.03288 09 22 23.27 -06 49 55.7          16.0 R ~4fzeH78
99942         C2021 03 07.03475 09 22 22.75 -06 49 50.1          15.6 R ~4fzfH78
99942         C2021 03 07.03522 09 22 22.65 -06 49 49.6          16.1 R ~4fzfH78
99942        KC2021 03 07.03537709 22 22.25 -06 50 29.9          15.6 GV~4cu4W33
99942         C2021 03 07.03568 09 22 22.51 -06 49 48.5          15.6 R ~4fzfH78
99942         C2021 03 07.03615 09 22 22.43 -06 49 46.6          15.7 R ~4fzfH78
99942        KC2021 03 07.03663009 22 21.91 -06 50 26.1          15.6 GV~4cu4W33
99942         C2021 03 07.03755 09 22 21.97 -06 49 42.5          15.6 R ~4fzfH78
99942        KC2021 03 07.03788009 22 21.56 -06 50 22.7          15.6 GV~4cu4W33
99942         C2021 03 07.03802 09 22 21.84 -06 49 41.5          15.9 R ~4fzfH78
99942         C2021 03 07.03848 09 22 21.73 -06 49 39.8          15.8 R ~4fzfH78
99942         C2021 03 07.03895 09 22 21.60 -06 49 38.4          15.6 R ~4fzfH78
99942        KC2021 03 07.03914409 22 21.22 -06 50 19.2          15.6 GV~4cu4W33
99942         C2021 03 07.03942 09 22 21.46 -06 49 37.3          15.5 R ~4fzfH78
99942         C2021 03 07.03989 09 22 21.34 -06 49 36.0          15.8 R ~4fzfH78
99942        KC2021 03 07.04039109 22 20.86 -06 50 15.6          15.6 GV~4cu4W33
99942        KC2021 03 07.04166109 22 20.49 -06 50 11.9          15.6 GV~4cu4W33
99942        KC2021 03 07.04291109 22 20.15 -06 50 08.5          15.6 GV~4cu4W33
99942        KC2021 03 07.04420909 22 19.79 -06 50 04.7          15.6 GV~4cu4W33
99942        KC2021 03 07.04553509 22 19.41 -06 50 01.1          15.6 GV~4cu4W33
99942        KC2021 03 07.04677609 22 19.07 -06 49 57.5          15.6 GV~4cu4W33
99942        KC2021 03 07.06053 09 22 13.92 -06 48 32.8          15.8 Vq~6Uu6X33
99942        KC2021 03 07.06208 09 22 13.47 -06 48 28.3          15.8 Vq~6Uu6X33
99942         C2021 03 07.06325509 22 08.95 -06 49 19.5                V~4fzf204
99942        KC2021 03 07.06362 09 22 13.03 -06 48 24.0          15.8 Vq~6Uu6X33
99942         C2021 03 07.06490 09 22 12.37 -06 47 39.2                q~4fzf834
99942         C2021 03 07.06649609 22 08.08 -06 49 09.9          15.5 GV~4fzf204
99942         C2021 03 07.06996809 22 07.12 -06 48 59.8                V~4fzf204
99942         C2021 03 07.08574 09 22 06.36 -06 46 39.5                q~4fzf834
99942        KC2021 03 07.11064409 22 01.01 -06 46 55.7          15.4 GV~4cu4W33
99942        KC2021 03 07.11572209 21 59.56 -06 46 41.1          15.4 GV~4cu4W33
99942         C2021 03 07.11645 09 21 59.74 -06 46 47.1          14.9 Rq~4cu4726
99942        KC2021 03 07.12078509 21 58.12 -06 46 26.6          15.4 GV~4cu4W33
99942         C2021 03 07.12226 09 21 58.11 -06 46 30.7          14.9 Rq~4cu4726
99942         C2021 03 07.12576 09 21 57.10 -06 46 20.6          14.8 Rq~5M9j726
99942        KC2021 03 07.12586009 21 56.67 -06 46 12.0          15.3 GV~4cu4W33
99942        KC2021 03 07.12634109 21 58.83 -06 46 07.1          15.5 Vq~4fzfU76
99942        KC2021 03 07.13088209 21 55.24 -06 45 57.7          15.4 GV~4cu4W33
99942        KC2021 03 07.13234109 21 57.16 -06 45 50.1          15.5 Vq~4fzfU76
99942        KC2021 03 07.13591709 21 53.80 -06 45 43.2          15.3 GV~4cu4W33
99942        KC2021 03 07.13814409 21 55.53 -06 45 33.6          15.4 Vq~4fzfU76
99942        KC2021 03 07.14093609 21 52.37 -06 45 28.9          15.3 GV~4cu4W33
99942        KC2021 03 07.14598009 21 50.92 -06 45 14.4          15.3 GV~4cu4W33
99942        KC2021 03 07.15101109 21 49.48 -06 45 00.0          15.3 GV~4cu4W33
99942        KC2021 03 07.15603409 21 48.05 -06 44 45.3          15.3 GV~4cu4W33
99942        KC2021 03 07.20456309 21 36.88 -06 42 24.7          15.2 GV~4fzfU72
99942        KC2021 03 07.24078409 21 26.54 -06 40 40.9          15.2 GV~4fzfU72
99942         S2021 03 07.24719409 21 22.727-06 40 18.50               X~7mQR275
99942         s2021 03 07.2471941 - 1585.5850 - 1216.4810 + 3799.3020   ~7mQR275
99942        KC2021 03 07.27693209 21 16.22 -06 38 57.0          15.2 GV~4fzfU72
99942         C2021 03 07.38450609 20 48.23 -06 33 30.6          15.06oV~4fzfT08
99942         C2021 03 07.38819609 20 47.15 -06 33 20.0          15.05oV~4fzfT08
99942        1C2021 03 07.38851 09 20 43.79 -06 33 21.3          15.7  Y~4fzfV26
99942         C2021 03 07.39835909 20 44.22 -06 32 50.6          15.09oV~4fzfT08
99942        1C2021 03 07.39921 09 20 40.84 -06 32 49.7          15.0  Y~4fzfV26
99942        1C2021 03 07.43016 09 20 32.58 -06 31 19.2          15.4  Y~4fzfV26
99942        1C2021 03 07.44105 09 20 29.68 -06 30 47.3          15.5 GY~4fzfV26
99942         C2021 03 07.51247 09 20 16.60 -06 27 42.8          15.8 Vq~4fzfD95
99942         C2021 03 07.51538 09 20 15.78 -06 27 34.5          15.8 Vq~4fzfD95
99942         C2021 03 07.51830 09 20 14.95 -06 27 26.1          15.7 Vq~4fzfD95
99942         C2021 03 07.51975 09 20 14.54 -06 27 21.9          15.8 Vq~4fzfD95
99942        1C2021 03 07.66853 09 19 38.93 -06 20 15.6          15.9 GV~4fzfC40
99942        1C2021 03 07.69534 09 19 31.66 -06 18 58.5          16.0 GV~4fzfC40
99942        1C2021 03 07.69640 09 19 31.38 -06 18 55.5          16.0 GV~4fzfC40
99942        1C2021 03 07.69962 09 19 30.49 -06 18 46.4          16.0 GV~4fzfC40
99942        1C2021 03 07.70068 09 19 30.21 -06 18 43.3          16.0 GV~4fzfC40
99942        1C2021 03 07.70176 09 19 29.91 -06 18 40.1          16.0 GV~4fzfC40
99942        1C2021 03 07.71461 09 19 26.39 -06 18 03.3          16.0 GV~4fzfC40
99942        KC2021 03 07.72249 09 19 24.13 -06 17 42.7          15.8 Vq~4fzfL76
99942        KC2021 03 07.72425 09 19 23.64 -06 17 37.7          15.7 Vq~4fzfL76
99942        KC2021 03 07.72600 09 19 23.17 -06 17 32.6          15.7 Vq~4fzfL76
99942        1C2021 03 07.73022 09 19 22.09 -06 17 18.4          15.9 GV~4fzfC40
99942        1C2021 03 07.73236 09 19 21.50 -06 17 12.5          16.0 GV~4fzfC40
99942        1C2021 03 07.73450 09 19 20.91 -06 17 06.2          16.0 GV~4fzfC40
99942        1C2021 03 07.73664 09 19 20.32 -06 17 00.1          16.0 GV~4fzfC40
99942        1C2021 03 07.74200 09 19 18.84 -06 16 44.7          15.9 GV~4fzfC40
99942        1C2021 03 07.74414 09 19 18.25 -06 16 38.5          16.0 GV~4fzfC40
99942        1C2021 03 07.75302 09 19 15.79 -06 16 13.1          16.0 GV~4fzfC40
99942         C2021 03 07.75377 09 19 14.76 -06 15 50.5          15.3 Vq~4fzfM44
99942         C2021 03 07.75452 09 19 14.05 -06 16 18.3          15.6 Rq~4fzf168
99942         C2021 03 07.75678 09 19 13.88 -06 15 41.8          15.3 Vq~4fzfM44
99942        8C2021 03 07.75880 09 19 14.50 -06 15 55.7          15.6 GV~4fzf094
99942        8C2021 03 07.75950 09 19 14.33 -06 15 53.7          15.6 GV~4fzf094
99942         C2021 03 07.76082 09 19 12.74 -06 15 29.9          15.2 Vq~4fzfM44
99942         C2021 03 07.76563 09 19 11.01 -06 15 46.2          15.4 Rq~4fzf168
99942        1C2021 03 07.76909 09 19 11.33 -06 15 26.9          15.9 GV~4fzfC40
99942         C2021 03 07.77674 09 19 07.96 -06 15 14.0          15.5 Rq~4fzf168
99942        1C2021 03 07.78237 09 19 07.64 -06 14 48.6          15.8 GV~4fzfC40
99942        1C2021 03 07.78345 09 19 07.35 -06 14 45.5          15.9 GV~4fzfC40
99942         C2021 03 07.78368 09 19 06.08 -06 14 54.0          15.5 Rq~4fzf168
99942        1C2021 03 07.78451 09 19 07.05 -06 14 42.4          15.8 GV~4fzfC40
99942         C2021 03 07.79063 09 19 04.18 -06 14 33.8          15.4 Rq~4fzf168
99942        1C2021 03 07.80603 09 19 01.06 -06 13 40.4          15.9 GV~4fzfC40
99942        1C2021 03 07.80708 09 19 00.76 -06 13 37.2          15.8 GV~4fzfC40
99942        KC2021 03 07.81142409 19 00.53 -06 13 25.0          15.4 GV~4fzfL54
99942        8C2021 03 07.81249 09 18 59.59 -06 13 21.6          15.5 GV~4fzf094
99942        KC2021 03 07.81256 09 19 02.19 -06 13 11.8          15.6 GV~4fzfJ37
99942        KC2021 03 07.82549 09 18 58.65 -06 12 35.2          15.4 GV~4fzfJ37
99942        KC2021 03 07.84524 09 18 53.20 -06 11 38.6          15.1 GV~4fzfJ37
99942        KC2021 03 07.85353 09 18 50.90 -06 11 14.5          15.0 GV~4fzfJ37
99942        KC2021 03 07.85768 09 18 49.75 -06 11 02.7          15.4 GV~4fzfJ37
99942        KC2021 03 07.86183 09 18 48.62 -06 10 50.7          15.2 GV~4fzfJ37
99942         C2021 03 07.86328 09 18 46.87 -06 10 58.6          16.1 GV~4fzfK87
99942        KC2021 03 07.86698 09 18 47.20 -06 10 35.9          15.2 GV~4fzfJ37
99942         C2021 03 07.86725 09 18 45.79 -06 10 47.2          16.2 GV~4fzfK87
99942         C2021 03 07.87388 09 18 43.95 -06 10 27.9          15.3 GV~4fzfK87
99942         C2021 03 07.87428 09 18 44.15 -06 10 21.3          15.0 Vv~4fzfA77
99942        8C2021 03 07.88317 09 18 39.93 -06 09 56.6          15.3 GV~4fzf094
99942        KC2021 03 07.88376109 18 40.44 -06 09 56.3          15.3 GV~4fzfL54
99942         C2021 03 07.88771 09 18 40.42 -06 09 42.6          14.8 Vv~4fzfA77
99942         C2021 03 07.89466 09 18 38.48 -06 09 22.6          14.9 Vv~4fzfA77
99942         C2021 03 07.90160 09 18 36.55 -06 09 02.5          14.9 Vv~4fzfA77
99942        KC2021 03 07.95605509 18 20.51 -06 06 25.9          15.3 GV~4fzfL54
99942        KC2021 03 08.01156 09 18 11.06 -06 03 40.7          14.9 RS~4fzf932
99942        KC2021 03 08.02026 09 18 08.68 -06 03 16.0          15.0 RS~4fzf932
99942        KC2021 03 08.03192 09 18 05.48 -06 02 42.3          15.0 RS~4fzf932
99942         C2021 03 08.11547 09 17 42.80 -05 58 35.7          15.3 GV~4fzfW50
99942         C2021 03 08.11751 09 17 42.19 -05 58 29.6          15.3 GV~4fzfW50
99942         C2021 03 08.11854 09 17 41.91 -05 58 26.8          15.3 GV~4fzfW50
99942         C2021 03 08.12358 09 17 40.47 -05 58 11.9          15.3 GV~4fzfW50
99942         C2021 03 08.12499 09 17 40.13 -05 58 08.0          15.3 GV~4fzfW50
99942         C2021 03 08.12623 09 17 39.79 -05 58 04.5          15.3 GV~4fzfW50
99942         C2021 03 08.12822 09 17 39.22 -05 57 58.7          15.3 GV~4fzfW50
99942         C2021 03 08.13008 09 17 38.69 -05 57 53.3          15.3 GV~4fzfW50
99942         C2021 03 08.13116 09 17 38.41 -05 57 50.4          15.3 GV~4fzfW50
99942         C2021 03 08.13218 09 17 38.10 -05 57 47.2          15.3 GV~4fzfW50
99942         C2021 03 08.13319 09 17 37.81 -05 57 44.3          15.3 GV~4fzfW50
99942         C2021 03 08.13421 09 17 37.52 -05 57 41.3          15.3 GV~4fzfW50
99942         C2021 03 08.13524 09 17 37.25 -05 57 38.5          15.3 GV~4fzfW50
99942         C2021 03 08.13644 09 17 36.89 -05 57 34.8          15.3 GV~4fzfW50
99942         C2021 03 08.13753 09 17 36.58 -05 57 31.7          15.3 GV~4fzfW50
99942        1C2021 03 08.20976 09 17 18.48 -05 53 49.9          16.0  Y~4fzfV26
99942        1C2021 03 08.22045 09 17 15.44 -05 53 18.9          16.2  Y~4fzfV26
99942        1C2021 03 08.23795 09 17 10.51 -05 52 28.1          16.2  Y~4fzfV26
99942        1C2021 03 08.25059 09 17 06.94 -05 51 51.4          14.6  Y~4fzfV26
99942        1C2021 03 08.26809 09 17 02.01 -05 51 00.5          16.1  Y~4fzfV26
99942        1C2021 03 08.29998 09 16 53.06 -05 49 27.3          15.8  Y~4fzfV26
99942        1C2021 03 08.31164 09 16 49.82 -05 48 53.2          16.1 GY~4fzfV26
99942         C2021 03 08.54634 09 15 52.93 -05 37 47.4          15.4 Vq~4fzfD95
99942         C2021 03 08.54925 09 15 52.13 -05 37 39.0          15.3 Vq~4fzfD95
99942         C2021 03 08.55508 09 15 50.52 -05 37 22.0          15.5 Vq~4fzfD95
99942         C2021 03 08.55580 09 15 50.32 -05 37 19.9          15.4 Vq~4fzfD95
99942         C2021 03 08.69150 09 15 19.00 -05 30 28.0          15.5 Vq~4fzfC97
99942         C2021 03 08.69199 09 15 18.86 -05 30 26.5          15.5 Vq~4fzfC97
99942         C2021 03 08.69248 09 15 18.73 -05 30 25.2          15.5 Vq~4fzfC97
99942         C2021 03 08.69297 09 15 18.59 -05 30 23.8          15.5 Vq~4fzfC97
99942         C2021 03 08.69346 09 15 18.44 -05 30 22.2          15.6 Vq~4fzfC97
99942         C2021 03 08.69395 09 15 18.31 -05 30 21.0          15.5 Vq~4fzfC97
99942         C2021 03 08.69444 09 15 18.18 -05 30 19.5          15.5 Vq~4fzfC97
99942         C2021 03 08.73072 09 15 08.30 -05 28 35.2          14.9 Vq~4fzfM44
99942         C2021 03 08.74226 09 15 05.08 -05 28 01.7          14.9 Vq~4fzfM44
99942         C2021 03 08.74539 09 15 04.21 -05 27 51.8          14.9 Vq~4fzfM44
99942        5C2021 03 08.77423 09 14 57.91 -05 26 41.7          15.1 VV~4fzfA84
99942        5C2021 03 08.77550 09 14 57.57 -05 26 38.2          15.1 VV~4fzfA84
99942        5C2021 03 08.77677 09 14 57.23 -05 26 34.5          15.1 VV~4fzfA84
99942        5C2021 03 08.77804 09 14 56.88 -05 26 30.9          15.1 VV~4fzfA84
99942        5C2021 03 08.77931 09 14 56.52 -05 26 27.2          15.2 VV~4fzfA84
99942        5C2021 03 08.78058 09 14 56.19 -05 26 23.6          15.1 VV~4fzfA84
99942        5C2021 03 08.78185 09 14 55.83 -05 26 19.8          15.2 VV~4fzfA84
99942        5C2021 03 08.78312 09 14 55.48 -05 26 16.1          15.2 VV~4fzfA84
99942        5C2021 03 08.78439 09 14 55.14 -05 26 12.6          15.2 VV~4fzfA84
99942        5C2021 03 08.78566 09 14 54.79 -05 26 08.9          15.2 VV~4fzfA84
99942        5C2021 03 08.78693 09 14 54.44 -05 26 05.2          15.2 VV~4fzfA84
99942        5C2021 03 08.78820 09 14 54.09 -05 26 01.5          15.2 VV~4fzfA84
99942        5C2021 03 08.78947 09 14 53.75 -05 25 57.8          15.1 VV~4fzfA84
99942        KC2021 03 08.78962009 14 54.51 -05 26 04.4          15.5 GV~4fzfL01
99942        5C2021 03 08.79073 09 14 53.40 -05 25 54.1          15.2 VV~4fzfA84
99942        5C2021 03 08.79201 09 14 53.05 -05 25 50.5          15.2 VV~4fzfA84
99942        KC2021 03 08.79220509 14 53.81 -05 25 57.0          15.5 GV~4fzfL01
99942        KC2021 03 08.79522809 14 52.99 -05 25 48.2          15.5 GV~4fzfL01
99942        KC2021 03 08.79782809 14 52.30 -05 25 40.6          15.5 GV~4fzfL01
99942        5C2021 03 08.80090 09 14 50.61 -05 25 24.7          15.2 VV~4fzfA84
99942        KC2021 03 08.80107409 14 51.42 -05 25 31.4          15.5 GV~4fzfL01
99942        5C2021 03 08.80217 09 14 50.27 -05 25 21.0          15.2 VV~4fzfA84
99942        5C2021 03 08.80344 09 14 49.92 -05 25 17.3          15.2 VV~4fzfA84
99942        5C2021 03 08.80471 09 14 49.57 -05 25 13.8          15.2 VV~4fzfA84
99942        5C2021 03 08.80598 09 14 49.22 -05 25 10.0          15.2 VV~4fzfA84
99942        5C2021 03 08.80725 09 14 48.87 -05 25 06.3          15.2 VV~4fzfA84
99942        5C2021 03 08.80852 09 14 48.51 -05 25 02.6          15.2 VV~4fzfA84
99942        5C2021 03 08.80979 09 14 48.17 -05 24 59.0          15.2 VV~4fzfA84
99942        5C2021 03 08.81106 09 14 47.86 -05 24 55.8          15.2 VV~4fzfA84
99942        5C2021 03 08.81233 09 14 47.47 -05 24 51.6          15.2 VV~4fzfA84
99942        5C2021 03 08.81360 09 14 47.11 -05 24 47.9          15.2 VV~4fzfA84
99942        KC2021 03 08.81367609 14 47.45 -05 24 55.5          15.6 GV~4h84L54
99942        5C2021 03 08.81487 09 14 46.77 -05 24 44.1          15.2 VV~4fzfA84
99942        5C2021 03 08.81614 09 14 46.42 -05 24 40.4          15.2 VV~4fzfA84
99942        5C2021 03 08.81741 09 14 46.07 -05 24 36.8          15.2 VV~4fzfA84
99942        5C2021 03 08.81868 09 14 45.71 -05 24 33.1          15.2 VV~4fzfA84
99942        5C2021 03 08.81995 09 14 45.37 -05 24 29.5          15.2 VV~4fzfA84
99942        5C2021 03 08.82122 09 14 45.02 -05 24 25.7          15.2 VV~4fzfA84
99942        5C2021 03 08.82249 09 14 44.67 -05 24 22.0          15.2 VV~4fzfA84
99942        5C2021 03 08.82376 09 14 44.33 -05 24 18.3          15.2 VV~4fzfA84
99942        5C2021 03 08.82503 09 14 43.97 -05 24 14.7          15.2 VV~4fzfA84
99942        5C2021 03 08.82939 09 14 42.77 -05 24 02.0          15.2 VV~4fzfA84
99942        KC2021 03 08.82949 09 14 43.57 -05 24 14.0          15.5 GV~4fzfC43
99942         C2021 03 08.83049 09 14 43.56 -05 24 09.9          15.5 GV~4fzfK74
99942        5C2021 03 08.83065 09 14 42.44 -05 23 58.7          15.3 VV~4fzfA84
99942        5C2021 03 08.83253 09 14 41.90 -05 23 52.8          15.2 VV~4fzfA84
99942         C2021 03 08.83260 09 14 43.00 -05 24 03.6          15.4 GV~4fzfK74
99942        5C2021 03 08.83379 09 14 41.55 -05 23 49.0          15.2 VV~4fzfA84
99942         C2021 03 08.83383009 14 42.46 -05 24 00.9          15.5 GV~4fzfG34
99942         C2021 03 08.83473 09 14 42.42 -05 23 57.5          15.4 GV~4fzfK74
99942        5C2021 03 08.83505 09 14 41.20 -05 23 45.4          15.2 VV~4fzfA84
99942        5C2021 03 08.83632 09 14 40.85 -05 23 41.6          15.2 VV~4fzfA84
99942         C2021 03 08.83685 09 14 41.85 -05 23 51.4          15.6 GV~4fzfK74
99942         C2021 03 08.83709609 14 41.60 -05 23 51.6          15.5 GV~4fzfG34
99942        5C2021 03 08.83759 09 14 40.52 -05 23 38.0          15.2 VV~4fzfA84
99942        5C2021 03 08.83886 09 14 40.14 -05 23 34.2          15.2 VV~4fzfA84
99942        5C2021 03 08.84013 09 14 39.80 -05 23 30.5          15.2 VV~4fzfA84
99942         C2021 03 08.84036209 14 40.70 -05 23 41.8          15.4 GV~4fzfG34
99942        5C2021 03 08.84140 09 14 39.46 -05 23 26.9          15.2 VV~4fzfA84
99942        KC2021 03 08.84252 09 14 40.07 -05 23 36.1          15.5 GV~4fzfC43
99942        5C2021 03 08.84267 09 14 39.11 -05 23 23.3          15.2 VV~4fzfA84
99942         C2021 03 08.84362809 14 39.85 -05 23 30.6          15.9 GV~4fzfG34
99942         C2021 03 08.84689609 14 38.94 -05 23 23.2          15.5 GV~4fzfG34
99942         C2021 03 08.85016409 14 38.05 -05 23 13.5          15.6 GV~4fzfG34
99942        KC2021 03 08.89693909 14 24.84 -05 20 52.6          15.6 GV~4h84L54
99942         C2021 03 08.90895 09 14 21.84 -05 20 20.8          15.8 Vq~5I7M056
99942         C2021 03 08.91221 09 14 20.94 -05 20 11.2          15.8 Vq~5I7M056
99942         C2021 03 08.91546 09 14 20.07 -05 20 01.9          15.8 Vq~5I7M056
99942         C2021 03 08.91872 09 14 19.18 -05 19 52.1          15.8 Vq~5I7M056
99942        KC2021 03 08.91949109 14 20.20 -05 19 51.9          15.6 GV~4fzfZ80
99942         C2021 03 08.92197 09 14 18.32 -05 19 42.7          15.9 Vq~5I7M056
99942        KC2021 03 08.92296309 14 19.24 -05 19 42.0          15.7 GV~4fzfZ80
99942         C2021 03 08.92522 09 14 17.43 -05 19 33.4          15.9 Vq~5I7M056
99942        KC2021 03 08.92643509 14 18.30 -05 19 31.7          15.7 GV~4fzfZ80
99942        KC2021 03 08.98060309 14 02.38 -05 16 47.9          15.7 GV~4h84L54
99942         C2021 03 09.10814 09 13 34.16 -05 10 28.0          15.4 GV~4fzfW50
99942         C2021 03 09.10916 09 13 33.89 -05 10 25.0          15.3 GV~4fzfW50
99942         C2021 03 09.11039 09 13 33.54 -05 10 21.5          15.3 GV~4fzfW50
99942         C2021 03 09.11140 09 13 33.26 -05 10 18.4          15.3 GV~4fzfW50
99942         C2021 03 09.11242 09 13 33.00 -05 10 15.5          15.4 GV~4fzfW50
99942         C2021 03 09.11410 09 13 32.55 -05 10 10.7          15.4 GV~4fzfW50
99942         C2021 03 09.11522 09 13 32.22 -05 10 07.4          15.4 GV~4fzfW50
99942         C2021 03 09.11631 09 13 31.93 -05 10 04.2          15.3 GV~4fzfW50
99942         C2021 03 09.11817 09 13 31.41 -05 09 58.7          15.4 GV~4fzfW50
99942         C2021 03 09.11919 09 13 31.15 -05 09 56.0          15.4 GV~4fzfW50
99942         C2021 03 09.12023 09 13 30.87 -05 09 52.9          15.3 GV~4fzfW50
99942         C2021 03 09.12125 09 13 30.55 -05 09 49.7          15.3 GV~4fzfW50
99942         C2021 03 09.12238 09 13 30.25 -05 09 46.4          15.3 GV~4fzfW50
99942         C2021 03 09.12448 09 13 29.69 -05 09 40.5          15.3 GV~4fzfW50
99942         C2021 03 09.12551 09 13 29.42 -05 09 37.5          15.3 GV~4fzfW50
99942         C2021 03 09.12694 09 13 28.98 -05 09 33.2          15.3 GV~4fzfW50
99942         C2021 03 09.12891 09 13 28.48 -05 09 27.5          15.4 GV~4fzfW50
99942         C2021 03 09.12998 09 13 28.20 -05 09 24.4          15.3 GV~4fzfW50
99942         C2021 03 09.13100 09 13 27.89 -05 09 21.4          15.3 GV~4fzfW50
99942         C2021 03 09.13219 09 13 27.55 -05 09 18.0          15.3 GV~4fzfW50
99942         C2021 03 09.13331 09 13 27.26 -05 09 14.7          15.3 GV~4fzfW50
99942         C2021 03 09.13440 09 13 26.93 -05 09 11.3          15.3 GV~4fzfW50
99942         C2021 03 09.13591 09 13 26.56 -05 09 07.2          15.3 GV~4fzfW50
99942         C2021 03 09.13694 09 13 26.27 -05 09 04.1          15.3 GV~4fzgW50
99942         C2021 03 09.13795 09 13 25.98 -05 09 01.1          15.3 GV~4fzgW50
99942        KC2021 03 09.60126 09 11 33.71 -04 46 40.9          15.6 GV~4fzgN82
99942        KC2021 03 09.61677 09 11 29.63 -04 45 55.7          15.7 GV~4fzgN82
99942        KC2021 03 09.63227 09 11 25.56 -04 45 10.6          15.6 GV~4fzgN82
99942         C2021 03 09.68644 09 11 13.41 -04 42 05.5          15.7 Vq~4fzgC97
99942         C2021 03 09.68693 09 11 13.28 -04 42 04.1          15.8 Vq~4fzgC97
99942         C2021 03 09.68742 09 11 13.15 -04 42 02.7          15.6 Vq~4fzgC97
99942         C2021 03 09.68790 09 11 13.01 -04 42 01.3          15.7 Vq~4fzgC97
99942         C2021 03 09.68839 09 11 12.89 -04 41 59.8          15.7 Vq~4fzgC97
99942         C2021 03 09.68888 09 11 12.75 -04 41 58.3          15.7 Vq~4fzgC97
99942         C2021 03 09.68937 09 11 12.63 -04 41 57.0          15.7 Vq~4fzgC97
99942         C2021 03 09.68986 09 11 12.54 -04 41 55.6          15.7 Vq~4fzgC97
99942        8C2021 03 09.71844 09 11 05.86 -04 40 53.5          15.6 GV~4fzg094
99942         C2021 03 09.73016 09 11 01.72 -04 39 58.8          15.3 Vq~4fzgM44
99942        8C2021 03 09.73832 09 11 00.64 -04 39 55.8          15.5 GV~4fzg094
99942         C2021 03 09.73914 09 10 59.34 -04 39 32.9          15.3 Vq~4fzgM44
99942        8C2021 03 09.74684 09 10 58.38 -04 39 31.1          15.4 GV~4fzg094
99942        8C2021 03 09.74897 09 10 57.82 -04 39 24.9          15.5 GV~4fzg094
99942         C2021 03 09.75168 09 10 55.91 -04 38 56.4          15.3 Vq~4fzgM44
99942         C2021 03 09.85999 09 10 28.96 -04 34 09.1          15.1 Ru~4h84152
99942         C2021 03 09.86150 09 10 28.56 -04 34 04.6          15.0 Ro~4fzg152
99942         C2021 03 09.86222 09 10 28.38 -04 34 02.8          14.9 Ro~4fzg152
99942         C2021 03 09.86294 09 10 28.19 -04 34 00.5          15.0 Ru~4h84152
99942         C2021 03 09.86366 09 10 27.99 -04 33 58.3          15.0 Ru~4h84152
99942         C2021 03 09.86437 09 10 27.82 -04 33 56.2          15.2 Ru~4h84152
99942         C2021 03 09.87231 09 10 25.75 -04 33 33.2          15.1 Ru~4h84152
99942         C2021 03 09.87303 09 10 25.56 -04 33 30.8          15.0 Ru~4h84152
99942        KC2021 03 09.87531 09 10 25.55 -04 33 21.6          15.2 GV~4fzgC43
99942        \C2021 03 09.87547 09 10 27.86 -04 32 58.2          15.7 GV~4fzgG40
99942        \C2021 03 09.87638 09 10 27.61 -04 32 55.6          14.8 GV~4fzgG40
99942         C2021 03 09.87877 09 10 24.06 -04 33 14.0          15.0 Ru~4h84152
99942         C2021 03 09.87949 09 10 23.87 -04 33 12.1          15.0 Ro~4fzg152
99942         C2021 03 09.88021 09 10 23.68 -04 33 10.0          15.0 Ro~4fzg152
99942         C2021 03 09.88093 09 10 23.51 -04 33 07.8          15.0 Ru~4h84152
99942         C2021 03 09.88164 09 10 23.32 -04 33 05.6          15.0 Ru~4h84152
99942         C2021 03 09.88670 09 10 21.99 -04 32 50.8          15.0 Ru~4h84152
99942        KC2021 03 09.88876 09 10 22.01 -04 32 42.3          15.3 GV~4fzgC43
99942         C2021 03 09.90881 09 10 16.25 -04 31 46.1          15.0 Ro~4fzg152
99942         C2021 03 09.90953 09 10 16.08 -04 31 44.2          15.0 Ro~4fzg152
99942         C2021 03 09.92100 09 10 13.10 -04 31 10.4          15.0 Ro~4fzg152
99942         C2021 03 09.92171 09 10 12.90 -04 31 08.3          14.9 Ro~4fzg152
99942         C2021 03 09.93103 09 10 10.51 -04 30 41.1          15.0 Ro~4fzg152
99942         C2021 03 09.93174 09 10 10.34 -04 30 39.1          14.9 Ro~4fzg152
99942        +C2021 03 10.03106 09 09 49.97 -04 24 04.5          15.4 GV~4fzgW88
99942        +C2021 03 10.03248 09 09 49.60 -04 24 00.4          15.3 GV~4fzgW88
99942         C2021 03 10.03694 09 09 47.55 -04 23 46.3                q~4fzg834
99942        KC2021 03 10.05803 09 09 42.85 -04 24 18.7          15.0 RS~4fzg932
99942         C2021 03 10.06249 09 09 40.71 -04 22 31.7                q~4fzg834
99942        KC2021 03 10.07855 09 09 37.42 -04 23 18.7          15.2 RS~4fzg932
99942        KC2021 03 10.12061 09 09 26.26 -04 21 15.9          15.4 RS~4fzg932
99942         C2021 03 10.44756 09 08 10.72 -04 05 10.5          14.4 Rt~5KO2P66
99942         C2021 03 10.44791 09 08 10.72 -04 05 10.6          14.4 Rt~4fzgP66
99942         C2021 03 10.46523 09 08 06.13 -04 04 19.1          14.5 Rt~5KO2P66
99942         C2021 03 10.46558 09 08 06.13 -04 04 19.1          14.4 Rt~4fzgP66
99942         C2021 03 10.47604 09 08 02.55 -04 03 51.0          15.3 Vq~4fzgQ21
99942         C2021 03 10.47709 09 08 02.27 -04 03 48.4          14.5 Vq~4fzgQ21
99942         C2021 03 10.48128 09 08 01.15 -04 03 35.6          15.3 Vq~4fzgQ21
99942         C2021 03 10.48338 09 08 00.63 -04 03 30.0          15.3 Vq~4fzgQ21
99942         C2021 03 10.48354 09 08 01.34 -04 03 25.8          14.5 Rt~5KO2P66
99942         C2021 03 10.48389 09 08 01.34 -04 03 25.9          14.5 Rt~4fzgP66
99942         C2021 03 10.48653 09 07 59.75 -04 03 20.7          15.4 Vq~4fzgQ21
99942         C2021 03 10.48968 09 07 58.91 -04 03 11.3          15.3 Vq~4fzgQ21
99942         C2021 03 10.49598 09 07 57.28 -04 02 52.7          15.4 Vq~4fzgQ21
99942         C2021 03 10.50183 09 07 56.53 -04 02 32.4          14.2 Rt~5KO2P66
99942         C2021 03 10.50218 09 07 56.53 -04 02 32.4          14.3 Rt~4fzgP66
99942         C2021 03 10.52020 09 07 51.69 -04 01 38.9          14.7 Rt~5KO2P66
99942         C2021 03 10.52054 09 07 51.70 -04 01 38.9          14.6 Rt~4fzgP66
99942         C2021 03 10.53852 09 07 46.86 -04 00 45.4          14.6 Rt~5KO2P66
99942         C2021 03 10.53887 09 07 46.86 -04 00 45.4          14.5 Rt~4fzgP66
99942         C2021 03 10.55681 09 07 42.03 -03 59 52.0          14.6 Rt~5KO2P66
99942         C2021 03 10.55715 09 07 42.03 -03 59 52.0          14.6 Rt~4fzgP66
99942         C2021 03 10.57524 09 07 37.16 -03 58 58.1          14.6 Rt~5KO2P66
99942         C2021 03 10.57559 09 07 37.16 -03 58 58.1          14.6 Rt~4fzgP66
99942        KC2021 03 10.58761 09 07 36.47 -03 58 36.8          15.1 GV~4fzgN82
99942         C2021 03 10.59353 09 07 32.33 -03 58 04.5          14.5 Rt~5KO2P66
99942         C2021 03 10.59388 09 07 32.33 -03 58 04.5          14.5 Rt~4fzgP66
99942        KC2021 03 10.60314 09 07 32.50 -03 57 51.8          15.2 GV~4fzgN82
99942         C2021 03 10.61182 09 07 27.52 -03 57 10.9          14.6 Rt~5KO2P66
99942         C2021 03 10.61216 09 07 27.52 -03 57 10.9          14.6 Rt~4fzgP66
99942        KC2021 03 10.61867 09 07 28.54 -03 57 06.4          15.2 GV~4fzgN82
99942         C2021 03 10.62863 09 07 23.12 -03 56 21.5          14.6 Rt~5KO2P66
99942         C2021 03 10.62898 09 07 23.12 -03 56 21.5          14.6 Rt~4fzgP66
99942         C2021 03 10.72793 09 07 02.49 -03 51 21.4          15.3 Vq~4fzgM44
99942         C2021 03 10.73825 09 06 59.70 -03 50 51.2          15.1 Vq~4fzgM44
99942         C2021 03 10.74954 09 06 56.72 -03 50 17.3          15.5 Vq~4fzgM44
99942         C2021 03 10.77513 09 06 52.29 -03 49 28.0                Y~4knZ557
99942        KC2021 03 10.78508 09 06 50.45 -03 48 53.9          15.9 GV~4fzgK19
99942        KC2021 03 10.78880 09 06 49.50 -03 48 42.8          15.9 GV~4fzgK19
99942        KC2021 03 10.79228 09 06 48.11 -03 48 30.0          16.0 Vq~4fzgK73
99942        KC2021 03 10.79322 09 06 47.96 -03 48 28.3          15.6 Vq~4fzgL47
99942        KC2021 03 10.79624 09 06 47.09 -03 48 18.3          16.1 Vq~4fzgK73
99942        KC2021 03 10.80001 09 06 46.07 -03 48 07.8          16.2 Vq~4fzgK73
99942        KC2021 03 10.80126 09 06 45.89 -03 48 07.1          15.9 Vq~4fzgL47
99942         C2021 03 10.81041 09 06 43.32 -03 47 44.5          15.9 GV~4fzgC47
99942        KC2021 03 10.81306 09 06 42.89 -03 47 31.0          15.5 Vq~4fzgL47
99942         C2021 03 10.81355 09 06 43.35 -03 47 29.0          15.9 GV~4fzgC35
99942         C2021 03 10.81375 09 06 41.79 -03 47 39.6          15.7 Ru~4fzg152
99942         C2021 03 10.81428 09 06 41.64 -03 47 37.7          15.4 Ru~4fzg152
99942         C2021 03 10.81483 09 06 41.50 -03 47 36.1          15.5 Ru~4h84152
99942         C2021 03 10.81537 09 06 41.38 -03 47 35.0          15.7 Ru~4fzg152
99942         C2021 03 10.81580 09 06 41.95 -03 47 29.4                Y~4knZ557
99942         C2021 03 10.81591 09 06 41.25 -03 47 33.8          15.4 Ru~4fzg152
99942         C2021 03 10.81645 09 06 41.11 -03 47 31.8          15.8 Ru~4h84152
99942         C2021 03 10.81648 09 06 42.70 -03 47 20.3          15.9 GV~4fzgC35
99942         C2021 03 10.81779 09 06 41.43 -03 47 22.8          16.0 GV~4fzgC47
99942         C2021 03 10.82517 09 06 39.55 -03 47 01.2          15.9 GV~4fzgC47
99942         C2021 03 10.82556 09 06 38.79 -03 47 05.2          15.5 Ru~4h84152
99942         C2021 03 10.82708 09 06 38.40 -03 47 00.6          15.5 Ru~4h84152
99942         C2021 03 10.82825 09 06 38.10 -03 46 57.1          15.7 Ru~4h84152
99942         C2021 03 10.82939 09 06 37.82 -03 46 53.6          15.5 Ru~4h84152
99942         C2021 03 10.83608 09 06 36.11 -03 46 34.4          15.6 Ru~4h84152
99942         C2021 03 10.83709 09 06 35.86 -03 46 31.3          15.5 Ru~4h84152
99942         C2021 03 10.83992 09 06 35.76 -03 46 18.2          15.8 GV~4fzgC47
99942         C2021 03 10.84758 09 06 33.20 -03 46 00.7          15.5 Ru~4fzg152
99942         C2021 03 10.84794 09 06 33.41 -03 45 55.2          16.0 Vq~5I7M056
99942         C2021 03 10.85043 09 06 32.48 -03 45 52.5          15.4 Ru~4fzg152
99942         C2021 03 10.85157 09 06 32.48 -03 45 44.8          15.8 Vq~5I7M056
99942         C2021 03 10.85522 09 06 31.53 -03 45 33.7          16.0 Vq~5I7M056
99942         C2021 03 10.85647 09 06 31.55 -03 45 30.8                Y~4knZ557
99942         C2021 03 10.85887 09 06 30.60 -03 45 23.4          16.0 Vq~5I7M056
99942         C2021 03 10.86943 09 06 28.20 -03 44 51.9          15.8 GV~4fzgC47
99942         C2021 03 10.87345 09 06 26.85 -03 44 40.2          15.8 Vq~5I7M056
99942         C2021 03 10.87709 09 06 25.93 -03 44 29.8          15.8 Vq~5I7M056
99942         C2021 03 10.88074 09 06 24.98 -03 44 18.8          15.9 Vq~5I7M056
99942        KC2021 03 10.88421609 06 24.64 -03 44 04.9                V~4fzg160
99942        KC2021 03 10.88940409 06 23.29 -03 43 49.5                V~4fzg160
99942        KC2021 03 10.89460109 06 21.96 -03 43 33.9                V~4fzg160
99942         C2021 03 10.89472 09 06 22.87 -03 43 28.6          16.1 GV~4fzgI79
99942         C2021 03 10.89569 09 06 21.51 -03 43 36.2                Y~4knZ557
99942         C2021 03 10.89852 09 06 21.86 -03 43 17.5          15.9 GV~4fzgI79
99942         C2021 03 10.90234 09 06 20.90 -03 43 06.6          15.9 GV~4fzgI79
99942         C2021 03 10.90991 09 06 18.88 -03 42 43.8          15.8 GV~4fzgI79
99942        KC2021 03 10.91137 09 06 17.66 -03 42 45.2          15.6 GV~4fzgL63
99942        KC2021 03 10.91763 09 06 16.02 -03 42 26.5          15.7 GV~4fzgL63
99942         C2021 03 10.91949 09 06 16.44 -03 42 16.7          15.8 GV~4fzgI79
99942        KC2021 03 10.92392 09 06 14.41 -03 42 08.5          15.6 GV~4fzgL63
99942         C2021 03 10.92593 09 06 13.79 -03 42 07.6                Y~4knZ557
99942         C2021 03 10.92706 09 06 14.46 -03 41 54.2          15.8 GV~4fzgI79
99942        KC2021 03 10.99846 09 05 56.21 -03 38 24.2          15.7 GV~4fzgJ37
99942        KC2021 03 11.01001 09 05 53.20 -03 37 49.9          15.5 GV~4fzgJ37
99942        KC2021 03 11.02092 09 05 50.41 -03 37 18.1          15.6 GV~4fzgJ37
99942        KC2021 03 11.02554 09 05 49.23 -03 37 04.5          15.3 GV~4fzgJ37
99942        KC2021 03 11.03089 09 05 47.86 -03 36 48.6          15.4 GV~4fzgJ37
99942        KC2021 03 11.03551 09 05 46.70 -03 36 35.4          15.4 GV~4fzgJ37
99942        KC2021 03 11.04019 09 05 45.50 -03 36 21.3          15.6 GV~4fzgJ37
99942        KC2021 03 11.04483 09 05 44.31 -03 36 07.5          15.2 GV~4fzgJ37
99942        KC2021 03 11.04945 09 05 43.18 -03 35 54.2          15.3 GV~4fzgJ37
99942        KC2021 03 11.05988 09 05 40.55 -03 35 23.4          15.4 GV~4fzgJ37
99942        KC2021 03 11.06449 09 05 39.36 -03 35 10.1          15.4 GV~4fzgJ37
99942         C2021 03 11.06544 09 05 39.34 -03 34 57.5          15.3 Ro~4fzgZ22
99942        KC2021 03 11.06910 09 05 38.20 -03 34 56.1          15.5 GV~4fzgJ37
99942         C2021 03 11.07615 09 05 36.58 -03 34 25.8          14.7 Ro~4fzgZ22
99942        KC2021 03 11.09218 09 05 32.48 -03 33 48.6          15.4 GV~4fzgJ37
99942        KC2021 03 11.10142 09 05 30.19 -03 33 21.0          15.5 GV~4fzgJ37
99942         C2021 03 11.14454009 05 22.716-03 29 52.51         15.3 GV~4fzgW87
99942         C2021 03 11.14516009 05 22.559-03 29 50.64         15.2 GV~4fzgW87
99942         C2021 03 11.14578109 05 22.392-03 29 48.80         15.2 GV~4fzgW87
99942         C2021 03 11.14640209 05 22.231-03 29 47.03         15.3 GV~4fzgW87
99942         C2021 03 11.21559709 05 04.471-03 26 23.94         15.3 GV~4fzgW87
99942         C2021 03 11.21621809 05 04.216-03 26 21.98         15.2 GV~4fzgW87
99942         C2021 03 11.21683809 05 04.070-03 26 20.32         15.3 GV~4fzgW87
99942         C2021 03 11.21745909 05 03.912-03 26 18.51         15.3 GV~4fzgW87
99942         C2021 03 11.22132409 05 05.77 -03 27 27.5          15.21GV~4fzg703
99942         C2021 03 11.22665509 05 04.40 -03 27 12.0          15.34GV~4fzg703
99942         C2021 03 11.23198909 05 03.00 -03 26 56.4          15.31GV~4fzg703
99942         C2021 03 11.23732009 05 01.62 -03 26 40.8          15.33GV~4fzg703
99942         C2021 03 11.54002 09 03 51.54 -03 12 02.9          15.6 Vq~4knZD95
99942         C2021 03 11.54802 09 03 49.50 -03 11 39.5          15.7 Vq~4knZD95
99942         C2021 03 11.55166 09 03 48.57 -03 11 28.9          16.0 Vq~4knZD95
99942         C2021 03 11.70359 09 03 14.35 -03 04 09.3          15.4 RY~4fzgN42
99942         C2021 03 11.70425 09 03 14.18 -03 04 07.3          15.3 RY~4fzgN42
99942         C2021 03 11.70491 09 03 14.00 -03 04 05.4          15.3 RY~4fzgN42
99942         C2021 03 11.70558 09 03 13.83 -03 04 03.4          15.3 RY~4fzgN42
99942         C2021 03 11.70624 09 03 13.67 -03 04 01.6          15.3 RY~4fzgN42
99942         C2021 03 11.70690 09 03 13.51 -03 03 59.7          15.4 RY~4fzgN42
99942         C2021 03 11.70757 09 03 13.34 -03 03 57.7          15.4 RY~4fzgN42
99942         C2021 03 11.70823 09 03 13.17 -03 03 55.8          15.4 RY~4fzgN42
99942         C2021 03 11.70891 09 03 13.00 -03 03 53.8          15.3 RY~4fzgN42
99942         C2021 03 11.70957 09 03 12.84 -03 03 51.8          15.3 RY~4fzgN42
99942         C2021 03 11.71023 09 03 12.67 -03 03 49.8          15.3 RY~4fzgN42
99942         C2021 03 11.71090 09 03 12.49 -03 03 47.9          15.3 RY~4fzgN42
99942         C2021 03 11.71156 09 03 12.33 -03 03 46.1          15.4 RY~4fzgN42
99942         C2021 03 11.71223 09 03 12.16 -03 03 44.1          15.4 RY~4fzgN42
99942         C2021 03 11.71291 09 03 11.99 -03 03 42.1          15.3 RY~4fzgN42
99942         C2021 03 11.71357 09 03 11.82 -03 03 40.2          15.3 RY~4fzgN42
99942         C2021 03 11.71424 09 03 11.66 -03 03 38.3          15.3 RY~4fzgN42
99942         C2021 03 11.71490 09 03 11.50 -03 03 36.4          15.3 RY~4fzgN42
99942         C2021 03 11.71557 09 03 11.32 -03 03 34.4          15.3 RY~4fzgN42
99942         C2021 03 11.71623 09 03 12.73 -03 03 11.3          15.3 Vq~4fzgM44
99942         C2021 03 11.71623 09 03 11.15 -03 03 32.4          15.2 RY~4fzgN42
99942         C2021 03 11.71690 09 03 10.98 -03 03 30.4          15.3 RY~4fzgN42
99942         C2021 03 11.71757 09 03 10.81 -03 03 28.4          15.3 RY~4fzgN42
99942         C2021 03 11.71823 09 03 10.65 -03 03 26.6          15.3 RY~4fzgN42
99942         C2021 03 11.71889 09 03 10.48 -03 03 24.6          15.4 RY~4fzgN42
99942         C2021 03 11.71955 09 03 10.32 -03 03 22.9          15.8 RY~4fzgN42
99942         C2021 03 11.72022 09 03 10.15 -03 03 20.8          15.4 RY~4fzgN42
99942         C2021 03 11.72088 09 03 09.98 -03 03 18.8          15.4 RY~4fzgN42
99942         C2021 03 11.72154 09 03 09.80 -03 03 16.8          16.0 RY~4fzgN42
99942         C2021 03 11.72221 09 03 09.65 -03 03 15.0          15.4 RY~4fzgN42
99942         C2021 03 11.72287 09 03 09.48 -03 03 13.1          15.6 RY~4fzgN42
99942         C2021 03 11.72406 09 03 09.19 -03 03 09.7          15.3 RY~4fzgN42
99942         C2021 03 11.72473 09 03 09.01 -03 03 07.7          15.3 RY~4fzgN42
99942         C2021 03 11.72515 09 03 10.53 -03 02 46.3          15.3 Vq~4fzgM44
99942         C2021 03 11.72539 09 03 08.84 -03 03 05.6          15.4 RY~4fzgN42
99942         C2021 03 11.72605 09 03 08.68 -03 03 03.7          16.1 RY~4fzgN42
99942         C2021 03 11.72672 09 03 08.51 -03 03 01.8          15.3 RY~4fzgN42
99942         C2021 03 11.72738 09 03 08.34 -03 02 59.9          16.0 RY~4fzgN42
99942         C2021 03 11.72804 09 03 08.18 -03 02 57.9          15.3 RY~4fzgN42
99942         C2021 03 11.72871 09 03 08.00 -03 02 55.9          15.2 RY~4fzgN42
99942         C2021 03 11.72937 09 03 07.83 -03 02 53.9          15.3 RY~4fzgN42
99942         C2021 03 11.73004 09 03 07.68 -03 02 52.1          15.3 RY~4fzgN42
99942         C2021 03 11.73070 09 03 07.51 -03 02 50.1          15.6 RY~4fzgN42
99942         C2021 03 11.73136 09 03 07.35 -03 02 48.2          15.3 RY~4fzgN42
99942         C2021 03 11.73203 09 03 07.17 -03 02 46.3          15.3 RY~4fzgN42
99942         C2021 03 11.73269 09 03 07.00 -03 02 44.3          15.3 RY~4fzgN42
99942         C2021 03 11.73335 09 03 06.84 -03 02 42.5          15.3 RY~4fzgN42
99942         C2021 03 11.73402 09 03 06.67 -03 02 40.5          15.6 RY~4fzgN42
99942         C2021 03 11.73468 09 03 06.52 -03 02 38.6          15.3 RY~4fzgN42
99942         C2021 03 11.73534 09 03 06.34 -03 02 36.6          15.3 RY~4fzgN42
99942         C2021 03 11.73601 09 03 06.17 -03 02 34.7          15.3 RY~4fzgN42
99942         C2021 03 11.73667 09 03 06.00 -03 02 32.8          15.7 RY~4fzgN42
99942         C2021 03 11.73733 09 03 05.85 -03 02 30.9          15.3 RY~4fzgN42
99942         C2021 03 11.73800 09 03 05.67 -03 02 28.9          15.3 RY~4fzgN42
99942         C2021 03 11.73826 09 03 07.25 -03 02 08.9          15.7 Vq~4fzgM44
99942         C2021 03 11.73866 09 03 05.51 -03 02 27.1          15.3 RY~4fzgN42
99942         C2021 03 11.73933 09 03 05.34 -03 02 25.0          15.3 RY~4fzgN42
99942         C2021 03 11.73999 09 03 05.17 -03 02 23.0          15.3 RY~4fzgN42
99942         C2021 03 11.74065 09 03 05.01 -03 02 21.1          15.3 RY~4fzgN42
99942         C2021 03 11.74133 09 03 04.84 -03 02 19.1          15.3 RY~4fzgN42
99942         C2021 03 11.74199 09 03 04.67 -03 02 17.2          15.2 RY~4fzgN42
99942         C2021 03 11.74688 09 03 04.60 -03 02 14.3          15.0 Rq~4fzg168
99942         C2021 03 11.77049 09 02 58.78 -03 01 05.3          15.1 Rq~4fzg168
99942         C2021 03 11.77744 09 02 57.08 -03 00 45.0          15.1 Rq~4fzg168
99942         C2021 03 11.78577 09 02 55.04 -03 00 20.8          15.0 Rq~4fzg168
99942        8C2021 03 11.89789 09 02 28.37 -02 54 43.2          15.1 RV~4fzg094
99942        8C2021 03 11.90696 09 02 26.14 -02 54 16.7          15.0 RV~4fzg094
99942        KC2021 03 11.91878 09 02 23.62 -02 53 44.0          15.7 Vq~4snsL22
99942        KC2021 03 11.92244 09 02 22.72 -02 53 33.3          16.0 Vq~4snsL22
99942        8C2021 03 11.93581 09 02 19.06 -02 52 52.4          15.1 RV~4fzg094
99942        KC2021 03 11.93973509 02 20.12 -02 52 48.2          15.5 GV~4fzgZ80
99942        KC2021 03 11.94533 09 02 18.66 -02 52 19.2          15.8 GV~4fzgI79
99942        KC2021 03 11.94899309 02 17.81 -02 52 20.9          15.5 GV~4fzgZ80
99942        KC2021 03 11.95825209 02 15.55 -02 51 53.9          15.6 GV~4fzgZ80
99942         C2021 03 11.96118 09 02 15.60 -02 51 22.4          15.3 Ro~4fzgZ22
99942        KC2021 03 11.96820609 02 13.11 -02 51 25.1          15.7 GV~4fzgZ80
99942        KC2021 03 11.96944 09 02 12.66 -02 51 09.7          16.0 GV~4fzgI79
99942         C2021 03 11.97508 09 02 12.06 -02 50 42.4          15.5 Ro~4fzgZ22
99942        8C2021 03 11.98331 09 02 07.63 -02 50 32.9          15.7 RV~4fzg094
99942         C2021 03 11.98894 09 02 08.49 -02 50 00.9          15.6 Ro~4fzgZ22
99942         C2021 03 12.72813 08 59 24.24 -02 14 37.3          15.7 Rq~4fzg168
99942         C2021 03 12.73646 08 59 22.26 -02 14 13.1          15.5 Rq~4fzg168
99942         C2021 03 12.74757 08 59 19.61 -02 13 40.7          15.6 Rq~4fzg168
99942         C2021 03 12.75132108 59 20.72 -02 13 19.5          15.6 GV~4h84073
99942         C2021 03 12.75730 08 59 17.28 -02 13 12.7          15.7 Rq~4fzg168
99942         C2021 03 12.76007 08 59 16.61 -02 13 04.3          15.7 Rq~4fzg168
99942         C2021 03 12.78682108 59 12.12 -02 11 37.0          15.6 GV~4h84073
99942         C2021 03 12.82622508 59 02.55 -02 09 42.7          15.6 GV~4h84073
99942         C2021 03 12.83269108 59 01.66 -02 09 29.5          15.7 GV~4fzgG34
99942         C2021 03 12.83454108 59 01.20 -02 09 23.7          15.8 GV~4fzgG34
99942         C2021 03 12.83658408 59 00.71 -02 09 18.3          15.0 GV~4fzgG34
99942         C2021 03 12.83989608 58 59.97 -02 09 08.0          15.5 GV~4fzhG34
99942        KC2021 03 12.85454 08 58 56.96 -02 08 19.9          15.7 GV~4h84K19
99942        KC2021 03 12.85951 08 58 55.75 -02 08 05.5          15.7 GV~4h84K19
99942        KC2021 03 12.86466 08 58 54.49 -02 07 50.5          15.7 GV~4h84K19
99942         C2021 03 12.88470608 58 48.38 -02 06 53.6          15.6 GV~4h84073
99942         C2021 03 12.89366 08 58 46.62 -02 06 30.4          15.9 Vq~5I7M056
99942         C2021 03 12.89691 08 58 45.85 -02 06 20.4          15.8 Vq~5I7M056
99942         C2021 03 12.90016 08 58 45.10 -02 06 12.8          15.7 Vq~5I7M056
99942         C2021 03 12.90341 08 58 44.29 -02 06 01.9          15.7 Vq~5I7M056
99942         C2021 03 12.92294108 58 39.18 -02 05 02.0          15.6 GV~4h84073
99942         C2021 03 12.92585108 58 38.51 -02 04 53.7          15.5 GV~4h84073
99942         C2021 03 12.93021508 58 37.47 -02 04 41.0          15.5 GV~4h84073
99942         C2021 03 13.14583 08 57 50.39 -01 52 39.8                q~4fzh834
99942         C2021 03 13.17206 08 57 44.10 -01 51 23.3                q~4fzh834
99942         C2021 03 13.45325 08 56 48.18 -01 39 15.7          15.2 Rt~5KO2P66
99942         C2021 03 13.45360 08 56 48.18 -01 39 15.7          15.2 Rt~4fzhP66
99942         C2021 03 13.47309 08 56 43.46 -01 38 18.5          15.1 Rt~5KO2P66
99942         C2021 03 13.47344 08 56 43.46 -01 38 18.5          15.1 Rt~4fzhP66
99942         C2021 03 13.49247 08 56 38.79 -01 37 22.5          15.0 Rt~5KO2P66
99942         C2021 03 13.49281 08 56 38.79 -01 37 22.5          15.0 Rt~4fzhP66
99942         C2021 03 13.51025 08 56 34.52 -01 36 31.1          15.1 Rt~5KO2P66
99942         C2021 03 13.51060 08 56 34.52 -01 36 31.1          15.1 Rt~4fzhP66
99942         C2021 03 13.52859 08 56 30.12 -01 35 38.4          15.1 Rt~5KO2P66
99942         C2021 03 13.52894 08 56 30.12 -01 35 38.4          15.1 Rt~4fzhP66
99942         C2021 03 13.54692 08 56 25.70 -01 34 45.4          15.1 Rt~5KO2P66
99942         C2021 03 13.54727 08 56 25.70 -01 34 45.4          15.1 Rt~4fzhP66
99942         C2021 03 13.56539 08 56 21.25 -01 33 52.1          15.0 Rt~5KO2P66
99942         C2021 03 13.56574 08 56 21.25 -01 33 52.1          15.0 Rt~4fzhP66
99942         C2021 03 13.58372 08 56 16.85 -01 32 59.1          15.0 Rt~5KO2P66
99942         C2021 03 13.58406 08 56 16.85 -01 32 59.1          15.0 Rt~4fzhP66
99942         C2021 03 13.62047 08 56 08.08 -01 31 13.0          14.9 Rt~5KO2P66
99942         C2021 03 13.62082 08 56 08.08 -01 31 13.0          14.9 Rt~4fzhP66
99942         C2021 03 13.63877 08 56 03.75 -01 30 20.1          14.8 Rt~5KO2P66
99942         C2021 03 13.63912 08 56 03.75 -01 30 20.1          14.8 Rt~4fzhP66
99942         C2021 03 13.69532 08 55 54.76 -01 27 58.5          15.3 Rq~4fzh168
99942         C2021 03 13.70088 08 55 53.49 -01 27 42.5          15.2 Rq~4fzh168
99942         C2021 03 13.71060 08 55 51.25 -01 27 14.4          15.3 Rq~4fzh168
99942         C2021 03 13.74966 08 55 42.24 -01 25 21.8          15.3 Rq~4fzh168
99942         C2021 03 13.76216 08 55 39.37 -01 24 45.7          15.5 Rq~4fzh168
99942        KC2021 03 13.79197 08 55 34.97 -01 23 06.3          16.0 Vq~4fzhK73
99942        KC2021 03 13.79654 08 55 33.89 -01 22 52.9          16.2 Vq~4fzhK73
99942        KC2021 03 13.80193 08 55 32.81 -01 22 39.9          15.4 Vq~4fzhL47
99942        KC2021 03 13.81566 08 55 29.60 -01 22 00.9          15.8 Vq~4fzhL47
99942        KC2021 03 13.82674 08 55 27.07 -01 21 29.7          15.4 Vq~4fzhL47
99942        KC2021 03 13.83605 08 55 24.56 -01 20 59.0          16.1 Vq~4fzhK73
99942        KC2021 03 13.84222808 55 22.70 -01 20 46.2          15.9 GV~4h84L54
99942        KC2021 03 13.87576 08 55 15.20 -01 19 04.8          16.3 Vq~4fzhK73
99942        KC2021 03 13.87811 08 55 14.63 -01 18 57.9          16.5 Vq~4fzhK73
99942        KC2021 03 13.87998 08 55 14.21 -01 18 52.6          16.5 Vq~4fzhK73
99942        KC2021 03 13.90063208 55 09.10 -01 17 57.9          15.9 GV~4h84L54
99942        KC2021 03 13.91705 08 55 05.90 -01 17 15.7          15.7 GV~4fzhC43
99942        KC2021 03 13.92560 08 55 03.92 -01 16 51.0          15.5 GV~4fzhC43
99942        KC2021 03 13.93202308 55 03.23 -01 16 33.0          16.0 GV~4fzhZ80
99942        KC2021 03 13.93911308 55 01.56 -01 16 12.3          15.7 GV~4fzhZ80
99942        KC2021 03 13.94288208 55 00.73 -01 16 01.6          16.0 GV~4fzhZ80
99942        KC2021 03 13.95905108 54 55.70 -01 15 09.3          16.0 GV~4h84L54
99942         C2021 03 14.45618 08 53 16.32 -00 51 11.7          14.9 Rt~5KO2P66
99942         C2021 03 14.45653 08 53 16.32 -00 51 11.7          14.9 Rt~4fzhP66
99942         C2021 03 14.47376 08 53 12.26 -00 50 21.3          15.0 Rt~5KO2P66
99942         C2021 03 14.47411 08 53 12.26 -00 50 21.3          15.0 Rt~4fzhP66
99942         C2021 03 14.49216 08 53 08.00 -00 49 28.8          15.0 Rt~5KO2P66
99942         C2021 03 14.49251 08 53 08.00 -00 49 28.8          15.0 Rt~4fzhP66
99942         C2021 03 14.51047 08 53 03.75 -00 48 36.3          15.1 Rt~5KO2P66
99942         C2021 03 14.51082 08 53 03.75 -00 48 36.3          15.1 Rt~4fzhP66
99942         C2021 03 14.53104 08 52 58.97 -00 47 37.6          13.9 Rt~5KO2P66
99942         C2021 03 14.53139 08 52 58.97 -00 47 37.6          13.9 Rt~4fzhP66
99942         C2021 03 14.54946 08 52 54.69 -00 46 45.0          15.3 Rt~5KO2P66
99942         C2021 03 14.54980 08 52 54.69 -00 46 45.0          15.3 Rt~4fzhP66
99942         C2021 03 14.58605 08 52 46.21 -00 45 00.3          15.4 Rt~5KO2P66
99942         C2021 03 14.58640 08 52 46.21 -00 45 00.3          15.4 Rt~4fzhP66
99942         C2021 03 14.59081 08 52 45.19 -00 44 47.9          15.4 Rt~4fzhP66
99942         C2021 03 14.60439 08 52 41.98 -00 44 07.9          15.5 Rt~5KO2P66
99942         C2021 03 14.60473 08 52 41.98 -00 44 07.9          15.5 Rt~4fzhP66
99942         C2021 03 14.61205 08 52 40.31 -00 43 47.0          15.4 Rt~4fzhP66
99942         C2021 03 14.63190 08 52 35.70 -00 42 49.2          15.5 Rt~5KO2P66
99942         C2021 03 14.63225 08 52 35.70 -00 42 49.2          15.5 Rt~4fzhP66
99942        1C2021 03 14.67691 08 52 31.06 -00 40 51.9          16.1 GV~4fzhC40
99942        1C2021 03 14.68441 08 52 29.40 -00 40 30.7          16.1 GV~4fzhC40
99942        1C2021 03 14.68655 08 52 28.92 -00 40 24.6          16.1 GV~4fzhC40
99942        1C2021 03 14.68976 08 52 28.21 -00 40 15.5          16.1 GV~4fzhC40
99942        1C2021 03 14.69083 08 52 27.97 -00 40 12.3          16.1 GV~4fzhC40
99942        1C2021 03 14.69412 08 52 27.23 -00 40 02.9          16.1 GV~4fzhC40
99942        1C2021 03 14.69626 08 52 26.76 -00 39 56.8          16.1 GV~4fzhC40
99942        1C2021 03 14.69733 08 52 26.51 -00 39 53.8          16.1 GV~4fzhC40
99942        1C2021 03 14.69840 08 52 26.28 -00 39 50.8          16.1 GV~4fzhC40
99942        1C2021 03 14.70161 08 52 25.56 -00 39 41.5          16.1 GV~4fzhC40
99942        1C2021 03 14.70269 08 52 25.31 -00 39 38.6          16.1 GV~4fzhC40
99942        1C2021 03 14.70375 08 52 25.08 -00 39 35.4          16.1 GV~4fzhC40
99942        1C2021 03 14.70589 08 52 24.60 -00 39 29.4          16.1 GV~4fzhC40
99942        1C2021 03 14.70803 08 52 24.11 -00 39 23.3          16.1 GV~4fzhC40
99942        1C2021 03 14.70911 08 52 23.88 -00 39 20.1          16.1 GV~4fzhC40
99942        1C2021 03 14.71203 08 52 23.22 -00 39 11.9          16.1 GV~4fzhC40
99942        1C2021 03 14.71310 08 52 22.98 -00 39 08.9          16.1 GV~4fzhC40
99942         C2021 03 14.71343 08 52 22.73 -00 39 06.4          16.2 RV~4fzhB18
99942        1C2021 03 14.71631 08 52 22.25 -00 38 59.7          16.1 GV~4fzhC40
99942         C2021 03 14.71729 08 52 21.86 -00 38 55.4          15.8 RV~4fzhB18
99942        1C2021 03 14.71738 08 52 22.01 -00 38 56.7          16.1 GV~4fzhC40
99942        1C2021 03 14.71845 08 52 21.77 -00 38 53.6          16.1 GV~4fzhC40
99942        1C2021 03 14.72059 08 52 21.29 -00 38 47.5          16.1 GV~4fzhC40
99942         C2021 03 14.72132 08 52 20.95 -00 38 44.0          15.7 RV~4fzhB18
99942        1C2021 03 14.72273 08 52 20.81 -00 38 41.4          16.1 GV~4fzhC40
99942        1C2021 03 14.72487 08 52 20.32 -00 38 35.3          15.9 GV~4fzhC40
99942        1C2021 03 14.72809 08 52 19.59 -00 38 26.1          16.0 GV~4fzhC40
99942        1C2021 03 14.73023 08 52 19.11 -00 38 20.0          16.1 GV~4fzhC40
99942         C2021 03 14.73137 08 52 18.68 -00 38 15.2          15.4 RV~4fzhB18
99942        1C2021 03 14.73495 08 52 18.04 -00 38 06.5          16.1 GV~4fzhC40
99942         C2021 03 14.73552 08 52 17.73 -00 38 03.7          15.5 RV~4fzhB18
99942        1C2021 03 14.73603 08 52 17.80 -00 38 03.5          16.1 GV~4fzhC40
99942        1C2021 03 14.73817 08 52 17.31 -00 37 57.4          16.1 GV~4fzhC40
99942        1C2021 03 14.73924 08 52 17.07 -00 37 54.4          16.1 GV~4fzhC40
99942         C2021 03 14.74009 08 52 16.68 -00 37 50.6          15.2 RV~4fzhB18
99942        1C2021 03 14.74031 08 52 16.83 -00 37 51.2          16.1 GV~4fzhC40
99942        1C2021 03 14.74138 08 52 16.59 -00 37 48.3          16.0 GV~4fzhC40
99942        1C2021 03 14.74245 08 52 16.34 -00 37 45.1          16.1 GV~4fzhC40
99942        1C2021 03 14.74352 08 52 16.10 -00 37 42.1          16.1 GV~4fzhC40
99942         C2021 03 14.74429 08 52 15.74 -00 37 38.5          15.4 RV~4fzhB18
99942        1C2021 03 14.74459 08 52 15.86 -00 37 39.1          16.0 GV~4fzhC40
99942        1C2021 03 14.74674 08 52 15.37 -00 37 33.0          16.1 GV~4fzhC40
99942         C2021 03 14.74857008 52 15.80 -00 37 27.0          15.7 GV~4h84073
99942        1C2021 03 14.74995 08 52 14.65 -00 37 23.9          15.9 GV~4fzhC40
99942        1C2021 03 14.75102 08 52 14.40 -00 37 20.8          16.0 GV~4fzhC40
99942        1C2021 03 14.75209 08 52 14.16 -00 37 17.6          16.0 GV~4fzhC40
99942         C2021 03 14.75233 08 52 13.88 -00 37 15.5          15.5 RV~4fzhB18
99942        1C2021 03 14.75306 08 52 13.94 -00 37 14.8          16.0 GV~4fzhC40
99942        1C2021 03 14.75413 08 52 13.70 -00 37 11.9          16.1 GV~4fzhC40
99942         C2021 03 14.75491 08 52 12.37 -00 37 19.6          15.5 Rq~4fzh168
99942         C2021 03 14.75624 08 52 13.02 -00 37 04.5          15.4 RV~4fzhB18
99942        1C2021 03 14.75627 08 52 13.21 -00 37 05.8          16.0 GV~4fzhC40
99942        1C2021 03 14.75841 08 52 12.73 -00 36 59.6          16.1 GV~4fzhC40
99942        1C2021 03 14.75949 08 52 12.48 -00 36 56.7          16.1 GV~4fzhC40
99942         C2021 03 14.76015 08 52 12.10 -00 36 53.3          15.0 RV~4fzhB18
99942        1C2021 03 14.76056 08 52 12.24 -00 36 53.6          16.0 GV~4fzhC40
99942        1C2021 03 14.76329 08 52 11.62 -00 36 45.9          16.0 GV~4fzhC40
99942         C2021 03 14.76417 08 52 11.21 -00 36 41.9          14.9 RV~4fzhB18
99942         C2021 03 14.76532 08 52 10.08 -00 36 50.0          15.6 Rq~4fzh168
99942        1C2021 03 14.76543 08 52 11.13 -00 36 39.7          16.0 GV~4fzhC40
99942        1C2021 03 14.76650 08 52 10.89 -00 36 36.6          16.1 GV~4fzhC40
99942        1C2021 03 14.76865 08 52 10.40 -00 36 30.5          16.0 GV~4fzhC40
99942         C2021 03 14.76949 08 52 09.15 -00 36 38.0          15.5 Rq~4fzh168
99942        1C2021 03 14.77185 08 52 09.68 -00 36 21.4          15.9 GV~4fzhC40
99942        1C2021 03 14.77293 08 52 09.43 -00 36 18.3          15.9 GV~4fzhC40
99942         C2021 03 14.77372 08 52 09.03 -00 36 14.5          14.9 RV~4fzhB18
99942        1C2021 03 14.77399 08 52 09.19 -00 36 15.3          15.9 GV~4fzhC40
99942         C2021 03 14.77762 08 52 08.16 -00 36 03.6          14.9 RV~4fzhB18
99942        1C2021 03 14.77935 08 52 07.97 -00 36 00.0          16.0 GV~4fzhC40
99942         C2021 03 14.78144 08 52 07.29 -00 35 52.7          15.1 RV~4fzhB18
99942        1C2021 03 14.78149 08 52 07.49 -00 35 53.9          15.9 GV~4fzhC40
99942        KC2021 03 14.78267 08 52 08.89 -00 35 49.3          15.4 Rt~4fzhL89
99942         C2021 03 14.78407 08 52 05.94 -00 35 56.0          15.5 Rq~4fzh168
99942         C2021 03 14.78898508 52 06.67 -00 35 31.7          15.7 GV~4h84073
99942        KC2021 03 14.78917 08 52 07.46 -00 35 30.6          15.2 Rt~4fzhL89
99942         C2021 03 14.79075 08 52 05.16 -00 35 26.0          15.3 RV~4fzhB18
99942         C2021 03 14.79478 08 52 04.25 -00 35 14.6          15.2 RV~4fzhB18
99942        KC2021 03 14.79564 08 52 06.00 -00 35 12.1          15.3 Rt~4fzhL89
99942         C2021 03 14.79868 08 52 03.35 -00 35 03.3          15.2 RV~4fzhB18
99942         C2021 03 14.80263 08 52 02.46 -00 34 52.1          15.1 RV~4fzhB18
99942         C2021 03 14.80661 08 52 01.56 -00 34 41.0          14.8 RV~4fzhB18
99942         C2021 03 14.81116 08 52 00.53 -00 34 27.9          15.1 RV~4fzhB18
99942         C2021 03 14.81514 08 51 59.62 -00 34 16.5          14.9 RV~4fzhB18
99942         C2021 03 14.81907 08 51 58.73 -00 34 05.1          15.1 RV~4fzhB18
99942         C2021 03 14.82440908 51 58.66 -00 33 51.1          15.7 GV~4h84073
99942         C2021 03 14.82692 08 51 56.97 -00 33 42.9          15.1 RV~4fzhB18
99942         C2021 03 14.84296 08 51 53.35 -00 32 57.1          15.2 RV~4fzhB18
99942         C2021 03 14.84711 08 51 52.42 -00 32 45.4          14.9 RV~4fzhB18
99942         C2021 03 14.84841 08 51 54.04 -00 32 42.6          15.1 Ra~4fzh233
99942         C2021 03 14.85189 08 51 51.37 -00 32 31.9          15.0 RV~4fzhB18
99942         C2021 03 14.85229 08 51 53.23 -00 32 32.6          14.6 Ra~4fzh233
99942        2C2021 03 14.85259808 51 55.194-00 32 13.75         15.5 GV~4fzhJ04
99942        2C2021 03 14.85319308 51 55.054-00 32 12.04         15.5 GV~4fzhJ04
99942        2C2021 03 14.85378408 51 54.923-00 32 10.38         15.5 GV~4fzhJ04
99942         C2021 03 14.85617 08 51 52.30 -00 32 20.7          15.0 Ra~4fzh233
99942         C2021 03 14.86003 08 51 51.42 -00 32 09.6          15.0 Ra~4fzh233
99942         C2021 03 14.86304208 51 49.81 -00 32 01.6          15.7 GV~4h84073
99942         C2021 03 14.86399 08 51 48.64 -00 31 57.2          14.8 RV~4fzhB18
99942         C2021 03 14.86969308 51 48.39 -00 31 41.1          15.7 GV~4h84073
99942         C2021 03 14.87042008 51 48.23 -00 31 39.0          15.4 GV~4h84073
99942         C2021 03 14.87183 08 51 46.91 -00 31 35.0          14.9 RV~4fzhB18
99942         C2021 03 14.87571 08 51 46.05 -00 31 24.0          15.0 RV~4fzhB18
99942         C2021 03 14.87769708 51 46.54 -00 31 18.4          15.4 GV~4h84073
99942         C2021 03 14.87969 08 51 45.15 -00 31 12.5          15.1 RV~4fzhB18
99942         C2021 03 14.88060608 51 45.90 -00 31 10.2          15.5 GV~4h84073
99942         C2021 03 14.88356 08 51 44.31 -00 31 01.6          14.9 RV~4fzhB18
99942        KC2021 03 14.91356108 51 39.38 -00 29 36.5          15.6 RV~4fzh160
99942        KC2021 03 14.91709808 51 38.57 -00 29 26.4          15.2 RV~4fzh160
99942        KC2021 03 14.92065608 51 37.77 -00 29 16.2          15.2 RV~4fzh160
99942        KC2021 03 14.92331 08 51 37.19 -00 29 15.5          15.4 GV~4fzhC43
99942        KC2021 03 14.93653 08 51 34.28 -00 28 37.8          15.4 GV~4fzhC43
99942         C2021 03 15.33681808 50 14.85 -00 09 07.8          15.82oV~4fzhT08
99942         C2021 03 15.34004508 50 14.11 -00 08 58.7          15.86oV~4fzhT08
99942         C2021 03 15.34557408 50 12.85 -00 08 43.1          15.80oV~4fzhT08
99942         C2021 03 15.38103408 50 04.76 -00 07 02.7          15.74oV~4fzhT08
99942        KC2021 03 15.75157 08 48 55.30 +00 10 00.2          16.0 Vq~4fzhK73
99942        KC2021 03 15.75535 08 48 54.48 +00 10 10.8          16.4 Vq~4fzhK73
99942        KC2021 03 15.75913 08 48 53.65 +00 10 21.4          16.5 Vq~4fzhK73
99942        KC2021 03 15.76292 08 48 52.84 +00 10 32.0          16.4 Vq~4fzhK73
99942        KC2021 03 15.78174 08 48 49.00 +00 11 22.3          15.1 Rt~4fzhL89
99942         C2021 03 15.78456 08 48 45.46 +00 11 51.0          14.9 Vq~4fzhM44
99942        KC2021 03 15.78915 08 48 47.40 +00 11 43.1          15.1 Rt~4fzhL89
99942         C2021 03 15.79334 08 48 43.44 +00 12 15.5          14.8 Vq~4fzhM44
99942        KC2021 03 15.79659 08 48 45.78 +00 12 04.1          15.2 Rt~4fzhL89
99942        KC2021 03 15.80404 08 48 44.17 +00 12 25.0          15.3 Rt~4fzhL89
99942         C2021 03 15.80575 08 48 40.61 +00 12 49.6          15.0 Vq~4fzhM44
99942        KC2021 03 15.81148 08 48 42.55 +00 12 45.8          15.3 Rt~4fzhL89
99942        KC2021 03 15.81856 08 48 40.85 +00 13 06.3          16.0 Vq~4fzhL47
99942        2C2021 03 15.83029 08 48 37.05 +00 13 38.3          15.2 Lc~4h84095
99942        2C2021 03 15.83059 08 48 36.98 +00 13 38.9          15.2 Lc~4h84095
99942        2C2021 03 15.83119 08 48 36.86 +00 13 40.7          15.2 Lc~4h84095
99942        2C2021 03 15.83149 08 48 36.78 +00 13 41.5          15.2 Lc~4h84095
99942        2C2021 03 15.83179 08 48 36.73 +00 13 42.4          15.2 Lc~4h84095
99942        2C2021 03 15.83208 08 48 36.66 +00 13 43.3          15.2 Lc~4h84095
99942        2C2021 03 15.83238 08 48 36.60 +00 13 44.0          15.2 Lc~4h84095
99942        2C2021 03 15.83268 08 48 36.54 +00 13 44.8          15.2 Lc~4h84095
99942        2C2021 03 15.83298 08 48 36.48 +00 13 45.8          15.2 Lc~4h84095
99942        2C2021 03 15.83328 08 48 36.41 +00 13 46.6          15.2 Lc~4h84095
99942        2C2021 03 15.83358 08 48 36.34 +00 13 47.4          15.2 Lc~4h84095
99942        2C2021 03 15.83388 08 48 36.28 +00 13 48.2          15.2 Lc~4h84095
99942        2C2021 03 15.83418 08 48 36.20 +00 13 49.0          15.2 Lc~4h84095
99942        2C2021 03 15.83449 08 48 36.14 +00 13 49.9          15.2 Lc~4h84095
99942        2C2021 03 15.83479 08 48 36.07 +00 13 50.8          15.2 Lc~4h84095
99942        2C2021 03 15.83509 08 48 36.01 +00 13 51.6          15.2 Lc~4h84095
99942        2C2021 03 15.83568 08 48 35.88 +00 13 53.1          15.2 Lc~4h84095
99942        2C2021 03 15.83598 08 48 35.82 +00 13 54.2          15.2 Lc~4h84095
99942        2C2021 03 15.83628 08 48 35.75 +00 13 54.9          15.2 Lc~4h84095
99942        2C2021 03 15.83658 08 48 35.69 +00 13 55.7          15.2 Lc~4h84095
99942        2C2021 03 15.83688 08 48 35.62 +00 13 56.6          15.2 Lc~4h84095
99942        2C2021 03 15.83718 08 48 35.55 +00 13 57.5          15.2 Lc~4h84095
99942        2C2021 03 15.83748 08 48 35.49 +00 13 58.3          15.2 Lc~4h85095
99942        2C2021 03 15.83778 08 48 35.42 +00 13 59.2          15.2 Lc~4h85095
99942        2C2021 03 15.83807 08 48 35.36 +00 14 00.0          15.2 Lc~4h85095
99942        2C2021 03 15.83837 08 48 35.29 +00 14 00.9          15.2 Lc~4h85095
99942        2C2021 03 15.83867 08 48 35.24 +00 14 01.7          15.2 Lc~4h85095
99942        2C2021 03 15.83897 08 48 35.17 +00 14 02.3          15.2 Lc~4h85095
99942        2C2021 03 15.83927 08 48 35.11 +00 14 03.2          15.2 Lc~4h85095
99942        2C2021 03 15.83987 08 48 34.97 +00 14 05.1          15.2 Lc~4h85095
99942        2C2021 03 15.84017 08 48 34.90 +00 14 05.7          15.2 Lc~4h85095
99942        2C2021 03 15.84047 08 48 34.85 +00 14 06.7          15.2 Lc~4h85095
99942        2C2021 03 15.84106 08 48 34.71 +00 14 08.4          15.2 Lc~4h85095
99942        2C2021 03 15.84136 08 48 34.65 +00 14 09.2          15.2 Lc~4h85095
99942        2C2021 03 15.84166 08 48 34.59 +00 14 10.0          15.2 Lc~4h85095
99942        2C2021 03 15.84196 08 48 34.52 +00 14 10.7          15.2 Lc~4h85095
99942        2C2021 03 15.84226 08 48 34.45 +00 14 11.6          15.2 Lc~4h85095
99942        KC2021 03 15.84934 08 48 34.18 +00 14 33.8          16.1 Vq~4fzhL47
99942         C2021 03 15.89239 08 48 25.88 +00 16 36.5          16.2 GV~4fzhJ27
99942         C2021 03 15.90298 08 48 23.56 +00 17 06.3          16.3 GV~4fzhJ27
99942         C2021 03 15.91175 08 48 21.65 +00 17 30.9          16.2 GV~4fzhJ27
99942         C2021 03 16.46777 08 46 36.57 +00 43 33.8          15.4 Rt~4fzhP66
99942         C2021 03 16.47436 08 46 35.15 +00 43 52.3          15.4 Rt~4fzhP66
99942         C2021 03 16.48169 08 46 33.57 +00 44 13.3          15.5 Rt~4fzhP66
99942         C2021 03 16.48910 08 46 32.00 +00 44 33.4          15.6 Rt~4fzhP66
99942         C2021 03 16.49642 08 46 30.42 +00 44 53.9          15.5 Rt~4fzhP66
99942         C2021 03 16.50374 08 46 28.86 +00 45 13.8          15.5 Rt~4fzhP66
99942         C2021 03 16.51106 08 46 27.27 +00 45 34.8          15.5 Rt~4fzhP66
99942         C2021 03 16.51839 08 46 25.68 +00 45 54.6          15.4 Rt~4fzhP66
99942         C2021 03 16.52583 08 46 24.10 +00 46 15.9          15.6 Rt~4fzhP66
99942         C2021 03 16.53316 08 46 22.49 +00 46 36.2          15.6 Rt~4fzhP66
99942         C2021 03 16.54050 08 46 20.94 +00 46 56.5          15.5 Rt~4fzhP66
99942         C2021 03 16.54785 08 46 19.35 +00 47 17.2          15.5 Rt~4fzhP66
99942         C2021 03 16.55523 08 46 17.76 +00 47 38.0          15.5 Rt~4fzhP66
99942         C2021 03 16.56256 08 46 16.19 +00 47 58.3          15.5 Rt~4fzhP66
99942         C2021 03 16.56991 08 46 14.62 +00 48 18.6          15.6 Rt~4fzhP66
99942         C2021 03 16.57725 08 46 13.05 +00 48 39.4          15.5 Rt~4fzhP66
99942         C2021 03 16.58459 08 46 11.49 +00 48 59.8          15.5 Rt~4fzhP66
99942         C2021 03 16.59199 08 46 09.90 +00 49 20.2          15.4 Rt~4fzhP66
99942         C2021 03 16.59932 08 46 08.34 +00 49 40.6          15.5 Rt~4fzhP66
99942         C2021 03 16.60663 08 46 06.80 +00 50 00.7          15.5 Rt~4fzhP66
99942         C2021 03 16.61397 08 46 05.25 +00 50 21.1          15.4 Rt~4fzhP66
99942         C2021 03 16.62139 08 46 03.70 +00 50 42.1          15.1 Rt~4fzhP66
99942         C2021 03 16.62878 08 46 02.14 +00 51 02.4          15.3 Rt~4fzhP66
99942         C2021 03 16.63619 08 46 00.59 +00 51 23.0          15.3 Rt~4fzhP66
99942         C2021 03 16.64403 08 45 58.98 +00 51 44.5          15.3 Rt~4fzhP66
99942         C2021 03 16.65137 08 45 57.40 +00 52 05.0          15.3 Rt~4fzhP66
99942         C2021 03 16.65502 08 45 56.68 +00 52 15.3          15.2 Rt~4fzhP66
99942        KC2021 03 16.67535 08 45 55.16 +00 52 57.0          15.9 GV~4fzhN82
99942        KC2021 03 16.69174 08 45 51.75 +00 53 42.5          15.9 GV~4fzhN82
99942        KC2021 03 16.70810 08 45 48.36 +00 54 28.0          15.8 GV~4fzhN82
99942        KC2021 03 16.72454 08 45 44.98 +00 55 13.6          15.8 GV~4fzhN82
99942        KC2021 03 16.74099 08 45 41.60 +00 55 59.2          15.8 GV~4fzhN82
99942        KC2021 03 16.75742 08 45 38.26 +00 56 44.7          15.7 GV~4fzhN82
99942        KC2021 03 16.77386 08 45 34.93 +00 57 30.1          15.7 GV~4fzhN82
99942         C2021 03 16.78539 08 45 33.32 +00 58 30.0          15.8 Vq~4fzhC97
99942         C2021 03 16.78637 08 45 33.07 +00 58 32.8          15.6 Vq~4fzhC97
99942         C2021 03 16.78685 08 45 32.98 +00 58 33.9          16.0 Vq~4fzhC97
99942         C2021 03 16.78734 08 45 32.88 +00 58 35.6          16.3 Vq~4fzhC97
99942         C2021 03 16.78784 08 45 32.79 +00 58 37.0          15.8 Vq~4fzhC97
99942        KC2021 03 16.79311 08 45 31.08 +00 58 23.4          15.7 GV~4fzhN82
99942        KC2021 03 16.88484608 45 15.77 +01 02 44.0          15.6 RV~4h85160
99942        KC2021 03 16.88680708 45 15.35 +01 02 49.3          15.4 RV~4h85160
99942        KC2021 03 16.88878708 45 14.93 +01 02 55.1          15.2 RV~4h85160
99942        KC2021 03 16.91478008 45 10.32 +01 03 59.9          15.5 GV~4fzhZ80
99942        KC2021 03 16.92652808 45 07.91 +01 04 32.3          15.6 GV~4fzhZ80
99942        KC2021 03 16.93431108 45 06.34 +01 04 52.4          15.6 GV~4fzhZ99
99942        KC2021 03 16.93700008 45 05.79 +01 04 59.9          15.6 GV~4fzhZ99
99942        KC2021 03 16.93827508 45 05.49 +01 05 05.0          15.5 GV~4fzhZ80
99942        KC2021 03 16.93969308 45 05.26 +01 05 07.3          15.7 GV~4fziZ99
99942        KC2021 03 16.94241008 45 04.69 +01 05 14.9          15.7 GV~4fziZ99
99942        KC2021 03 16.94510408 45 04.16 +01 05 22.5          15.7 GV~4fziZ99
99942         C2021 03 16.94794 08 45 02.72 +01 05 38.5          15.1 G ~4fzi108
99942        KC2021 03 16.95002308 45 03.11 +01 05 37.5          15.6 GV~4fziZ80
99942         C2021 03 16.95017 08 45 02.23 +01 05 45.0          15.7 G ~4fzi108
99942         C2021 03 16.95316 08 45 01.67 +01 05 53.4          15.1 G ~4fzi108
99942         C2021 03 16.95615 08 45 01.06 +01 06 01.2          15.2 G ~4fzi108
99942        KC2021 03 16.96229308 45 00.63 +01 06 11.6          15.6 GV~4fziZ80
99942        KC2021 03 17.47507 08 43 28.32 +01 29 59.0          15.7 Vq~4h85Q21
99942        KC2021 03 17.48032 08 43 27.27 +01 30 13.8          14.7 Vq~4h85Q21
99942        KC2021 03 17.48557 08 43 26.15 +01 30 28.7          15.8 Vq~4h85Q21
99942        KC2021 03 17.49186 08 43 24.85 +01 30 45.2          15.7 Vq~4h85Q21
99942         C2021 03 17.52275 08 43 19.32 +01 32 12.3          14.9 Rt~4fziP66
99942         C2021 03 17.52934 08 43 17.97 +01 32 30.3          14.9 Rt~4fziP66
99942         C2021 03 17.53667 08 43 16.45 +01 32 50.4          15.0 Rt~4fziP66
99942         C2021 03 17.54398 08 43 14.94 +01 33 10.3          15.0 Rt~4fziP66
99942         C2021 03 17.55130 08 43 13.43 +01 33 30.4          15.0 Rt~4fziP66
99942         C2021 03 17.55868 08 43 11.91 +01 33 50.6          15.0 Rt~4fziP66
99942         C2021 03 17.56600 08 43 10.40 +01 34 10.8          15.0 Rt~4fziP66
99942         C2021 03 17.57330 08 43 08.91 +01 34 30.7          15.1 Rt~4fziP66
99942         C2021 03 17.58078 08 43 07.38 +01 34 51.2          15.1 Rt~4fziP66
99942         C2021 03 17.58809 08 43 05.88 +01 35 11.2          15.1 Rt~4fziP66
99942         C2021 03 17.59558 08 43 04.36 +01 35 31.6          15.1 Rt~4fziP66
99942         C2021 03 17.60505 08 43 02.44 +01 35 57.5          15.1 Rt~4fziP66
99942         C2021 03 17.61255 08 43 00.91 +01 36 18.0          15.2 Rt~4fziP66
99942         C2021 03 17.61986 08 42 59.44 +01 36 38.0          15.2 Rt~4fziP66
99942         C2021 03 17.62730 08 42 57.95 +01 36 58.3          15.1 Rt~4fziP66
99942         C2021 03 17.63470 08 42 56.46 +01 37 18.5          15.1 Rt~4fziP66
99942        KC2021 03 17.79507 08 42 31.21 +01 44 28.6          16.1 GV~4fziL47
99942        KC2021 03 17.84310 08 42 21.72 +01 46 38.7          16.8 GV~4fziL47
99942        KC2021 03 17.84387 08 42 21.57 +01 46 41.0          16.7 GV~4fziL47
99942        KC2021 03 17.85113708 42 20.81 +01 46 54.0          16.2 GV~4fziZ80
99942        KC2021 03 17.86540008 42 17.99 +01 47 33.1          15.9 GV~4fziZ80
99942        KC2021 03 17.87393508 42 16.31 +01 47 56.1          16.1 GV~4fziZ80
99942        KC2021 03 17.87502 08 42 16.24 +01 48 11.6          16.2 GV~4h85I79
99942        KC2021 03 17.88205 08 42 14.81 +01 48 30.8          16.2 GV~4h85I79
99942        KC2021 03 17.88693808 42 13.73 +01 48 31.3          16.2 GV~4fziZ80
99942        KC2021 03 17.88918 08 42 13.36 +01 48 50.3          16.0 GV~4h85I79
99942        KC2021 03 17.89648 08 42 11.89 +01 49 10.1          16.2 GV~4h85I79
99942        KC2021 03 17.90348 08 42 10.48 +01 49 29.3          16.0 GV~4h85I79
99942        KC2021 03 17.91050 08 42 09.06 +01 49 48.3          16.1 GV~4h85I79
99942        KC2021 03 17.94256 08 42 02.84 +01 51 05.5                V~4h85Z43
99942        KC2021 03 17.94889 08 42 01.62 +01 51 22.9          16.0 GV~4h85Z43
99942        KC2021 03 17.95503 08 42 00.40 +01 51 39.6          15.9 GV~4h85Z43
99942         C2021 03 18.00842 08 41 54.78 +01 54 58.3          15.2 R ~4h85H78
99942         C2021 03 18.01711 08 41 52.88 +01 55 22.9          15.0 R ~4h85H78
99942        KC2021 03 18.39773 08 40 43.80 +02 13 20.7          16.1 Rq~4h85E89
99942        KC2021 03 18.40939 08 40 41.50 +02 13 52.5          15.9 Rq~4h85E89
99942         C2021 03 18.47087 08 40 31.79 +02 15 09.0          16.1 Vq~4h85Q21
99942         C2021 03 18.47507 08 40 30.97 +02 15 20.4          15.9 Vq~4h85Q21
99942         C2021 03 18.48032 08 40 29.93 +02 15 34.8          16.1 Vq~4h85Q21
99942         C2021 03 18.66266 08 39 58.30 +02 23 38.9          16.0 RY~4h85N42
99942         C2021 03 18.66355 08 39 58.13 +02 23 41.3          16.0 RY~4h85N42
99942         C2021 03 18.66445 08 39 57.96 +02 23 43.8          15.9 RY~4h85N42
99942         C2021 03 18.66535 08 39 57.79 +02 23 46.2          15.9 RY~4h85N42
99942         C2021 03 18.66625 08 39 57.62 +02 23 48.6          15.9 RY~4h85N42
99942         C2021 03 18.66714 08 39 57.44 +02 23 51.0          15.9 RY~4h85N42
99942         C2021 03 18.66804 08 39 57.26 +02 23 53.4          15.9 RY~4h85N42
99942         C2021 03 18.66894 08 39 57.09 +02 23 55.9          15.8 RY~4h85N42
99942         C2021 03 18.66983 08 39 56.91 +02 23 58.4          15.8 RY~4h85N42
99942         C2021 03 18.67073 08 39 56.75 +02 24 00.6          15.8 RY~4h85N42
99942         C2021 03 18.67163 08 39 56.57 +02 24 03.0          15.8 RY~4h85N42
99942        KC2021 03 18.84450 08 39 27.25 +02 31 46.1          15.6 Vq~4h85L47
99942        KC2021 03 18.85561 08 39 25.01 +02 32 16.0          15.8 Vq~4h85L47
99942         C2021 03 18.89302 08 39 17.55 +02 33 52.0          16.1 Vq~5I7M056
99942         C2021 03 18.89662 08 39 16.98 +02 34 00.7          16.1 Vq~5I7M056
99942         C2021 03 18.90022 08 39 16.32 +02 34 09.8          16.3 Vq~5I7M056
99942         C2021 03 18.91462 08 39 13.60 +02 34 49.4          16.1 Vq~5I7M056
99942         C2021 03 18.91823 08 39 13.00 +02 34 59.4          16.1 Vq~5I7M056
99942         C2021 03 18.92543 08 39 11.68 +02 35 18.6          16.3 Vq~5I7M056
99942         C2021 03 18.92903 08 39 10.96 +02 35 27.2          16.2 Vq~5I7M056
99942         C2021 03 18.93263 08 39 10.30 +02 35 36.9          16.4 Vq~5I7M056
99942         C2021 03 18.93622 08 39 09.62 +02 35 45.7          16.4 Vq~5I7M056
99942         C2021 03 18.93981 08 39 08.99 +02 35 55.7          16.2 Vq~5I7M056
99942         C2021 03 18.94341 08 39 08.33 +02 36 05.2          16.2 Vq~5I7M056
99942         C2021 03 18.94701 08 39 07.72 +02 36 15.9          16.3 Vq~5I7M056
99942         C2021 03 18.95061 08 39 06.99 +02 36 24.8          16.2 Vq~5I7M056
99942         C2021 03 18.95420 08 39 06.26 +02 36 35.5          16.3 Vq~5I7M056
99942         C2021 03 18.95780 08 39 05.68 +02 36 44.3          16.4 Vq~5I7M056
99942         C2021 03 19.17270108 38 32.22 +02 46 34.0          16.25GV~4h85703
99942         C2021 03 19.17834008 38 31.13 +02 46 49.1          16.35GV~4h85703
99942         C2021 03 19.18398708 38 29.94 +02 47 03.5                V~4h85703
99942         C2021 03 19.18963208 38 28.87 +02 47 19.2          16.28GV~4h85703
99942         C2021 03 19.32867508 38 05.32 +02 53 43.6          15.74oV~4h85T08
99942         C2021 03 19.33190508 38 04.70 +02 53 52.1          15.73oV~4h85T08
99942         C2021 03 19.33927208 38 03.27 +02 54 11.6          15.73oV~4h85T08
99942         C2021 03 19.34959708 38 01.26 +02 54 39.0          15.68oV~4h85T08
99942         C2021 03 19.44592 08 37 47.46 +02 58 32.7          15.9 Vq~4knZD95
99942         C2021 03 19.45539 08 37 45.67 +02 58 57.7          15.8 Vq~4knZD95
99942         C2021 03 19.45757 08 37 45.26 +02 59 03.5          15.9 Vq~4knZD95
99942        KC2021 03 19.63985 08 37 14.71 +03 06 54.4          16.1 GV~4h85N82
99942        KC2021 03 19.65924 08 37 11.17 +03 07 45.5          16.2 GV~4h85N82
99942        KC2021 03 19.67862 08 37 07.65 +03 08 36.4          16.4 GV~4h85N82
99942         C2021 03 19.68637 08 37 06.59 +03 09 03.8          16.2 RY~4h85N42
99942         C2021 03 19.68723 08 37 06.44 +03 09 06.0          16.4 RY~4h85N42
99942         C2021 03 19.68809 08 37 06.27 +03 09 08.2          15.6 RY~4h85N42
99942         C2021 03 19.68895 08 37 06.14 +03 09 10.5          17.2 RY~4h85N42
99942         C2021 03 19.68982 08 37 05.95 +03 09 13.0          16.3 RY~4h85N42
99942         C2021 03 19.69068 08 37 05.80 +03 09 15.1          16.4 RY~4h85N42
99942         C2021 03 19.69154 08 37 05.64 +03 09 17.4          16.4 RY~4h85N42
99942         C2021 03 19.69240 08 37 05.47 +03 09 19.6          16.5 RY~4h85N42
99942         C2021 03 19.69327 08 37 05.34 +03 09 22.2          17.5 RY~4h85N42
99942         C2021 03 19.69413 08 37 05.17 +03 09 23.7          17.8 RY~4h85N42
99942         C2021 03 19.69499 08 37 05.01 +03 09 26.4          16.2 RY~4h85N42
99942        KC2021 03 19.69802 08 37 04.14 +03 09 27.6          16.4 GV~4h85N82
99942        KC2021 03 19.71741 08 37 00.64 +03 10 18.4          16.5 GV~4h85N82
99942        KC2021 03 19.73680 08 36 57.18 +03 11 09.3          16.5 GV~4h85N82
99942        KC2021 03 19.75620 08 36 53.75 +03 12 00.4          16.5 GV~4h85N82
99942        KC2021 03 19.77560 08 36 50.34 +03 12 50.8          16.3 GV~4h85N82
99942         C2021 03 19.77846 08 36 50.67 +03 13 26.3          15.7 Vq~4h85M44
99942         C2021 03 19.78894 08 36 48.63 +03 13 54.2          15.5 Vq~4h85M44
99942         C2021 03 19.80007 08 36 46.57 +03 14 23.2          15.5 Vq~4h85M44
99942        KC2021 03 19.94103608 36 24.81 +03 20 04.5          15.9 GV~4h85Z80
99942        KC2021 03 19.94450308 36 24.18 +03 20 13.2          15.9 GV~4h85Z80
99942        KC2021 03 19.94797608 36 23.56 +03 20 22.8          15.9 GV~4h85Z80
99942         C2021 03 20.25269 08 35 34.50 +03 33 58.2          16.3 Vo~4h85691
99942         C2021 03 20.25389 08 35 34.28 +03 34 01.3          16.3 Vo~4h85691
99942         C2021 03 20.25510 08 35 34.06 +03 34 04.4          16.3 Vo~4h85691
99942         C2021 03 20.74876 08 34 17.91 +03 55 32.7          15.2 Vq~4h85M44
99942         C2021 03 20.75778 08 34 16.34 +03 55 56.4          15.4 Vq~4h85M44
99942         C2021 03 20.77035 08 34 13.97 +03 56 29.3          15.7 Vq~4h85M44
99942         C2021 03 20.83098 08 34 06.38 +03 58 43.5          15.7 Ra~4h85233
99942         C2021 03 20.83446 08 34 05.77 +03 58 52.4          15.9 Ra~4h85233
99942         C2021 03 20.83834 08 34 05.10 +03 59 02.2          15.6 Ra~4h85233
99942         C2021 03 20.84221 08 34 04.42 +03 59 12.3          15.7 Ra~4h85233
99942         C2021 03 20.88502 08 33 57.81 +04 01 05.6          15.9 GV~4h85J27
99942         C2021 03 20.88747 08 33 57.38 +04 01 12.0          16.0 GV~4h85J27
99942         C2021 03 20.88970 08 33 56.98 +04 01 17.5          16.0 GV~4h85J27
99942        KC2021 03 20.90234 08 33 53.94 +04 01 46.4          16.2 GV~4h85L63
99942        KC2021 03 20.90634 08 33 53.26 +04 01 57.1          16.2 GV~4h85L63
99942        KC2021 03 20.91043 08 33 52.56 +04 02 07.4          16.4 GV~4h85L63
99942        KC2021 03 20.93170 08 33 49.32 +04 03 01.9          16.1 Vq~4h85G07
99942        KC2021 03 20.94361 08 33 47.28 +04 03 32.4          16.3 Vq~4h85G07
99942        KC2021 03 20.95295 08 33 45.69 +04 03 56.0          16.4 Vq~4h85G07
99942        KC2021 03 20.97280 08 33 42.32 +04 04 46.9          16.1 Vq~4h85G07
99942        KC2021 03 21.09911508 33 25.89 +04 10 14.5          16.4 GV~4h85V93
99942        KC2021 03 21.13691008 33 19.28 +04 11 50.9          16.4 GV~4h85V93
99942         C2021 03 21.15475308 33 17.47 +04 12 45.4          16.15GV~4h85G96
99942         C2021 03 21.16037408 33 16.48 +04 12 59.7          16.10GV~4h85G96
99942         C2021 03 21.16598708 33 15.49 +04 13 14.1          16.13GV~4h85G96
99942         C2021 03 21.17160308 33 14.50 +04 13 28.5          16.11GV~4h85G96
99942        KC2021 03 21.17382808 33 12.93 +04 13 25.5          16.1 GV~4h85V93
99942        1C2021 03 21.27307 08 32 56.41 +04 17 55.1          15.6 GY~4h85V26
99942        1C2021 03 21.29019 08 32 53.50 +04 18 38.3          16.3 GY~4h85V26
99942        1C2021 03 21.30348 08 32 51.30 +04 19 11.7          16.3 GY~4h85V26
99942        1C2021 03 21.30728 08 32 50.65 +04 19 21.6          16.1 GY~4h85V26
99942         C2021 03 21.71650 08 31 53.42 +04 36 40.4          16.2 Vq~4h85M44
99942         C2021 03 21.72581 08 31 51.79 +04 37 04.6          16.1 Vq~4h85M44
99942         C2021 03 21.73850 08 31 49.60 +04 37 35.5          16.0 Vq~4h85M44
99942        KC2021 03 21.79101 08 31 43.60 +04 39 28.8          16.3 Vq~4h85L47
99942        KC2021 03 21.80626 08 31 40.95 +04 40 06.4          16.2 Vq~4h85L47
99942         C2021 03 21.88065 08 31 28.30 +04 43 03.0          15.8 Ru~4h85152
99942         C2021 03 21.88118 08 31 28.21 +04 43 04.2          15.6 Ru~4h85152
99942         C2021 03 21.88229 08 31 28.02 +04 43 07.0          15.8 Ru~4h85152
99942         C2021 03 21.88341 08 31 27.85 +04 43 09.6          15.6 Ru~4h85152
99942         C2021 03 21.88454 08 31 27.66 +04 43 12.6          15.6 Ru~4h85152
99942         C2021 03 21.88566 08 31 27.50 +04 43 15.1          15.7 Ru~4h85152
99942         C2021 03 21.89050 08 31 26.69 +04 43 27.8          15.7 Ru~4h85152
99942         C2021 03 21.89741 08 31 25.66 +04 43 44.4          15.7 Ru~4h85152
99942        KC2021 03 21.92837708 31 21.61 +04 45 05.9          15.9 GV~4h85Z80
99942        KC2021 03 21.93185108 31 21.03 +04 45 14.8          15.9 GV~4h85Z80
99942        KC2021 03 21.93532308 31 20.50 +04 45 23.3          15.9 GV~4h85Z80
99942         S2021 03 22.21638808 30 38.415+04 57 29.52               X~7mQR275
99942         s2021 03 22.2163881 - 3237.7890 - 2785.7540 + 2616.4080   ~7mQR275
99942        1C2021 03 22.29192 08 30 27.53 +05 00 41.5          15.0 GY~4h85V26
99942        1C2021 03 22.31050 08 30 24.60 +05 01 27.1          16.7 GY~4h85V26
99942        1C2021 03 22.32786 08 30 21.91 +05 02 09.5          15.7 GY~4h85V26
99942        1C2021 03 22.34519 08 30 19.28 +05 02 52.2          16.3 GY~4h85V26
99942         C2021 03 22.46407 08 30 07.49 +05 07 40.0          15.5 Rt~4h85P66
99942         C2021 03 22.46838 08 30 06.77 +05 07 50.8          15.6 Rt~4h85P66
99942         C2021 03 22.47377 08 30 05.89 +05 08 04.1          15.5 Rt~4h85P66
99942         C2021 03 22.47918 08 30 05.00 +05 08 17.4          15.6 Rt~4h85P66
99942         C2021 03 22.48457 08 30 04.11 +05 08 31.0          15.5 Rt~4h85P66
99942         C2021 03 22.48998 08 30 03.23 +05 08 44.2          15.6 Rt~4h85P66
99942         C2021 03 22.49537 08 30 02.33 +05 08 57.5          15.1 Rt~4h85P66
99942         C2021 03 22.50082 08 30 01.44 +05 09 11.2          15.6 Rt~4h85P66
99942         C2021 03 22.50623 08 30 00.54 +05 09 24.5          15.5 Rt~4h85P66
99942         C2021 03 22.51162 08 29 59.65 +05 09 38.0          15.4 Rt~4h85P66
99942         C2021 03 22.51701 08 29 58.78 +05 09 51.2          15.5 Rt~4h85P66
99942         C2021 03 22.52242 08 29 57.88 +05 10 04.6          15.4 Rt~4h85P66
99942         C2021 03 22.52781 08 29 56.99 +05 10 18.0          15.4 Rt~4h85P66
99942         C2021 03 22.53334 08 29 56.09 +05 10 31.6          15.5 Rt~4h85P66
99942         C2021 03 22.53874 08 29 55.21 +05 10 44.9          15.5 Rt~4h85P66
99942         C2021 03 22.54414 08 29 54.32 +05 10 58.3          15.4 Rt~4h85P66
99942         C2021 03 22.54955 08 29 53.43 +05 11 11.8          15.4 Rt~4h85P66
99942         C2021 03 22.55494 08 29 52.55 +05 11 25.0          15.4 Rt~4h85P66
99942         C2021 03 22.67986 08 29 36.84 +05 16 46.6          16.2 Vq~4h85C97
99942         C2021 03 22.68053 08 29 36.74 +05 16 48.1          16.1 Vq~4h85C97
99942         C2021 03 22.68119 08 29 36.63 +05 16 49.7          16.1 Vq~4h85C97
99942         C2021 03 22.68185 08 29 36.50 +05 16 51.4          16.2 Vq~4h85C97
99942         C2021 03 22.68629 08 29 35.62 +05 16 29.2          16.0 Rq~4h85168
99942         C2021 03 22.69132 08 29 35.16 +05 17 14.8          16.0 Vq~4h85M44
99942         C2021 03 22.69854 08 29 33.90 +05 17 32.0          15.3 Vq~4h85M44
99942         C2021 03 22.70295 08 29 33.05 +05 17 10.3          16.3 Rq~4h85168
99942         C2021 03 22.71558 08 29 31.16 +05 18 12.7          15.8 Vq~4h85M44
99942         C2021 03 22.71684 08 29 30.91 +05 17 44.5          15.8 Rq~4h85168
99942         C2021 03 22.73073 08 29 28.77 +05 18 18.6          15.8 Rq~4h85168
99942        KC2021 03 22.84471508 29 13.31 +05 23 10.8          16.2 RV~4h85160
99942        KC2021 03 22.84840608 29 12.69 +05 23 19.9          15.9 RV~4h85160
99942        KC2021 03 22.85211608 29 12.10 +05 23 29.1          16.2 RV~4h85160
99942        KC2021 03 22.88016208 29 08.39 +05 24 31.1          16.3 GV~4h85Z80
99942        KC2021 03 22.88363408 29 07.87 +05 24 39.3          16.5 GV~4h85Z80
99942        KC2021 03 22.88384 08 29 07.10 +05 24 46.7          16.2 GV~4h85L63
99942        KC2021 03 22.88710608 29 07.34 +05 24 47.4          16.0 GV~4h85Z80
99942        KC2021 03 22.89051 08 29 06.06 +05 25 02.7          16.1 GV~4h85L63
99942        KC2021 03 22.89721 08 29 05.02 +05 25 19.4          17.0 GV~4h85L63
99942        KC2021 03 22.90546008 29 03.83 +05 25 32.9          16.6 GV~4h85G34
99942        KC2021 03 22.90838108 29 03.37 +05 25 40.0          16.6 GV~4h85G34
99942        KC2021 03 22.91422208 29 02.47 +05 25 54.2          16.4 GV~4h85G34
99942         C2021 03 23.72280 08 27 15.21 +05 59 09.4          16.3 Vq~4h85C97
99942         C2021 03 23.72346 08 27 15.10 +05 59 11.0          16.6 Vq~4h85C97
99942         C2021 03 23.72413 08 27 15.01 +05 59 12.6          16.4 Vq~4h85C97
99942        KC2021 03 23.81145 08 27 05.04 +06 02 20.7          16.2 GV~4h85K19
99942        KC2021 03 23.81911 08 27 03.90 +06 02 39.3          16.1 GV~4h85K19
99942        KC2021 03 23.82291 08 27 02.93 +06 02 47.8          15.4 Vq~4h85L47
99942        KC2021 03 23.82673 08 27 02.73 +06 02 57.5          16.1 GV~4h85K19
99942        KC2021 03 23.82694 08 27 02.36 +06 02 59.5          15.3 Vq~4h85L47
99942         C2021 03 23.83016 08 27 01.93 +06 03 06.2          16.0 Ra~4h85233
99942         C2021 03 23.83334 08 27 01.46 +06 03 13.9          15.8 Ra~4h85233
99942         C2021 03 23.83652 08 27 00.97 +06 03 21.4          15.7 Ra~4h85233
99942        KC2021 03 23.83840 08 27 00.58 +06 03 25.6          16.2 Vq~4h85L47
99942         C2021 03 23.83968 08 27 00.49 +06 03 29.0          15.7 Ra~4h85233
99942        KC2021 03 23.84548308 26 59.60 +06 03 42.9          15.6 RV~4h85160
99942        KC2021 03 23.84835508 26 59.17 +06 03 49.6          15.6 RV~4h85160
99942        KC2021 03 23.85123108 26 58.74 +06 03 56.6          15.6 RV~4h85160
99942        KC2021 03 23.92223 08 26 48.18 +06 06 46.4          16.2 GV~4h85L63
99942        KC2021 03 23.92858 08 26 47.24 +06 07 01.2          16.0 GV~4h85L63
99942        KC2021 03 23.93562 08 26 46.25 +06 07 17.9          16.5 GV~4h85L63
99942        KC2021 03 23.95067808 26 44.83 +06 07 47.5          15.8 GV~4h85Z80
99942        KC2021 03 23.95415008 26 44.32 +06 07 54.9          16.0 GV~4h85Z80
99942        KC2021 03 23.95762308 26 43.82 +06 08 03.6          16.3 GV~4h85Z80
99942        KC2021 03 24.78983 08 25 01.38 +06 41 05.3          16.2 Vq~4knZL47
99942        KC2021 03 24.79428 08 25 00.80 +06 41 15.1          16.4 Vq~4knZL47
99942        KC2021 03 24.88689908 24 48.45 +06 44 43.3          16.7 GV~4h85Z99
99942        KC2021 03 24.89009508 24 48.00 +06 44 50.6          16.6 GV~4h85Z99
99942        KC2021 03 24.89327008 24 47.54 +06 44 58.1          16.9 GV~4h85Z99
99942        KC2021 03 24.89644108 24 47.11 +06 45 05.5          16.5 GV~4h85Z99
99942        KC2021 03 24.89960208 24 46.69 +06 45 13.0          16.5 GV~4h85Z99
99942        KC2021 03 24.92451008 24 42.21 +06 46 21.5          16.7 GV~4h85L74
99942        KC2021 03 24.93300708 24 41.04 +06 46 40.8          16.7 GV~4h85L74
99942        KC2021 03 24.94195408 24 39.82 +06 47 01.5          16.8 GV~4h85L74
99942        KC2021 03 24.95542208 24 38.40 +06 47 34.9          16.5 GV~4knZK14
99942        KC2021 03 24.96151608 24 37.58 +06 47 49.0          16.3 GV~4knZK14
99942        KC2021 03 24.96761608 24 36.72 +06 48 03.7          16.1 GV~4knZK14
99942        KC2021 03 24.97541108 24 35.68 +06 48 21.1          16.1 GV~4knZK14
99942        KC2021 03 24.97887308 24 35.82 +06 48 19.0          16.5 GV~4h85Z80
99942        KC2021 03 24.97998808 24 35.05 +06 48 31.6          16.1 GV~4knZK14
99942        KC2021 03 24.98060908 24 35.61 +06 48 22.8          16.4 GV~4h85Z80
99942        KC2021 03 24.98286608 24 35.22 +06 48 27.2          16.4 GV~4h85Z80
99942         C2021 03 25.77469 08 23 03.98 +07 19 03.0          16.4 Vq~5I7M056
99942         C2021 03 25.78042 08 23 03.21 +07 19 15.3          16.1 Vq~5I7M056
99942         C2021 03 25.79188 08 23 01.65 +07 19 42.1          16.7 Vq~5I7M056
99942         C2021 03 25.79759 08 23 00.81 +07 19 57.2          16.8 Vq~5I7M056
99942         C2021 03 25.80332 08 23 00.09 +07 20 08.8          16.3 Vq~5I7M056
99942         C2021 03 25.80905 08 22 59.33 +07 20 20.9          16.5 Vq~5I7M056
99942         C2021 03 25.82623 08 22 57.02 +07 21 00.1          16.5 Vq~5I7M056
99942         C2021 03 25.84987308 22 53.62 +07 21 57.6          16.2 G ~4knZL54
99942         C2021 03 25.86141108 22 52.10 +07 22 23.5          16.2 G ~4knZL54
99942         C2021 03 25.88284708 22 49.29 +07 23 11.5          16.0 G ~4knZL54
99942         C2021 03 25.90015908 22 47.07 +07 23 51.6          16.0 G ~4knZL54
99942        KC2021 03 25.95534308 22 41.10 +07 25 52.1          16.3 GV~4knZZ80
99942        KC2021 03 25.96508208 22 39.83 +07 26 14.0          16.8 GV~4knZZ80
99942        KC2021 03 25.98146308 22 37.82 +07 26 51.1          16.5 GV~4knZZ80
99942         C2021 03 26.52181808 21 37.92 +07 47 30.8          16.4 Vq~4knZ900
99942         C2021 03 26.52882108 21 36.99 +07 47 46.6          16.5 Vq~4knZ900
99942         C2021 03 26.53739908 21 35.86 +07 48 05.8          16.6 Vq~4knZ900
99942         C2021 03 26.54447408 21 34.94 +07 48 21.4          16.6 Vq~4knZ900
99942        KC2021 03 26.95058008 20 50.74 +08 03 12.3          16.7 GV~4wwWZ80
99942        KC2021 03 26.95239408 20 50.58 +08 03 16.1          16.5 GV~4wwWZ80
99942        KC2021 03 26.95416808 20 50.35 +08 03 20.3          16.4 GV~4wwWZ80
99942         C2021 03 27.31899708 20 12.10 +08 17 21.0          16.48oV~4knZT08
99942         C2021 03 27.32223308 20 11.69 +08 17 27.9          16.31oV~4knZT08
99942         C2021 03 27.34209308 20 09.09 +08 18 11.4          16.74oV~4knZT08
99942        1C2021 03 28.76722 08 17 47.28 +09 09 05.1          16.8 GV~4knZC40
99942        1C2021 03 28.78648 08 17 45.03 +09 09 45.9          16.9 GV~4knZC40
99942        1C2021 03 28.81014 08 17 42.35 +09 10 35.2          16.8 GV~4knZC40
99942        KC2021 03 28.81449 08 17 43.32 +09 10 46.7          16.4 GV~4knZG17
99942        KC2021 03 28.82155 08 17 42.50 +09 11 01.4          16.6 GV~4knZG17
99942        1C2021 03 28.82299 08 17 40.95 +09 11 02.0          16.7 GV~4knZC40
99942        1C2021 03 28.82727 08 17 40.48 +09 11 10.9          16.8 GV~4knZC40
99942        KC2021 03 28.82862 08 17 41.68 +09 11 16.6          16.4 GV~4knZG17
99942        KC2021 03 29.07907408 17 18.67 +09 20 08.7          16.8 GV~4knZV93
99942        KC2021 03 29.10913308 17 15.21 +09 21 11.9          16.9 GV~4knZV93
99942        KC2021 03 29.14125308 17 11.52 +09 22 18.9          17.0 GV~4knZV93
99942        KC2021 03 29.40685 08 16 48.21 +09 32 55.0          16.9 Vq~4knZE23
99942        KC2021 03 29.42107 08 16 46.57 +09 33 24.6          16.9 Vq~4knZE23
99942        KC2021 03 29.43551 08 16 44.90 +09 33 54.5          16.5 Vq~4knZE23
99942        KC2021 03 29.79207608 16 13.19 +09 44 46.4          16.6 GV~4knZG34
99942        KC2021 03 29.79569408 16 12.81 +09 44 53.9          16.7 GV~4knZG34
99942        KC2021 03 29.79931008 16 12.42 +09 45 01.4          16.7 GV~4knZG34
99942        KC2021 03 29.80292808 16 12.04 +09 45 08.9          16.7 GV~4knZG34
99942        KC2021 03 29.81670008 16 10.91 +09 45 35.4          16.5 GV~4knZG33
99942        KC2021 03 29.81786908 16 10.79 +09 45 37.8          16.5 GV~4knZG33
99942        KC2021 03 29.81906808 16 10.64 +09 45 40.6          16.4 GV~4knZG33
99942        KC2021 03 29.82020908 16 10.51 +09 45 42.9          16.6 GV~4knZG33
99942        KC2021 03 29.82122508 16 10.39 +09 45 45.4          16.3 GV~4knZG33
99942        KC2021 03 29.84612508 16 07.22 +09 46 46.5          17.1 VZ~4knZL74
99942         C2021 03 29.86520 08 16 05.54 +09 47 17.7          17.4 GV~4knZK87
99942         C2021 03 29.86740 08 16 05.33 +09 47 21.8          17.3 GV~4knZK87
99942         C2021 03 29.87105 08 16 04.92 +09 47 29.8          17.6 GV~4knZK87
99942        KC2021 03 29.88390008 16 03.16 +09 48 03.4          17.3 VZ~4knZL74
99942        KC2021 03 29.89946908 16 02.52 +09 48 27.1          17.2 GV~4knZJ69
99942        KC2021 03 29.90456308 16 01.95 +09 48 37.4          17.3 GV~4knZJ69
99942        KC2021 03 29.90965708 16 01.43 +09 48 47.8          17.1 GV~4knZJ69
99942        KC2021 03 29.92244408 15 59.15 +09 49 21.4          17.7 VZ~4knZL74
99942        KC2021 03 30.29036 08 15 26.56 +10 02 03.0          16.5 GX~4knZU76
99942        KC2021 03 30.30122 08 15 25.54 +10 02 23.6          16.6 GX~4knZU76
99942        KC2021 03 30.31497 08 15 24.11 +10 02 52.0          16.5 GX~4knZU76
99942         C2021 03 30.34915508 15 22.08 +10 04 18.5          16.45oV~4knZT05
99942         C2021 03 30.35423308 15 21.54 +10 04 28.7          16.51oV~4knZT05
99942         C2021 03 30.36497508 15 20.39 +10 04 50.2          16.40oV~4knZT05
99942         C2021 03 30.37067508 15 19.78 +10 05 01.6          16.64oV~4knZT05
99942        KC2021 03 30.78022 08 14 47.85 +10 18 30.0          16.2 GV~4knZL47
99942        KC2021 03 30.79170 08 14 46.69 +10 18 53.3          16.5 GV~4knZL47
99942         C2021 03 30.79763 08 14 46.13 +10 19 05.0          16.9 Ra~4knZ233
99942         C2021 03 30.80150 08 14 45.75 +10 19 12.8          16.7 Ra~4knZ233
99942         C2021 03 30.80537 08 14 45.35 +10 19 20.6          16.3 Ra~4knZ233
99942        KC2021 03 30.80577 08 14 45.59 +10 19 21.1          16.8 VZ~4oN3K19
99942         C2021 03 30.80925 08 14 44.95 +10 19 28.5          16.6 Ra~4knZ233
99942        KC2021 03 30.81275 08 14 44.86 +10 19 35.1          16.7 VZ~4oN3K19
99942        KC2021 03 30.81970 08 14 44.14 +10 19 48.9                Z~4oN3K19
99942        KC2021 03 30.86326 08 14 40.15 +10 21 12.6          16.5 GV~4knZZ43
99942        KC2021 03 30.86758208 14 38.95 +10 21 24.6          15.9 RV~4knZ160
99942         C2021 03 30.86822 08 14 39.07 +10 21 20.6          16.3 GV~4knZK87
99942        KC2021 03 30.86940 08 14 39.54 +10 21 24.9          16.4 GV~4knZZ43
99942         C2021 03 30.86968 08 14 38.92 +10 21 23.4          16.2 GV~4knZK87
99942        KC2021 03 30.87033708 14 38.68 +10 21 29.8          16.0 RV~4knZ160
99942         C2021 03 30.87115 08 14 38.79 +10 21 26.3          16.8 GV~4knZK87
99942        KC2021 03 30.87311008 14 38.39 +10 21 35.6          15.6 RV~4knZ160
99942        KC2021 03 30.87578 08 14 38.89 +10 21 37.6          16.4 GV~4knZZ43
99942        KC2021 03 30.88186 08 14 38.26 +10 21 49.4          16.5 GV~4knZZ43
99942        KC2021 03 30.92079908 14 34.41 +10 23 04.2          16.3 GV~4knZZ80
99942        KC2021 03 30.92357508 14 34.15 +10 23 09.6          16.2 GV~4knZZ80
99942        KC2021 03 30.92635008 14 33.86 +10 23 14.9          16.4 GV~4knZZ80
99942         C2021 03 31.02289 08 14 26.67 +10 27 57.9                q~4knZ834
99942         C2021 03 31.04510 08 14 24.24 +10 28 41.8                q~4knZ834
99942         C2021 03 31.31732708 14 01.89 +10 36 49.2          16.60oV~4knZT08
99942         C2021 03 31.32103308 14 01.51 +10 36 56.3          16.59oV~4knZT08
99942         C2021 03 31.32702308 14 00.89 +10 37 08.0          16.58oV~4knZT08
99942         C2021 03 31.33855908 13 59.69 +10 37 30.6          16.50oV~4knZT08
99942        5C2021 03 31.42612 08 13 54.30 +10 41 18.8          16.6 GV~4knZQ62
99942        5C2021 03 31.42956 08 13 53.95 +10 41 25.6          16.6 GV~4knZQ62
99942        5C2021 03 31.43301 08 13 53.59 +10 41 32.4          16.6 GV~4knZQ62
99942        5C2021 03 31.43645 08 13 53.23 +10 41 39.2          16.6 GV~4knZQ62
99942        5C2021 03 31.43986 08 13 52.88 +10 41 45.9          16.6 GV~4knZQ62
99942         C2021 03 31.54307808 13 43.33 +10 43 58.9          16.8 Vq~4knZ900
99942         C2021 03 31.55008208 13 42.65 +10 44 12.6          16.8 Vq~4knZ900
99942         C2021 03 31.55764008 13 41.91 +10 44 27.1          16.7 Vq~4knZ900
99942         C2021 03 31.56471508 13 41.24 +10 44 40.9          16.8 Vq~4knZ900
99942        KC2021 03 31.78404 08 13 26.49 +10 51 47.3          16.6 GV~4knZL47
99942        1C2021 03 31.79022 08 13 24.51 +10 51 57.1          16.8 GV~4knZC40
99942        1C2021 03 31.79236 08 13 24.30 +10 52 01.3          16.8 GV~4knZC40
99942        1C2021 03 31.80503808 13 24.36 +10 52 23.4                V~4knZ246
99942        1C2021 03 31.80545208 13 24.32 +10 52 24.4                V~4knZ246
99942        1C2021 03 31.80572408 13 24.30 +10 52 24.8                V~4knZ246
99942        1C2021 03 31.80593208 13 24.28 +10 52 25.3                V~4knZ246
99942        1C2021 03 31.80644708 13 24.24 +10 52 26.2                V~4knZ246
99942        1C2021 03 31.80691208 13 24.18 +10 52 27.1                V~4knZ246
99942        KC2021 03 31.81332 08 13 23.58 +10 52 44.7          16.7 GV~4knZL47
99942        1C2021 03 31.85623 08 13 18.41 +10 54 04.2          16.9 GV~4knZC40
99942        1C2021 03 31.86473 08 13 17.66 +10 54 20.5          16.8 GV~4knZC40
99942         S2021 03 31.90935 08 13 16.42 +10 56 28.3          17   RL~4knZC51
99942         s2021 03 31.90935 1 - 4078.3907 + 5369.8341 + 1220.9770   ~4knZC51
99942         C2021 04 01.13348608 12 59.29 +11 03 21.6          16.40GV~4knZ703
99942         C2021 04 01.13887308 12 58.76 +11 03 32.1          16.16GV~4knZ703
99942         C2021 04 01.14426808 12 58.24 +11 03 42.2          16.15GV~4knZ703
99942         C2021 04 01.14965408 12 57.69 +11 03 52.5          16.59GV~4knZ703
99942         S2021 04 01.17077 08 12 56.33 +11 04 58.7                L~4knZC51
99942         s2021 04 01.17077 1 - 4110.5776 + 5353.7603 + 1183.1258   ~4knZC51
99942         S2021 04 01.23622 08 12 51.36 +11 07 05.4                L~4knZC51
99942         s2021 04 01.23622 1 - 4105.3228 + 5345.9153 + 1235.1318   ~4knZC51
99942         S2021 04 01.30155 08 12 46.42 +11 09 12.5                L~4knZC51
99942         s2021 04 01.30155 1 - 4117.8192 + 5343.1834 + 1205.2107   ~4knZC51
99942         C2021 04 01.32610108 12 42.99 +11 09 48.3          16.49oV~4knZT08
99942         C2021 04 01.33626508 12 41.99 +11 10 07.6          16.60oV~4knZT08
99942         C2021 04 01.34141308 12 41.50 +11 10 17.3          16.64oV~4knZT08
99942         C2021 04 01.34463608 12 41.19 +11 10 23.4          16.64oV~4knZT08
99942        KC2021 04 01.39802 08 12 38.06 +11 13 06.2          17.3 Rq~4knZE89
99942        KC2021 04 01.40238 08 12 37.61 +11 13 14.3          17.3 Rq~4knZE89
99942        KC2021 04 01.40674 08 12 37.18 +11 13 22.4          17.3 Rq~4knZE89
99942         S2021 04 01.49765 08 12 31.72 +11 15 32.1                L~4knZC51
99942         s2021 04 01.49765 1 - 4137.4411 + 5329.7318 + 1197.3972   ~4knZC51
99942         S2021 04 01.62842 08 12 22.05 +11 19 43.4                L~4knZC51
99942         s2021 04 01.62842 1 - 4144.5939 + 5319.0845 + 1219.4675   ~4knZC51
99942        1C2021 04 01.78995 08 12 09.07 +11 24 15.9          16.7 GV~4knZC40
99942        1C2021 04 01.79750 08 12 08.40 +11 24 30.1          16.7 GV~4knZC40
99942        1C2021 04 01.79964 08 12 08.21 +11 24 34.3          16.9 GV~4knZC40
99942        1C2021 04 01.80072 08 12 08.12 +11 24 36.1          16.6 GV~4knZC40
99942        1C2021 04 01.80178 08 12 08.03 +11 24 38.1          16.6 GV~4knZC40
99942        KC2021 04 01.80679 08 12 08.74 +11 24 50.6          16.7 GV~4knZL47
99942        KC2021 04 01.81654 08 12 08.03 +11 25 09.1          16.0 GV~4knZL47
99942        1C2021 04 01.82035 08 12 06.39 +11 25 13.0          16.8 GV~4knZC40
99942        1C2021 04 01.82571 08 12 05.93 +11 25 23.0          16.8 GV~4knZC40
99942        1C2021 04 01.82891 08 12 05.66 +11 25 29.1          17.0 GV~4knZC40
99942        1C2021 04 01.83427 08 12 05.20 +11 25 39.1          17.0 GV~4knZC40
99942        1C2021 04 01.83962 08 12 04.74 +11 25 49.0          16.9 GV~4knZC40
99942        1C2021 04 01.84069 08 12 04.64 +11 25 51.0          16.8 GV~4knZC40
99942        1C2021 04 01.84498 08 12 04.27 +11 25 59.2          16.8 GV~4knZC40
99942        KC2021 04 01.85206 08 12 04.93 +11 26 13.4          16.7 GV~4knZB67
99942        1C2021 04 01.85247 08 12 03.65 +11 26 13.1          16.7 GV~4knZC40
99942        KC2021 04 01.85297808 12 04.71 +11 26 17.9          16.4 Rq~4knZ160
99942        KC2021 04 01.85523508 12 04.51 +11 26 22.2          16.4 Rq~4knZ160
99942        1C2021 04 01.85567 08 12 03.37 +11 26 19.1          16.9 GV~4knZC40
99942        KC2021 04 01.85586 08 12 04.59 +11 26 20.6          16.7 GV~4knZB67
99942        KC2021 04 01.85748308 12 04.30 +11 26 26.4          16.5 Rq~4knZ160
99942        KC2021 04 01.85968 08 12 04.26 +11 26 27.9          16.9 GV~4knZB67
99942        1C2021 04 01.85995 08 12 03.00 +11 26 27.1          16.8 GV~4knZC40
99942        KC2021 04 01.86108208 12 04.69 +11 26 26.8          16.7 GV~4knZZ80
99942        KC2021 04 01.86720508 12 04.16 +11 26 38.3                V~4knZZ80
99942        1C2021 04 01.86745 08 12 02.39 +11 26 41.4          16.9 GV~4knZC40
99942        KC2021 04 01.87306908 12 03.60 +11 26 49.6          16.6 GV~4knZZ80
99942         C2021 04 01.94170 08 11 57.18 +11 29 01.5          16.3 GV~4knZB67
99942         C2021 04 01.94453 08 11 56.95 +11 29 06.7          16.1 GV~4knZB67
99942         C2021 04 01.94596 08 11 56.83 +11 29 09.5          16.0 GV~4knZB67
99942         C2021 04 01.94737 08 11 56.68 +11 29 12.1          16.3 GV~4knZB67
99942         C2021 04 01.95020 08 11 56.49 +11 29 17.4          16.3 GV~4knZB67
99942         C2021 04 01.95020 08 11 56.48 +11 29 17.3          16.3 GV~4knZB67
99942        KC2021 04 02.08817308 11 48.69 +11 33 49.8          17.1 GV~4knZV93
99942         C2021 04 02.11624 08 11 47.28 +11 34 52.0          17.5 Vo~4knZ691
99942        KC2021 04 02.11631608 11 46.12 +11 34 43.0          17.0 GV~4knZV93
99942         C2021 04 02.14296 08 11 44.77 +11 35 42.7          17.7 Vo~4knZ691
99942        KC2021 04 02.14842308 11 43.18 +11 35 45.2          17.1 GV~4knZV93
99942         C2021 04 02.16790 08 11 42.43 +11 36 29.6          17.9 Vo~4knZ691
99942         C2021 04 02.50971008 11 17.94 +11 47 11.6          16.7 Vq~4knZ900
99942         C2021 04 02.51672008 11 17.31 +11 47 24.4          16.6 Vq~4knZ900
99942         C2021 04 02.52565508 11 16.53 +11 47 40.9          16.6 Vq~4knZ900
99942         C2021 04 02.53274108 11 15.91 +11 47 54.0          16.7 Vq~4knZ900
99942        KC2021 04 02.78725 08 11 00.50 +11 55 38.7          17.3 GV~4knZK74
99942        KC2021 04 02.79254 08 11 00.06 +11 55 48.7          17.2 GV~4knZK74
99942        KC2021 04 02.79254208 11 00.00 +11 55 54.1          17.1 Rq~4knZ160
99942        KC2021 04 02.79469 08 10 59.88 +11 55 52.7          17.0 GV~4knaK74
99942        KC2021 04 02.79614908 10 59.68 +11 56 00.8          16.9 Rq~4kna160
99942        KC2021 04 02.79657 08 10 59.48 +11 56 02.9          16.7 Vq~4knaL47
99942        KC2021 04 02.79800 08 10 59.58 +11 55 58.7          17.2 GV~4knaK74
99942        KC2021 04 02.79976308 10 59.35 +11 56 07.5          17.0 Rq~4kna160
99942        KC2021 04 02.80047 08 10 59.38 +11 56 03.4          17.0 GV~4knaK74
99942        KC2021 04 02.81301 08 10 58.14 +11 56 30.5          16.9 Vq~4knaL47
99942         C2021 04 02.83021 08 10 56.73 +11 57 03.9          17.1 Ra~4kna233
99942         C2021 04 02.83444 08 10 56.40 +11 57 11.9          17.4 Ra~4kna233
99942         C2021 04 02.83866 08 10 56.02 +11 57 19.4          17.3 Ra~4kna233
99942         C2021 04 02.84288 08 10 55.67 +11 57 27.3          17.2 Ra~4kna233
99942        KC2021 04 02.94899808 10 47.66 +12 00 35.5          16.8 GV~4knaZ80
99942        KC2021 04 02.95247108 10 47.39 +12 00 41.8          16.9 GV~4knaZ80
99942        KC2021 04 02.95594408 10 47.11 +12 00 48.7          16.8 GV~4knaZ80
99942         C2021 04 03.13994 08 10 35.08 +12 06 41.6          16.9 Vq~5I7MW29
99942         C2021 04 03.15751 08 10 33.67 +12 07 13.3          16.9 Vq~5I7MW29
99942         C2021 04 03.16140408 10 34.65 +12 07 31.2                V~4kna703
99942         C2021 04 03.16667408 10 34.19 +12 07 40.7                V~4kna703
99942         C2021 04 03.16701 08 10 34.14 +12 07 41.3                o~4kna691
99942         C2021 04 03.17193808 10 33.73 +12 07 49.9          16.87GV~4kna703
99942         C2021 04 03.17494 08 10 32.26 +12 07 44.5          16.9 Vq~5I7MW29
99942         C2021 04 03.17720008 10 33.39 +12 08 00.1                V~5KO2703
99942         C2021 04 03.19634 08 10 31.60 +12 08 34.6                o~4kna691
99942         C2021 04 03.22371 08 10 29.28 +12 09 24.1                o~4kna691
99942         C2021 04 03.22566 08 10 29.12 +12 09 27.6          17.1 Vo~4kna691
99942         C2021 04 03.25498 08 10 26.70 +12 10 20.3          17.1 Vo~4kna691
99942         C2021 04 03.28236 08 10 24.52 +12 11 09.1          17.2 Vo~4kna691
99942         C2021 04 03.28431 08 10 24.39 +12 11 12.3          17.2 Vo~4kna691
99942         C2021 04 03.29040408 10 25.98 +12 11 41.0          16.62oV~4knaT05
99942         C2021 04 03.30777 08 10 22.63 +12 11 54.5          17.4 Vo~4kna691
99942         C2021 04 03.32108908 10 23.26 +12 12 36.5          16.77oV~4knaT05
99942         C2021 04 03.32928 08 10 21.08 +12 12 32.6          17.5 Vo~4kna691
99942         C2021 04 03.32937008 10 22.55 +12 12 51.4          16.81oV~4knaT05
99942         C2021 04 03.77221 08 09 55.84 +12 25 49.9          17.3 Ro~4kna069
99942         C2021 04 03.77904 08 09 55.30 +12 26 02.4          17.3 Ro~4kna069
99942         C2021 04 03.78598 08 09 54.76 +12 26 15.0          17.3 Ro~4kna069
99942         S2021 04 04.22635108 09 25.712+12 39 51.56               X~7mQR275
99942         s2021 04 04.2263511 - 2920.1380 - 2505.0540 + 2461.8240   ~7mQR275
99942         C2021 04 04.78042 08 08 54.68 +12 56 04.7          17.9 Ro~4kna069
99942        KC2021 04 04.78356 08 08 54.96 +12 56 20.5          17.2 Vq~4knaL47
99942         C2021 04 04.78736 08 08 54.17 +12 56 16.7          18.0 Ro~4kna069
99942         C2021 04 04.79431 08 08 53.66 +12 56 29.0          17.8 Ro~4kna069
99942        KC2021 04 04.80686 08 08 53.06 +12 57 03.9          16.8 Vq~4knaL47
99942         C2021 04 04.82039 08 08 52.59 +12 57 26.9          17.4  q~4kna242
99942         C2021 04 04.82400 08 08 52.31 +12 57 33.2          17.3  q~4kna242
99942         C2021 04 04.85127 08 08 50.24 +12 58 21.0          17.1  q~4kna242
99942         C2021 04 04.86849 08 08 48.95 +12 58 51.1          17.1  q~4kna242
99942        KC2021 04 04.88267808 08 48.17 +12 59 09.4          17.2 GV~4knaZ80
99942        KC2021 04 04.88615508 08 47.92 +12 59 15.2          16.7 GV~4knaZ80
99942         C2021 04 05.12160 08 08 34.02 +13 06 21.9          17.1 Vq~5I7MW29
99942         C2021 04 05.12454 08 08 33.79 +13 06 26.7          17.0 Vq~5I7MW29
99942         C2021 04 05.12736 08 08 33.56 +13 06 31.8          16.8 Vq~5I7MW29
99942        KC2021 04 05.15879408 08 33.36 +13 07 20.4          17.0 GX~4knaU55
99942        KC2021 04 05.16817008 08 32.67 +13 07 37.0          16.8 GX~4knaU55
99942        KC2021 04 05.17748708 08 31.99 +13 07 53.1          17.1 GX~4knaU55
99942         C2021 04 05.32484008 08 22.16 +13 12 39.7          17.75cV~4knaT08
99942         C2021 04 05.32669108 08 22.03 +13 12 42.9          17.73cV~4knaT08
99942         C2021 04 05.32809908 08 21.92 +13 12 45.2          17.76cV~4knaT08
99942         C2021 04 05.34290108 08 20.81 +13 13 10.6          17.69cV~4knaT08
99942         C2021 04 05.34336208 08 20.76 +13 13 11.2          17.71cV~4knaT08
99942         C2021 04 05.34745608 08 20.47 +13 13 18.2          17.73cV~4knaT08
99942         C2021 04 05.34930908 08 20.31 +13 13 21.3          17.73cV~4knaT08
99942         C2021 04 05.35656108 08 19.79 +13 13 33.5          17.56cV~4knaT08
99942        KC2021 04 05.92475108 07 49.90 +13 29 32.7          17.1 GV~4knaZ80
99942        KC2021 04 05.92822308 07 49.61 +13 29 39.3          16.7 GV~4knaZ80
99942         C2021 04 06.04560 08 07 44.57 +13 33 54.4          16.9 R ~4knaH78
99942         C2021 04 06.04711 08 07 44.45 +13 33 57.0          17.3 R ~4knaH78
99942         C2021 04 06.04938 08 07 44.23 +13 34 00.1          17.7 R ~4knaH78
99942         C2021 04 06.05014 08 07 44.18 +13 34 01.6          17.3 R ~4knaH78
99942         C2021 04 06.05089 08 07 44.10 +13 34 02.8          17.8 R ~4knaH78
99942         C2021 04 06.05673 08 07 43.66 +13 34 13.3          17.6 R ~4knaH78
99942         C2021 04 06.18183508 07 36.56 +13 37 14.7          16.90GV~4kna703
99942         C2021 04 06.18750908 07 36.17 +13 37 24.1          17.02GV~4kna703
99942         C2021 04 06.19318108 07 35.75 +13 37 33.7          16.89GV~4kna703
99942         C2021 04 06.19885108 07 35.35 +13 37 43.3          16.98GV~4kna703
99942         C2021 04 06.69965 08 07 10.88 +13 51 37.7          17.0 Rq~4kna168
99942         C2021 04 06.74341 08 07 08.18 +13 52 50.5          16.8 Rq~4kna168
99942         C2021 04 06.74757 08 07 07.91 +13 52 57.3          16.9 Rq~4kna168
99942         C2021 04 06.79028 08 07 05.42 +13 54 08.2          16.4 Rq~4kna168
99942         C2021 04 06.84205 08 07 03.27 +13 55 37.9          16.2 Ro~4kna069
99942         C2021 04 06.85038 08 07 02.73 +13 55 52.4          16.2 Ro~4kna069
99942         C2021 04 06.85579 08 07 02.45 +13 56 00.7          16.7 Ro~4kna069
99942        KC2021 04 06.94922608 06 57.41 +13 58 41.2          17.1 GV~4knaZ80
99942        KC2021 04 06.95269808 06 57.21 +13 58 47.5          17.4 GV~4knaZ80
99942        KC2021 04 06.95617108 06 57.00 +13 58 52.8          17.0 GV~4knaZ80
99942         C2021 04 07.17145408 06 47.31 +14 05 15.8          17.52GV~4knaG96
99942         C2021 04 07.17619508 06 46.98 +14 05 23.5          17.50GV~4knaG96
99942         C2021 04 07.18093308 06 46.67 +14 05 31.3          17.52GV~4knaG96
99942         C2021 04 07.18568608 06 46.35 +14 05 39.0          17.50GV~4knaG96
99942         C2021 04 07.57230108 06 27.08 +14 16 18.6          17.1 Vq~4kna900
99942         C2021 04 07.57930908 06 26.67 +14 16 29.9          17.0 Vq~4kna900
99942         C2021 04 07.80023 08 06 18.40 +14 22 21.8          17.5 Ro~4kna069
99942        KC2021 04 07.80301 08 06 18.57 +14 22 37.3          16.8 Vq~4knaL47
99942         C2021 04 07.80856 08 06 17.92 +14 22 35.4          17.6 Ro~4kna069
99942        KC2021 04 07.81682 08 06 17.66 +14 22 59.9          17.6 Vq~4knaL47
99942         C2021 04 07.81690 08 06 17.40 +14 22 48.5          18.2 Ro~4kna069
99942        KC2021 04 07.84617708 06 15.86 +14 23 47.8          17.7 Rq~4kna160
99942        KC2021 04 07.84819708 06 15.75 +14 23 51.4          17.5 Rq~4kna160
99942        KC2021 04 07.85020308 06 15.61 +14 23 54.9          17.6 Rq~4kna160
99942        KC2021 04 08.80796 08 05 34.59 +14 50 01.4          17.1 Vq~4knaL47
99942        KC2021 04 08.82002 08 05 33.97 +14 50 20.7          17.4 Vq~4knaL47
99942         C2021 04 09.00249 08 05 27.56 +14 55 58.3          17.5 R ~4knaH78
99942         C2021 04 09.00552 08 05 27.35 +14 56 03.6          18.1 R ~4knaH78
99942        2C2021 04 09.01554 08 05 26.15 +14 55 34.6          17.3 GV~4knaI22
99942        2C2021 04 09.01600 08 05 26.12 +14 55 35.6          17.5 GV~4knaI22
99942        2C2021 04 09.01645 08 05 26.10 +14 55 36.1          17.7 GV~4knaI22
99942        2C2021 04 09.01690 08 05 26.03 +14 55 36.8          17.6 GV~4knaI22
99942        2C2021 04 09.01735 08 05 26.04 +14 55 37.4          17.5 GV~4knaI22
99942        2C2021 04 09.01780 08 05 26.02 +14 55 38.1          17.5 GV~4knaI22
99942        2C2021 04 09.01825 08 05 25.97 +14 55 39.0          17.3 GV~4knaI22
99942        2C2021 04 09.01869 08 05 25.95 +14 55 39.5          17.5 GV~4knaI22
99942        2C2021 04 09.01914 08 05 25.96 +14 55 40.3          17.6 GV~4knaI22
99942        2C2021 04 09.01959 08 05 25.93 +14 55 41.2          17.6 GV~4knaI22
99942        2C2021 04 09.02005 08 05 25.88 +14 55 41.9          17.7 GV~4knaI22
99942        2C2021 04 09.02050 08 05 25.83 +14 55 42.5          17.7 GV~4knaI22
99942        2C2021 04 09.02095 08 05 25.83 +14 55 43.2          17.4 GV~4knaI22
99942        2C2021 04 09.02140 08 05 25.79 +14 55 44.1          17.8 GV~4knaI22
99942        2C2021 04 09.02185 08 05 25.77 +14 55 44.7          17.5 GV~4knaI22
99942        2C2021 04 09.02230 08 05 25.73 +14 55 45.2          17.6 GV~4knaI22
99942        2C2021 04 09.02274 08 05 25.73 +14 55 46.0          17.6 GV~4knaI22
99942        2C2021 04 09.02325 08 05 25.70 +14 55 46.8          17.5 GV~4knaI22
99942        2C2021 04 09.02370 08 05 25.68 +14 55 47.5          17.9 GV~4knaI22
99942        2C2021 04 09.02416 08 05 25.65 +14 55 48.1          17.7 GV~4knaI22
99942        2C2021 04 09.02459 08 05 25.60 +14 55 48.7          17.6 GV~4knaI22
99942        2C2021 04 09.02507 08 05 25.58 +14 55 50.0          17.7 GV~4knaI22
99942        2C2021 04 09.02552 08 05 25.57 +14 55 49.6          17.6 GV~4knaI22
99942        2C2021 04 09.02597 08 05 25.51 +14 55 51.0          17.7 GV~4knaI22
99942        2C2021 04 09.02642 08 05 25.50 +14 55 51.9          17.4 GV~4knaI22
99942        2C2021 04 09.02687 08 05 25.45 +14 55 52.8          17.5 GV~4knaI22
99942        2C2021 04 09.02733 08 05 25.48 +14 55 53.6          17.5 GV~4knaI22
99942        2C2021 04 09.02778 08 05 25.46 +14 55 54.3          17.6 GV~4knaI22
99942        2C2021 04 09.02822 08 05 25.41 +14 55 54.6          17.6 GV~4knaI22
99942        2C2021 04 09.02867 08 05 25.38 +14 55 55.3          17.4 GV~4knaI22
99942        2C2021 04 09.02918 08 05 25.38 +14 55 56.4          17.6 GV~4knaI22
99942        2C2021 04 09.02963 08 05 25.34 +14 55 57.0          17.7 GV~4knaI22
99942        2C2021 04 09.03008 08 05 25.27 +14 55 57.6          17.4 GV~4knaI22
99942        2C2021 04 09.03053 08 05 25.29 +14 55 58.4          17.5 GV~4knaI22
99942        2C2021 04 09.03098 08 05 25.24 +14 55 58.8          17.4 GV~4knaI22
99942        2C2021 04 09.03144 08 05 25.26 +14 55 59.5          17.8 GV~4knaI22
99942        2C2021 04 09.03189 08 05 25.19 +14 56 00.9          17.6 GV~4knaI22
99942        2C2021 04 09.03234 08 05 25.18 +14 56 01.2          17.5 GV~4knaI22
99942        2C2021 04 09.03279 08 05 25.14 +14 56 01.7          17.6 GV~4knaI22
99942        2C2021 04 09.03324 08 05 25.14 +14 56 02.7          17.7 GV~4knaI22
99942        2C2021 04 09.03413 08 05 25.07 +14 56 04.1          17.6 GV~4knaI22
99942        2C2021 04 09.03549 08 05 24.98 +14 56 06.2          17.7 GV~4knaI22
99942         C2021 04 09.05763 08 05 25.10 +14 56 51.7          17.2 Rq~4knaH45
99942         C2021 04 09.05955 08 05 24.98 +14 56 55.5          18.2 Rq~4knaH45
99942         C2021 04 09.06131 08 05 24.80 +14 56 58.1          18.1 Rq~4knaH45
99942         C2021 04 09.06325 08 05 24.72 +14 57 01.0          17.6 Rq~4knaH45
99942         C2021 04 09.06542 08 05 24.59 +14 57 04.7          17.8 Rq~4knaH45
99942         C2021 04 09.06689 08 05 24.53 +14 57 07.1          17.9 Rq~4knaH45
99942         C2021 04 09.11941 08 05 22.33 +14 58 34.3          18.3 Vo~4kna691
99942         C2021 04 09.14266 08 05 20.88 +14 59 11.1          18.3 Vo~4kna691
99942         C2021 04 09.16437 08 05 19.56 +14 59 45.4          18.3 Vo~4kna691
99942         C2021 04 09.16749308 05 19.36 +14 59 49.7          17.98GV~4kna703
99942         C2021 04 09.17320008 05 19.01 +14 59 58.2          17.74GV~4kna703
99942         C2021 04 09.17890108 05 18.66 +15 00 07.3          18.14GV~4kna703
99942         C2021 04 09.18460208 05 18.34 +15 00 16.4          17.76GV~4kna703
99942         C2021 04 09.30183808 05 13.56 +15 03 37.3          17.05cV~4knaT08
99942         C2021 04 09.30506208 05 13.35 +15 03 42.2          17.05cV~4knaT08
99942         C2021 04 09.31246708 05 12.91 +15 03 53.8          17.09cV~4knaT08
99942         C2021 04 09.32234808 05 12.31 +15 04 08.9          17.02cV~4knaT08
99942         C2021 04 09.54934208 05 03.11 +15 09 53.4          17.7 Vq~4kna900
99942         C2021 04 09.55985508 05 02.58 +15 10 09.2          17.9 Vq~4kna900
99942         S2021 04 10.41969608 04 32.789+15 32 47.72               X~7mQR275
99942         s2021 04 10.4196961 -    3.1190 -  679.8490 + 2085.9620   ~7mQR275
99942         C2021 04 10.53720 08 04 26.27 +15 35 43.5          17.5 Vq~4knaD95
99942         C2021 04 10.54796 08 04 25.78 +15 35 59.1          17.5 Vq~4knaD95
99942         C2021 04 10.55011 08 04 25.68 +15 36 02.8          17.4 Vq~4knaD95
99942         C2021 04 10.78883 08 04 18.95 +15 42 01.3          17.4 Ro~4kna069
99942         C2021 04 10.79925 08 04 18.43 +15 42 17.2          17.3 Ro~4kna069
99942         C2021 04 10.80966 08 04 17.96 +15 42 33.2          17.3 Ro~4kna069
99942        KC2021 04 11.00206708 04 10.45 +15 48 41.9          17.6 GX~4knaY00
99942        KC2021 04 11.00744208 04 10.10 +15 48 49.8          17.9 GX~4knaY00
99942        KC2021 04 11.01281708 04 09.87 +15 48 58.2          18.2 GX~4knaY00
99942        KC2021 04 11.01819308 04 09.57 +15 49 06.2          17.7 GX~4knaY00
99942        KC2021 04 11.02357208 04 09.23 +15 49 14.2          17.6 GX~4knaY00
99942         S2021 04 11.18403108 04 04.340+15 52 28.70               X~7mQR275
99942         s2021 04 11.1840311 - 2393.4680 - 2160.5120 + 2173.7600   ~7mQR275
99942         C2021 04 11.72314 08 03 46.39 +16 06 22.2          17.5 Vq~4knaC97
99942         C2021 04 11.72483 08 03 46.28 +16 06 25.2          17.8 Vq~4knaC97
99942         C2021 04 11.72989 08 03 46.04 +16 06 32.1          17.9 Vq~4knaC97
99942         C2021 04 11.73158 08 03 45.96 +16 06 34.7          17.7 Vq~4knaC97
99942         C2021 04 11.73326 08 03 45.84 +16 06 35.2          17.7 Vq~4knaC97
99942        KC2021 04 11.89684608 03 41.40 +16 10 17.7          17.3 GV~4knaZ80
99942        KC2021 04 11.90060908 03 41.24 +16 10 23.6          17.2 GV~4knaZ80
99942        KC2021 04 12.19197408 03 32.62 +16 17 52.6                V~4knaU52
99942        KC2021 04 12.21116808 03 31.69 +16 18 21.4          17.1 GV~4knaU52
99942        KC2021 04 12.23036208 03 30.81 +16 18 49.6          17.3 GV~4knaU52
99942         C2021 04 12.71100 08 03 17.07 +16 30 34.9          17.0 Rq~4kna168
99942         C2021 04 12.72466 08 03 16.47 +16 30 54.9          17.6 Rq~4kna168
99942         C2021 04 12.78299 08 03 14.30 +16 32 19.0          17.8 Rq~4kna168
99942        KC2021 04 12.86708008 03 12.51 +16 34 31.4          18.0 GV~4knaZ80
99942        KC2021 04 12.87055208 03 12.31 +16 34 35.6          18.3 GV~4knaZ80
99942        KC2021 04 12.87402408 03 12.25 +16 34 40.7          18.5 GV~4knaZ80
99942        KC2021 04 13.19766808 03 02.96 +16 42 47.9                V~4knaU52
99942        KC2021 04 13.21241608 03 02.30 +16 43 09.5          17.2 GV~4knaU52
99942        KC2021 04 13.22716708 03 01.63 +16 43 30.7          16.8 GV~4knaU52
99942         C2021 04 13.81743 08 02 46.48 +16 57 54.3          16.7 Rv~4sns511
99942         C2021 04 13.82484 08 02 46.17 +16 58 04.1          16.7 Rv~4sns511
99942         C2021 04 13.83226 08 02 45.85 +16 58 15.2          16.7 Rv~4sns511
99942        KC2021 04 13.84351408 02 45.14 +16 58 30.3          16.3 RV~4kna160
99942        KC2021 04 13.84552808 02 45.06 +16 58 33.2          16.5 RV~4kna160
99942        KC2021 04 13.84755008 02 44.97 +16 58 36.1          17.1 RV~4kna160
99942        KC2021 04 13.89435508 02 43.80 +16 59 37.3          16.9 GV~4knaZ80
99942        KC2021 04 13.89956408 02 43.58 +16 59 44.9          16.9 GV~4knaZ80
99942         C2021 04 14.70591 08 02 23.58 +17 19 03.8          17.5 Rq~4kna168
99942         C2021 04 14.71146 08 02 23.44 +17 19 11.7          17.6 Rq~4kna168
99942         C2021 04 14.76632 08 02 21.56 +17 20 27.2          18.5 Rq~4kna168
99942         C2021 04 14.77188 08 02 21.33 +17 20 35.1          18.3 Rq~4kna168
99942         C2021 04 14.82605 08 02 19.82 +17 21 49.4          17.7 Rq~4kna168
99942        KC2021 04 14.82814 08 02 20.67 +17 22 09.8          17.7 VZ~4oN3K19
99942        KC2021 04 14.83740 08 02 20.30 +17 22 22.6          18.4 VZ~4oN3K19
99942        KC2021 04 14.84663 08 02 19.94 +17 22 35.6          18.1 VZ~4oN3K19
99942        KC2021 04 14.87532808 02 19.34 +17 23 09.5                V~4knaZ80
99942        KC2021 04 14.88053108 02 19.12 +17 23 17.4                V~4knaZ80
99942         C2021 04 15.25069708 02 10.84 +17 32 33.4          17.20oV~4knaT05
99942         C2021 04 15.26087008 02 10.37 +17 32 47.2          17.09oV~4knaT05
99942         C2021 04 15.26732808 02 10.08 +17 32 56.1          17.27oV~4knaT05
99942         C2021 04 15.27053008 02 09.94 +17 33 00.6          17.28oV~4knaT05
99942         C2021 04 15.71007 08 02 00.03 +17 42 47.3          17.2 Rq~4kna168
99942         C2021 04 15.77118 08 01 58.09 +17 44 10.2          17.4 Rq~4kna168
99942         C2021 04 15.77257 08 01 58.06 +17 44 11.7          16.8 Rq~4kna168
99942        KC2021 04 15.82262008 01 57.45 +17 45 36.1          16.8 RV~4kna160
99942        KC2021 04 15.82555108 01 57.34 +17 45 40.1          16.9 RV~4kna160
99942        KC2021 04 15.82876408 01 57.23 +17 45 44.4          17.0 RV~4kna160
99942        KC2021 04 15.87229108 01 56.31 +17 46 38.3          17.4 GV~4knaZ80
99942        KC2021 04 15.87750008 01 56.13 +17 46 46.2          17.9 GV~4knaZ80
99942        KC2021 04 16.87307308 01 35.07 +18 09 48.5          18.0 GV~4knaZ80
99942        KC2021 04 16.87654508 01 34.98 +18 09 53.4          17.9 GV~4knaZ80
99942        KC2021 04 16.88001708 01 34.83 +18 09 58.7          18.3 GV~4knaZ80
99942         C2021 04 17.25976308 01 27.36 +18 19 10.7          17.88oV~4knbT08
99942         C2021 04 17.26301208 01 27.23 +18 19 14.9          17.94oV~4knbT08
99942         C2021 04 17.27044108 01 26.93 +18 19 24.9          17.91oV~4knbT08
99942         C2021 04 17.80640 08 01 16.82 +18 31 01.4          17.2 Ro~4knb069
99942         C2021 04 17.81709 08 01 16.51 +18 31 15.5          17.0 Ro~4knb069
99942        KC2021 04 17.81871308 01 16.53 +18 31 29.2                V~4knb160
99942        KC2021 04 17.82170108 01 16.44 +18 31 33.2                V~4knb160
99942        KC2021 04 17.82460608 01 16.36 +18 31 36.8                V~4knb160
99942         C2021 04 17.82751 08 01 16.23 +18 31 29.2          17.1 Ro~4knb069
99942         C2021 04 18.80360 08 00 58.52 +18 53 25.0          17.5 Ro~4knb069
99942         C2021 04 18.81402 08 00 58.24 +18 53 38.5          17.6 Ro~4knb069
99942         C2021 04 18.82443 08 00 57.96 +18 53 51.8          17.5 Ro~4knb069
99942        KC2021 04 18.87927108 00 56.94 +18 55 09.5          17.8 GV~4knbZ80
99942        KC2021 04 18.88274308 00 56.78 +18 55 14.3          18.1 GV~4knbZ80
99942        KC2021 04 18.88621508 00 56.76 +18 55 18.9          17.8 GV~4knbZ80
99942        KC2021 04 18.88973508 00 56.64 +18 55 22.5          17.7 GV~4knbZ80
99942         C2021 04 21.52304008 00 12.13 +19 53 11.7          17.4 Vq~4knb900
99942         C2021 04 21.53004808 00 11.95 +19 53 20.4          17.7 Vq~4knb900
99942        KC2021 04 21.86603608 00 07.73 +20 00 22.5          18.8 GV~4knbZ80
99942        KC2021 04 21.87066708 00 07.54 +20 00 28.4          17.8 GV~4knbZ80
99942        KC2021 04 21.87529608 00 07.44 +20 00 34.8          18.8 GV~4knbZ80
99942        KC2021 04 22.82275907 59 52.60 +20 20 54.4          16.7 RV~4knb160
99942        KC2021 04 22.82527407 59 52.52 +20 20 57.6          16.7 RV~4knb160
99942        KC2021 04 22.82778607 59 52.45 +20 21 00.6          16.7 RV~4knb160
99942        KC2021 04 22.86913707 59 51.96 +20 21 46.5          17.6 GV~4knbZ80
99942        KC2021 04 22.87387207 59 51.78 +20 21 52.7          17.8 GV~4knbZ80
99942        KC2021 04 22.87879107 59 51.67 +20 21 59.1          17.5 GV~4knbZ80
99942        KC2021 04 23.83113407 59 36.71 +20 42 11.7          18.3 RV~4knb160
99942        KC2021 04 23.83630807 59 36.48 +20 42 18.9          18.8 RV~4knb160
99942        KC2021 04 23.84119307 59 36.32 +20 42 24.7          18.3 RV~4knb160
99942         C2021 04 24.14735407 59 31.61 +20 49 02.4          17.80GV~4knb703
99942         C2021 04 24.15247807 59 31.46 +20 49 08.2          17.69GV~4knb703
99942         C2021 04 24.15760007 59 31.29 +20 49 14.2          17.68GV~4knb703
99942         C2021 04 24.16272807 59 31.11 +20 49 20.5          17.88GV~4knb703
99942         C2021 04 24.16428 07 59 31.10 +20 49 23.3          17.5 Ro~4knb691
99942         C2021 04 24.16963 07 59 30.94 +20 49 29.7          17.5 Ro~4knb691
99942         C2021 04 24.17764 07 59 30.69 +20 49 39.3          17.5 Ro~4knb691
99942        KC2021 04 24.82140507 59 20.84 +21 02 57.6                q~4knb160
99942        KC2021 04 24.82547707 59 20.77 +21 03 02.9          16.8 Rq~4knb160
99942        KC2021 04 24.86533107 59 20.28 +21 03 46.5          17.8 GV~4knbZ80
99942        KC2021 04 24.87227707 59 20.10 +21 03 54.7          18.1 GV~4knbZ80
99942        KC2021 04 24.87945107 59 19.85 +21 04 03.4          17.6 GV~4knbZ80
99942         C2021 04 25.29809307 59 12.24 +21 13 14.6          17.06oV~4knbT08
99942         C2021 04 25.30224607 59 12.15 +21 13 19.1          17.50oV~4knbT08
99942         C2021 04 25.30777407 59 11.96 +21 13 25.6          17.21oV~4knbT08
99942         C2021 04 25.32024207 59 11.58 +21 13 39.9          17.59oV~4knbT08
99942         C2021 04 30.84233 07 57 23.11 +23 06 28.0          18.6 Ro~4knb069
99942         C2021 04 30.84602 07 57 23.00 +23 06 32.0          18.5 Ro~4knb069
99942         C2021 04 30.84949 07 57 22.96 +23 06 35.9          18.7 Ro~4knb069
99942        KC2021 04 30.88694107 57 21.89 +23 07 27.0                V~4knbZ80
99942        KC2021 04 30.89301707 57 21.75 +23 07 33.9          18.6 GV~4knbZ80
99942        KC2021 05 02.87929407 56 28.98 +23 47 57.9          19.5 GV~4knbZ80
99942        KC2021 05 02.89154207 56 28.45 +23 48 12.6          19.2 GV~4knbZ80
99942         S2021 05 06.12552507 54 39.729+24 54 25.94               X~7mQR275
99942         s2021 05 06.1255251 - 2687.3460 - 2086.5510 + 1166.8170   ~7mQR275
99942         C2021 05 06.18137607 54 36.77 +24 55 28.9          18.60GV~4oN3703
99942         C2021 05 06.19385707 54 36.17 +24 55 42.4          18.58GV~4oN3703
99942         C2021 05 06.19958607 54 35.88 +24 55 49.1          18.70GV~4oN3703
99942        HC2021 05 06.20147 07 54 35.83 +24 55 52.3          18.4 Ro~4oN3691
99942        HC2021 05 06.20303 07 54 35.77 +24 55 54.2          18.4 Ro~4oN3691
99942        HC2021 05 06.20458 07 54 35.70 +24 55 56.0          18.2 Ro~4oN4691
99942         C2021 05 06.20531007 54 35.63 +24 55 55.8          18.80GV~4oN4703
99942         C2021 05 11.25234807 50 29.16 +26 40 17.7          18.54oV~4oN4T08
99942         C2021 05 11.25560207 50 28.92 +26 40 21.6          18.51oV~4oN4T08
99942         C2021 05 11.26389607 50 28.29 +26 40 30.5          18.74oV~4oN4T08
99942         C2021 05 11.27404407 50 27.54 +26 40 42.1          18.74oV~4oN4T08
99942        HC2021 05 12.14926 07 49 33.08 +26 58 48.6                o~4oN4691
99942        HC2021 05 12.15082 07 49 32.97 +26 58 50.5          19.5 Ro~4oN4691
99942        HC2021 05 12.15239 07 49 32.86 +26 58 52.5          19.4 Ro~4oN4691
99942         C2021 05 12.25950 07 49 25.844+27 01 17.66         19.7 wU~4oN4F51
99942         C2021 05 12.26468 07 49 25.431+27 01 23.60         19.8 wU~4oN4F51
99942         C2021 05 12.26986 07 49 25.020+27 01 29.49         19.8 wU~4oN4F51
99942        KC2021 05 20.78390 07 36 17.55 +30 01 54.9          18.5 Rt~57WnB18
99942        KC2021 05 20.79128 07 36 16.65 +30 02 05.2          19.4 Rt~57WnB18
99942         S2022 04 09.36196721 02 38.328-14 07 51.34               X~7mQR275
99942         s2022 04 09.3619671 - 2887.7580 - 4264.7420 + 3636.5540   ~7mQR275
